machine_id,timestamp,voltage,rpm,pressure_psi,vibration_mm_s,temperature_c,current,power_kw,load_pct,operating_state,maintenance_count,error_count_24h,error_count_7d,age,vibration_delta,pressure_delta,temperature_delta,failure
PUMP-CRITICAL,2026-01-01T00:00:00,461.58,3473.84,126.28,14.54,108.58,53.3,24.6,85.93,running,6,0,2,6,0.0,0.0,0.0,0
PUMP-CRITICAL,2026-01-01T00:05:00,460.47,3256.02,119.93,14.43,105.24,54.47,25.08,97.83,running,6,0,0,6,-0.1082,-6.3451,-3.3346,0
PUMP-CRITICAL,2026-01-01T00:10:00,476.95,3564.37,116.36,12.43,94.81,55.41,26.43,96.34,running,6,0,4,6,-1.9946,-3.5663,-10.4297,0
PUMP-CRITICAL,2026-01-01T00:15:00,480.4,3269.75,135.41,12.87,112.36,54.82,26.34,81.96,running,6,0,0,6,0.4325,19.0461,17.5503,0
PUMP-CRITICAL,2026-01-01T00:20:00,469.32,3415.13,118.02,10.75,106.27,54.88,25.76,77.53,running,6,0,0,6,-2.1156,-17.394,-6.0996,0
PUMP-CRITICAL,2026-01-01T00:25:00,463.36,3216.6,133.86,13.75,96.35,51.84,24.02,78.09,running,6,0,3,6,2.9976,15.8462,-9.9181,0
PUMP-CRITICAL,2026-01-01T00:30:00,478.61,3516.04,130.23,13.56,103.98,55.75,26.68,88.14,running,6,0,2,6,-0.1916,-3.6359,7.6322,0
PUMP-CRITICAL,2026-01-01T00:35:00,482.0,3499.26,136.16,13.38,111.69,56.03,27.0,80.14,running,6,0,0,6,-0.1735,5.9299,7.7118,0
PUMP-CRITICAL,2026-01-01T00:40:00,484.06,3496.14,128.45,11.91,114.17,56.33,27.27,88.26,running,6,0,1,6,-1.4709,-7.7047,2.4768,0
PUMP-CRITICAL,2026-01-01T00:45:00,469.32,3135.5,123.62,12.8,93.04,54.1,25.39,82.93,running,6,0,1,6,0.8933,-4.8268,-21.1308,0
PUMP-CRITICAL,2026-01-01T00:50:00,464.74,3450.33,133.99,11.33,117.1,54.22,25.2,84.7,running,6,0,4,6,-1.4763,10.3662,24.0678,0
PUMP-CRITICAL,2026-01-01T00:55:00,480.63,3274.69,133.88,10.26,115.77,54.24,26.07,75.49,running,6,0,1,6,-1.0714,-0.116,-1.332,0
PUMP-CRITICAL,2026-01-01T01:00:00,460.87,3198.39,132.68,10.93,102.55,55.18,25.43,85.27,running,6,0,1,6,0.6714,-1.1941,-13.2266,0
PUMP-CRITICAL,2026-01-01T01:05:00,473.46,3253.44,142.71,10.83,111.14,57.05,27.01,94.38,running,6,0,1,6,-0.0993,10.0306,8.5942,0
PUMP-CRITICAL,2026-01-01T01:10:00,463.96,3433.41,133.59,10.86,103.42,55.18,25.6,90.57,running,6,0,0,6,0.0359,-9.1233,-7.7238,0
PUMP-CRITICAL,2026-01-01T01:15:00,478.31,3484.03,139.69,10.85,116.24,52.68,25.2,76.48,running,6,0,1,6,-0.0181,6.1026,12.8188,0
PUMP-CRITICAL,2026-01-01T01:20:00,474.99,3526.49,118.17,14.25,92.39,54.92,26.09,90.86,running,6,0,1,6,3.4081,-21.5206,-23.8421,0
PUMP-CRITICAL,2026-01-01T01:25:00,484.51,3263.07,119.57,8.37,112.45,56.61,27.43,84.7,running,6,0,1,6,-5.885,1.404,20.0548,0
PUMP-CRITICAL,2026-01-01T01:30:00,467.01,3581.49,122.11,9.52,97.3,53.41,24.94,75.35,running,6,0,3,6,1.1514,2.5334,-15.1484,0
PUMP-CRITICAL,2026-01-01T01:35:00,482.21,3438.46,124.08,9.3,93.63,55.72,26.87,88.83,running,6,0,4,6,-0.2218,1.9749,-3.6682,0
PUMP-CRITICAL,2026-01-01T01:40:00,465.46,3285.28,134.69,9.6,112.95,56.61,26.35,93.72,running,6,0,4,6,0.3041,10.6028,19.3149,0
PUMP-CRITICAL,2026-01-01T01:45:00,459.59,3229.44,139.11,14.53,98.26,49.97,22.96,75.37,running,6,0,2,6,4.9256,4.4239,-14.6882,0
PUMP-CRITICAL,2026-01-01T01:50:00,469.67,3460.54,129.44,10.28,103.88,57.22,26.88,97.75,running,6,0,3,6,-4.2456,-9.6723,5.6251,0
PUMP-CRITICAL,2026-01-01T01:55:00,456.39,3518.28,130.31,12.42,97.24,53.55,24.44,87.21,running,6,0,2,6,2.1361,0.8729,-6.6438,0
PUMP-CRITICAL,2026-01-01T02:00:00,476.6,3417.53,129.4,12.86,113.52,56.63,26.99,85.8,running,6,0,4,6,0.4403,-0.9081,16.2795,0
PUMP-CRITICAL,2026-01-01T02:05:00,483.93,3435.93,129.8,9.25,109.04,53.81,26.04,84.38,running,6,0,4,6,-3.6128,0.4003,-4.4819,0
PUMP-CRITICAL,2026-01-01T02:10:00,472.79,3224.45,116.8,13.5,117.47,56.72,26.82,89.15,running,6,0,2,6,4.2526,-13.0038,8.4287,0
PUMP-CRITICAL,2026-01-01T02:15:00,468.38,3558.38,127.39,11.02,114.98,52.99,24.82,82.89,running,6,0,3,6,-2.482,10.5931,-2.4871,0
PUMP-CRITICAL,2026-01-01T02:20:00,484.18,3168.4,120.64,9.81,99.4,56.37,27.29,95.59,running,6,0,2,6,-1.2035,-6.7499,-15.5808,0
PUMP-CRITICAL,2026-01-01T02:25:00,474.94,3145.07,126.75,14.78,100.7,53.41,25.37,85.66,running,6,0,4,6,4.9623,6.1131,1.3036,0
PUMP-CRITICAL,2026-01-01T02:30:00,461.19,3369.22,131.95,11.83,93.02,55.13,25.42,88.54,running,6,0,0,6,-2.9467,5.198,-7.6819,0
PUMP-CRITICAL,2026-01-01T02:35:00,472.73,3595.33,115.18,10.02,103.61,54.22,25.63,87.0,running,6,0,0,6,-1.8102,-16.7712,10.5889,0
PUMP-CRITICAL,2026-01-01T02:40:00,455.53,3409.66,126.71,9.12,105.44,52.94,24.12,82.99,running,6,0,0,6,-0.902,11.5309,1.8321,0
PUMP-CRITICAL,2026-01-01T02:45:00,458.33,3466.11,127.95,9.19,94.79,56.75,26.01,94.75,running,6,0,2,6,0.0707,1.2365,-10.6507,0
PUMP-CRITICAL,2026-01-01T02:50:00,463.64,3334.78,127.22,9.92,102.16,56.12,26.02,96.17,running,6,0,2,6,0.73,-0.7288,7.3671,0
PUMP-CRITICAL,2026-01-01T02:55:00,473.4,3294.53,140.12,10.01,94.76,54.54,25.82,75.51,running,6,0,1,6,0.0952,12.8976,-7.397,0
PUMP-CRITICAL,2026-01-01T03:00:00,464.56,3250.29,116.16,13.33,110.92,54.49,25.31,83.41,running,6,0,1,6,3.3196,-23.9613,16.1568,0
PUMP-CRITICAL,2026-01-01T03:05:00,480.04,3334.07,132.74,10.84,110.19,55.49,26.63,78.94,running,6,0,1,6,-2.4903,16.5859,-0.7296,0
PUMP-CRITICAL,2026-01-01T03:10:00,479.94,3144.42,139.01,9.82,91.35,56.13,26.94,92.15,running,6,0,2,6,-1.0274,6.2716,-18.8364,0
PUMP-CRITICAL,2026-01-01T03:15:00,479.19,3453.58,128.95,11.45,110.69,53.32,25.55,83.2,running,6,0,3,6,1.637,-10.0627,19.3379,0
PUMP-CRITICAL,2026-01-01T03:20:00,476.11,3571.29,128.97,10.95,95.37,55.47,26.41,77.15,running,6,0,4,6,-0.501,0.0222,-15.3189,0
PUMP-CRITICAL,2026-01-01T03:25:00,484.3,3135.79,129.91,10.14,114.5,53.91,26.11,80.71,running,6,0,0,6,-0.811,0.9341,19.1269,0
PUMP-CRITICAL,2026-01-01T03:30:00,461.06,3493.76,116.03,13.56,119.42,52.95,24.41,75.32,running,6,0,0,6,3.4178,-13.8814,4.9229,0
PUMP-CRITICAL,2026-01-01T03:35:00,467.46,3141.12,121.89,8.83,100.51,55.29,25.85,92.61,running,6,0,0,6,-4.7231,5.861,-18.9145,0
PUMP-CRITICAL,2026-01-01T03:40:00,476.45,3216.06,144.69,8.95,91.79,53.61,25.54,78.53,running,6,0,3,6,0.1168,22.7985,-8.7137,0
PUMP-CRITICAL,2026-01-01T03:45:00,484.02,3218.36,127.02,9.02,101.19,53.97,26.12,83.47,running,6,0,3,6,0.0656,-17.6658,9.3971,0
PUMP-CRITICAL,2026-01-01T03:50:00,464.93,3270.65,122.16,12.58,104.64,54.05,25.13,86.81,running,6,0,0,6,3.5669,-4.8549,3.4523,0
PUMP-CRITICAL,2026-01-01T03:55:00,466.48,3312.8,118.49,14.4,93.88,53.32,24.87,83.12,running,6,0,4,6,1.8194,-3.6746,-10.7653,0
PUMP-CRITICAL,2026-01-01T04:00:00,463.64,3308.61,137.61,11.55,110.67,56.16,26.04,96.76,running,6,0,0,6,-2.8529,19.1213,16.7914,0
PUMP-CRITICAL,2026-01-01T04:05:00,478.71,3235.62,126.21,14.25,93.27,54.97,26.32,88.99,running,6,0,3,6,2.6968,-11.3989,-17.3931,0
PUMP-CRITICAL,2026-01-01T04:10:00,464.32,3265.77,128.78,12.0,100.01,55.82,25.92,97.96,running,6,0,2,6,-2.2491,2.5705,6.7391,0
PUMP-CRITICAL,2026-01-01T04:15:00,467.86,3357.54,123.89,12.82,90.15,53.62,25.09,89.98,running,6,0,1,6,0.8208,-4.8939,-9.8615,0
PUMP-CRITICAL,2026-01-01T04:20:00,467.92,3475.25,118.09,12.62,92.02,53.13,24.86,76.57,running,6,0,2,6,-0.1983,-5.7986,1.8648,0
PUMP-CRITICAL,2026-01-01T04:25:00,481.55,3192.07,142.46,14.97,105.56,56.06,27.0,82.7,running,6,0,4,6,2.348,24.3688,13.5403,0
PUMP-CRITICAL,2026-01-01T04:30:00,471.44,3302.82,141.43,11.09,101.88,51.04,24.06,75.69,running,6,0,2,6,-3.8765,-1.0317,-3.6756,0
PUMP-CRITICAL,2026-01-01T04:35:00,477.82,3306.03,132.29,8.6,119.96,57.14,27.3,93.63,running,6,0,4,6,-2.4886,-9.1411,18.0809,0
PUMP-CRITICAL,2026-01-01T04:40:00,460.18,3181.05,131.7,14.72,92.91,55.32,25.46,89.0,running,6,0,3,6,6.1203,-0.583,-27.0566,0
PUMP-CRITICAL,2026-01-01T04:45:00,465.22,3253.08,128.27,8.55,112.95,54.65,25.43,87.16,running,6,0,4,6,-6.1709,-3.4338,20.0398,0
PUMP-CRITICAL,2026-01-01T04:50:00,455.29,3434.56,121.1,11.52,117.17,56.56,25.75,96.16,running,6,0,4,6,2.9663,-7.1699,4.2229,0
PUMP-CRITICAL,2026-01-01T04:55:00,468.29,3379.46,120.28,8.71,98.71,55.91,26.18,86.12,running,6,0,3,6,-2.8075,-0.8236,-18.454,0
PUMP-CRITICAL,2026-01-01T05:00:00,468.2,3317.37,118.39,11.53,110.96,53.83,25.2,77.71,running,6,0,0,6,2.8173,-1.8844,12.2411,0
PUMP-CRITICAL,2026-01-01T05:05:00,484.22,3595.48,138.82,8.78,114.26,54.49,26.38,86.99,running,6,0,3,6,-2.7539,20.4241,3.3049,0
PUMP-CRITICAL,2026-01-01T05:10:00,470.92,3502.26,143.75,11.43,106.52,53.36,25.13,82.57,running,6,0,4,6,2.6542,4.9392,-7.7357,0
PUMP-CRITICAL,2026-01-01T05:15:00,456.35,3186.5,143.01,9.75,111.24,55.13,25.16,85.91,running,6,0,0,6,-1.676,-0.7432,4.7145,0
PUMP-CRITICAL,2026-01-01T05:20:00,471.22,3277.56,120.71,10.72,102.72,54.97,25.9,96.62,running,6,0,4,6,0.9624,-22.2971,-8.5204,0
PUMP-CRITICAL,2026-01-01T05:25:00,461.0,3152.49,129.81,13.53,114.53,55.38,25.53,97.63,running,6,0,1,6,2.8187,9.0983,11.8093,0
PUMP-CRITICAL,2026-01-01T05:30:00,484.8,3342.69,144.43,12.75,98.06,52.89,25.64,76.2,running,6,0,0,6,-0.7827,14.6191,-16.4667,0
PUMP-CRITICAL,2026-01-01T05:35:00,459.98,3153.23,121.15,14.03,101.95,50.99,23.46,76.48,running,6,0,1,6,1.2771,-23.2785,3.8883,0
PUMP-CRITICAL,2026-01-01T05:40:00,457.35,3107.62,136.12,14.03,104.14,50.24,22.98,77.75,running,6,0,4,6,0.0052,14.9634,2.1868,0
PUMP-CRITICAL,2026-01-01T05:45:00,471.93,3376.4,122.24,9.41,92.08,51.36,24.24,76.88,running,6,0,1,6,-4.6257,-13.8758,-12.0565,0
PUMP-CRITICAL,2026-01-01T05:50:00,467.16,3108.64,140.26,11.91,111.15,54.66,25.53,82.85,running,6,0,2,6,2.5026,18.0207,19.0701,0
PUMP-CRITICAL,2026-01-01T05:55:00,458.15,3572.71,138.8,13.35,102.21,52.91,24.24,86.27,running,6,0,2,6,1.4353,-1.4626,-8.9378,0
PUMP-CRITICAL,2026-01-01T06:00:00,477.4,3382.67,139.0,11.78,94.22,57.14,27.28,93.47,running,6,0,3,6,-1.5666,0.1962,-7.9882,0
PUMP-CRITICAL,2026-01-01T06:05:00,475.29,3377.22,121.66,9.19,102.28,55.01,26.14,87.74,running,6,0,2,6,-2.5876,-17.3327,8.0527,0
PUMP-CRITICAL,2026-01-01T06:10:00,466.44,3473.73,115.72,13.12,100.35,55.88,26.07,89.96,running,6,0,3,6,3.9244,-5.9383,-1.9224,0
PUMP-CRITICAL,2026-01-01T06:15:00,459.95,3300.73,127.78,14.31,104.27,52.5,24.15,82.69,running,6,0,4,6,1.1928,12.0507,3.9204,0
PUMP-CRITICAL,2026-01-01T06:20:00,471.83,3478.2,122.57,14.28,109.68,53.07,25.04,83.05,running,6,0,3,6,-0.0282,-5.2098,5.4054,0
PUMP-CRITICAL,2026-01-01T06:25:00,477.82,3589.39,137.03,9.21,95.89,56.21,26.86,88.68,running,6,0,2,6,-5.0741,14.4634,-13.7886,0
PUMP-CRITICAL,2026-01-01T06:30:00,465.97,3547.02,144.74,14.06,104.86,54.5,25.39,76.96,running,6,0,3,6,4.8508,7.7154,8.9706,0
PUMP-CRITICAL,2026-01-01T06:35:00,484.13,3151.18,141.01,13.74,95.53,55.76,27.0,95.39,running,6,0,0,6,-0.3184,-3.7305,-9.3362,0
PUMP-CRITICAL,2026-01-01T06:40:00,465.52,3396.29,135.06,13.3,109.35,52.69,24.53,80.15,running,6,0,0,6,-0.4407,-5.9508,13.8258,0
PUMP-CRITICAL,2026-01-01T06:45:00,476.27,3417.75,133.69,14.81,112.8,52.17,24.85,77.24,running,6,0,0,6,1.5133,-1.3713,3.4443,0
PUMP-CRITICAL,2026-01-01T06:50:00,469.4,3431.46,144.13,11.77,94.43,57.37,26.93,92.57,running,6,0,4,6,-3.0395,10.4361,-18.3675,0
PUMP-CRITICAL,2026-01-01T06:55:00,471.86,3586.73,141.36,14.82,110.14,54.12,25.54,87.36,running,6,1,2,6,3.0433,-2.7703,15.7104,0
PUMP-CRITICAL,2026-01-01T07:00:00,479.38,3176.57,129.93,13.8,112.47,57.26,27.45,85.07,running,6,0,3,6,-1.0196,-11.4251,2.3271,0
PUMP-CRITICAL,2026-01-01T07:05:00,476.73,3567.86,118.96,14.63,102.04,54.96,26.2,80.02,running,6,0,1,6,0.8297,-10.9695,-10.4252,0
PUMP-CRITICAL,2026-01-01T07:10:00,471.05,3113.38,140.51,9.22,120.11,56.85,26.78,95.19,running,6,0,3,6,-5.4066,21.5493,18.0656,0
PUMP-CRITICAL,2026-01-01T07:15:00,471.07,3260.99,131.42,8.18,93.89,54.71,25.77,90.54,running,6,0,1,6,-1.0405,-9.0923,-26.2146,0
PUMP-CRITICAL,2026-01-01T07:20:00,482.06,3361.93,139.97,15.03,102.79,55.0,26.51,88.29,running,6,0,3,6,6.8514,8.5484,8.9029,0
PUMP-CRITICAL,2026-01-01T07:25:00,470.45,3136.2,119.55,10.59,99.98,56.13,26.4,95.01,running,6,0,2,6,-4.4389,-20.4207,-2.8167,0
PUMP-CRITICAL,2026-01-01T07:30:00,472.18,3211.93,143.76,14.27,108.22,53.52,25.27,79.53,running,6,0,3,6,3.6755,24.2158,8.2449,0
PUMP-CRITICAL,2026-01-01T07:35:00,472.91,3129.11,138.93,8.26,109.1,56.85,26.88,91.35,running,6,0,1,6,-6.0075,-4.8341,0.8761,0
PUMP-CRITICAL,2026-01-01T07:40:00,483.04,3595.2,127.76,12.35,118.6,58.25,28.14,96.19,running,6,0,1,6,4.094,-11.1709,9.5042,0
PUMP-CRITICAL,2026-01-01T07:45:00,465.22,3364.08,130.67,13.55,112.48,53.64,24.95,80.33,running,6,0,2,6,1.2003,2.9134,-6.1215,0
PUMP-CRITICAL,2026-01-01T07:50:00,483.73,3333.41,123.28,13.43,104.59,55.01,26.61,78.74,running,6,0,1,6,-0.1195,-7.3937,-7.8877,0
PUMP-CRITICAL,2026-01-01T07:55:00,482.0,3529.28,142.78,10.37,96.77,54.8,26.42,75.31,running,6,0,0,6,-3.0665,19.4975,-7.8235,0
PUMP-CRITICAL,2026-01-01T08:00:00,464.27,3532.7,121.79,11.35,98.16,54.08,25.11,77.82,running,6,0,3,6,0.9781,-20.9855,1.3899,0
PUMP-CRITICAL,2026-01-01T08:05:00,463.34,3309.59,121.38,14.61,117.27,54.22,25.12,94.28,running,6,0,1,6,3.264,-0.4129,19.114,0
PUMP-CRITICAL,2026-01-01T08:10:00,471.98,3290.07,123.16,10.39,90.51,55.02,25.97,85.52,running,6,0,4,6,-4.2184,1.7848,-26.7685,0
PUMP-CRITICAL,2026-01-01T08:15:00,461.19,3262.14,144.49,11.15,99.61,53.94,24.87,83.28,running,6,0,4,6,0.7566,21.3284,9.1027,0
PUMP-CRITICAL,2026-01-01T08:20:00,466.91,3437.71,131.51,9.13,112.01,55.28,25.81,94.0,running,6,0,0,6,-2.0226,-12.9787,12.402,0
PUMP-CRITICAL,2026-01-01T08:25:00,465.07,3351.15,143.42,8.66,100.4,53.5,24.88,77.01,running,6,0,0,6,-0.4678,11.9064,-11.6063,0
PUMP-CRITICAL,2026-01-01T08:30:00,461.03,3432.9,123.39,12.73,91.23,51.06,23.54,78.07,running,6,0,1,6,4.0722,-20.0297,-9.1719,0
PUMP-CRITICAL,2026-01-01T08:35:00,469.43,3591.62,117.52,11.55,117.53,53.88,25.29,87.5,running,6,0,3,6,-1.1761,-5.8711,26.2938,0
PUMP-CRITICAL,2026-01-01T08:40:00,471.11,3550.73,118.18,14.08,99.04,53.95,25.42,84.22,running,6,0,1,6,2.5272,0.6635,-18.4832,0
PUMP-CRITICAL,2026-01-01T08:45:00,460.15,3469.99,141.23,14.38,117.78,53.74,24.73,94.74,running,6,0,1,6,0.2941,23.0497,18.7376,0
PUMP-CRITICAL,2026-01-01T08:50:00,478.84,3495.05,126.23,10.2,95.75,52.46,25.12,78.34,running,6,0,2,6,-4.1761,-15.005,-22.0332,0
PUMP-CRITICAL,2026-01-01T08:55:00,476.61,3386.73,140.49,14.48,100.78,55.66,26.53,88.53,running,6,0,3,6,4.2814,14.2661,5.0299,0
PUMP-CRITICAL,2026-01-01T09:00:00,468.93,3165.27,128.13,9.05,102.03,54.81,25.7,82.33,running,6,0,0,6,-5.4349,-12.3588,1.2546,0
PUMP-CRITICAL,2026-01-01T09:05:00,471.48,3342.31,137.23,12.62,100.67,52.33,24.67,83.38,running,6,0,4,6,3.5738,9.0972,-1.3617,0
PUMP-CRITICAL,2026-01-01T09:10:00,461.56,3594.87,123.79,10.72,102.34,52.37,24.17,77.72,running,6,0,3,6,-1.8979,-13.4359,1.6657,0
PUMP-CRITICAL,2026-01-01T09:15:00,467.56,3180.44,123.23,10.96,107.36,55.7,26.04,90.85,running,6,0,2,6,0.2431,-0.5604,5.0292,0
PUMP-CRITICAL,2026-01-01T09:20:00,460.63,3405.54,117.39,14.25,112.62,54.26,25.0,85.38,running,6,0,3,6,3.2842,-5.8401,5.2592,0
PUMP-CRITICAL,2026-01-01T09:25:00,481.64,3105.78,133.47,12.31,108.99,54.33,26.17,77.92,running,6,0,0,6,-1.9356,16.0783,-3.6381,0
PUMP-CRITICAL,2026-01-01T09:30:00,467.36,3229.09,125.9,9.95,102.99,55.08,25.74,79.4,running,6,0,1,6,-2.3593,-7.5762,-5.9955,0
PUMP-CRITICAL,2026-01-01T09:35:00,472.71,3444.63,138.56,9.9,112.13,52.3,24.72,81.59,running,6,0,2,6,-0.052,12.6606,9.1426,0
PUMP-CRITICAL,2026-01-01T09:40:00,481.95,3516.17,130.92,13.75,96.69,54.83,26.42,77.15,running,6,0,3,6,3.8518,-7.6374,-15.4452,0
PUMP-CRITICAL,2026-01-01T09:45:00,474.14,3417.34,130.79,8.47,96.7,54.99,26.07,90.8,running,6,0,3,6,-5.2807,-0.1306,0.0152,0
PUMP-CRITICAL,2026-01-01T09:50:00,464.05,3277.71,123.09,9.48,105.12,54.08,25.1,96.56,running,6,0,0,6,1.0028,-7.6946,8.419,0
PUMP-CRITICAL,2026-01-01T09:55:00,466.01,3206.46,122.55,14.43,97.68,57.02,26.57,90.96,running,6,0,2,6,4.9519,-0.5425,-7.445,0
PUMP-CRITICAL,2026-01-01T10:00:00,458.4,3395.46,132.6,10.31,102.54,56.55,25.92,92.44,running,6,0,2,6,-4.119,10.0501,4.8598,0
PUMP-CRITICAL,2026-01-01T10:05:00,456.86,3419.9,133.77,10.86,100.07,53.24,24.32,90.25,running,6,0,4,6,0.5508,1.171,-2.4635,0
PUMP-CRITICAL,2026-01-01T10:10:00,471.06,3580.14,137.95,10.13,102.88,51.9,24.45,77.42,running,6,0,2,6,-0.7293,4.1782,2.8031,0
PUMP-CRITICAL,2026-01-01T10:15:00,483.59,3320.29,127.53,8.47,115.73,55.08,26.63,88.93,running,6,0,0,6,-1.6588,-10.4221,12.8542,0
PUMP-CRITICAL,2026-01-01T10:20:00,460.52,3242.63,118.97,13.59,94.33,55.41,25.52,83.89,running,6,0,0,6,5.1183,-8.5624,-21.4023,0
PUMP-CRITICAL,2026-01-01T10:25:00,470.79,3187.83,129.25,12.85,104.75,56.54,26.62,94.07,running,6,0,0,6,-0.7422,10.2833,10.4263,0
PUMP-CRITICAL,2026-01-01T10:30:00,478.29,3466.71,115.7,12.31,120.09,55.05,26.33,93.72,running,6,0,2,6,-0.5423,-13.5484,15.3359,0
PUMP-CRITICAL,2026-01-01T10:35:00,466.22,3122.86,135.71,13.84,94.43,53.97,25.16,87.28,running,6,0,1,6,1.5342,20.0084,-25.663,0
PUMP-CRITICAL,2026-01-01T10:40:00,460.22,3295.2,123.09,12.66,93.49,55.86,25.71,96.11,running,6,0,2,6,-1.1799,-12.6152,-0.9334,0
PUMP-CRITICAL,2026-01-01T10:45:00,483.53,3319.45,125.24,12.85,105.37,53.49,25.86,77.62,running,6,0,0,6,0.1939,2.1465,11.8784,0
PUMP-CRITICAL,2026-01-01T10:50:00,466.2,3255.74,131.67,12.24,114.58,53.44,24.91,85.2,running,6,0,2,6,-0.6112,6.4264,9.205,0
PUMP-CRITICAL,2026-01-01T10:55:00,455.42,3108.74,137.98,13.37,106.46,49.76,22.66,75.34,running,6,0,4,6,1.1243,6.3145,-8.1124,0
PUMP-CRITICAL,2026-01-01T11:00:00,479.06,3478.64,139.75,9.01,115.05,55.03,26.36,89.42,running,6,0,2,6,-4.3603,1.7655,8.5801,0
PUMP-CRITICAL,2026-01-01T11:05:00,460.88,3414.9,126.26,12.36,115.63,54.15,24.96,87.45,running,6,0,2,6,3.3532,-13.4862,0.58,0
PUMP-CRITICAL,2026-01-01T11:10:00,462.44,3466.61,132.06,10.68,116.22,50.27,23.24,75.69,running,6,0,2,6,-1.6831,5.7946,0.5951,0
PUMP-CRITICAL,2026-01-01T11:15:00,482.17,3279.83,132.22,10.93,103.31,56.4,27.19,89.96,running,6,0,2,6,0.2574,0.165,-12.9123,0
PUMP-CRITICAL,2026-01-01T11:20:00,463.15,3478.59,135.75,10.24,100.14,55.17,25.55,95.25,running,6,0,0,6,-0.6891,3.5304,-3.1708,0
PUMP-CRITICAL,2026-01-01T11:25:00,477.07,3224.36,115.74,8.14,112.38,57.87,27.61,97.13,running,6,0,4,6,-2.1017,-20.0076,12.2475,0
PUMP-CRITICAL,2026-01-01T11:30:00,472.87,3488.38,124.85,11.74,103.69,54.96,25.99,80.41,running,6,0,3,6,3.595,9.1079,-8.6941,0
PUMP-CRITICAL,2026-01-01T11:35:00,476.32,3137.03,129.09,10.31,117.81,58.25,27.75,92.07,running,6,0,4,6,-1.4292,4.2415,14.123,0
PUMP-CRITICAL,2026-01-01T11:40:00,465.56,3450.95,144.95,11.03,96.41,54.63,25.43,88.4,running,6,0,3,6,0.726,15.8569,-21.4011,0
PUMP-CRITICAL,2026-01-01T11:45:00,457.04,3144.55,133.47,8.54,94.59,53.83,24.6,92.85,running,6,0,4,6,-2.4933,-11.4815,-1.8206,0
PUMP-CRITICAL,2026-01-01T11:50:00,462.01,3564.99,123.48,11.82,104.5,57.15,26.4,93.03,running,6,0,1,6,3.2789,-9.9935,9.908,0
PUMP-CRITICAL,2026-01-01T11:55:00,460.42,3529.82,142.24,11.42,119.33,55.33,25.47,85.5,running,6,0,0,6,-0.4044,18.769,14.8322,0
PUMP-CRITICAL,2026-01-01T12:00:00,484.14,3526.22,136.84,11.94,94.56,53.71,26.0,82.84,running,6,0,1,6,0.5252,-5.4054,-24.7768,0
PUMP-CRITICAL,2026-01-01T12:05:00,465.53,3584.53,128.52,14.82,99.34,53.75,25.02,82.46,running,6,0,0,6,2.875,-8.3148,4.7844,0
PUMP-CRITICAL,2026-01-01T12:10:00,476.8,3406.01,120.07,14.36,105.16,52.47,25.02,76.94,running,6,0,0,6,-0.4554,-8.4561,5.8241,0
PUMP-CRITICAL,2026-01-01T12:15:00,471.9,3339.46,132.88,13.99,103.38,57.22,27.0,88.95,running,6,1,3,6,-0.3662,12.8093,-1.7832,0
PUMP-CRITICAL,2026-01-01T12:20:00,460.06,3541.43,141.61,11.16,114.73,51.3,23.6,77.54,running,6,0,1,6,-2.8384,8.736,11.3533,0
PUMP-CRITICAL,2026-01-01T12:25:00,476.27,3203.94,133.26,9.05,92.97,53.13,25.31,77.42,running,6,0,0,6,-2.1056,-8.3538,-21.7617,0
PUMP-CRITICAL,2026-01-01T12:30:00,484.78,3167.36,127.19,12.03,118.48,56.66,27.47,90.44,running,6,0,3,6,2.98,-6.0716,25.5053,0
PUMP-CRITICAL,2026-01-01T12:35:00,465.94,3122.75,124.23,8.32,92.76,53.68,25.01,81.95,running,6,0,4,6,-3.7083,-2.9533,-25.7175,0
PUMP-CRITICAL,2026-01-01T12:40:00,468.34,3492.5,141.69,8.97,98.4,51.14,23.95,77.94,running,6,0,1,6,0.6509,17.4526,5.6448,0
PUMP-CRITICAL,2026-01-01T12:45:00,473.7,3240.7,119.76,14.57,115.8,55.74,26.4,80.55,running,6,0,3,6,5.5966,-21.9254,17.3944,0
PUMP-CRITICAL,2026-01-01T12:50:00,468.12,3496.42,120.06,10.52,91.89,55.76,26.1,96.87,running,6,0,0,6,-4.0544,0.2959,-23.913,0
PUMP-CRITICAL,2026-01-01T12:55:00,458.65,3181.63,125.56,10.41,114.47,52.55,24.1,77.96,running,6,0,3,6,-0.1033,5.5005,22.5791,0
PUMP-CRITICAL,2026-01-01T13:00:00,474.82,3453.17,143.55,8.18,115.99,55.15,26.19,89.87,running,6,0,2,6,-2.2317,17.9947,1.5273,0
PUMP-CRITICAL,2026-01-01T13:05:00,472.2,3352.93,130.38,9.45,94.52,52.82,24.94,76.36,running,6,0,3,6,1.2651,-13.1723,-21.4727,0
PUMP-CRITICAL,2026-01-01T13:10:00,469.08,3433.16,136.12,14.59,99.93,57.06,26.77,90.31,running,6,0,0,6,5.1469,5.7353,5.4143,0
PUMP-CRITICAL,2026-01-01T13:15:00,480.38,3248.5,116.92,9.45,114.69,57.62,27.68,91.31,running,6,0,0,6,-5.1427,-19.1919,14.7529,0
PUMP-CRITICAL,2026-01-01T13:20:00,461.63,3232.21,126.56,9.44,99.26,56.22,25.95,94.11,running,6,0,4,6,-0.0107,9.6393,-15.4287,0
PUMP-CRITICAL,2026-01-01T13:25:00,461.01,3216.26,141.6,12.3,101.21,55.41,25.54,93.08,running,6,0,1,6,2.8635,15.0404,1.9526,0
PUMP-CRITICAL,2026-01-01T13:30:00,469.68,3519.91,115.48,12.76,106.47,55.37,26.01,85.8,running,6,0,2,6,0.4581,-26.1188,5.2611,0
PUMP-CRITICAL,2026-01-01T13:35:00,476.62,3440.79,130.75,13.49,95.79,57.11,27.22,88.21,running,6,0,0,6,0.7317,15.262,-10.6852,0
PUMP-CRITICAL,2026-01-01T13:40:00,455.23,3373.84,134.91,13.13,93.63,56.14,25.56,90.76,running,6,0,3,6,-0.3666,4.1614,-2.158,0
PUMP-CRITICAL,2026-01-01T13:45:00,470.06,3221.24,116.03,10.92,108.07,55.82,26.24,87.07,running,6,0,1,6,-2.2009,-18.877,14.4457,0
PUMP-CRITICAL,2026-01-01T13:50:00,455.34,3472.07,125.81,13.91,106.16,55.0,25.04,91.16,running,6,0,1,6,2.9879,9.7764,-1.9162,0
PUMP-CRITICAL,2026-01-01T13:55:00,476.64,3165.52,131.79,8.21,119.87,56.32,26.85,95.07,running,6,0,4,6,-5.7009,5.9837,13.7102,0
PUMP-CRITICAL,2026-01-01T14:00:00,469.43,3461.88,141.45,11.73,94.16,52.14,24.48,78.7,running,6,0,0,6,3.5204,9.6571,-25.7098,0
PUMP-CRITICAL,2026-01-01T14:05:00,473.35,3467.84,127.44,14.54,92.58,54.44,25.77,91.36,running,6,0,0,6,2.8056,-14.0083,-1.5751,0
PUMP-CRITICAL,2026-01-01T14:10:00,465.05,3566.09,129.15,13.72,91.11,55.12,25.63,96.83,running,6,0,0,6,-0.8217,1.7114,-1.4717,0
PUMP-CRITICAL,2026-01-01T14:15:00,462.81,3467.13,125.32,14.09,118.28,54.88,25.4,87.84,running,6,0,2,6,0.3697,-3.8334,27.1725,0
PUMP-CRITICAL,2026-01-01T14:20:00,455.11,3573.02,115.92,9.8,104.12,53.6,24.39,94.3,running,6,0,4,6,-4.287,-9.4013,-14.1628,0
PUMP-CRITICAL,2026-01-01T14:25:00,468.26,3277.49,133.64,11.85,97.56,53.64,25.12,90.93,running,6,0,3,6,2.0498,17.7251,-6.5587,0
PUMP-CRITICAL,2026-01-01T14:30:00,472.61,3371.18,123.99,8.17,99.72,57.54,27.19,90.09,running,6,0,2,6,-3.6814,-9.6486,2.1537,0
PUMP-CRITICAL,2026-01-01T14:35:00,478.23,3163.86,116.21,14.12,94.64,55.09,26.34,75.24,running,6,0,3,6,5.9513,-7.7794,-5.0716,0
PUMP-CRITICAL,2026-01-01T14:40:00,476.19,3493.03,138.38,10.34,112.63,55.17,26.27,81.22,running,6,0,0,6,-3.776,22.1676,17.9895,0
PUMP-CRITICAL,2026-01-01T14:45:00,481.1,3378.82,122.98,8.77,107.07,56.4,27.14,95.73,running,6,0,3,6,-1.5691,-15.3969,-5.5681,0
PUMP-CRITICAL,2026-01-01T14:50:00,481.33,3342.52,140.35,8.55,99.89,54.71,26.33,81.59,running,6,0,1,6,-0.2259,17.3647,-7.1771,0
PUMP-CRITICAL,2026-01-01T14:55:00,479.31,3439.19,129.72,13.17,100.82,56.44,27.05,92.61,running,6,0,3,6,4.6256,-10.6274,0.9308,0
PUMP-CRITICAL,2026-01-01T15:00:00,483.52,3272.12,130.28,9.03,98.26,56.12,27.13,96.59,running,6,0,0,6,-4.1398,0.5604,-2.5569,0
PUMP-CRITICAL,2026-01-01T15:05:00,473.71,3210.45,117.17,14.9,97.12,53.71,25.44,86.06,running,6,0,2,6,5.8709,-13.1082,-1.1479,0
PUMP-CRITICAL,2026-01-01T15:10:00,465.06,3427.64,143.28,9.68,106.89,56.05,26.07,86.55,running,6,0,3,6,-5.2277,26.1033,9.7704,0
PUMP-CRITICAL,2026-01-01T15:15:00,480.5,3394.24,132.81,14.63,117.54,57.58,27.67,97.91,running,6,1,5,6,4.9579,-10.4691,10.6507,0
PUMP-CRITICAL,2026-01-01T15:20:00,467.58,3214.19,140.22,10.99,90.51,55.26,25.84,86.67,running,6,0,3,6,-3.6393,7.4076,-27.0236,0
PUMP-CRITICAL,2026-01-01T15:25:00,481.59,3337.82,117.17,12.56,91.49,55.29,26.63,94.33,running,6,0,0,6,1.5636,-23.0508,0.9744,0
PUMP-CRITICAL,2026-01-01T15:30:00,481.47,3492.72,128.53,9.41,96.82,57.19,27.54,97.46,running,6,0,4,6,-3.1524,11.3611,5.3373,0
PUMP-CRITICAL,2026-01-01T15:35:00,467.0,3278.86,133.25,9.28,113.81,55.41,25.88,84.67,running,6,0,1,6,-0.1262,4.7233,16.9867,0
PUMP-CRITICAL,2026-01-01T15:40:00,478.55,3384.85,131.78,12.63,93.73,56.28,26.93,84.41,running,6,0,2,6,3.3466,-1.4704,-20.081,0
PUMP-CRITICAL,2026-01-01T15:45:00,479.52,3367.08,115.58,13.29,97.52,54.91,26.33,89.35,running,6,0,3,6,0.6673,-16.2031,3.789,0
PUMP-CRITICAL,2026-01-01T15:50:00,475.89,3573.18,141.67,12.1,105.58,55.16,26.25,91.65,running,6,0,4,6,-1.1985,26.0961,8.0573,0
PUMP-CRITICAL,2026-01-01T15:55:00,455.0,3592.75,139.06,12.38,101.74,49.77,22.65,76.22,running,6,0,4,6,0.2798,-2.6159,-3.8397,0
PUMP-CRITICAL,2026-01-01T16:00:00,462.23,3197.94,137.26,9.58,99.93,54.56,25.22,83.99,running,6,0,0,6,-2.7975,-1.7955,-1.8108,0
PUMP-CRITICAL,2026-01-01T16:05:00,481.56,3197.69,117.23,13.68,97.31,59.01,28.42,96.02,running,6,0,3,6,4.0979,-20.0294,-2.6152,0
PUMP-CRITICAL,2026-01-01T16:10:00,472.84,3410.81,127.93,12.19,97.11,57.05,26.98,92.51,running,6,0,1,6,-1.4823,10.6949,-0.2031,0
PUMP-CRITICAL,2026-01-01T16:15:00,459.6,3359.86,125.48,14.82,108.65,52.59,24.17,76.19,running,6,0,0,6,2.6269,-2.4462,11.5461,0
PUMP-CRITICAL,2026-01-01T16:20:00,483.91,3305.46,138.91,14.15,109.43,53.39,25.84,80.63,running,6,0,2,6,-0.6726,13.4271,0.7783,0
PUMP-CRITICAL,2026-01-01T16:25:00,469.97,3304.76,144.31,12.01,116.81,53.47,25.13,88.59,running,6,0,3,6,-2.1324,5.4048,7.3738,0
PUMP-CRITICAL,2026-01-01T16:30:00,467.68,3265.26,125.93,9.31,113.24,54.25,25.37,77.78,running,6,0,1,6,-2.7026,-18.3799,-3.5643,0
PUMP-CRITICAL,2026-01-01T16:35:00,457.46,3314.04,119.02,12.18,107.54,54.06,24.73,86.93,running,6,0,2,6,2.8716,-6.9145,-5.7032,0
PUMP-CRITICAL,2026-01-01T16:40:00,459.76,3435.73,143.24,8.93,96.65,51.63,23.74,85.05,running,6,0,1,6,-3.257,24.2268,-10.8849,0
PUMP-CRITICAL,2026-01-01T16:45:00,462.06,3531.66,118.61,13.99,110.32,51.45,23.78,76.35,running,6,0,2,6,5.0663,-24.6358,13.6671,0
PUMP-CRITICAL,2026-01-01T16:50:00,463.44,3520.29,119.53,14.94,108.76,55.32,25.64,97.65,running,6,1,1,6,0.9446,0.9188,-1.562,0
PUMP-CRITICAL,2026-01-01T16:55:00,469.47,3169.18,136.15,10.62,94.76,54.78,25.72,78.93,running,6,0,4,6,-4.3221,16.6236,-13.9972,0
PUMP-CRITICAL,2026-01-01T17:00:00,461.94,3323.63,116.57,8.95,109.19,53.09,24.52,83.2,running,6,0,3,6,-1.6682,-19.5827,14.4286,0
PUMP-CRITICAL,2026-01-01T17:05:00,467.19,3240.01,130.61,11.28,109.86,54.64,25.53,89.37,running,6,0,0,6,2.336,14.0379,0.6744,0
PUMP-CRITICAL,2026-01-01T17:10:00,463.45,3407.34,137.47,14.16,109.02,55.78,25.85,86.88,running,6,0,4,6,2.8763,6.8653,-0.8445,0
PUMP-CRITICAL,2026-01-01T17:15:00,470.18,3235.58,117.25,13.28,105.06,53.02,24.93,75.96,running,6,0,4,6,-0.8839,-20.2183,-3.9576,0
PUMP-CRITICAL,2026-01-01T17:20:00,464.25,3548.63,122.04,10.74,100.09,55.32,25.68,89.71,running,6,0,4,6,-2.5402,4.7862,-4.9677,0
PUMP-CRITICAL,2026-01-01T17:25:00,458.76,3209.53,124.52,13.32,92.7,52.89,24.27,85.19,running,6,0,3,6,2.5846,2.4813,-7.3967,0
PUMP-CRITICAL,2026-01-01T17:30:00,460.3,3140.15,123.15,9.22,104.31,52.23,24.04,86.07,running,6,1,2,6,-4.1051,-1.373,11.617,0
PUMP-CRITICAL,2026-01-01T17:35:00,459.64,3530.8,135.69,14.27,93.54,50.87,23.38,77.94,running,6,0,0,6,5.0579,12.5434,-10.7785,0
PUMP-CRITICAL,2026-01-01T17:40:00,455.14,3562.79,137.38,11.14,113.1,53.68,24.43,91.53,running,6,0,1,6,-3.1344,1.6855,19.564,0
PUMP-CRITICAL,2026-01-01T17:45:00,463.9,3538.16,130.7,14.93,108.28,52.87,24.53,86.03,running,6,0,3,6,3.7879,-6.6737,-4.8197,0
PUMP-CRITICAL,2026-01-01T17:50:00,468.72,3345.81,136.53,12.5,103.78,56.05,26.27,97.88,running,6,0,3,6,-2.4316,5.8233,-4.4984,0
PUMP-CRITICAL,2026-01-01T17:55:00,477.98,3301.81,130.45,14.63,115.79,54.02,25.82,79.4,running,6,0,3,6,2.1384,-6.0787,12.0111,0
PUMP-CRITICAL,2026-01-01T18:00:00,468.61,3266.98,124.17,9.14,91.11,55.63,26.07,88.47,running,6,0,3,6,-5.4959,-6.281,-24.6837,0
PUMP-CRITICAL,2026-01-01T18:05:00,476.97,3265.5,143.97,11.91,102.29,56.37,26.89,87.46,running,6,0,4,6,2.77,19.8047,11.1794,0
PUMP-CRITICAL,2026-01-01T18:10:00,473.64,3186.31,124.43,8.3,118.56,51.88,24.57,78.33,running,6,0,0,6,-3.6127,-19.5421,16.2744,0
PUMP-CRITICAL,2026-01-01T18:15:00,456.45,3459.2,128.88,14.39,97.33,56.48,25.78,93.64,running,6,0,1,6,6.0923,4.4465,-21.2315,0
PUMP-CRITICAL,2026-01-01T18:20:00,467.94,3437.89,115.47,14.86,99.29,53.39,24.98,87.63,running,6,0,3,6,0.4755,-13.4044,1.9593,0
PUMP-CRITICAL,2026-01-01T18:25:00,476.22,3288.07,141.31,8.24,107.15,55.46,26.41,94.76,running,6,0,4,6,-6.6229,25.8412,7.8629,0
PUMP-CRITICAL,2026-01-01T18:30:00,467.55,3600.35,140.74,11.91,111.04,52.39,24.5,84.36,running,6,0,4,6,3.668,-0.5743,3.8832,0
PUMP-CRITICAL,2026-01-01T18:35:00,463.02,3513.22,118.35,14.33,117.0,52.51,24.31,81.14,running,6,0,2,6,2.4236,-22.3897,5.9646,0
PUMP-CRITICAL,2026-01-01T18:40:00,465.66,3396.21,118.1,9.72,114.59,55.0,25.61,81.57,running,6,0,4,6,-4.6095,-0.252,-2.4084,0
PUMP-CRITICAL,2026-01-01T18:45:00,457.9,3178.31,123.2,11.77,99.54,53.63,24.56,87.33,running,6,0,4,6,2.048,5.0999,-15.0502,0
PUMP-CRITICAL,2026-01-01T18:50:00,462.51,3583.2,140.65,13.95,104.99,54.48,25.2,82.17,running,6,0,1,6,2.1848,17.4575,5.4476,0
PUMP-CRITICAL,2026-01-01T18:55:00,468.52,3396.0,121.11,14.78,93.64,52.36,24.53,80.38,running,6,0,2,6,0.8237,-19.546,-11.3496,0
PUMP-CRITICAL,2026-01-01T19:00:00,481.45,3420.25,125.68,9.18,111.57,55.29,26.62,88.71,running,6,0,1,6,-5.6005,4.5721,17.928,0
PUMP-CRITICAL,2026-01-01T19:05:00,461.38,3399.08,137.42,9.5,93.39,52.09,24.03,84.8,running,6,0,3,6,0.3262,11.7419,-18.1819,0
PUMP-CRITICAL,2026-01-01T19:10:00,466.99,3419.39,117.99,10.18,117.53,56.45,26.36,86.51,running,6,0,2,6,0.6762,-19.4316,24.1412,0
PUMP-CRITICAL,2026-01-01T19:15:00,465.46,3237.4,141.85,12.97,115.72,53.0,24.67,85.86,running,6,0,3,6,2.7872,23.8567,-1.8059,0
PUMP-CRITICAL,2026-01-01T19:20:00,468.49,3142.7,121.35,14.99,97.79,56.23,26.34,90.2,running,6,0,3,6,2.0215,-20.4997,-17.9296,0
PUMP-CRITICAL,2026-01-01T19:25:00,459.18,3331.0,126.7,9.21,105.26,55.99,25.71,96.7,running,6,0,3,6,-5.7787,5.3506,7.4647,0
PUMP-CRITICAL,2026-01-01T19:30:00,479.58,3316.11,144.66,12.79,118.25,55.21,26.48,80.61,running,6,0,0,6,3.5761,17.9658,12.9973,0
PUMP-CRITICAL,2026-01-01T19:35:00,455.4,3566.26,124.52,9.5,113.64,50.14,22.83,78.21,running,6,0,3,6,-3.2835,-20.139,-4.6121,0
PUMP-CRITICAL,2026-01-01T19:40:00,470.94,3516.05,115.56,8.29,111.68,51.26,24.14,76.06,running,6,0,1,6,-1.2131,-8.9606,-1.9675,0
PUMP-CRITICAL,2026-01-01T19:45:00,478.87,3322.57,140.69,8.27,95.57,55.38,26.52,82.11,running,6,0,2,6,-0.0163,25.1253,-16.1086,0
PUMP-CRITICAL,2026-01-01T19:50:00,482.39,3418.06,121.55,9.31,116.97,58.23,28.09,94.92,running,6,0,0,6,1.0403,-19.1414,21.4031,0
PUMP-CRITICAL,2026-01-01T19:55:00,478.35,3566.85,142.99,9.3,116.97,57.09,27.31,90.82,running,6,0,1,6,-0.0178,21.4386,-0.0037,0
PUMP-CRITICAL,2026-01-01T20:00:00,458.55,3344.58,140.68,12.99,104.47,53.3,24.44,92.81,running,6,0,4,6,3.6896,-2.3059,-12.4991,0
PUMP-CRITICAL,2026-01-01T20:05:00,477.79,3197.01,121.75,8.41,117.88,56.21,26.86,88.84,running,6,0,0,6,-4.5736,-18.9299,13.4081,0
PUMP-CRITICAL,2026-01-01T20:10:00,481.53,3449.78,139.81,8.85,110.72,56.12,27.02,77.92,running,6,0,0,6,0.4359,18.0599,-7.1546,0
PUMP-CRITICAL,2026-01-01T20:15:00,472.08,3491.62,125.12,11.43,111.77,52.41,24.74,80.14,running,6,0,2,6,2.5841,-14.6898,1.0512,0
PUMP-CRITICAL,2026-01-01T20:20:00,454.91,3526.48,139.63,10.63,108.38,52.31,23.8,81.76,running,6,0,0,6,-0.8042,14.5089,-3.3964,0
PUMP-CRITICAL,2026-01-01T20:25:00,472.15,3479.05,122.55,9.66,113.46,54.07,25.53,85.5,running,6,0,0,6,-0.9699,-17.0778,5.0825,0
PUMP-CRITICAL,2026-01-01T20:30:00,478.99,3594.63,128.54,11.29,95.96,57.84,27.71,96.47,running,6,0,4,6,1.631,5.9877,-17.4966,0
PUMP-CRITICAL,2026-01-01T20:35:00,462.82,3267.65,121.68,10.03,93.13,51.1,23.65,75.93,running,6,0,4,6,-1.2608,-6.8581,-2.8278,0
PUMP-CRITICAL,2026-01-01T20:40:00,469.76,3208.41,134.48,9.5,108.09,53.2,24.99,84.0,running,6,1,3,6,-0.5275,12.7978,14.96,0
PUMP-CRITICAL,2026-01-01T20:45:00,475.51,3141.48,126.5,12.51,96.8,54.84,26.08,91.93,running,6,0,1,6,3.0128,-7.9751,-11.29,0
PUMP-CRITICAL,2026-01-01T20:50:00,469.66,3155.82,125.82,11.85,107.4,56.25,26.42,85.0,running,6,0,2,6,-0.6666,-0.6828,10.5921,0
PUMP-CRITICAL,2026-01-01T20:55:00,465.99,3473.52,120.59,10.46,100.49,54.44,25.37,93.32,running,6,0,4,6,-1.3893,-5.2271,-6.9042,0
PUMP-CRITICAL,2026-01-01T21:00:00,460.38,3534.88,120.47,8.42,92.65,55.53,25.56,97.08,running,6,0,1,6,-2.0399,-0.1208,-7.8389,0
PUMP-CRITICAL,2026-01-01T21:05:00,470.52,3132.69,134.44,12.92,104.05,51.46,24.21,77.3,running,6,0,2,6,4.5037,13.9708,11.4013,0
PUMP-CRITICAL,2026-01-01T21:10:00,459.19,3147.77,124.62,11.11,111.88,54.89,25.2,88.29,running,6,0,0,6,-1.8078,-9.8267,7.8282,0
PUMP-CRITICAL,2026-01-01T21:15:00,459.96,3455.95,127.2,11.41,111.99,56.4,25.94,91.99,running,6,0,3,6,0.2977,2.5812,0.1063,0
PUMP-CRITICAL,2026-01-01T21:20:00,455.1,3455.58,128.16,11.04,92.9,53.62,24.4,91.87,running,6,0,2,6,-0.3763,0.9638,-19.0857,0
PUMP-CRITICAL,2026-01-01T21:25:00,475.33,3169.38,142.27,13.92,118.94,54.81,26.05,79.07,running,6,0,3,6,2.8863,14.1092,26.0396,0
PUMP-CRITICAL,2026-01-01T21:30:00,465.79,3159.13,117.74,13.86,113.9,54.41,25.35,87.6,running,6,0,1,6,-0.0641,-24.5325,-5.0369,0
PUMP-CRITICAL,2026-01-01T21:35:00,460.55,3283.49,117.02,11.42,111.23,53.72,24.74,81.56,running,6,0,2,6,-2.4409,-0.7176,-2.6766,0
PUMP-CRITICAL,2026-01-01T21:40:00,473.14,3209.59,126.2,11.23,104.54,54.92,25.99,95.6,running,6,0,4,6,-0.1885,9.1777,-6.6895,0
PUMP-CRITICAL,2026-01-01T21:45:00,480.22,3219.43,129.71,10.37,98.49,56.01,26.9,84.88,running,6,0,2,6,-0.8611,3.5092,-6.0455,0
PUMP-CRITICAL,2026-01-01T21:50:00,482.34,3209.73,137.27,15.01,91.21,54.26,26.17,77.1,running,6,1,3,6,4.6424,7.5652,-7.2882,0
PUMP-CRITICAL,2026-01-01T21:55:00,481.12,3300.6,122.44,8.66,100.39,53.51,25.75,82.82,running,6,0,1,6,-6.3541,-14.8291,9.1881,0
PUMP-CRITICAL,2026-01-01T22:00:00,478.77,3504.77,136.33,10.05,106.57,53.82,25.77,79.08,running,6,0,0,6,1.3947,13.8806,6.1777,0
PUMP-CRITICAL,2026-01-01T22:05:00,480.34,3111.79,139.94,8.75,101.21,54.19,26.03,85.83,running,6,0,4,6,-1.2971,3.6147,-5.3659,0
PUMP-CRITICAL,2026-01-01T22:10:00,464.79,3254.93,131.7,10.43,105.44,56.52,26.27,88.34,running,6,0,2,6,1.6735,-8.2383,4.2351,0
PUMP-CRITICAL,2026-01-01T22:15:00,483.45,3183.92,134.69,11.62,117.68,53.15,25.69,77.07,running,6,0,0,6,1.1951,2.9874,12.2404,0
PUMP-CRITICAL,2026-01-01T22:20:00,466.13,3219.49,134.08,9.75,92.69,55.74,25.98,97.67,running,6,0,1,6,-1.8706,-0.6103,-24.9858,0
PUMP-CRITICAL,2026-01-01T22:25:00,477.54,3250.55,125.89,12.76,116.5,55.51,26.51,91.49,running,6,0,1,6,3.0136,-8.1909,23.8086,0
PUMP-CRITICAL,2026-01-01T22:30:00,477.08,3146.31,129.23,8.27,98.94,58.67,27.99,95.96,running,6,0,3,6,-4.4946,3.3396,-17.5651,0
PUMP-CRITICAL,2026-01-01T22:35:00,462.97,3339.39,135.86,13.33,94.43,55.83,25.85,93.54,running,6,0,4,6,5.0561,6.6318,-4.5041,0
PUMP-CRITICAL,2026-01-01T22:40:00,470.16,3524.87,137.44,9.3,118.39,55.18,25.94,83.47,running,6,0,2,6,-4.0302,1.5845,23.9576,0
PUMP-CRITICAL,2026-01-01T22:45:00,466.9,3314.15,129.38,12.95,100.52,55.13,25.74,90.23,running,6,0,1,6,3.653,-8.0622,-17.8737,0
PUMP-CRITICAL,2026-01-01T22:50:00,479.81,3322.63,129.74,10.67,98.58,54.69,26.24,77.0,running,6,0,1,6,-2.2797,0.3593,-1.9335,0
PUMP-CRITICAL,2026-01-01T22:55:00,459.46,3268.78,125.16,13.74,105.82,56.13,25.79,95.25,running,6,0,3,6,3.0748,-4.5819,7.2322,0
PUMP-CRITICAL,2026-01-01T23:00:00,477.41,3345.06,143.57,13.25,101.86,51.85,24.75,77.57,running,6,0,4,6,-0.4943,18.4095,-3.9538,0
PUMP-CRITICAL,2026-01-01T23:05:00,465.1,3523.34,122.47,10.37,119.12,53.5,24.88,87.01,running,6,0,2,6,-2.8835,-21.1015,17.2581,0
PUMP-CRITICAL,2026-01-01T23:10:00,457.13,3202.28,131.01,14.46,94.75,52.27,23.89,75.28,running,6,0,2,6,4.0982,8.5421,-24.3727,0
PUMP-CRITICAL,2026-01-01T23:15:00,481.02,3521.02,129.22,8.84,101.5,54.63,26.28,79.74,running,6,0,2,6,-5.6193,-1.7857,6.7542,0
PUMP-CRITICAL,2026-01-01T23:20:00,466.37,3455.98,142.31,9.21,112.39,55.23,25.76,91.56,running,6,0,0,6,0.369,13.0836,10.8869,0
PUMP-CRITICAL,2026-01-01T23:25:00,462.42,3407.95,126.43,13.07,104.64,55.58,25.7,97.21,running,6,0,0,6,3.8546,-15.875,-7.7467,0
PUMP-CRITICAL,2026-01-01T23:30:00,458.38,3151.31,120.11,9.69,95.98,52.86,24.23,87.52,running,6,0,1,6,-3.3749,-6.325,-8.6624,0
PUMP-CRITICAL,2026-01-01T23:35:00,464.74,3385.45,142.26,9.1,113.19,56.5,26.26,95.1,running,6,0,3,6,-0.5973,22.1542,17.2087,0
PUMP-CRITICAL,2026-01-01T23:40:00,478.78,3121.04,138.36,11.99,90.96,55.7,26.67,83.7,running,6,0,2,6,2.8982,-3.9045,-22.2262,0
PUMP-CRITICAL,2026-01-01T23:45:00,479.38,3389.14,140.52,14.76,94.56,53.82,25.8,81.63,running,6,0,1,6,2.7687,2.1641,3.5986,0
PUMP-CRITICAL,2026-01-01T23:50:00,472.31,3552.55,136.04,9.73,112.89,53.62,25.33,89.48,running,6,0,3,6,-5.0295,-4.4828,18.3233,0
PUMP-CRITICAL,2026-01-01T23:55:00,460.06,3271.23,139.34,14.53,96.39,54.93,25.27,85.46,running,6,0,4,6,4.7992,3.2996,-16.4993,0
PUMP-CRITICAL,2026-01-02T00:00:00,480.83,3119.77,124.99,9.33,109.85,56.47,27.15,96.54,running,6,0,4,6,-5.2073,-14.3503,13.4686,0
PUMP-CRITICAL,2026-01-02T00:05:00,478.21,3597.87,138.29,10.36,104.41,55.55,26.57,98.05,running,6,0,4,6,1.0395,13.3036,-5.4482,0
PUMP-CRITICAL,2026-01-02T00:10:00,465.59,3566.64,117.45,13.29,98.99,55.38,25.79,89.89,running,6,1,1,6,2.9274,-20.8371,-5.4154,0
PUMP-CRITICAL,2026-01-02T00:15:00,478.26,3299.69,117.54,12.52,115.05,57.58,27.54,91.66,running,6,0,1,6,-0.7678,0.0876,16.0599,0
PUMP-CRITICAL,2026-01-02T00:20:00,465.72,3406.64,126.44,14.13,109.14,51.55,24.01,80.15,running,6,0,3,6,1.6066,8.898,-5.9074,0
PUMP-CRITICAL,2026-01-02T00:25:00,463.86,3154.6,123.36,14.58,93.38,54.12,25.11,85.83,running,6,0,1,6,0.4519,-3.0758,-15.7591,0
PUMP-CRITICAL,2026-01-02T00:30:00,467.1,3524.92,124.77,12.41,91.8,56.19,26.25,93.43,running,6,0,2,6,-2.1706,1.404,-1.5791,0
PUMP-CRITICAL,2026-01-02T00:35:00,462.39,3333.38,142.08,10.7,108.8,58.03,26.83,97.73,running,6,0,3,6,-1.7142,17.3149,16.9929,0
PUMP-CRITICAL,2026-01-02T00:40:00,470.81,3570.26,135.18,14.08,113.56,53.17,25.03,88.52,running,6,1,3,6,3.3861,-6.9034,4.7654,0
PUMP-CRITICAL,2026-01-02T00:45:00,459.61,3351.48,138.64,10.7,106.76,54.32,24.97,96.7,running,6,1,4,6,-3.3818,3.4584,-6.8041,0
PUMP-CRITICAL,2026-01-02T00:50:00,478.61,3476.18,138.22,12.78,92.56,53.96,25.82,78.33,running,6,1,3,6,2.0737,-0.4185,-14.2019,0
PUMP-CRITICAL,2026-01-02T00:55:00,471.35,3438.5,118.53,10.32,107.02,55.3,26.06,80.03,running,6,0,4,6,-2.4532,-19.6919,14.4623,0
PUMP-CRITICAL,2026-01-02T01:00:00,484.23,3423.68,127.27,14.91,115.41,57.42,27.8,88.43,running,6,0,4,6,4.586,8.741,8.3953,0
PUMP-CRITICAL,2026-01-02T01:05:00,467.18,3375.94,136.92,12.34,94.79,53.11,24.81,88.2,running,6,0,2,6,-2.5686,9.6529,-20.6206,0
PUMP-CRITICAL,2026-01-02T01:10:00,466.78,3533.52,134.05,10.66,119.14,54.86,25.61,89.0,running,6,1,5,6,-1.6839,-2.876,24.3466,0
PUMP-CRITICAL,2026-01-02T01:15:00,476.94,3475.3,137.86,11.28,96.56,55.46,26.45,96.35,running,6,0,1,6,0.6191,3.8182,-22.5849,0
PUMP-CRITICAL,2026-01-02T01:20:00,461.34,3578.46,124.51,12.66,106.0,54.54,25.16,97.31,running,6,0,1,6,1.3843,-13.3504,9.4448,0
PUMP-CRITICAL,2026-01-02T01:25:00,456.65,3364.35,120.78,13.25,107.93,54.2,24.75,95.37,running,6,0,0,6,0.5873,-3.7346,1.9259,0
PUMP-CRITICAL,2026-01-02T01:30:00,470.05,3610.15,121.6,10.25,105.01,53.52,25.16,81.15,running,6,0,1,6,-2.9959,0.8248,-2.9186,0
PUMP-CRITICAL,2026-01-02T01:35:00,483.52,3514.44,143.08,9.36,113.89,57.0,27.56,84.23,running,6,0,2,6,-0.8941,21.4768,8.8777,0
PUMP-CRITICAL,2026-01-02T01:40:00,480.68,3387.66,139.04,10.32,115.74,55.73,26.79,91.58,running,6,0,2,6,0.967,-4.043,1.8567,0
PUMP-CRITICAL,2026-01-02T01:45:00,475.17,3608.95,143.25,13.35,106.4,55.48,26.36,79.91,running,6,1,4,6,3.0289,4.2114,-9.3406,0
PUMP-CRITICAL,2026-01-02T01:50:00,471.7,3236.71,136.98,10.81,100.28,53.04,25.02,83.7,running,6,0,2,6,-2.5419,-6.2703,-6.1192,0
PUMP-CRITICAL,2026-01-02T01:55:00,462.32,3337.42,122.92,15.12,97.93,55.27,25.55,84.95,running,6,0,3,6,4.308,-14.0592,-2.3509,0
PUMP-CRITICAL,2026-01-02T02:00:00,477.97,3137.54,125.05,9.86,91.36,53.45,25.55,80.25,running,6,0,0,6,-5.2555,2.1352,-6.5749,0
PUMP-CRITICAL,2026-01-02T02:05:00,475.19,3427.54,118.43,10.11,108.15,51.67,24.55,76.41,running,6,0,1,6,0.2422,-6.6228,16.7974,0
PUMP-CRITICAL,2026-01-02T02:10:00,478.63,3180.88,116.38,12.37,120.14,56.35,26.97,92.38,running,6,0,1,6,2.2617,-2.0486,11.9831,0
PUMP-CRITICAL,2026-01-02T02:15:00,458.64,3174.9,137.43,10.74,115.32,54.14,24.83,89.58,running,6,0,0,6,-1.6247,21.0511,-4.8165,0
PUMP-CRITICAL,2026-01-02T02:20:00,464.93,3217.06,117.14,8.28,100.74,53.95,25.08,90.39,running,6,0,2,6,-2.4585,-20.2978,-14.5826,0
PUMP-CRITICAL,2026-01-02T02:25:00,474.35,3404.24,119.45,12.21,90.57,54.22,25.72,75.29,running,6,0,3,6,3.9232,2.314,-10.1712,0
PUMP-CRITICAL,2026-01-02T02:30:00,475.17,3491.78,145.38,14.36,106.49,51.93,24.67,76.4,running,6,0,0,6,2.1521,25.9296,15.927,0
PUMP-CRITICAL,2026-01-02T02:35:00,469.79,3459.42,121.75,9.27,94.66,52.82,24.82,76.42,running,6,0,4,6,-5.086,-23.6281,-11.8312,0
PUMP-CRITICAL,2026-01-02T02:40:00,465.31,3348.82,115.75,11.48,102.77,57.0,26.52,96.62,running,6,0,3,6,2.2077,-5.9995,8.1029,0
PUMP-CRITICAL,2026-01-02T02:45:00,468.51,3266.85,135.42,14.52,93.27,53.97,25.29,89.81,running,6,0,3,6,3.0383,19.6663,-9.4912,0
PUMP-CRITICAL,2026-01-02T02:50:00,461.87,3417.85,120.71,14.19,117.28,53.2,24.57,78.71,running,6,0,1,6,-0.3284,-14.71,24.0016,0
PUMP-CRITICAL,2026-01-02T02:55:00,465.84,3205.74,143.51,14.94,109.59,55.07,25.65,86.82,running,6,0,2,6,0.7538,22.7982,-7.6856,0
PUMP-CRITICAL,2026-01-02T03:00:00,474.55,3440.07,123.84,14.9,110.34,57.48,27.27,90.43,running,6,0,1,6,-0.047,-19.6644,0.7514,0
PUMP-CRITICAL,2026-01-02T03:05:00,467.78,3424.76,142.16,15.08,102.18,53.71,25.12,80.5,running,6,0,0,6,0.1824,18.321,-8.161,0
PUMP-CRITICAL,2026-01-02T03:10:00,466.34,3551.02,139.51,15.1,100.89,54.66,25.49,82.24,running,6,0,1,6,0.0152,-2.6497,-1.2909,0
PUMP-CRITICAL,2026-01-02T03:15:00,478.13,3116.65,118.96,9.76,95.39,56.12,26.83,90.64,running,6,1,2,6,-5.3317,-20.549,-5.505,0
PUMP-CRITICAL,2026-01-02T03:20:00,455.65,3607.33,140.89,14.02,91.82,50.45,22.99,77.14,running,6,0,3,6,4.2567,21.929,-3.5668,0
PUMP-CRITICAL,2026-01-02T03:25:00,482.1,3160.18,141.68,8.32,98.12,55.61,26.81,87.54,running,6,0,2,6,-5.701,0.7815,6.3062,0
PUMP-CRITICAL,2026-01-02T03:30:00,473.49,3540.37,117.07,10.99,108.1,58.02,27.47,92.8,running,6,1,2,6,2.6661,-24.6074,9.9771,0
PUMP-CRITICAL,2026-01-02T03:35:00,457.16,3593.2,121.57,11.49,106.75,54.46,24.9,95.84,running,6,0,2,6,0.5043,4.5038,-1.3469,0
PUMP-CRITICAL,2026-01-02T03:40:00,471.6,3580.19,132.09,9.96,103.92,55.15,26.01,93.23,running,6,0,3,6,-1.5307,10.5219,-2.8379,0
PUMP-CRITICAL,2026-01-02T03:45:00,457.88,3597.92,120.83,8.51,107.77,55.6,25.46,91.91,running,6,0,2,6,-1.4504,-11.2641,3.8491,0
PUMP-CRITICAL,2026-01-02T03:50:00,468.85,3474.36,130.88,9.72,95.52,51.17,23.99,77.34,running,6,0,4,6,1.209,10.0512,-12.2435,0
PUMP-CRITICAL,2026-01-02T03:55:00,484.54,3200.24,130.75,12.03,104.65,53.07,25.72,81.25,running,6,0,2,6,2.3113,-0.1336,9.1262,0
PUMP-CRITICAL,2026-01-02T04:00:00,478.83,3442.0,130.09,11.03,118.95,56.56,27.08,91.01,running,6,0,1,6,-1.004,-0.6598,14.305,0
PUMP-CRITICAL,2026-01-02T04:05:00,467.53,3119.07,118.77,13.3,96.8,55.71,26.05,97.42,running,6,0,1,6,2.2751,-11.3148,-22.1542,0
PUMP-CRITICAL,2026-01-02T04:10:00,483.39,3146.22,126.39,13.14,94.5,57.01,27.56,89.1,running,6,0,0,6,-0.1638,7.6134,-2.3023,0
PUMP-CRITICAL,2026-01-02T04:15:00,454.96,3141.79,118.62,13.27,94.39,51.43,23.4,85.62,running,6,0,1,6,0.1297,-7.7635,-0.1053,0
PUMP-CRITICAL,2026-01-02T04:20:00,469.93,3128.81,117.08,10.91,95.86,54.92,25.81,80.98,running,6,0,3,6,-2.361,-1.542,1.4703,0
PUMP-CRITICAL,2026-01-02T04:25:00,461.73,3498.64,122.78,13.53,107.49,50.97,23.53,76.27,running,6,0,0,6,2.6214,5.6971,11.6325,0
PUMP-CRITICAL,2026-01-02T04:30:00,474.3,3190.53,132.69,14.11,98.06,54.99,26.08,94.15,running,6,0,2,6,0.5874,9.9163,-9.4377,0
PUMP-CRITICAL,2026-01-02T04:35:00,470.58,3226.33,140.95,14.32,99.99,56.33,26.51,93.56,running,6,0,4,6,0.2098,8.2532,1.9322,0
PUMP-CRITICAL,2026-01-02T04:40:00,477.09,3383.2,117.98,14.24,93.55,53.6,25.57,76.33,running,6,0,3,6,-0.08,-22.9658,-6.4384,0
PUMP-CRITICAL,2026-01-02T04:45:00,470.78,3445.7,117.13,9.83,96.58,54.8,25.8,96.99,running,6,0,3,6,-4.4151,-0.8554,3.0273,0
PUMP-CRITICAL,2026-01-02T04:50:00,477.98,3156.77,120.1,9.79,100.61,55.6,26.57,80.95,running,6,0,4,6,-0.0408,2.9708,4.0365,0
PUMP-CRITICAL,2026-01-02T04:55:00,482.02,3588.94,134.22,11.64,116.75,56.48,27.23,89.94,running,6,0,0,6,1.8476,14.1262,16.1347,0
PUMP-CRITICAL,2026-01-02T05:00:00,469.78,3276.13,135.04,10.78,99.93,54.57,25.63,85.04,running,6,0,0,6,-0.855,0.8138,-16.8204,0
PUMP-CRITICAL,2026-01-02T05:05:00,476.82,3192.95,142.23,11.79,91.28,57.66,27.49,93.21,running,6,0,4,6,1.0131,7.1946,-8.65,0
PUMP-CRITICAL,2026-01-02T05:10:00,470.27,3594.88,129.15,10.82,113.78,55.84,26.26,96.1,running,6,0,1,6,-0.9711,-13.0808,22.5016,0
PUMP-CRITICAL,2026-01-02T05:15:00,456.93,3189.74,127.04,11.65,111.66,52.78,24.12,90.51,running,6,0,0,6,0.8294,-2.1134,-2.1216,0
PUMP-CRITICAL,2026-01-02T05:20:00,463.92,3332.46,116.05,14.78,105.54,57.74,26.79,96.97,running,6,0,1,6,3.1324,-10.9877,-6.1189,0
PUMP-CRITICAL,2026-01-02T05:25:00,455.89,3295.37,144.1,11.7,118.24,52.45,23.91,87.18,running,6,0,3,6,-3.082,28.0536,12.6993,0
PUMP-CRITICAL,2026-01-02T05:30:00,480.39,3579.56,129.89,8.96,104.8,54.77,26.31,84.2,running,6,0,4,6,-2.7387,-14.2147,-13.4421,0
PUMP-CRITICAL,2026-01-02T05:35:00,479.63,3189.28,133.31,9.18,114.57,55.12,26.44,90.18,running,6,0,4,6,0.2204,3.4236,9.7712,0
PUMP-CRITICAL,2026-01-02T05:40:00,468.15,3454.26,129.84,9.1,105.34,52.43,24.54,78.37,running,6,0,1,6,-0.0822,-3.4669,-9.2263,0
PUMP-CRITICAL,2026-01-02T05:45:00,458.81,3124.3,129.51,11.05,108.82,52.76,24.21,81.7,running,6,0,0,6,1.9469,-0.331,3.4813,0
PUMP-CRITICAL,2026-01-02T05:50:00,483.62,3317.7,133.03,11.64,95.6,54.67,26.44,78.28,running,6,0,4,6,0.592,3.5188,-13.2251,0
PUMP-CRITICAL,2026-01-02T05:55:00,465.92,3152.59,129.72,12.77,115.27,55.53,25.87,94.27,running,6,0,3,6,1.1305,-3.3077,19.6757,0
PUMP-CRITICAL,2026-01-02T06:00:00,456.63,3324.42,123.37,14.28,106.69,49.82,22.75,75.84,running,6,0,4,6,1.5111,-6.3548,-8.5833,0
PUMP-CRITICAL,2026-01-02T06:05:00,484.49,3250.34,120.24,12.77,119.49,56.72,27.48,81.92,running,6,0,2,6,-1.5124,-3.1275,12.8043,0
PUMP-CRITICAL,2026-01-02T06:10:00,470.23,3432.17,132.0,9.74,118.6,53.55,25.18,90.48,running,6,0,4,6,-3.0307,11.7544,-0.892,0
PUMP-CRITICAL,2026-01-02T06:15:00,460.45,3329.68,118.81,11.4,116.29,53.08,24.44,78.69,running,6,0,1,6,1.6632,-13.1885,-2.3163,0
PUMP-CRITICAL,2026-01-02T06:20:00,471.56,3153.91,143.25,13.9,104.34,52.78,24.89,78.8,running,6,0,3,6,2.5004,24.4368,-11.9484,0
PUMP-CRITICAL,2026-01-02T06:25:00,481.27,3327.09,116.91,11.45,103.44,59.24,28.51,96.54,running,6,0,3,6,-2.4542,-26.3381,-0.901,0
PUMP-CRITICAL,2026-01-02T06:30:00,471.5,3148.3,133.73,10.31,108.99,51.1,24.1,76.17,running,6,0,2,6,-1.1399,16.8261,5.5577,0
PUMP-CRITICAL,2026-01-02T06:35:00,471.26,3506.22,119.18,10.47,110.52,55.99,26.39,91.08,running,6,0,2,6,0.1618,-14.5569,1.53,0
PUMP-CRITICAL,2026-01-02T06:40:00,471.42,3402.96,121.23,9.57,99.73,57.47,27.09,95.28,running,6,0,2,6,-0.8985,2.0569,-10.7949,0
PUMP-CRITICAL,2026-01-02T06:45:00,464.33,3442.82,141.02,9.49,111.4,54.47,25.29,84.48,running,6,0,4,6,-0.0801,19.7841,11.673,0
PUMP-CRITICAL,2026-01-02T06:50:00,468.58,3385.41,141.65,9.05,92.75,53.69,25.16,78.3,running,6,0,1,6,-0.4399,0.6337,-18.6568,0
PUMP-CRITICAL,2026-01-02T06:55:00,474.03,3518.47,118.6,10.63,105.65,55.58,26.35,96.96,running,6,0,1,6,1.5753,-23.0463,12.901,0
PUMP-CRITICAL,2026-01-02T07:00:00,474.73,3408.36,137.4,12.64,110.29,54.84,26.04,94.8,running,6,0,2,6,2.0139,18.7904,4.6472,0
PUMP-CRITICAL,2026-01-02T07:05:00,477.07,3218.24,139.11,13.63,90.82,55.17,26.32,94.02,running,6,0,4,6,0.9874,1.7152,-19.4752,0
PUMP-CRITICAL,2026-01-02T07:10:00,466.66,3360.51,120.88,14.69,99.94,56.01,26.14,87.54,running,6,0,3,6,1.0571,-18.231,9.1211,0
PUMP-CRITICAL,2026-01-02T07:15:00,457.64,3151.36,115.97,10.81,109.94,51.06,23.37,76.23,running,6,0,2,6,-3.8773,-4.9091,10.0046,0
PUMP-CRITICAL,2026-01-02T07:20:00,462.65,3402.29,139.0,11.63,101.05,55.19,25.54,96.32,running,6,0,0,6,0.8189,23.0308,-8.892,0
PUMP-CRITICAL,2026-01-02T07:25:00,468.99,3143.59,118.04,12.7,92.79,54.77,25.69,76.27,running,6,0,2,6,1.0687,-20.9577,-8.2586,0
PUMP-CRITICAL,2026-01-02T07:30:00,483.26,3600.7,128.58,12.45,119.46,55.21,26.68,83.3,running,6,0,4,6,-0.2451,10.5368,26.6661,0
PUMP-CRITICAL,2026-01-02T07:35:00,476.93,3559.52,122.05,8.36,92.5,55.54,26.49,79.94,running,6,0,2,6,-4.096,-6.5259,-26.9591,0
PUMP-CRITICAL,2026-01-02T07:40:00,463.36,3549.41,136.46,8.79,117.38,53.99,25.02,93.13,running,6,0,1,6,0.4394,14.403,24.8784,0
PUMP-CRITICAL,2026-01-02T07:45:00,477.25,3324.3,115.82,9.76,120.05,56.83,27.12,87.38,running,6,0,2,6,0.9693,-20.6348,2.6658,0
PUMP-CRITICAL,2026-01-02T07:50:00,482.29,3416.8,137.15,10.73,93.52,52.98,25.55,75.61,running,6,0,0,6,0.9667,21.3317,-26.5299,0
PUMP-CRITICAL,2026-01-02T07:55:00,460.15,3309.78,117.95,11.47,116.54,55.74,25.65,87.37,running,6,0,1,6,0.742,-19.2066,23.0198,0
PUMP-CRITICAL,2026-01-02T08:00:00,480.55,3489.4,130.39,13.2,107.34,53.15,25.54,81.04,running,6,0,3,6,1.7287,12.4408,-9.1943,0
PUMP-CRITICAL,2026-01-02T08:05:00,478.74,3163.22,127.18,13.03,94.17,54.96,26.31,80.43,running,6,0,4,6,-0.1697,-3.2131,-13.1683,0
PUMP-CRITICAL,2026-01-02T08:10:00,458.11,3585.35,122.72,15.08,107.04,52.26,23.94,79.64,running,6,0,1,6,2.0529,-4.4536,12.8708,0
PUMP-CRITICAL,2026-01-02T08:15:00,467.98,3233.0,127.47,13.36,102.42,55.38,25.92,91.37,running,6,0,0,6,-1.7293,4.7481,-4.6262,0
PUMP-CRITICAL,2026-01-02T08:20:00,480.06,3567.41,142.65,11.32,117.26,53.07,25.47,80.8,running,6,0,4,6,-2.0331,15.1829,14.8397,0
PUMP-CRITICAL,2026-01-02T08:25:00,473.44,3371.54,138.7,12.35,92.17,58.6,27.74,96.33,running,6,0,0,6,1.0307,-3.9541,-25.0885,0
PUMP-CRITICAL,2026-01-02T08:30:00,464.37,3134.51,132.27,11.48,109.61,57.04,26.49,93.14,running,6,0,4,6,-0.8695,-6.4317,17.444,0
PUMP-CRITICAL,2026-01-02T08:35:00,477.39,3494.96,126.25,11.89,97.05,56.79,27.11,97.67,running,6,0,3,6,0.4027,-6.0187,-12.5577,0
PUMP-CRITICAL,2026-01-02T08:40:00,468.42,3356.77,141.58,8.85,106.46,56.24,26.34,93.58,running,6,0,4,6,-3.0374,15.3324,9.4056,0
PUMP-CRITICAL,2026-01-02T08:45:00,473.7,3200.96,144.28,12.51,102.93,57.59,27.28,93.56,running,6,0,0,6,3.6596,2.6989,-3.5278,0
PUMP-CRITICAL,2026-01-02T08:50:00,466.69,3563.62,119.02,9.15,107.25,55.49,25.89,85.4,running,6,0,2,6,-3.3608,-25.2642,4.3166,0
PUMP-CRITICAL,2026-01-02T08:55:00,460.99,3537.85,143.52,14.9,91.29,55.56,25.61,87.98,running,6,0,1,6,5.7503,24.5007,-15.9591,0
PUMP-CRITICAL,2026-01-02T09:00:00,475.9,3613.39,127.95,11.22,108.12,57.36,27.3,96.32,running,6,0,4,6,-3.6798,-15.5626,16.8253,0
PUMP-CRITICAL,2026-01-02T09:05:00,479.05,3425.52,136.37,12.67,119.71,54.44,26.08,78.15,running,6,0,3,6,1.4513,8.4181,11.5915,0
PUMP-CRITICAL,2026-01-02T09:10:00,469.4,3370.41,143.64,9.97,101.72,57.0,26.75,96.73,running,6,0,0,6,-2.6982,7.2678,-17.9909,0
PUMP-CRITICAL,2026-01-02T09:15:00,468.21,3531.6,130.0,11.86,106.14,55.01,25.75,88.89,running,6,0,1,6,1.8843,-13.6361,4.423,0
PUMP-CRITICAL,2026-01-02T09:20:00,476.35,3238.7,125.85,13.41,106.51,55.34,26.36,85.23,running,6,0,4,6,1.5575,-4.1489,0.3753,0
PUMP-CRITICAL,2026-01-02T09:25:00,467.84,3514.3,137.04,14.98,112.68,57.51,26.91,96.96,running,6,0,0,6,1.572,11.1835,6.1618,0
PUMP-CRITICAL,2026-01-02T09:30:00,474.55,3261.51,133.56,14.75,99.23,55.14,26.17,79.7,running,6,0,2,6,-0.2324,-3.4808,-13.4428,0
PUMP-CRITICAL,2026-01-02T09:35:00,468.88,3237.47,145.11,13.93,103.63,58.19,27.29,96.56,running,6,0,1,6,-0.8185,11.5548,4.4012,0
PUMP-CRITICAL,2026-01-02T09:40:00,466.72,3451.37,131.13,12.89,104.36,50.79,23.7,76.2,running,6,0,2,6,-1.0484,-13.9804,0.7213,0
PUMP-CRITICAL,2026-01-02T09:45:00,457.63,3439.33,117.85,12.96,100.17,57.26,26.2,98.3,running,6,0,1,6,0.0768,-13.2816,-4.1829,0
PUMP-CRITICAL,2026-01-02T09:50:00,463.25,3178.24,143.69,14.76,112.27,56.64,26.24,95.38,running,6,0,0,6,1.8007,25.8354,12.0928,0
PUMP-CRITICAL,2026-01-02T09:55:00,456.04,3587.75,144.23,8.83,95.64,55.17,25.16,95.13,running,6,0,3,6,-5.9317,0.5494,-16.629,0
PUMP-CRITICAL,2026-01-02T10:00:00,464.34,3536.13,143.23,14.47,92.89,53.34,24.77,75.61,running,6,0,4,6,5.6418,-1.0048,-2.75,0
PUMP-CRITICAL,2026-01-02T10:05:00,471.05,3433.83,143.54,10.95,103.53,56.65,26.68,93.31,running,6,0,1,6,-3.5197,0.3084,10.6402,0
PUMP-CRITICAL,2026-01-02T10:10:00,481.38,3319.6,129.81,11.7,91.54,55.63,26.78,85.79,running,6,0,1,6,0.7454,-13.7282,-11.9883,0
PUMP-CRITICAL,2026-01-02T10:15:00,454.57,3248.72,132.26,11.42,113.92,54.38,24.72,82.45,running,6,0,2,6,-0.2736,2.4486,22.3802,0
PUMP-CRITICAL,2026-01-02T10:20:00,469.35,3320.84,117.37,12.53,113.87,54.59,25.62,91.22,running,6,0,1,6,1.1033,-14.8898,-0.0484,0
PUMP-CRITICAL,2026-01-02T10:25:00,476.48,3308.95,143.78,8.73,115.74,52.0,24.78,78.51,running,6,0,2,6,-3.7951,26.4093,1.8722,0
PUMP-CRITICAL,2026-01-02T10:30:00,474.57,3325.85,121.12,9.57,101.82,54.68,25.95,90.08,running,6,0,4,6,0.8358,-22.6605,-13.9212,0
PUMP-CRITICAL,2026-01-02T10:35:00,464.57,3362.9,137.23,12.72,102.12,54.44,25.29,97.77,running,6,0,1,6,3.1546,16.1095,0.2988,0
PUMP-CRITICAL,2026-01-02T10:40:00,464.25,3364.34,123.51,10.07,94.28,51.92,24.1,82.52,running,6,0,0,6,-2.6574,-13.7153,-7.8414,0
PUMP-CRITICAL,2026-01-02T10:45:00,471.99,3179.96,119.52,8.26,107.6,54.17,25.57,88.88,running,6,0,1,6,-1.8047,-3.9928,13.322,0
PUMP-CRITICAL,2026-01-02T10:50:00,465.25,3498.87,143.97,12.78,93.41,56.41,26.24,91.13,running,6,0,4,6,4.5179,24.4533,-14.1886,0
PUMP-CRITICAL,2026-01-02T10:55:00,470.5,3116.14,122.51,13.71,101.34,52.66,24.78,82.15,running,6,0,2,6,0.9305,-21.4625,7.9307,0
PUMP-CRITICAL,2026-01-02T11:00:00,462.1,3547.16,139.62,14.02,117.01,55.94,25.85,93.26,running,6,0,0,6,0.3081,17.1119,15.6655,0
PUMP-CRITICAL,2026-01-02T11:05:00,481.2,3262.63,125.52,10.54,108.97,57.0,27.43,98.28,running,6,0,0,6,-3.4803,-14.0983,-8.0417,0
PUMP-CRITICAL,2026-01-02T11:10:00,484.17,3242.07,134.92,11.31,113.24,56.48,27.34,82.46,running,6,0,0,6,0.7683,9.397,4.2703,0
PUMP-CRITICAL,2026-01-02T11:15:00,461.61,3589.22,140.94,10.67,114.3,54.31,25.07,78.54,running,6,0,1,6,-0.6373,6.0189,1.0655,0
PUMP-CRITICAL,2026-01-02T11:20:00,477.95,3343.65,126.46,11.68,114.52,53.95,25.79,80.98,running,6,0,3,6,1.0133,-14.4769,0.2222,0
PUMP-CRITICAL,2026-01-02T11:25:00,455.16,3390.73,115.9,10.7,106.79,55.34,25.19,94.03,running,6,0,0,6,-0.9776,-10.5619,-7.7317,0
PUMP-CRITICAL,2026-01-02T11:30:00,468.31,3402.05,142.5,14.58,114.77,55.39,25.94,84.53,running,6,0,4,6,3.873,26.6018,7.9725,0
PUMP-CRITICAL,2026-01-02T11:35:00,475.03,3348.33,121.33,9.49,102.09,53.72,25.52,88.68,running,6,0,4,6,-5.0904,-21.1712,-12.673,0
PUMP-CRITICAL,2026-01-02T11:40:00,470.15,3220.91,126.51,13.94,110.84,52.32,24.6,83.44,running,6,0,2,6,4.4513,5.1776,8.7506,0
PUMP-CRITICAL,2026-01-02T11:45:00,463.92,3397.1,117.29,10.69,107.94,54.9,25.47,87.08,running,6,1,4,6,-3.2432,-9.2231,-2.898,0
PUMP-CRITICAL,2026-01-02T11:50:00,481.96,3472.08,137.19,8.23,94.62,58.92,28.4,97.76,running,6,0,2,6,-2.4618,19.9034,-13.3257,0
PUMP-CRITICAL,2026-01-02T11:55:00,482.34,3583.58,139.78,9.44,104.17,57.81,27.88,90.16,running,6,0,0,6,1.2087,2.5872,9.5459,0
PUMP-CRITICAL,2026-01-02T12:00:00,480.6,3505.63,132.45,11.85,114.61,55.66,26.75,93.12,running,6,0,0,6,2.4086,-7.3276,10.4456,0
PUMP-CRITICAL,2026-01-02T12:05:00,461.33,3592.29,122.5,11.42,113.01,53.12,24.51,89.05,running,6,0,2,6,-0.4352,-9.9511,-1.6011,0
PUMP-CRITICAL,2026-01-02T12:10:00,465.86,3381.97,122.5,12.88,102.87,56.73,26.43,98.01,running,6,1,5,6,1.4645,0.0002,-10.1393,0
PUMP-CRITICAL,2026-01-02T12:15:00,484.18,3358.7,126.42,11.75,93.09,55.48,26.86,88.86,running,6,0,3,6,-1.1308,3.9197,-9.7768,0
PUMP-CRITICAL,2026-01-02T12:20:00,481.47,3470.02,122.74,14.67,103.9,53.49,25.76,80.59,running,6,0,4,6,2.9162,-3.6806,10.8047,0
PUMP-CRITICAL,2026-01-02T12:25:00,480.28,3480.99,117.15,8.96,105.49,55.2,26.51,89.82,running,6,0,1,6,-5.7092,-5.5889,1.5968,0
PUMP-CRITICAL,2026-01-02T12:30:00,477.08,3163.07,119.71,8.8,102.38,54.7,26.1,89.57,running,6,0,3,6,-0.1585,2.5618,-3.1115,0
PUMP-CRITICAL,2026-01-02T12:35:00,458.59,3140.84,127.9,14.45,105.27,54.97,25.21,93.96,running,6,0,2,6,5.652,8.1901,2.8855,0
PUMP-CRITICAL,2026-01-02T12:40:00,479.2,3386.16,128.21,14.91,111.55,56.07,26.87,96.75,running,6,0,0,6,0.4572,0.3065,6.2833,0
PUMP-CRITICAL,2026-01-02T12:45:00,482.1,3323.0,129.17,11.4,109.53,54.57,26.31,87.07,running,6,0,1,6,-3.5072,0.9673,-2.0182,0
PUMP-CRITICAL,2026-01-02T12:50:00,472.21,3550.31,127.23,9.9,112.56,55.99,26.44,84.02,running,6,0,1,6,-1.4979,-1.9437,3.0246,0
PUMP-CRITICAL,2026-01-02T12:55:00,458.28,3318.4,132.54,13.76,110.16,52.39,24.01,88.47,running,6,0,2,6,3.8632,5.307,-2.3959,0
PUMP-CRITICAL,2026-01-02T13:00:00,484.04,3316.53,124.35,11.62,93.44,54.24,26.25,79.45,running,6,0,3,6,-2.1476,-8.1912,-16.7195,0
PUMP-CRITICAL,2026-01-02T13:05:00,458.28,3357.35,121.29,14.13,103.64,54.58,25.01,89.55,running,6,0,0,6,2.5146,-3.0534,10.193,0
PUMP-CRITICAL,2026-01-02T13:10:00,480.24,3228.3,133.69,14.79,116.11,56.97,27.36,92.4,running,6,0,0,6,0.6573,12.3971,12.4744,0
PUMP-CRITICAL,2026-01-02T13:15:00,475.4,3525.22,127.5,11.88,106.1,52.8,25.1,80.51,running,6,0,2,6,-2.913,-6.1907,-10.0114,0
PUMP-CRITICAL,2026-01-02T13:20:00,477.6,3198.29,135.08,14.63,108.81,55.18,26.36,76.37,running,6,0,1,6,2.7507,7.5823,2.7123,0
PUMP-CRITICAL,2026-01-02T13:25:00,480.23,3299.08,121.52,13.49,110.2,54.09,25.98,82.24,running,6,0,3,6,-1.1413,-13.5643,1.3916,0
PUMP-CRITICAL,2026-01-02T13:30:00,477.59,3294.3,119.16,8.33,102.41,52.62,25.13,77.06,running,6,0,2,6,-5.1568,-2.3533,-7.7938,0
PUMP-CRITICAL,2026-01-02T13:35:00,471.73,3519.16,124.86,9.95,90.66,55.01,25.95,79.45,running,6,0,1,6,1.6184,5.694,-11.7466,0
PUMP-CRITICAL,2026-01-02T13:40:00,481.03,3595.1,128.34,9.53,107.34,54.97,26.44,90.69,running,6,0,1,6,-0.4132,3.4875,16.6781,0
PUMP-CRITICAL,2026-01-02T13:45:00,475.62,3542.59,136.8,10.99,92.52,55.3,26.3,97.42,running,6,0,3,6,1.4525,8.4547,-14.8158,0
PUMP-CRITICAL,2026-01-02T13:50:00,466.32,3347.25,143.71,12.87,104.14,57.77,26.94,95.49,running,6,0,2,6,1.8804,6.9151,11.6144,0
PUMP-CRITICAL,2026-01-02T13:55:00,466.28,3211.41,131.83,11.74,91.79,54.1,25.22,91.42,running,6,0,1,6,-1.1285,-11.887,-12.3487,0
PUMP-CRITICAL,2026-01-02T14:00:00,461.48,3516.37,135.72,9.93,105.15,54.15,24.99,98.01,running,6,0,4,6,-1.8051,3.8954,13.3623,0
PUMP-CRITICAL,2026-01-02T14:05:00,454.4,3189.44,142.48,8.91,115.76,53.56,24.34,80.67,running,6,0,2,6,-1.0248,6.759,10.6061,0
PUMP-CRITICAL,2026-01-02T14:10:00,468.5,3608.22,122.01,14.64,108.38,54.73,25.64,86.39,running,6,0,4,6,5.732,-20.4752,-7.3816,0
PUMP-CRITICAL,2026-01-02T14:15:00,479.42,3388.42,126.13,9.17,118.02,57.75,27.69,90.28,running,6,0,1,6,-5.4741,4.1211,9.6471,0
PUMP-CRITICAL,2026-01-02T14:20:00,457.02,3162.81,144.06,8.25,93.78,51.61,23.59,82.84,running,6,0,0,6,-0.9207,17.9353,-24.2473,0
PUMP-CRITICAL,2026-01-02T14:25:00,479.42,3515.88,136.33,11.83,116.53,55.67,26.69,87.82,running,6,0,0,6,3.5872,-7.7292,22.7514,0
PUMP-CRITICAL,2026-01-02T14:30:00,466.94,3553.01,138.2,10.4,111.62,55.31,25.82,91.86,running,6,0,2,6,-1.4337,1.8688,-4.9081,0
PUMP-CRITICAL,2026-01-02T14:35:00,454.53,3177.51,124.78,10.84,111.05,54.22,24.64,96.03,running,6,0,0,6,0.4421,-13.4198,-0.5733,0
PUMP-CRITICAL,2026-01-02T14:40:00,480.77,3421.45,128.57,11.05,92.41,54.14,26.03,80.89,running,6,0,3,6,0.213,3.7825,-18.6334,0
PUMP-CRITICAL,2026-01-02T14:45:00,479.56,3492.21,122.71,13.59,97.41,55.68,26.7,86.75,running,6,0,1,6,2.5313,-5.8544,4.9996,0
PUMP-CRITICAL,2026-01-02T14:50:00,458.87,3343.7,136.42,13.03,110.14,53.73,24.66,88.04,running,6,0,4,6,-0.5592,13.7067,12.7293,0
PUMP-CRITICAL,2026-01-02T14:55:00,468.21,3118.51,122.05,11.19,110.47,53.63,25.11,86.89,running,6,0,2,6,-1.833,-14.3717,0.3314,0
PUMP-CRITICAL,2026-01-02T15:00:00,481.62,3441.27,142.44,9.66,119.43,55.55,26.75,82.68,running,6,0,2,6,-1.5339,20.3897,8.9537,0
PUMP-CRITICAL,2026-01-02T15:05:00,456.69,3376.43,118.35,8.43,105.09,54.92,25.08,90.47,running,6,0,4,6,-1.2286,-24.0845,-14.3333,0
PUMP-CRITICAL,2026-01-02T15:10:00,456.2,3438.61,142.55,8.58,99.08,56.93,25.97,96.95,running,6,0,0,6,0.1519,24.1949,-6.0183,0
PUMP-CRITICAL,2026-01-02T15:15:00,474.73,3412.72,136.83,10.87,94.35,57.26,27.18,90.15,running,6,0,2,6,2.2861,-5.7196,-4.724,0
PUMP-CRITICAL,2026-01-02T15:20:00,458.66,3484.26,130.15,12.82,115.76,54.2,24.86,80.4,running,6,0,2,6,1.9553,-6.6779,21.4087,0
PUMP-CRITICAL,2026-01-02T15:25:00,462.95,3594.75,134.39,9.88,114.76,54.68,25.32,82.86,running,6,0,3,6,-2.9464,4.2417,-0.9971,0
PUMP-CRITICAL,2026-01-02T15:30:00,483.29,3587.75,139.36,10.46,90.98,54.43,26.31,86.09,running,6,0,1,6,0.5801,4.9745,-23.7793,0
PUMP-CRITICAL,2026-01-02T15:35:00,455.79,3531.33,125.32,15.05,108.71,56.87,25.92,96.17,running,6,1,4,6,4.593,-14.0498,17.7285,0
PUMP-CRITICAL,2026-01-02T15:40:00,474.92,3406.34,144.64,9.58,92.38,54.58,25.92,80.52,running,6,0,3,6,-5.4676,19.3207,-16.3367,0
PUMP-CRITICAL,2026-01-02T15:45:00,473.63,3193.45,121.43,8.7,97.52,52.12,24.69,81.09,running,6,0,2,6,-0.884,-23.2084,5.1469,0
PUMP-CRITICAL,2026-01-02T15:50:00,475.93,3255.6,118.73,9.03,108.11,54.81,26.09,89.93,running,6,0,4,6,0.3259,-2.7006,10.5879,0
PUMP-CRITICAL,2026-01-02T15:55:00,458.29,3512.33,121.68,14.74,107.13,51.78,23.73,84.45,running,6,0,0,6,5.7167,2.956,-0.9842,0
PUMP-CRITICAL,2026-01-02T16:00:00,478.12,3325.85,132.38,10.16,112.87,53.49,25.57,76.71,running,6,0,0,6,-4.5794,10.7017,5.7407,0
PUMP-CRITICAL,2026-01-02T16:05:00,473.61,3505.31,138.56,11.07,115.08,55.72,26.39,86.5,running,6,0,1,6,0.9103,6.1801,2.2133,0
PUMP-CRITICAL,2026-01-02T16:10:00,460.4,3156.32,130.74,11.9,94.25,51.25,23.59,78.19,running,6,0,4,6,0.8269,-7.8251,-20.8308,0
PUMP-CRITICAL,2026-01-02T16:15:00,458.4,3355.01,134.43,9.04,113.9,50.76,23.27,80.27,running,6,0,3,6,-2.8547,3.6879,19.6456,0
PUMP-CRITICAL,2026-01-02T16:20:00,471.66,3269.26,128.72,10.84,100.45,51.56,24.32,78.49,running,6,0,1,6,1.7986,-5.7088,-13.4481,0
PUMP-CRITICAL,2026-01-02T16:25:00,474.3,3288.02,116.24,11.33,115.14,52.63,24.96,81.95,running,6,0,0,6,0.4909,-12.4755,14.6897,0
PUMP-CRITICAL,2026-01-02T16:30:00,455.78,3359.12,141.97,14.67,108.94,53.86,24.55,97.76,running,6,0,2,6,3.3403,25.7308,-6.1954,0
PUMP-CRITICAL,2026-01-02T16:35:00,479.43,3154.69,143.02,14.64,95.15,54.52,26.14,80.17,running,6,0,2,6,-0.0318,1.0499,-13.7913,0
PUMP-CRITICAL,2026-01-02T16:40:00,458.99,3145.0,117.75,13.29,92.26,53.78,24.68,75.94,running,6,0,2,6,-1.3504,-25.2724,-2.8876,0
PUMP-CRITICAL,2026-01-02T16:45:00,469.16,3514.05,122.72,10.39,117.63,53.98,25.33,84.16,running,6,0,4,6,-2.8985,4.9673,25.3699,0
PUMP-CRITICAL,2026-01-02T16:50:00,469.63,3367.39,129.4,9.83,100.05,55.15,25.9,85.87,running,6,0,1,6,-0.5677,6.6785,-17.5858,0
PUMP-CRITICAL,2026-01-02T16:55:00,476.92,3215.95,133.71,8.51,102.79,55.35,26.4,84.62,running,6,0,1,6,-1.3113,4.3122,2.7457,0
PUMP-CRITICAL,2026-01-02T17:00:00,476.37,3520.58,143.11,11.55,104.8,53.39,25.44,85.92,running,6,0,0,6,3.0324,9.3958,2.0119,0
PUMP-CRITICAL,2026-01-02T17:05:00,483.63,3493.66,115.97,10.03,118.57,56.23,27.19,77.83,running,6,0,1,6,-1.5207,-27.1375,13.7658,0
PUMP-CRITICAL,2026-01-02T17:10:00,484.27,3478.3,122.93,14.57,113.92,57.55,27.87,94.61,running,6,0,2,6,4.54,6.9614,-4.6495,0
PUMP-CRITICAL,2026-01-02T17:15:00,470.02,3313.7,121.48,11.76,102.52,54.52,25.62,76.25,running,6,0,0,6,-2.8094,-1.4496,-11.3961,0
PUMP-CRITICAL,2026-01-02T17:20:00,456.99,3465.53,144.55,14.78,113.58,53.02,24.23,87.15,running,6,0,1,6,3.0215,23.0681,11.0543,0
PUMP-CRITICAL,2026-01-02T17:25:00,463.42,3305.38,141.71,14.77,105.44,54.23,25.13,84.14,running,6,0,2,6,-0.0083,-2.8376,-8.1411,0
PUMP-CRITICAL,2026-01-02T17:30:00,475.45,3338.47,118.9,8.77,113.76,55.46,26.37,85.59,running,6,0,0,6,-6.0021,-22.8134,8.3189,0
PUMP-CRITICAL,2026-01-02T17:35:00,454.74,3394.2,128.72,11.41,102.52,52.98,24.09,78.26,running,6,0,2,6,2.6367,9.8184,-11.2403,0
PUMP-CRITICAL,2026-01-02T17:40:00,460.77,3445.3,143.83,13.75,93.19,51.55,23.75,78.9,running,6,0,4,6,2.3409,15.1108,-9.3224,0
PUMP-CRITICAL,2026-01-02T17:45:00,475.87,3539.38,121.7,9.55,108.08,53.67,25.54,82.65,running,6,0,0,6,-4.1965,-22.1291,14.8829,0
PUMP-CRITICAL,2026-01-02T17:50:00,459.41,3557.91,136.9,12.92,118.54,57.59,26.46,96.15,running,6,1,1,6,3.3711,15.2044,10.4659,0
PUMP-CRITICAL,2026-01-02T17:55:00,474.74,3426.07,128.97,13.88,103.38,55.61,26.4,84.87,running,6,0,3,6,0.955,-7.9282,-15.1652,0
PUMP-CRITICAL,2026-01-02T18:00:00,457.9,3495.41,132.92,8.78,91.85,51.22,23.45,76.55,running,6,0,2,6,-5.097,3.9462,-11.5317,0
PUMP-CRITICAL,2026-01-02T18:05:00,467.57,3266.3,122.59,11.02,119.85,54.59,25.52,90.54,running,6,0,1,6,2.2398,-10.3324,27.9998,0
PUMP-CRITICAL,2026-01-02T18:10:00,467.09,3475.75,128.64,12.55,96.17,55.39,25.87,95.94,running,6,1,1,6,1.531,6.0525,-23.6741,0
PUMP-CRITICAL,2026-01-02T18:15:00,468.67,3204.76,128.69,15.12,95.35,51.08,23.94,77.53,running,6,0,2,6,2.566,0.0484,-0.8201,0
PUMP-CRITICAL,2026-01-02T18:20:00,464.18,3417.71,130.38,10.79,95.28,55.16,25.6,93.66,running,6,0,4,6,-4.3222,1.692,-0.0741,0
PUMP-CRITICAL,2026-01-02T18:25:00,476.41,3212.0,128.93,11.85,99.9,56.42,26.88,86.57,running,6,0,2,6,1.0555,-1.4518,4.6231,0
PUMP-CRITICAL,2026-01-02T18:30:00,457.65,3347.17,115.98,11.64,93.12,54.93,25.14,88.31,running,6,0,3,6,-0.2083,-12.9466,-6.783,0
PUMP-CRITICAL,2026-01-02T18:35:00,461.65,3219.83,133.79,13.21,110.04,53.17,24.55,75.76,running,6,0,0,6,1.5682,17.806,16.9267,0
PUMP-CRITICAL,2026-01-02T18:40:00,457.09,3136.35,141.29,12.22,100.4,53.69,24.54,82.7,running,6,0,2,6,-0.9891,7.5066,-9.6415,0
PUMP-CRITICAL,2026-01-02T18:45:00,473.02,3326.23,122.28,12.83,114.76,56.42,26.69,93.87,running,6,0,3,6,0.6099,-19.0157,14.3578,0
PUMP-CRITICAL,2026-01-02T18:50:00,467.8,3592.67,143.8,8.48,114.01,55.58,26.0,92.02,running,6,0,1,6,-4.3527,21.5254,-0.7526,0
PUMP-CRITICAL,2026-01-02T18:55:00,471.8,3128.76,142.64,11.13,110.73,54.52,25.72,85.3,running,6,0,1,6,2.6562,-1.1608,-3.2768,0
PUMP-CRITICAL,2026-01-02T19:00:00,480.81,3361.84,135.25,13.13,103.41,55.76,26.81,82.64,running,6,1,1,6,2.0014,-7.3941,-7.3255,0
PUMP-CRITICAL,2026-01-02T19:05:00,456.0,3458.94,138.59,9.9,101.52,55.53,25.32,86.28,running,6,0,1,6,-3.2346,3.3384,-1.8828,0
PUMP-CRITICAL,2026-01-02T19:10:00,477.71,3196.84,131.88,8.51,111.08,54.09,25.84,85.43,running,6,0,2,6,-1.3941,-6.7113,9.5561,0
PUMP-CRITICAL,2026-01-02T19:15:00,477.99,3335.28,116.89,14.3,118.23,56.67,27.09,92.66,running,6,0,0,6,5.7939,-14.9847,7.1463,0
PUMP-CRITICAL,2026-01-02T19:20:00,476.9,3403.65,119.8,10.37,106.13,56.54,26.97,87.89,running,6,0,1,6,-3.9284,2.9053,-12.0967,0
PUMP-CRITICAL,2026-01-02T19:25:00,461.98,3407.64,117.5,11.04,109.55,53.41,24.67,76.9,running,6,0,3,6,0.6693,-2.2984,3.4184,0
PUMP-CRITICAL,2026-01-02T19:30:00,456.27,3267.01,141.33,10.09,113.25,52.86,24.12,79.51,running,6,0,1,6,-0.9504,23.8311,3.7035,0
PUMP-CRITICAL,2026-01-02T19:35:00,469.6,3118.4,127.12,10.39,102.1,52.78,24.79,86.62,running,6,1,4,6,0.2994,-14.2052,-11.1468,0
PUMP-CRITICAL,2026-01-02T19:40:00,456.87,3396.11,128.37,11.89,118.44,55.91,25.54,96.16,running,6,0,2,6,1.505,1.25,16.339,0
PUMP-CRITICAL,2026-01-02T19:45:00,457.01,3488.56,139.44,13.59,100.39,53.23,24.33,91.14,running,6,0,0,6,1.6963,11.0642,-18.0577,0
PUMP-CRITICAL,2026-01-02T19:50:00,474.67,3190.06,130.85,12.79,117.84,55.73,26.45,89.18,running,6,0,1,6,-0.8025,-8.5896,17.4541,0
PUMP-CRITICAL,2026-01-02T19:55:00,476.37,3539.52,117.18,9.45,97.01,55.49,26.44,96.79,running,6,0,0,6,-3.3358,-13.6688,-20.8313,0
PUMP-CRITICAL,2026-01-02T20:00:00,459.47,3237.84,127.39,11.52,95.5,51.63,23.72,80.81,running,6,0,1,6,2.0705,10.2119,-1.5116,0
PUMP-CRITICAL,2026-01-02T20:05:00,473.62,3388.52,144.74,14.08,94.6,54.61,25.87,90.72,running,6,0,4,6,2.5594,17.3524,-0.901,0
PUMP-CRITICAL,2026-01-02T20:10:00,468.52,3603.29,140.53,9.25,116.72,56.53,26.49,88.84,running,6,0,2,6,-4.8312,-4.215,22.1269,0
PUMP-CRITICAL,2026-01-02T20:15:00,481.06,3488.76,121.86,13.46,116.01,54.77,26.35,79.7,running,6,0,2,6,4.2063,-18.6683,-0.7122,0
PUMP-CRITICAL,2026-01-02T20:20:00,476.33,3380.83,136.76,9.7,98.82,56.05,26.7,96.91,running,6,0,3,6,-3.7588,14.9011,-17.1894,0
PUMP-CRITICAL,2026-01-02T20:25:00,456.51,3467.78,122.1,12.74,95.83,50.91,23.24,80.72,running,6,0,0,6,3.0387,-14.6622,-2.9944,0
PUMP-CRITICAL,2026-01-02T20:30:00,476.9,3492.44,139.33,11.04,99.68,56.55,26.97,87.64,running,6,0,1,6,-1.6939,17.2255,3.8499,0
PUMP-CRITICAL,2026-01-02T20:35:00,457.14,3141.04,131.25,12.08,117.5,53.79,24.59,89.21,running,6,0,3,6,1.0342,-8.0754,17.8275,0
PUMP-CRITICAL,2026-01-02T20:40:00,476.86,3582.54,142.37,9.14,102.23,58.5,27.9,97.5,running,6,0,3,6,-2.9361,11.119,-15.2741,0
PUMP-CRITICAL,2026-01-02T20:45:00,479.45,3134.65,143.41,13.83,113.97,56.36,27.02,91.94,running,6,0,2,6,4.6838,1.0381,11.7438,0
PUMP-CRITICAL,2026-01-02T20:50:00,466.46,3253.25,123.47,10.13,107.37,55.5,25.89,91.36,running,6,0,4,6,-3.6989,-19.9357,-6.6008,0
PUMP-CRITICAL,2026-01-02T20:55:00,466.77,3235.97,136.84,12.68,120.11,53.54,24.99,76.53,running,6,0,2,6,2.5513,13.3662,12.7381,0
PUMP-CRITICAL,2026-01-02T21:00:00,473.85,3248.3,127.86,14.5,114.67,53.88,25.53,85.39,running,6,0,3,6,1.824,-8.9727,-5.4418,0
PUMP-CRITICAL,2026-01-02T21:05:00,483.42,3495.53,145.03,10.9,103.16,58.7,28.37,95.73,running,6,1,5,6,-3.6011,17.1685,-11.5063,0
PUMP-CRITICAL,2026-01-02T21:10:00,469.06,3468.29,136.92,11.77,109.65,54.05,25.35,79.94,running,6,0,0,6,0.8724,-8.1082,6.4923,0
PUMP-CRITICAL,2026-01-02T21:15:00,475.19,3543.37,139.34,12.14,110.48,53.51,25.43,87.84,running,6,0,4,6,0.3667,2.4102,0.8279,0
PUMP-CRITICAL,2026-01-02T21:20:00,466.52,3234.74,132.3,14.43,92.8,54.1,25.24,76.28,running,6,0,4,6,2.288,-7.037,-17.6858,0
PUMP-CRITICAL,2026-01-02T21:25:00,461.15,3248.46,125.0,9.09,99.02,54.04,24.92,92.78,running,6,0,4,6,-5.3374,-7.2985,6.2234,0
PUMP-CRITICAL,2026-01-02T21:30:00,475.65,3411.43,128.6,13.81,94.76,52.56,25.0,78.66,running,6,0,1,6,4.7202,3.5997,-4.2607,0
PUMP-CRITICAL,2026-01-02T21:35:00,472.21,3397.3,143.26,14.58,92.95,55.21,26.07,78.11,running,6,0,0,6,0.7646,14.662,-1.8057,0
PUMP-CRITICAL,2026-01-02T21:40:00,469.66,3263.34,144.43,10.94,116.63,52.72,24.76,80.97,running,6,1,1,6,-3.632,1.1653,23.6752,0
PUMP-CRITICAL,2026-01-02T21:45:00,479.92,3202.75,132.59,8.6,113.6,57.06,27.39,96.93,running,6,0,0,6,-2.3419,-11.8389,-3.0291,0
PUMP-CRITICAL,2026-01-02T21:50:00,479.85,3261.91,142.94,12.23,110.66,55.91,26.83,91.22,running,6,0,0,6,3.6319,10.3542,-2.9429,0
PUMP-CRITICAL,2026-01-02T21:55:00,484.05,3608.16,145.13,14.66,96.86,58.43,28.28,95.73,running,6,0,0,6,2.4258,2.1913,-13.8013,0
PUMP-CRITICAL,2026-01-02T22:00:00,462.09,3476.53,125.67,8.69,110.64,52.56,24.29,81.65,running,6,0,2,6,-5.968,-19.4619,13.7815,0
PUMP-CRITICAL,2026-01-02T22:05:00,471.62,3312.3,137.34,12.38,111.14,54.43,25.67,81.87,running,6,0,1,6,3.6875,11.6662,0.507,0
PUMP-CRITICAL,2026-01-02T22:10:00,477.23,3410.13,143.06,14.9,98.66,54.65,26.08,84.66,running,6,0,3,6,2.5263,5.7189,-12.4856,0
PUMP-CRITICAL,2026-01-02T22:15:00,463.73,3466.28,116.9,13.27,101.75,54.8,25.41,82.61,running,6,1,3,6,-1.6324,-26.1524,3.0951,0
PUMP-CRITICAL,2026-01-02T22:20:00,472.68,3588.76,126.22,14.12,108.59,55.06,26.03,95.79,running,6,0,0,6,0.8466,9.3177,6.8313,0
PUMP-CRITICAL,2026-01-02T22:25:00,481.66,3584.04,140.78,13.36,93.64,54.05,26.03,80.31,running,6,0,4,6,-0.7632,14.5563,-14.9484,0
PUMP-CRITICAL,2026-01-02T22:30:00,463.12,3515.07,129.95,12.85,104.26,54.15,25.08,94.83,running,6,0,2,6,-0.5038,-10.824,10.6186,0
PUMP-CRITICAL,2026-01-02T22:35:00,472.59,3150.45,118.07,11.82,118.07,54.51,25.76,78.76,running,6,0,4,6,-1.036,-11.8842,13.8117,0
PUMP-CRITICAL,2026-01-02T22:40:00,464.5,3304.57,120.82,15.03,113.29,53.7,24.94,77.15,running,6,0,0,6,3.2118,2.7475,-4.7779,0
PUMP-CRITICAL,2026-01-02T22:45:00,472.89,3216.51,129.21,14.85,105.85,54.35,25.7,82.51,running,6,0,4,6,-0.1812,8.3885,-7.4417,0
PUMP-CRITICAL,2026-01-02T22:50:00,476.33,3340.83,117.93,9.54,98.5,54.13,25.78,83.02,running,6,0,1,6,-5.3024,-11.2796,-7.3442,0
PUMP-CRITICAL,2026-01-02T22:55:00,476.07,3354.41,143.41,11.59,96.27,55.06,26.21,87.72,running,6,0,1,6,2.0414,25.481,-2.2293,0
PUMP-CRITICAL,2026-01-02T23:00:00,481.99,3507.14,127.64,15.13,113.23,56.71,27.33,82.12,running,6,0,3,6,3.5421,-15.7696,16.9591,0
PUMP-CRITICAL,2026-01-02T23:05:00,462.06,3583.67,119.08,10.61,109.22,53.23,24.6,88.83,running,6,0,0,6,-4.5208,-8.5615,-4.0084,0
PUMP-CRITICAL,2026-01-02T23:10:00,459.82,3259.94,120.07,14.0,93.49,53.05,24.39,87.11,running,6,0,2,6,3.3979,0.9892,-15.7309,0
PUMP-CRITICAL,2026-01-02T23:15:00,461.69,3363.17,121.61,11.35,102.07,53.47,24.69,79.11,running,6,0,1,6,-2.655,1.5439,8.575,0
PUMP-CRITICAL,2026-01-02T23:20:00,464.75,3237.92,144.78,11.55,108.23,52.98,24.62,84.12,running,6,0,4,6,0.1964,23.1684,6.1576,0
PUMP-CRITICAL,2026-01-02T23:25:00,472.45,3427.15,123.57,15.02,91.71,57.05,26.95,92.62,running,6,0,3,6,3.4753,-21.2026,-16.5194,0
PUMP-CRITICAL,2026-01-02T23:30:00,478.49,3568.07,135.39,10.61,105.72,57.68,27.6,97.36,running,6,0,3,6,-4.4108,11.8133,14.0101,0
PUMP-CRITICAL,2026-01-02T23:35:00,481.86,3254.21,124.52,10.33,106.2,52.96,25.52,78.84,running,6,0,2,6,-0.2772,-10.8699,0.4812,0
PUMP-CRITICAL,2026-01-02T23:40:00,476.08,3528.19,133.12,9.97,119.7,54.05,25.73,87.54,running,6,0,0,6,-0.3601,8.6058,13.4967,0
PUMP-CRITICAL,2026-01-02T23:45:00,479.46,3245.38,130.27,14.93,112.73,55.84,26.77,95.44,running,6,0,4,6,4.9615,-2.8495,-6.9607,0
PUMP-CRITICAL,2026-01-02T23:50:00,474.45,3593.43,130.77,14.0,102.34,52.36,24.84,80.72,running,6,0,1,6,-0.9359,0.4912,-10.3896,0
PUMP-CRITICAL,2026-01-02T23:55:00,460.04,3401.15,141.24,13.68,105.43,52.15,23.99,80.53,running,6,0,2,6,-0.316,10.4785,3.0833,0
PUMP-CRITICAL,2026-01-03T00:00:00,468.77,3516.86,122.76,13.86,98.68,51.55,24.16,78.95,running,6,0,0,6,0.1821,-18.4858,-6.749,0
PUMP-CRITICAL,2026-01-03T00:05:00,457.51,3522.03,125.25,14.9,120.75,54.02,24.71,89.41,running,6,0,0,6,1.0332,2.4901,22.0689,0
PUMP-CRITICAL,2026-01-03T00:10:00,480.42,3585.03,123.53,11.42,103.37,56.61,27.2,89.71,running,6,0,3,6,-3.4809,-1.722,-17.3824,0
PUMP-CRITICAL,2026-01-03T00:15:00,470.15,3338.68,127.65,13.84,119.04,55.83,26.25,87.04,running,6,0,1,6,2.4246,4.127,15.6762,0
PUMP-CRITICAL,2026-01-03T00:20:00,482.31,3617.08,129.73,9.3,92.63,57.99,27.97,96.34,running,6,0,0,6,-4.5422,2.0753,-26.413,0
PUMP-CRITICAL,2026-01-03T00:25:00,466.52,3122.79,126.01,15.0,120.74,55.51,25.9,93.53,running,6,0,0,6,5.6985,-3.7233,28.1158,0
PUMP-CRITICAL,2026-01-03T00:30:00,467.11,3430.28,136.78,14.49,113.98,54.9,25.65,93.61,running,6,0,4,6,-0.5061,10.7778,-6.7637,0
PUMP-CRITICAL,2026-01-03T00:35:00,455.81,3148.63,135.8,14.39,102.84,52.53,23.94,81.25,running,6,0,2,6,-0.1031,-0.9785,-11.1438,0
PUMP-CRITICAL,2026-01-03T00:40:00,462.72,3552.92,144.8,9.01,100.15,56.49,26.14,93.6,running,6,0,2,6,-5.3785,8.9969,-2.6918,0
PUMP-CRITICAL,2026-01-03T00:45:00,468.06,3412.94,136.85,15.21,106.99,55.01,25.75,94.02,running,6,0,1,6,6.1968,-7.9548,6.84,0
PUMP-CRITICAL,2026-01-03T00:50:00,483.54,3176.57,116.59,15.25,99.11,54.05,26.13,85.42,running,6,0,2,6,0.0445,-20.2603,-7.8729,0
PUMP-CRITICAL,2026-01-03T00:55:00,455.64,3500.04,134.03,13.04,115.21,51.14,23.3,75.99,running,6,0,1,6,-2.2144,17.4449,16.0981,0
PUMP-CRITICAL,2026-01-03T01:00:00,480.37,3362.24,122.08,8.87,118.37,57.55,27.65,98.36,running,6,0,4,6,-4.1644,-11.9532,3.1611,0
PUMP-CRITICAL,2026-01-03T01:05:00,481.01,3166.95,145.65,10.37,93.41,59.39,28.57,96.6,running,6,0,2,6,1.4949,23.576,-24.9581,0
PUMP-CRITICAL,2026-01-03T01:10:00,460.73,3228.31,141.74,12.23,93.85,54.38,25.06,93.26,running,6,0,1,6,1.8626,-3.9114,0.4336,0
PUMP-CRITICAL,2026-01-03T01:15:00,479.01,3205.48,137.55,8.39,111.28,57.56,27.57,93.08,running,6,0,1,6,-3.8432,-4.1913,17.4338,0
PUMP-CRITICAL,2026-01-03T01:20:00,478.02,3274.54,128.35,11.47,91.74,53.8,25.72,87.05,running,6,0,0,6,3.0848,-9.2,-19.5369,0
PUMP-CRITICAL,2026-01-03T01:25:00,480.04,3193.64,138.65,13.15,109.39,54.23,26.03,81.42,running,6,0,3,6,1.6794,10.3018,17.6505,0
PUMP-CRITICAL,2026-01-03T01:30:00,460.35,3198.31,123.34,14.72,112.95,52.19,24.02,84.17,running,6,0,1,6,1.5696,-15.3116,3.5569,0
PUMP-CRITICAL,2026-01-03T01:35:00,460.35,3170.75,121.01,8.59,94.73,56.58,26.05,96.06,running,6,0,4,6,-6.1346,-2.3354,-18.2239,0
PUMP-CRITICAL,2026-01-03T01:40:00,457.26,3457.85,135.85,10.93,97.84,51.05,23.34,77.5,running,6,1,1,6,2.3444,14.8436,3.1139,0
PUMP-CRITICAL,2026-01-03T01:45:00,477.7,3513.15,144.87,12.63,94.22,53.11,25.37,77.82,running,6,0,1,6,1.6972,9.0217,-3.6199,0
PUMP-CRITICAL,2026-01-03T01:50:00,475.31,3357.43,125.69,15.07,111.53,57.29,27.23,95.86,running,6,1,1,6,2.444,-19.1776,17.3113,0
PUMP-CRITICAL,2026-01-03T01:55:00,464.05,3266.88,126.05,13.79,110.17,51.22,23.77,76.22,running,6,1,4,6,-1.2835,0.359,-1.3595,0
PUMP-CRITICAL,2026-01-03T02:00:00,461.54,3313.83,142.4,12.39,105.73,55.46,25.6,83.96,running,6,0,0,6,-1.3994,16.3432,-4.4479,0
PUMP-CRITICAL,2026-01-03T02:05:00,483.61,3129.82,124.32,14.63,98.79,56.98,27.56,97.08,running,6,0,2,6,2.2427,-18.08,-6.9389,0
PUMP-CRITICAL,2026-01-03T02:10:00,473.32,3233.41,132.84,11.92,115.62,54.62,25.85,88.25,running,6,0,4,6,-2.7126,8.5262,16.8329,0
PUMP-CRITICAL,2026-01-03T02:15:00,459.72,3344.49,118.05,13.84,105.21,56.24,25.85,95.38,running,6,0,2,6,1.9224,-14.7918,-10.4132,0
PUMP-CRITICAL,2026-01-03T02:20:00,460.5,3196.02,118.41,10.51,110.01,50.49,23.25,77.67,running,6,0,3,6,-3.3364,0.355,4.7996,0
PUMP-CRITICAL,2026-01-03T02:25:00,480.59,3271.93,132.95,12.35,109.23,53.57,25.75,82.86,running,6,0,1,6,1.8434,14.5467,-0.7769,0
PUMP-CRITICAL,2026-01-03T02:30:00,462.57,3378.08,128.8,11.23,92.7,54.42,25.17,79.07,running,6,0,1,6,-1.1146,-4.1527,-16.5244,0
PUMP-CRITICAL,2026-01-03T02:35:00,478.33,3485.2,138.61,11.75,95.25,53.57,25.63,79.93,running,6,0,0,6,0.5193,9.8107,2.5457,0
PUMP-CRITICAL,2026-01-03T02:40:00,473.73,3287.99,127.72,14.32,117.47,56.89,26.95,96.5,running,6,0,0,6,2.5661,-10.8886,22.2206,0
PUMP-CRITICAL,2026-01-03T02:45:00,483.59,3562.0,123.14,12.85,117.72,58.14,28.12,92.85,running,6,0,0,6,-1.4663,-4.5839,0.2542,0
PUMP-CRITICAL,2026-01-03T02:50:00,463.33,3153.47,140.41,9.08,104.46,53.75,24.91,92.28,running,6,0,0,6,-3.7771,17.2749,-13.2668,0
PUMP-CRITICAL,2026-01-03T02:55:00,482.11,3511.18,132.81,13.31,92.4,56.43,27.2,96.66,running,6,0,4,6,4.2361,-7.5985,-12.0577,0
PUMP-CRITICAL,2026-01-03T03:00:00,467.48,3160.52,143.83,14.6,101.64,55.05,25.73,80.96,running,6,0,3,6,1.2908,11.0121,9.236,0
PUMP-CRITICAL,2026-01-03T03:05:00,462.58,3485.32,126.79,11.34,98.22,58.09,26.87,97.82,running,6,0,1,6,-3.2596,-17.0353,-3.4154,0
PUMP-CRITICAL,2026-01-03T03:10:00,455.32,3215.29,123.01,10.17,97.52,53.43,24.33,90.64,running,6,0,1,6,-1.1771,-3.7863,-0.7045,0
PUMP-CRITICAL,2026-01-03T03:15:00,454.63,3499.86,143.53,14.25,104.07,52.17,23.72,80.56,running,6,0,0,6,4.0806,20.5298,6.5489,0
PUMP-CRITICAL,2026-01-03T03:20:00,482.62,3185.49,137.64,13.77,107.65,55.1,26.59,88.76,running,6,0,3,6,-0.4809,-5.8943,3.5834,0
PUMP-CRITICAL,2026-01-03T03:25:00,462.48,3189.96,144.0,14.85,107.22,52.33,24.2,81.75,running,6,0,0,6,1.0824,6.3576,-0.4293,0
PUMP-CRITICAL,2026-01-03T03:30:00,455.85,3580.07,138.43,13.71,107.93,54.79,24.98,90.52,running,6,0,1,6,-1.1432,-5.5642,0.7142,0
PUMP-CRITICAL,2026-01-03T03:35:00,470.34,3154.26,141.72,13.63,96.49,54.87,25.81,81.57,running,6,0,0,6,-0.0754,3.2862,-11.4486,0
PUMP-CRITICAL,2026-01-03T03:40:00,456.2,3313.56,138.4,15.17,115.21,55.74,25.43,95.81,running,6,0,0,6,1.537,-3.3185,18.7277,0
PUMP-CRITICAL,2026-01-03T03:45:00,455.08,3272.55,122.77,10.53,116.64,52.81,24.03,77.91,running,6,0,1,6,-4.6394,-15.6346,1.4257,0
PUMP-CRITICAL,2026-01-03T03:50:00,461.07,3256.58,123.39,13.5,107.97,53.19,24.52,82.56,running,6,0,2,6,2.968,0.6249,-8.67,0
PUMP-CRITICAL,2026-01-03T03:55:00,473.56,3447.26,144.56,11.58,114.71,56.96,26.97,93.07,running,6,0,1,6,-1.9156,21.1674,6.741,0
PUMP-CRITICAL,2026-01-03T04:00:00,464.48,3351.24,137.99,9.57,119.99,53.35,24.78,81.17,running,6,0,1,6,-2.0063,-6.5681,5.277,0
PUMP-CRITICAL,2026-01-03T04:05:00,474.49,3402.66,119.51,9.5,106.79,53.46,25.37,80.54,running,6,0,2,6,-0.07,-18.4763,-13.1968,0
PUMP-CRITICAL,2026-01-03T04:10:00,469.11,3608.87,118.02,13.47,100.81,54.55,25.59,85.8,running,6,0,4,6,3.9641,-1.499,-5.9837,0
PUMP-CRITICAL,2026-01-03T04:15:00,462.29,3300.6,135.82,11.8,120.14,57.28,26.48,93.5,running,6,0,0,6,-1.6708,17.8084,19.3303,0
PUMP-CRITICAL,2026-01-03T04:20:00,461.75,3142.53,135.99,14.44,116.72,50.87,23.49,78.86,running,6,0,1,6,2.6463,0.1629,-3.4212,0
PUMP-CRITICAL,2026-01-03T04:25:00,474.54,3583.0,123.57,9.35,90.99,53.38,25.33,77.05,running,6,0,1,6,-5.09,-12.4124,-25.7274,0
PUMP-CRITICAL,2026-01-03T04:30:00,465.67,3353.18,117.68,9.88,101.11,54.87,25.55,96.15,running,6,0,3,6,0.5266,-5.89,10.1187,0
PUMP-CRITICAL,2026-01-03T04:35:00,481.01,3143.38,133.75,10.12,100.53,52.1,25.06,75.66,running,6,0,1,6,0.2393,16.0677,-0.5716,0
PUMP-CRITICAL,2026-01-03T04:40:00,460.27,3238.15,134.22,8.33,103.97,53.43,24.59,77.96,running,6,0,2,6,-1.7844,0.4663,3.4315,0
PUMP-CRITICAL,2026-01-03T04:45:00,461.77,3543.95,143.13,10.96,117.82,53.53,24.72,78.64,running,6,0,1,6,2.6259,8.9157,13.8535,0
PUMP-CRITICAL,2026-01-03T04:50:00,465.78,3492.58,134.02,11.42,120.77,53.9,25.11,93.66,running,6,0,2,6,0.4639,-9.1131,2.9514,0
PUMP-CRITICAL,2026-01-03T04:55:00,484.1,3152.2,127.1,15.3,95.8,57.63,27.9,94.63,running,6,0,2,6,3.8784,-6.9233,-24.9678,0
PUMP-CRITICAL,2026-01-03T05:00:00,467.25,3166.31,125.47,12.82,97.84,52.3,24.44,82.71,running,6,0,0,6,-2.4846,-1.6247,2.0324,0
PUMP-CRITICAL,2026-01-03T05:05:00,473.99,3280.46,133.42,13.48,95.38,54.21,25.7,78.8,running,6,0,3,6,0.6646,7.9428,-2.4596,0
PUMP-CRITICAL,2026-01-03T05:10:00,472.36,3519.24,138.72,10.64,110.64,54.64,25.81,90.99,running,6,0,4,6,-2.8434,5.3037,15.2591,0
PUMP-CRITICAL,2026-01-03T05:15:00,466.83,3475.27,120.62,8.49,114.62,58.12,27.13,98.45,running,6,0,1,6,-2.1515,-18.1044,3.9809,0
PUMP-CRITICAL,2026-01-03T05:20:00,457.34,3140.69,119.94,14.8,99.16,52.68,24.09,76.14,running,6,0,0,6,6.3143,-0.6799,-15.457,0
PUMP-CRITICAL,2026-01-03T05:25:00,459.63,3380.92,137.21,9.84,99.07,52.4,24.08,83.38,running,6,0,0,6,-4.9613,17.279,-0.0892,0
PUMP-CRITICAL,2026-01-03T05:30:00,470.37,3594.62,145.45,8.94,112.52,57.05,26.84,96.96,running,6,0,1,6,-0.9019,8.2371,13.451,0
PUMP-CRITICAL,2026-01-03T05:35:00,463.36,3265.04,122.58,9.26,119.2,53.57,24.82,82.03,running,6,0,0,6,0.3229,-22.8729,6.6763,0
PUMP-CRITICAL,2026-01-03T05:40:00,464.22,3402.08,139.8,12.56,103.06,53.79,24.97,93.01,running,6,0,3,6,3.3022,17.22,-16.1333,0
PUMP-CRITICAL,2026-01-03T05:45:00,479.97,3151.49,139.65,9.91,101.33,55.82,26.79,81.7,running,6,0,3,6,-2.6515,-0.1471,-1.7301,0
PUMP-CRITICAL,2026-01-03T05:50:00,462.75,3309.02,120.08,12.2,109.66,52.37,24.23,82.04,running,6,0,2,6,2.2879,-19.5728,8.331,0
PUMP-CRITICAL,2026-01-03T05:55:00,480.92,3537.96,137.68,8.34,92.83,56.16,27.01,80.56,running,6,0,1,6,-3.8643,17.5963,-16.8366,0
PUMP-CRITICAL,2026-01-03T06:00:00,480.74,3250.62,141.83,11.01,113.33,57.22,27.51,87.32,running,6,0,0,6,2.6703,4.1532,20.5024,0
PUMP-CRITICAL,2026-01-03T06:05:00,463.69,3603.72,145.28,10.3,105.92,52.28,24.24,82.62,running,6,0,4,6,-0.7066,3.45,-7.413,0
PUMP-CRITICAL,2026-01-03T06:10:00,458.08,3286.6,141.85,14.84,106.64,56.66,25.95,95.74,running,6,0,2,6,4.5369,-3.4262,0.7246,0
PUMP-CRITICAL,2026-01-03T06:15:00,454.5,3456.12,129.48,12.83,105.56,51.95,23.61,89.02,running,6,0,0,6,-2.0106,-12.3698,-1.0849,0
PUMP-CRITICAL,2026-01-03T06:20:00,471.26,3179.91,129.07,11.17,111.46,56.42,26.59,90.32,running,6,0,0,6,-1.6599,-0.4143,5.9041,0
PUMP-CRITICAL,2026-01-03T06:25:00,455.31,3460.02,141.12,8.98,108.23,52.73,24.01,75.97,running,6,0,3,6,-2.1904,12.0504,-3.2292,0
PUMP-CRITICAL,2026-01-03T06:30:00,477.35,3372.89,119.19,10.3,106.97,54.52,26.02,86.94,running,6,0,2,6,1.3247,-21.9298,-1.2666,0
PUMP-CRITICAL,2026-01-03T06:35:00,461.93,3329.64,135.66,13.13,112.71,53.69,24.8,89.23,running,6,0,3,6,2.8323,16.4696,5.7457,0
PUMP-CRITICAL,2026-01-03T06:40:00,481.48,3139.24,124.46,14.53,116.39,54.42,26.2,89.41,running,6,0,2,6,1.3949,-11.1951,3.6787,0
PUMP-CRITICAL,2026-01-03T06:45:00,465.45,3330.19,118.45,12.56,113.22,55.65,25.9,84.99,running,6,0,2,6,-1.9723,-6.0171,-3.1741,0
PUMP-CRITICAL,2026-01-03T06:50:00,475.68,3331.92,134.94,13.8,94.2,56.85,27.04,96.08,running,6,0,0,6,1.2434,16.4945,-19.0142,0
PUMP-CRITICAL,2026-01-03T06:55:00,469.42,3486.34,122.66,13.14,111.09,54.55,25.61,84.35,running,6,1,5,6,-0.6614,-12.2763,16.8902,0
PUMP-CRITICAL,2026-01-03T07:00:00,468.34,3163.6,129.53,11.51,114.6,54.44,25.5,86.25,running,6,0,0,6,-1.6242,6.8672,3.5058,0
PUMP-CRITICAL,2026-01-03T07:05:00,474.03,3520.92,119.27,14.99,102.15,55.35,26.24,77.12,running,6,0,4,6,3.4727,-10.2616,-12.4444,0
PUMP-CRITICAL,2026-01-03T07:10:00,463.3,3233.41,129.38,14.79,92.12,55.88,25.89,91.45,running,6,0,0,6,-0.1991,10.1095,-10.0286,0
PUMP-CRITICAL,2026-01-03T07:15:00,478.3,3388.55,144.33,15.3,91.35,59.1,28.27,98.52,running,6,0,2,6,0.5112,14.9502,-0.7786,0
PUMP-CRITICAL,2026-01-03T07:20:00,461.19,3419.11,120.96,9.07,96.41,51.13,23.58,80.32,running,6,0,0,6,-6.2263,-23.3721,5.0666,0
PUMP-CRITICAL,2026-01-03T07:25:00,465.69,3594.55,123.59,11.85,119.22,53.8,25.06,76.74,running,6,1,3,6,2.7741,2.6359,22.8053,0
PUMP-CRITICAL,2026-01-03T07:30:00,466.35,3528.99,118.65,11.94,118.01,53.23,24.82,90.0,running,6,0,0,6,0.0987,-4.9424,-1.208,0
PUMP-CRITICAL,2026-01-03T07:35:00,466.38,3331.11,130.55,10.46,108.58,55.07,25.68,85.74,running,6,0,4,6,-1.4877,11.9011,-9.4285,0
PUMP-CRITICAL,2026-01-03T07:40:00,456.49,3291.88,139.86,15.24,117.2,55.77,25.46,89.83,running,6,0,3,6,4.7849,9.3072,8.6226,0
PUMP-CRITICAL,2026-01-03T07:45:00,466.7,3311.89,137.95,10.1,108.33,57.52,26.84,93.77,running,6,0,0,6,-5.1377,-1.9127,-8.8778,0
PUMP-CRITICAL,2026-01-03T07:50:00,460.92,3197.8,116.76,10.83,112.71,52.83,24.35,84.39,running,6,1,4,6,0.7227,-21.1836,4.3855,0
PUMP-CRITICAL,2026-01-03T07:55:00,471.29,3571.67,138.48,11.9,91.79,52.35,24.67,80.52,running,6,0,4,6,1.0707,21.7124,-20.9173,0
PUMP-CRITICAL,2026-01-03T08:00:00,483.7,3558.58,129.68,10.41,102.51,52.92,25.6,77.52,running,6,0,1,6,-1.4902,-8.7945,10.7163,0
PUMP-CRITICAL,2026-01-03T08:05:00,460.65,3593.34,142.4,11.2,113.34,53.76,24.76,76.92,running,6,0,0,6,0.7925,12.7185,10.8317,0
PUMP-CRITICAL,2026-01-03T08:10:00,481.76,3491.99,130.29,13.29,115.71,52.5,25.29,76.18,running,6,0,4,6,2.0945,-12.1063,2.3676,0
PUMP-CRITICAL,2026-01-03T08:15:00,477.09,3258.77,135.84,12.33,115.75,55.19,26.33,87.82,running,6,0,0,6,-0.965,5.5444,0.0375,0
PUMP-CRITICAL,2026-01-03T08:20:00,460.11,3585.8,136.58,14.73,105.66,55.31,25.45,84.75,running,6,0,1,6,2.4047,0.7423,-10.0913,0
PUMP-CRITICAL,2026-01-03T08:25:00,457.35,3439.5,116.49,14.52,105.16,53.33,24.39,88.64,running,6,0,3,6,-0.2185,-20.0928,-0.5015,0
PUMP-CRITICAL,2026-01-03T08:30:00,467.1,3470.8,118.35,13.09,105.15,53.02,24.77,85.05,running,6,0,0,6,-1.4212,1.8616,-0.0001,0
PUMP-CRITICAL,2026-01-03T08:35:00,483.4,3492.29,116.52,11.84,115.41,55.56,26.86,82.56,running,6,0,1,6,-1.2541,-1.8268,10.2518,0
PUMP-CRITICAL,2026-01-03T08:40:00,471.61,3169.43,144.44,9.0,100.47,52.98,24.99,84.28,running,6,0,4,6,-2.8437,27.9223,-14.9398,0
PUMP-CRITICAL,2026-01-03T08:45:00,454.96,3442.01,132.63,8.85,106.0,52.79,24.02,81.61,running,6,0,4,6,-0.1505,-11.8181,5.5302,0
PUMP-CRITICAL,2026-01-03T08:50:00,454.82,3419.08,142.96,9.31,120.3,51.42,23.39,75.86,running,6,0,4,6,0.46,10.3387,14.2988,0
PUMP-CRITICAL,2026-01-03T08:55:00,455.41,3403.06,119.14,10.94,100.32,53.19,24.22,90.21,running,6,1,4,6,1.6296,-23.8275,-19.9729,0
PUMP-CRITICAL,2026-01-03T09:00:00,481.28,3405.98,140.47,11.68,102.22,56.65,27.26,98.1,running,6,0,1,6,0.7402,21.331,1.8963,0
PUMP-CRITICAL,2026-01-03T09:05:00,468.87,3264.62,139.14,13.88,110.48,54.18,25.4,86.34,running,6,0,4,6,2.1997,-1.3269,8.2639,0
PUMP-CRITICAL,2026-01-03T09:10:00,461.19,3608.35,126.03,9.15,98.54,51.57,23.78,78.68,running,6,0,1,6,-4.7256,-13.107,-11.9412,0
PUMP-CRITICAL,2026-01-03T09:15:00,470.08,3231.93,134.72,14.34,116.08,57.35,26.96,90.05,running,6,0,2,6,5.1932,8.69,17.5353,0
PUMP-CRITICAL,2026-01-03T09:20:00,477.62,3281.82,135.57,8.74,103.68,55.1,26.31,80.04,running,6,0,4,6,-5.6012,0.8422,-12.3965,0
PUMP-CRITICAL,2026-01-03T09:25:00,454.33,3597.93,121.85,9.76,112.81,55.19,25.08,87.9,running,6,0,2,6,1.0189,-13.7136,9.1263,0
PUMP-CRITICAL,2026-01-03T09:30:00,483.92,3543.6,132.77,14.63,103.68,55.24,26.73,79.29,running,6,0,4,6,4.8708,10.914,-9.1278,0
PUMP-CRITICAL,2026-01-03T09:35:00,454.4,3558.85,131.69,13.09,104.72,54.72,24.86,83.12,running,6,0,3,6,-1.5395,-1.0806,1.044,0
PUMP-CRITICAL,2026-01-03T09:40:00,473.21,3273.15,127.53,12.9,102.48,53.9,25.51,90.46,running,6,1,5,6,-0.1924,-4.1517,-2.2411,0
PUMP-CRITICAL,2026-01-03T09:45:00,471.77,3300.76,138.96,8.39,93.56,54.84,25.87,78.09,running,6,0,3,6,-4.5111,11.421,-8.9174,0
PUMP-CRITICAL,2026-01-03T09:50:00,465.61,3455.4,117.21,10.5,99.04,56.66,26.38,98.53,running,6,0,0,6,2.1095,-21.75,5.4761,0
PUMP-CRITICAL,2026-01-03T09:55:00,461.91,3211.08,137.38,14.82,102.04,52.92,24.45,77.23,running,6,0,0,6,4.3268,20.1737,2.9952,0
PUMP-CRITICAL,2026-01-03T10:00:00,467.41,3578.64,121.07,8.7,108.93,54.74,25.59,77.06,running,6,0,4,6,-6.1215,-16.3069,6.8942,0
PUMP-CRITICAL,2026-01-03T10:05:00,455.15,3501.66,129.55,12.16,96.25,51.86,23.6,83.9,running,6,0,0,6,3.4566,8.4793,-12.6796,0
PUMP-CRITICAL,2026-01-03T10:10:00,466.14,3398.38,145.85,10.34,115.94,56.31,26.25,96.77,running,6,0,1,6,-1.8176,16.2992,19.6854,0
PUMP-CRITICAL,2026-01-03T10:15:00,480.47,3514.35,135.05,12.02,105.93,58.29,28.01,92.73,running,6,0,2,6,1.6766,-10.8053,-10.0052,0
PUMP-CRITICAL,2026-01-03T10:20:00,460.01,3282.78,121.98,14.07,98.62,55.08,25.34,95.73,running,6,1,3,6,2.0484,-13.065,-7.3063,0
PUMP-CRITICAL,2026-01-03T10:25:00,483.02,3519.14,136.41,8.39,111.32,54.65,26.4,89.14,running,6,0,3,6,-5.6725,14.4265,12.695,0
PUMP-CRITICAL,2026-01-03T10:30:00,480.51,3363.44,134.64,12.39,119.79,57.15,27.46,95.28,running,6,1,3,6,3.9954,-1.7646,8.4683,0
PUMP-CRITICAL,2026-01-03T10:35:00,467.54,3524.63,133.62,10.39,95.68,56.2,26.28,98.17,running,6,0,4,6,-2.0016,-1.0189,-24.1112,0
PUMP-CRITICAL,2026-01-03T10:40:00,463.37,3234.53,120.06,11.04,110.5,55.08,25.52,85.92,running,6,0,0,6,0.655,-13.5666,14.8197,0
PUMP-CRITICAL,2026-01-03T10:45:00,461.57,3420.48,124.19,11.4,118.53,52.59,24.28,82.23,running,6,0,0,6,0.3533,4.1328,8.0369,0
PUMP-CRITICAL,2026-01-03T10:50:00,473.54,3308.52,120.02,12.11,92.14,52.73,24.97,80.71,running,6,0,3,6,0.7085,-4.1658,-26.3896,0
PUMP-CRITICAL,2026-01-03T10:55:00,454.85,3205.25,123.24,15.0,115.34,54.13,24.62,95.49,running,6,0,0,6,2.8901,3.2139,23.1913,0
PUMP-CRITICAL,2026-01-03T11:00:00,458.9,3168.6,134.12,13.77,108.34,55.67,25.55,89.08,running,6,0,4,6,-1.2225,10.8832,-6.993,0
PUMP-CRITICAL,2026-01-03T11:05:00,455.7,3333.85,130.55,14.44,104.01,53.4,24.33,85.79,running,6,0,0,6,0.6621,-3.5734,-4.3307,0
PUMP-CRITICAL,2026-01-03T11:10:00,471.58,3347.18,135.65,11.09,115.41,51.27,24.18,76.62,running,6,0,0,6,-3.3473,5.1009,11.3981,0
PUMP-CRITICAL,2026-01-03T11:15:00,464.95,3167.33,137.26,14.29,109.11,53.82,25.02,79.54,running,6,0,0,6,3.1993,1.6089,-6.302,0
PUMP-CRITICAL,2026-01-03T11:20:00,462.14,3307.48,131.19,14.91,94.43,52.02,24.04,83.76,running,6,0,0,6,0.6241,-6.0661,-14.6811,0
PUMP-CRITICAL,2026-01-03T11:25:00,474.07,3554.78,133.06,14.73,91.67,57.48,27.25,91.74,running,6,0,2,6,-0.1857,1.8699,-2.7572,0
PUMP-CRITICAL,2026-01-03T11:30:00,481.81,3267.64,128.91,14.41,99.18,54.31,26.17,82.99,running,6,1,1,6,-0.3192,-4.1535,7.5072,0
PUMP-CRITICAL,2026-01-03T11:35:00,481.62,3581.83,135.7,12.37,92.69,55.01,26.49,86.64,running,6,0,3,6,-2.0345,6.7876,-6.4865,0
PUMP-CRITICAL,2026-01-03T11:40:00,464.83,3353.02,118.11,14.94,95.96,57.69,26.82,97.45,running,6,0,0,6,2.5704,-17.5819,3.2686,0
PUMP-CRITICAL,2026-01-03T11:45:00,455.78,3531.88,131.6,10.8,101.08,54.97,25.05,87.16,running,6,0,0,6,-4.145,13.4829,5.1237,0
PUMP-CRITICAL,2026-01-03T11:50:00,481.7,3152.1,119.36,14.87,98.37,55.55,26.76,81.08,running,6,0,3,6,4.0729,-12.2378,-2.7151,0
PUMP-CRITICAL,2026-01-03T11:55:00,477.54,3339.17,124.35,8.97,103.84,56.13,26.81,82.52,running,6,1,5,6,-5.8974,4.9947,5.4685,0
PUMP-CRITICAL,2026-01-03T12:00:00,457.67,3182.17,133.34,13.65,98.78,51.91,23.76,81.59,running,6,0,3,6,4.6811,8.9841,-5.0546,0
PUMP-CRITICAL,2026-01-03T12:05:00,460.92,3318.07,121.42,12.78,116.43,52.38,24.14,79.72,running,6,0,1,6,-0.8696,-11.9171,17.651,0
PUMP-CRITICAL,2026-01-03T12:10:00,465.23,3254.82,137.4,9.91,105.17,53.14,24.72,86.28,running,6,0,2,6,-2.8704,15.9749,-11.2628,0
PUMP-CRITICAL,2026-01-03T12:15:00,468.19,3609.26,129.08,11.23,102.22,51.38,24.06,77.2,running,6,0,0,6,1.3159,-8.3159,-2.9487,0
PUMP-CRITICAL,2026-01-03T12:20:00,472.93,3157.72,133.41,12.81,112.36,54.46,25.76,79.4,running,6,0,2,6,1.5787,4.3307,10.1346,0
PUMP-CRITICAL,2026-01-03T12:25:00,480.02,3291.3,131.61,11.76,97.98,56.97,27.35,85.93,running,6,0,0,6,-1.0493,-1.7959,-14.3768,0
PUMP-CRITICAL,2026-01-03T12:30:00,455.0,3532.19,131.02,9.51,114.71,55.31,25.17,87.09,running,6,0,3,6,-2.252,-0.5975,16.732,0
PUMP-CRITICAL,2026-01-03T12:35:00,483.84,3136.57,144.32,14.35,99.7,57.9,28.01,93.4,running,6,0,4,6,4.8448,13.2999,-15.0115,0
PUMP-CRITICAL,2026-01-03T12:40:00,457.3,3240.1,133.87,8.85,108.3,56.22,25.71,95.87,running,6,0,1,6,-5.4994,-10.451,8.6026,0
PUMP-CRITICAL,2026-01-03T12:45:00,467.86,3410.09,143.7,11.51,120.37,56.59,26.48,89.72,running,6,0,4,6,2.6533,9.8296,12.067,0
PUMP-CRITICAL,2026-01-03T12:50:00,475.81,3591.02,139.19,10.42,111.33,55.4,26.36,90.02,running,6,0,1,6,-1.0901,-4.5038,-9.038,0
PUMP-CRITICAL,2026-01-03T12:55:00,477.64,3236.91,123.28,8.53,108.13,57.8,27.61,97.33,running,6,0,3,6,-1.8839,-15.9106,-3.2001,0
PUMP-CRITICAL,2026-01-03T13:00:00,476.4,3357.14,135.82,11.03,115.87,55.7,26.54,84.01,running,6,0,3,6,2.4947,12.542,7.7352,0
PUMP-CRITICAL,2026-01-03T13:05:00,456.02,3601.52,139.83,11.96,100.39,53.54,24.41,91.87,running,6,0,1,6,0.9346,4.0028,-15.4754,0
PUMP-CRITICAL,2026-01-03T13:10:00,464.06,3450.25,130.53,13.66,109.42,51.96,24.11,81.96,running,6,0,2,6,1.6971,-9.2929,9.032,0
PUMP-CRITICAL,2026-01-03T13:15:00,480.6,3373.48,139.59,10.25,101.06,51.95,24.97,76.0,running,6,0,4,6,-3.4051,9.058,-8.3645,0
PUMP-CRITICAL,2026-01-03T13:20:00,481.97,3613.92,132.57,14.46,118.81,57.02,27.48,82.84,running,6,1,4,6,4.2059,-7.0209,17.755,0
PUMP-CRITICAL,2026-01-03T13:25:00,467.76,3530.14,130.51,13.05,115.47,51.89,24.27,75.63,running,6,0,0,6,-1.4091,-2.062,-3.3401,0
PUMP-CRITICAL,2026-01-03T13:30:00,463.52,3416.1,131.28,12.99,95.71,54.11,25.08,96.37,running,6,0,4,6,-0.0616,0.7684,-19.7601,0
PUMP-CRITICAL,2026-01-03T13:35:00,480.13,3256.33,123.3,14.69,101.92,56.06,26.92,85.18,running,6,0,4,6,1.7021,-7.9796,6.2124,0
PUMP-CRITICAL,2026-01-03T13:40:00,470.15,3367.98,125.96,13.6,98.75,54.51,25.63,81.2,running,6,0,2,6,-1.0878,2.6629,-3.172,0
PUMP-CRITICAL,2026-01-03T13:45:00,478.71,3542.95,122.86,13.92,100.44,55.07,26.36,89.89,running,6,0,0,6,0.3147,-3.099,1.6837,0
PUMP-CRITICAL,2026-01-03T13:50:00,480.98,3213.13,120.33,14.84,104.56,57.37,27.6,87.54,running,6,0,2,6,0.919,-2.5335,4.1256,0
PUMP-CRITICAL,2026-01-03T13:55:00,454.79,3592.81,142.47,14.34,120.39,53.12,24.16,83.54,running,6,1,5,6,-0.4943,22.1382,15.8316,0
PUMP-CRITICAL,2026-01-03T14:00:00,463.86,3378.86,140.25,9.55,91.28,50.54,23.44,77.02,running,6,0,2,6,-4.7958,-2.2182,-29.1165,0
PUMP-CRITICAL,2026-01-03T14:05:00,456.62,3228.1,122.03,9.88,116.5,52.9,24.15,83.74,running,6,0,1,6,0.3355,-18.2142,25.2186,0
PUMP-CRITICAL,2026-01-03T14:10:00,475.45,3516.49,123.25,14.64,97.83,55.75,26.51,89.39,running,6,0,4,6,4.7614,1.2219,-18.6635,0
PUMP-CRITICAL,2026-01-03T14:15:00,475.06,3537.29,137.85,13.62,104.27,57.89,27.5,96.15,running,6,0,2,6,-1.0269,14.5971,6.4358,0
PUMP-CRITICAL,2026-01-03T14:20:00,476.52,3472.65,141.8,14.85,108.42,54.92,26.17,77.5,running,6,0,3,6,1.2373,3.9481,4.1484,0
PUMP-CRITICAL,2026-01-03T14:25:00,477.82,3179.4,134.82,12.82,93.3,54.02,25.81,88.26,running,6,0,3,6,-2.0355,-6.9827,-15.1119,0
PUMP-CRITICAL,2026-01-03T14:30:00,456.03,3426.56,126.82,10.79,115.73,51.16,23.33,82.02,running,6,0,2,6,-2.0331,-7.9956,22.4236,0
PUMP-CRITICAL,2026-01-03T14:35:00,461.32,3206.38,142.14,13.04,120.75,55.71,25.7,91.5,running,6,0,3,6,2.2524,15.3231,5.0222,0
PUMP-CRITICAL,2026-01-03T14:40:00,467.52,3297.62,128.09,13.26,108.49,53.92,25.21,89.34,running,6,0,2,6,0.221,-14.0566,-12.2569,0
PUMP-CRITICAL,2026-01-03T14:45:00,477.58,3390.74,120.45,10.16,93.17,51.75,24.72,76.74,running,6,0,2,6,-3.0976,-7.6366,-15.3247,0
PUMP-CRITICAL,2026-01-03T14:50:00,459.27,3144.1,127.7,14.7,98.32,54.78,25.16,90.81,running,6,0,0,6,4.5423,7.253,5.1554,0
PUMP-CRITICAL,2026-01-03T14:55:00,482.84,3538.06,138.63,8.97,117.3,58.29,28.14,97.68,running,6,0,0,6,-5.7319,10.9209,18.9783,0
PUMP-CRITICAL,2026-01-03T15:00:00,462.38,3195.37,116.55,10.81,111.05,52.4,24.23,77.9,running,6,0,0,6,1.8347,-22.0756,-6.2505,0
PUMP-CRITICAL,2026-01-03T15:05:00,470.31,3512.55,134.65,10.87,106.02,53.47,25.15,84.53,running,6,0,1,6,0.0622,18.096,-5.0365,0
PUMP-CRITICAL,2026-01-03T15:10:00,468.87,3611.84,116.89,15.3,116.2,57.51,26.96,95.6,running,6,0,2,6,4.4312,-17.7573,10.1895,0
PUMP-CRITICAL,2026-01-03T15:15:00,458.09,3456.79,122.16,9.58,113.18,54.93,25.17,94.0,running,6,0,1,6,-5.7152,5.2672,-3.0254,0
PUMP-CRITICAL,2026-01-03T15:20:00,455.52,3240.58,125.29,13.55,106.63,52.37,23.86,89.77,running,6,0,1,6,3.9644,3.1365,-6.5524,0
PUMP-CRITICAL,2026-01-03T15:25:00,468.51,3437.87,129.93,15.06,95.99,53.49,25.06,82.11,running,6,1,1,6,1.5145,4.6365,-10.6343,0
PUMP-CRITICAL,2026-01-03T15:30:00,473.7,3421.72,140.64,12.31,98.92,55.81,26.44,86.28,running,6,0,1,6,-2.7538,10.7096,2.9278,0
PUMP-CRITICAL,2026-01-03T15:35:00,478.64,3242.43,128.65,9.19,112.36,54.29,25.99,82.02,running,6,0,1,6,-3.1201,-11.9882,13.4433,0
PUMP-CRITICAL,2026-01-03T15:40:00,475.69,3402.03,121.89,13.78,120.71,53.36,25.38,82.45,running,6,0,2,6,4.5882,-6.7616,8.3451,0
PUMP-CRITICAL,2026-01-03T15:45:00,460.61,3291.99,136.2,15.37,108.56,53.5,24.64,86.47,running,6,0,0,6,1.5935,14.3073,-12.1506,0
PUMP-CRITICAL,2026-01-03T15:50:00,478.76,3382.69,126.09,13.89,110.94,56.77,27.18,90.47,running,6,0,4,6,-1.4771,-10.1071,2.3859,0
PUMP-CRITICAL,2026-01-03T15:55:00,470.38,3256.05,139.04,13.18,106.54,57.04,26.83,94.37,running,6,0,3,6,-0.7156,12.9473,-4.4015,0
PUMP-CRITICAL,2026-01-03T16:00:00,462.91,3613.37,122.54,10.47,99.92,54.27,25.12,80.29,running,6,0,3,6,-2.713,-16.496,-6.6247,0
PUMP-CRITICAL,2026-01-03T16:05:00,456.83,3281.55,144.55,10.1,104.18,52.92,24.18,92.32,running,6,0,0,6,-0.3618,22.0053,4.2657,0
PUMP-CRITICAL,2026-01-03T16:10:00,455.42,3338.67,140.25,12.1,98.59,54.55,24.84,84.1,running,6,0,2,6,1.9946,-4.2934,-5.5966,0
PUMP-CRITICAL,2026-01-03T16:15:00,475.01,3291.22,129.69,12.18,100.88,55.56,26.39,93.32,running,6,0,2,6,0.0821,-10.5661,2.2883,0
PUMP-CRITICAL,2026-01-03T16:20:00,470.49,3446.84,120.73,9.7,101.4,54.8,25.78,89.41,running,6,0,0,6,-2.48,-8.9526,0.5274,0
PUMP-CRITICAL,2026-01-03T16:25:00,462.98,3323.22,137.68,11.11,110.93,54.26,25.12,81.53,running,6,0,3,6,1.4111,16.9455,9.5228,0
PUMP-CRITICAL,2026-01-03T16:30:00,468.47,3231.73,121.92,9.77,112.63,54.23,25.41,80.58,running,6,0,3,6,-1.3369,-15.7576,1.7003,0
PUMP-CRITICAL,2026-01-03T16:35:00,477.63,3434.52,134.96,12.81,116.03,54.75,26.15,79.2,running,6,0,0,6,3.0361,13.0363,3.4041,0
PUMP-CRITICAL,2026-01-03T16:40:00,455.73,3519.06,127.07,9.1,94.27,51.96,23.68,82.27,running,6,1,4,6,-3.7073,-7.8863,-21.7589,0
PUMP-CRITICAL,2026-01-03T16:45:00,472.78,3357.45,131.46,11.25,92.37,56.5,26.71,84.26,running,6,0,3,6,2.1484,4.3868,-1.9027,0
PUMP-CRITICAL,2026-01-03T16:50:00,473.5,3443.15,123.96,15.13,92.74,53.71,25.43,90.01,running,6,0,4,6,3.8787,-7.4984,0.3682,0
PUMP-CRITICAL,2026-01-03T16:55:00,480.77,3309.9,116.91,10.86,92.28,53.16,25.56,82.38,running,6,0,0,6,-4.2723,-7.0523,-0.4569,0
PUMP-CRITICAL,2026-01-03T17:00:00,462.2,3327.73,121.89,10.82,96.49,55.18,25.5,93.45,running,6,0,3,6,-0.0384,4.9857,4.2096,0
PUMP-CRITICAL,2026-01-03T17:05:00,481.75,3542.03,116.42,8.43,109.54,55.13,26.56,87.15,running,6,0,1,6,-2.3879,-5.4687,13.0553,0
PUMP-CRITICAL,2026-01-03T17:10:00,480.14,3417.34,128.15,11.26,91.41,53.21,25.55,80.26,running,6,0,0,6,2.8316,11.7302,-18.1386,0
PUMP-CRITICAL,2026-01-03T17:15:00,478.18,3219.02,130.63,11.96,98.94,53.55,25.6,85.31,running,6,0,3,6,0.6927,2.472,7.5352,0
PUMP-CRITICAL,2026-01-03T17:20:00,458.14,3597.59,135.21,15.35,113.03,56.02,25.66,89.11,running,6,0,1,6,3.3937,4.5853,14.0915,0
PUMP-CRITICAL,2026-01-03T17:25:00,469.62,3214.46,128.91,14.4,103.22,54.83,25.75,91.09,running,6,0,0,6,-0.9465,-6.3037,-9.8145,0
PUMP-CRITICAL,2026-01-03T17:30:00,463.4,3225.17,131.9,13.81,98.77,54.62,25.31,95.92,running,6,0,3,6,-0.5929,2.9924,-4.451,0
PUMP-CRITICAL,2026-01-03T17:35:00,467.43,3273.17,122.78,9.84,105.53,55.99,26.17,95.03,running,6,0,0,6,-3.9654,-9.118,6.7664,0
PUMP-CRITICAL,2026-01-03T17:40:00,458.32,3223.18,137.33,12.6,118.36,53.61,24.57,77.5,running,6,1,2,6,2.7545,14.5479,12.8272,0
PUMP-CRITICAL,2026-01-03T17:45:00,471.6,3476.59,127.84,8.94,103.97,56.92,26.84,87.35,running,6,0,2,6,-3.6635,-9.486,-14.3934,0
PUMP-CRITICAL,2026-01-03T17:50:00,465.72,3572.54,135.45,12.08,109.62,53.36,24.85,87.77,running,6,0,1,6,3.1465,7.603,5.6481,0
PUMP-CRITICAL,2026-01-03T17:55:00,460.75,3321.61,125.52,14.61,91.12,54.64,25.18,81.47,running,6,0,0,6,2.527,-9.9269,-18.4956,0
PUMP-CRITICAL,2026-01-03T18:00:00,456.58,3363.77,127.98,11.57,111.94,56.04,25.58,94.82,running,6,0,0,6,-3.0403,2.4634,20.8234,0
PUMP-CRITICAL,2026-01-03T18:05:00,479.53,3577.26,119.38,11.48,108.28,55.75,26.73,89.95,running,6,0,1,6,-0.087,-8.6049,-3.6638,0
PUMP-CRITICAL,2026-01-03T18:10:00,476.19,3478.26,124.45,13.38,108.15,56.95,27.12,89.01,running,6,0,3,6,1.8973,5.0668,-0.129,0
PUMP-CRITICAL,2026-01-03T18:15:00,457.26,3540.4,129.17,14.65,119.9,53.13,24.29,76.9,running,6,0,1,6,1.2747,4.7211,11.7485,0
PUMP-CRITICAL,2026-01-03T18:20:00,475.68,3561.37,130.83,10.18,113.66,56.9,27.07,96.7,running,6,1,5,6,-4.4769,1.6605,-6.2411,0
PUMP-CRITICAL,2026-01-03T18:25:00,456.94,3306.03,139.29,15.04,95.26,52.2,23.85,78.1,running,6,0,4,6,4.8586,8.4578,-18.397,0
PUMP-CRITICAL,2026-01-03T18:30:00,474.62,3584.66,127.61,10.18,110.3,56.15,26.65,96.38,running,6,0,0,6,-4.8598,-11.6785,15.0424,0
PUMP-CRITICAL,2026-01-03T18:35:00,470.48,3392.63,134.86,15.01,91.31,53.94,25.38,91.16,running,6,0,3,6,4.8311,7.2549,-18.9925,0
PUMP-CRITICAL,2026-01-03T18:40:00,475.55,3434.17,120.34,10.82,113.49,54.96,26.14,81.23,running,6,1,1,6,-4.1848,-14.5182,22.1794,0
PUMP-CRITICAL,2026-01-03T18:45:00,459.41,3283.04,123.22,13.93,98.26,51.63,23.72,78.68,running,6,0,1,6,3.1126,2.8757,-15.2338,0
PUMP-CRITICAL,2026-01-03T18:50:00,462.32,3242.01,122.98,11.19,103.29,55.23,25.54,86.53,running,6,0,3,6,-2.7448,-0.2365,5.0354,0
PUMP-CRITICAL,2026-01-03T18:55:00,455.41,3256.98,120.14,10.85,120.24,51.35,23.39,79.5,running,6,0,4,6,-0.3396,-2.8464,16.9437,0
PUMP-CRITICAL,2026-01-03T19:00:00,467.1,3549.84,122.18,13.67,109.41,55.76,26.04,97.1,running,6,1,4,6,2.8181,2.0473,-10.8229,0
PUMP-CRITICAL,2026-01-03T19:05:00,458.6,3222.51,133.62,11.6,117.03,53.21,24.4,91.6,running,6,1,5,6,-2.0724,11.4376,7.6213,0
PUMP-CRITICAL,2026-01-03T19:10:00,481.9,3205.01,134.83,14.06,115.91,56.3,27.13,79.66,running,6,0,1,6,2.4648,1.2075,-1.1244,0
PUMP-CRITICAL,2026-01-03T19:15:00,458.03,3483.29,140.17,9.53,91.23,54.35,24.89,90.57,running,6,0,0,6,-4.5273,5.3421,-24.6841,0
PUMP-CRITICAL,2026-01-03T19:20:00,460.69,3514.58,131.7,13.63,103.64,55.62,25.62,91.03,running,6,0,0,6,4.0947,-8.4705,12.4152,0
PUMP-CRITICAL,2026-01-03T19:25:00,455.68,3438.87,145.11,11.62,118.54,52.97,24.14,81.59,running,6,0,0,6,-2.0117,13.4068,14.904,0
PUMP-CRITICAL,2026-01-03T19:30:00,470.99,3610.62,117.86,11.51,94.57,56.72,26.71,98.35,running,6,0,4,6,-0.1022,-27.2443,-23.9776,0
PUMP-CRITICAL,2026-01-03T19:35:00,468.25,3242.42,117.29,9.24,100.39,52.26,24.47,84.46,running,6,0,0,6,-2.2724,-0.5726,5.8185,0
PUMP-CRITICAL,2026-01-03T19:40:00,479.6,3285.7,125.8,14.67,112.56,54.38,26.08,87.21,running,6,0,3,6,5.4328,8.5145,12.1741,0
PUMP-CRITICAL,2026-01-03T19:45:00,463.2,3202.98,137.34,11.59,99.31,54.38,25.19,93.68,running,6,1,1,6,-3.08,11.5336,-13.2541,0
PUMP-CRITICAL,2026-01-03T19:50:00,479.84,3261.72,142.68,10.83,120.06,57.28,27.49,85.16,running,6,0,1,6,-0.762,5.3442,20.7561,0
PUMP-CRITICAL,2026-01-03T19:55:00,472.2,3452.8,142.86,13.64,105.56,51.31,24.23,76.01,running,6,0,0,6,2.8078,0.1731,-14.5068,0
PUMP-CRITICAL,2026-01-03T20:00:00,479.14,3608.91,134.02,10.83,113.88,54.33,26.03,88.41,running,6,0,4,6,-2.8076,-8.8304,8.3257,0
PUMP-CRITICAL,2026-01-03T20:05:00,481.2,3172.16,117.69,12.41,117.01,57.18,27.52,97.4,running,6,0,2,6,1.5752,-16.3305,3.1315,0
PUMP-CRITICAL,2026-01-03T20:10:00,476.48,3308.66,143.2,12.3,94.24,56.47,26.91,89.04,running,6,0,3,6,-0.1047,25.509,-22.7747,0
PUMP-CRITICAL,2026-01-03T20:15:00,458.58,3150.41,119.19,11.42,91.63,55.36,25.39,98.11,running,6,0,3,6,-0.8874,-24.0143,-2.6075,0
PUMP-CRITICAL,2026-01-03T20:20:00,479.81,3175.35,120.76,14.2,106.12,55.63,26.69,92.23,running,6,1,3,6,2.7843,1.5665,14.4925,0
PUMP-CRITICAL,2026-01-03T20:25:00,459.73,3303.78,116.18,12.02,99.95,54.47,25.04,85.18,running,6,0,1,6,-2.1791,-4.578,-6.1707,0
PUMP-CRITICAL,2026-01-03T20:30:00,457.25,3573.83,123.45,15.2,95.21,55.03,25.16,98.39,running,6,0,4,6,3.1798,7.2717,-4.7378,0
PUMP-CRITICAL,2026-01-03T20:35:00,458.29,3199.92,118.22,13.3,99.46,54.11,24.8,90.13,running,6,0,0,6,-1.9054,-5.2287,4.2427,0
PUMP-CRITICAL,2026-01-03T20:40:00,457.76,3507.88,125.18,11.19,119.41,54.7,25.04,97.48,running,6,0,4,6,-2.1041,6.9556,19.9569,0
PUMP-CRITICAL,2026-01-03T20:45:00,483.62,3195.38,129.65,10.89,92.13,54.81,26.51,78.87,running,6,0,2,6,-0.2985,4.4784,-27.2806,0
PUMP-CRITICAL,2026-01-03T20:50:00,471.96,3321.71,118.56,8.42,113.9,56.16,26.51,85.42,running,6,0,1,6,-2.4709,-11.093,21.7717,0
PUMP-CRITICAL,2026-01-03T20:55:00,482.84,3140.31,116.44,12.58,113.47,56.94,27.49,83.52,running,6,0,3,6,4.1614,-2.126,-0.4321,0
PUMP-CRITICAL,2026-01-03T21:00:00,460.41,3572.15,142.05,9.7,109.35,56.34,25.94,95.36,running,6,0,1,6,-2.8827,25.6179,-4.1244,0
PUMP-CRITICAL,2026-01-03T21:05:00,455.62,3495.86,117.25,14.3,113.51,53.62,24.43,96.71,running,6,0,3,6,4.6002,-24.8001,4.1661,0
PUMP-CRITICAL,2026-01-03T21:10:00,475.78,3371.46,123.73,11.13,115.91,53.45,25.43,86.68,running,6,1,4,6,-3.1699,6.4796,2.3918,0
PUMP-CRITICAL,2026-01-03T21:15:00,462.3,3136.25,120.84,13.94,94.13,56.32,26.03,92.55,running,6,0,4,6,2.8053,-2.894,-21.7722,0
PUMP-CRITICAL,2026-01-03T21:20:00,465.85,3269.16,122.48,10.41,102.26,55.72,25.96,84.62,running,6,0,1,6,-3.5301,1.6369,8.1244,0
PUMP-CRITICAL,2026-01-03T21:25:00,465.71,3625.97,137.78,14.02,119.8,52.57,24.48,80.83,running,6,1,4,6,3.6132,15.3039,17.5403,0
PUMP-CRITICAL,2026-01-03T21:30:00,481.67,3453.58,131.69,12.5,100.35,54.11,26.06,80.7,running,6,0,0,6,-1.5194,-6.0859,-19.4532,0
PUMP-CRITICAL,2026-01-03T21:35:00,454.84,3627.04,127.44,9.12,112.36,53.37,24.27,94.16,running,6,0,3,6,-3.3788,-4.2588,12.0106,0
PUMP-CRITICAL,2026-01-03T21:40:00,464.19,3459.59,141.23,11.44,101.82,55.45,25.74,95.12,running,6,0,4,6,2.3141,13.792,-10.5397,0
PUMP-CRITICAL,2026-01-03T21:45:00,458.06,3443.14,144.9,13.63,109.47,54.8,25.1,86.96,running,6,0,4,6,2.1935,3.6701,7.6535,0
PUMP-CRITICAL,2026-01-03T21:50:00,472.67,3184.37,127.94,11.84,98.45,56.08,26.51,97.33,running,6,0,1,6,-1.7875,-16.9606,-11.0195,0
PUMP-CRITICAL,2026-01-03T21:55:00,456.32,3604.19,128.78,15.11,95.7,51.92,23.69,76.45,running,6,1,1,6,3.264,0.8425,-2.7455,0
PUMP-CRITICAL,2026-01-03T22:00:00,463.55,3311.5,139.23,12.41,106.06,56.96,26.41,92.46,running,6,0,0,6,-2.6911,10.4526,10.3547,0
PUMP-CRITICAL,2026-01-03T22:05:00,455.04,3479.25,142.66,11.29,108.51,56.31,25.62,97.03,running,6,0,0,6,-1.12,3.4277,2.4503,0
PUMP-CRITICAL,2026-01-03T22:10:00,458.97,3453.42,130.53,11.32,92.97,54.4,24.97,80.57,running,6,0,3,6,0.0295,-12.132,-15.5425,0
PUMP-CRITICAL,2026-01-03T22:15:00,464.03,3438.63,126.55,8.9,119.21,52.26,24.25,81.98,running,6,0,3,6,-2.419,-3.9771,26.2395,0
PUMP-CRITICAL,2026-01-03T22:20:00,454.14,3364.13,135.32,9.88,97.99,51.32,23.31,81.52,running,6,0,1,6,0.9717,8.7675,-21.2165,0
PUMP-CRITICAL,2026-01-03T22:25:00,463.82,3344.07,122.88,9.99,104.72,53.86,24.98,78.96,running,6,0,1,6,0.1121,-12.4343,6.7319,0
PUMP-CRITICAL,2026-01-03T22:30:00,478.44,3326.62,129.75,14.65,97.27,59.35,28.4,98.15,running,6,1,1,6,4.6637,6.8674,-7.4555,0
PUMP-CRITICAL,2026-01-03T22:35:00,482.68,3374.47,129.42,8.76,92.41,56.12,27.09,95.13,running,6,0,2,6,-5.8905,-0.3336,-4.8587,0
PUMP-CRITICAL,2026-01-03T22:40:00,457.65,3497.46,146.12,8.5,109.72,52.94,24.23,90.4,running,6,0,1,6,-0.2603,16.7062,17.3133,0
PUMP-CRITICAL,2026-01-03T22:45:00,468.35,3480.3,123.2,11.05,99.43,57.74,27.04,95.2,running,6,0,4,6,2.5502,-22.9211,-10.2935,0
PUMP-CRITICAL,2026-01-03T22:50:00,468.85,3297.48,142.98,14.88,97.59,54.27,25.45,81.44,running,6,0,4,6,3.8243,19.7785,-1.8377,0
PUMP-CRITICAL,2026-01-03T22:55:00,483.43,3302.8,144.09,8.57,117.53,54.2,26.2,82.55,running,6,2,4,6,-6.3051,1.1099,19.9421,0
PUMP-CRITICAL,2026-01-03T23:00:00,459.29,3129.89,119.74,12.03,114.24,54.96,25.24,85.2,running,6,0,4,6,3.4581,-24.3492,-3.2965,0
PUMP-CRITICAL,2026-01-03T23:05:00,458.64,3435.03,127.43,10.08,104.31,52.77,24.2,85.37,running,6,0,2,6,-1.9461,7.6882,-9.9247,0
PUMP-CRITICAL,2026-01-03T23:10:00,456.93,3532.35,123.92,9.78,104.92,51.94,23.73,78.43,running,6,1,3,6,-0.3052,-3.5143,0.6056,0
PUMP-CRITICAL,2026-01-03T23:15:00,459.81,3483.58,123.45,8.88,98.83,53.58,24.64,91.1,running,6,0,4,6,-0.8942,-0.461,-6.0877,0
PUMP-CRITICAL,2026-01-03T23:20:00,460.3,3384.79,125.86,13.75,95.69,51.15,23.54,80.13,running,6,0,2,6,4.8629,2.408,-3.1376,0
PUMP-CRITICAL,2026-01-03T23:25:00,454.73,3509.16,138.15,10.71,108.06,55.99,25.46,92.94,running,6,0,3,6,-3.0384,12.2873,12.3649,0
PUMP-CRITICAL,2026-01-03T23:30:00,455.83,3495.65,139.91,11.74,102.47,51.87,23.65,81.47,running,6,0,0,6,1.0292,1.7561,-5.5866,0
PUMP-CRITICAL,2026-01-03T23:35:00,473.44,3186.24,122.48,12.73,105.57,55.65,26.35,80.53,running,6,1,1,6,0.9931,-17.4239,3.0961,0
PUMP-CRITICAL,2026-01-03T23:40:00,478.94,3519.41,119.01,11.01,101.59,53.77,25.75,78.83,running,6,0,3,6,-1.7207,-3.4711,-3.9719,0
PUMP-CRITICAL,2026-01-03T23:45:00,466.89,3279.19,143.4,12.04,101.87,54.85,25.61,81.55,running,6,0,0,6,1.0286,24.3927,0.2794,0
PUMP-CRITICAL,2026-01-03T23:50:00,464.8,3468.93,133.69,9.98,104.16,55.47,25.78,82.68,running,6,0,1,6,-2.053,-9.718,2.2857,0
PUMP-CRITICAL,2026-01-03T23:55:00,460.84,3158.56,142.47,9.76,101.15,54.36,25.05,98.54,running,6,0,1,6,-0.2289,8.7795,-3.0136,0
PUMP-CRITICAL,2026-01-04T00:00:00,463.38,3217.88,132.28,10.09,103.61,53.78,24.92,80.21,running,6,1,4,6,0.3313,-10.1833,2.462,0
PUMP-CRITICAL,2026-01-04T00:05:00,460.44,3175.22,134.97,13.68,94.86,53.25,24.52,82.41,running,6,0,0,6,3.5929,2.69,-8.7509,0
PUMP-CRITICAL,2026-01-04T00:10:00,471.08,3196.6,126.93,10.44,114.25,53.36,25.14,88.35,running,6,0,0,6,-3.2396,-8.038,19.3935,0
PUMP-CRITICAL,2026-01-04T00:15:00,467.65,3458.36,134.26,9.61,96.36,54.32,25.4,76.61,running,6,1,5,6,-0.8317,7.3246,-17.8921,0
PUMP-CRITICAL,2026-01-04T00:20:00,459.13,3590.12,141.94,9.12,105.9,57.04,26.19,95.19,running,6,0,2,6,-0.4902,7.6788,9.5427,0
PUMP-CRITICAL,2026-01-04T00:25:00,470.02,3448.37,143.35,11.84,121.12,55.15,25.92,87.05,running,6,1,3,6,2.7195,1.4122,15.2181,0
PUMP-CRITICAL,2026-01-04T00:30:00,459.34,3552.48,139.47,13.11,117.99,56.19,25.81,88.85,running,6,0,1,6,1.2686,-3.8786,-3.1273,0
PUMP-CRITICAL,2026-01-04T00:35:00,464.36,3388.17,132.23,12.16,109.99,56.64,26.3,94.32,running,6,0,3,6,-0.9495,-7.2445,-7.9977,0
PUMP-CRITICAL,2026-01-04T00:40:00,483.12,3446.78,146.07,12.66,117.17,55.66,26.89,90.13,running,6,1,1,6,0.4999,13.8439,7.1775,0
PUMP-CRITICAL,2026-01-04T00:45:00,462.59,3527.65,139.27,12.63,110.54,55.54,25.69,97.31,running,6,0,1,6,-0.0251,-6.7975,-6.6283,0
PUMP-CRITICAL,2026-01-04T00:50:00,457.74,3245.24,144.02,10.6,102.11,54.56,24.98,96.01,running,6,0,1,6,-2.0316,4.751,-8.4301,0
PUMP-CRITICAL,2026-01-04T00:55:00,455.28,3424.34,128.21,11.43,91.34,51.91,23.63,77.04,running,6,0,4,6,0.8342,-15.8145,-10.7742,0
PUMP-CRITICAL,2026-01-04T01:00:00,454.43,3224.91,116.65,12.3,103.33,52.22,23.73,90.61,running,6,0,4,6,0.862,-11.5584,11.9865,0
PUMP-CRITICAL,2026-01-04T01:05:00,478.25,3541.74,120.06,12.06,93.88,54.25,25.94,88.01,running,6,0,3,6,-0.2355,3.4075,-9.4404,0
PUMP-CRITICAL,2026-01-04T01:10:00,465.58,3614.15,120.89,10.34,118.02,53.93,25.11,76.82,running,6,0,1,6,-1.717,0.8361,24.139,0
PUMP-CRITICAL,2026-01-04T01:15:00,465.89,3286.88,122.84,11.77,94.54,52.04,24.25,82.11,running,6,0,4,6,1.4234,1.9502,-23.4839,0
PUMP-CRITICAL,2026-01-04T01:20:00,480.95,3341.35,134.72,8.66,91.28,56.1,26.98,79.8,running,6,0,4,6,-3.1047,11.8769,-3.2603,0
PUMP-CRITICAL,2026-01-04T01:25:00,462.5,3259.18,131.71,12.81,111.24,51.98,24.04,80.95,running,6,0,2,6,4.1506,-3.0139,19.9603,0
PUMP-CRITICAL,2026-01-04T01:30:00,479.19,3562.03,138.86,11.45,101.92,55.06,26.39,76.79,running,6,0,4,6,-1.3649,7.1489,-9.3185,0
PUMP-CRITICAL,2026-01-04T01:35:00,467.45,3350.67,130.14,10.34,94.91,56.88,26.59,92.65,running,6,0,1,6,-1.107,-8.7139,-7.0103,0
PUMP-CRITICAL,2026-01-04T01:40:00,462.13,3579.51,119.94,12.78,95.95,51.66,23.87,79.6,running,6,1,2,6,2.4388,-10.1988,1.037,0
PUMP-CRITICAL,2026-01-04T01:45:00,465.75,3308.7,134.93,11.37,112.25,54.66,25.46,91.66,running,6,0,2,6,-1.4098,14.9812,16.3053,0
PUMP-CRITICAL,2026-01-04T01:50:00,474.02,3272.77,117.85,12.42,116.32,55.1,26.12,78.85,running,6,0,2,6,1.0519,-17.0762,4.0618,0
PUMP-CRITICAL,2026-01-04T01:55:00,457.39,3542.63,137.84,13.82,120.73,53.56,24.5,77.52,running,6,0,0,6,1.3987,19.9921,4.4134,0
PUMP-CRITICAL,2026-01-04T02:00:00,479.93,3198.89,125.55,14.48,93.03,56.04,26.9,89.52,running,6,2,4,6,0.6596,-12.2878,-27.6946,0
PUMP-CRITICAL,2026-01-04T02:05:00,473.97,3469.95,125.96,11.95,114.9,55.58,26.35,82.57,running,6,1,4,6,-2.5268,0.409,21.8643,0
PUMP-CRITICAL,2026-01-04T02:10:00,476.51,3183.23,126.75,11.13,95.14,53.71,25.59,83.81,running,6,0,0,6,-0.8265,0.7925,-19.7623,0
PUMP-CRITICAL,2026-01-04T02:15:00,481.95,3597.76,128.21,15.02,112.54,56.49,27.22,85.76,running,6,0,1,6,3.8957,1.4546,17.399,0
PUMP-CRITICAL,2026-01-04T02:20:00,471.84,3201.13,117.4,10.66,115.83,54.29,25.61,90.53,running,6,0,0,6,-4.3644,-10.8059,3.2983,0
PUMP-CRITICAL,2026-01-04T02:25:00,458.66,3287.82,122.67,12.19,92.02,56.65,25.98,95.25,running,6,0,2,6,1.5299,5.2622,-23.816,0
PUMP-CRITICAL,2026-01-04T02:30:00,475.57,3592.61,126.49,15.42,110.49,55.93,26.6,84.75,running,6,0,4,6,3.2298,3.8193,18.4721,0
PUMP-CRITICAL,2026-01-04T02:35:00,470.32,3185.76,145.37,15.15,120.19,56.36,26.51,90.31,running,6,0,4,6,-0.2668,18.8894,9.7052,0
PUMP-CRITICAL,2026-01-04T02:40:00,475.47,3589.88,137.24,10.35,106.95,56.14,26.69,92.77,running,6,0,4,6,-4.8061,-8.1383,-13.243,0
PUMP-CRITICAL,2026-01-04T02:45:00,468.82,3246.35,126.5,14.51,115.63,55.58,26.06,89.6,running,6,0,4,6,4.1611,-10.7325,8.6765,0
PUMP-CRITICAL,2026-01-04T02:50:00,482.27,3442.44,127.08,13.83,113.19,55.85,26.93,94.64,running,6,1,1,6,-0.6732,0.5776,-2.4335,0
PUMP-CRITICAL,2026-01-04T02:55:00,475.93,3617.72,145.9,14.52,91.35,54.37,25.88,76.93,running,6,0,2,6,0.6866,18.8231,-21.8445,0
PUMP-CRITICAL,2026-01-04T03:00:00,476.95,3343.72,121.79,14.99,103.77,52.45,25.02,77.94,running,6,0,1,6,0.4671,-24.1138,12.4147,0
PUMP-CRITICAL,2026-01-04T03:05:00,458.51,3380.13,120.61,9.44,100.99,54.15,24.83,86.76,running,6,0,3,6,-5.5505,-1.1834,-2.7784,0
PUMP-CRITICAL,2026-01-04T03:10:00,466.26,3362.96,140.49,11.59,121.19,57.33,26.73,96.36,running,6,0,2,6,2.1572,19.884,20.2006,0
PUMP-CRITICAL,2026-01-04T03:15:00,454.65,3520.0,123.04,10.74,113.29,56.72,25.79,95.9,running,6,0,2,6,-0.8541,-17.4542,-7.8992,0
PUMP-CRITICAL,2026-01-04T03:20:00,479.67,3598.14,119.42,10.39,114.16,54.54,26.16,90.55,running,6,0,0,6,-0.3466,-3.6173,0.873,0
PUMP-CRITICAL,2026-01-04T03:25:00,480.59,3425.88,137.75,14.16,103.79,56.37,27.09,94.58,running,6,0,0,6,3.7712,18.3286,-10.3697,0
PUMP-CRITICAL,2026-01-04T03:30:00,456.56,3337.43,145.44,10.54,100.8,54.32,24.8,92.93,running,6,0,1,6,-3.6242,7.6895,-2.9909,0
PUMP-CRITICAL,2026-01-04T03:35:00,466.22,3589.96,127.49,11.44,100.64,52.13,24.31,79.89,running,6,0,1,6,0.8969,-17.9495,-0.1565,0
PUMP-CRITICAL,2026-01-04T03:40:00,459.66,3279.67,117.42,13.11,93.27,52.64,24.2,89.91,running,6,0,2,6,1.6691,-10.0681,-7.3714,0
PUMP-CRITICAL,2026-01-04T03:45:00,467.76,3309.34,131.71,13.73,111.11,54.3,25.4,90.03,running,6,0,1,6,0.6279,14.2945,17.8394,0
PUMP-CRITICAL,2026-01-04T03:50:00,460.58,3598.66,122.86,12.35,94.53,56.07,25.83,89.12,running,6,0,4,6,-1.3868,-8.8539,-16.5807,0
PUMP-CRITICAL,2026-01-04T03:55:00,478.6,3283.93,144.81,14.72,94.89,59.1,28.29,98.17,running,6,0,2,6,2.3679,21.9512,0.3561,0
PUMP-CRITICAL,2026-01-04T04:00:00,464.48,3586.14,121.04,9.55,102.36,57.04,26.49,96.57,running,6,1,2,6,-5.1653,-23.7723,7.474,0
PUMP-CRITICAL,2026-01-04T04:05:00,475.98,3284.94,127.68,14.69,107.63,53.04,25.24,79.33,running,6,0,1,6,5.1426,6.6436,5.2705,0
PUMP-CRITICAL,2026-01-04T04:10:00,455.99,3498.77,141.81,9.4,94.23,50.86,23.19,77.88,running,6,0,0,6,-5.2969,14.1295,-13.402,0
PUMP-CRITICAL,2026-01-04T04:15:00,461.95,3471.64,139.67,11.75,120.66,55.28,25.54,91.26,running,6,1,2,6,2.3537,-2.1388,26.4309,0
PUMP-CRITICAL,2026-01-04T04:20:00,462.88,3176.71,121.65,12.47,108.61,52.64,24.36,86.28,running,6,0,1,6,0.7219,-18.0201,-12.0535,0
PUMP-CRITICAL,2026-01-04T04:25:00,462.35,3547.69,132.74,10.43,119.67,56.33,26.05,96.47,running,6,2,3,6,-2.0406,11.0843,11.0595,0
PUMP-CRITICAL,2026-01-04T04:30:00,472.13,3397.16,139.31,14.83,103.41,56.03,26.45,84.87,running,6,0,1,6,4.3988,6.5711,-16.2525,0
PUMP-CRITICAL,2026-01-04T04:35:00,460.42,3221.35,138.31,9.77,99.45,52.99,24.4,89.53,running,6,0,1,6,-5.0593,-0.9944,-3.9627,0
PUMP-CRITICAL,2026-01-04T04:40:00,462.36,3425.35,133.23,10.29,102.71,54.47,25.19,80.82,running,6,0,2,6,0.5173,-5.0863,3.2559,0
PUMP-CRITICAL,2026-01-04T04:45:00,466.07,3552.89,128.46,9.01,94.56,57.39,26.75,95.21,running,6,0,0,6,-1.2757,-4.7716,-8.1442,0
PUMP-CRITICAL,2026-01-04T04:50:00,456.27,3579.33,132.45,15.06,103.58,54.06,24.66,95.36,running,6,0,1,6,6.045,3.992,9.0146,0
PUMP-CRITICAL,2026-01-04T04:55:00,482.22,3447.28,145.08,13.45,108.34,56.01,27.01,91.73,running,6,0,4,6,-1.6035,12.6317,4.7583,0
PUMP-CRITICAL,2026-01-04T05:00:00,467.73,3561.28,127.73,15.12,116.4,56.2,26.29,89.14,running,6,0,0,6,1.6631,-17.3486,8.0598,0
PUMP-CRITICAL,2026-01-04T05:05:00,475.88,3240.52,129.83,12.29,102.21,55.8,26.55,97.4,running,6,0,1,6,-2.8264,2.0998,-14.1885,0
PUMP-CRITICAL,2026-01-04T05:10:00,462.24,3232.05,140.79,14.23,103.81,54.3,25.1,98.15,running,6,0,0,6,1.9397,10.9599,1.6017,0
PUMP-CRITICAL,2026-01-04T05:15:00,461.24,3198.24,123.72,14.34,91.87,51.16,23.6,79.8,running,6,0,4,6,0.1132,-17.0717,-11.9358,0
PUMP-CRITICAL,2026-01-04T05:20:00,473.78,3563.52,126.59,14.7,114.52,54.84,25.98,92.58,running,6,0,3,6,0.3603,2.8673,22.6469,0
PUMP-CRITICAL,2026-01-04T05:25:00,467.32,3603.92,140.4,14.67,110.45,58.23,27.21,97.56,running,6,1,5,6,-0.0286,13.8089,-4.0684,0
PUMP-CRITICAL,2026-01-04T05:30:00,475.96,3200.96,131.62,12.09,94.01,52.68,25.07,83.32,running,6,0,2,6,-2.5842,-8.7744,-16.446,0
PUMP-CRITICAL,2026-01-04T05:35:00,479.34,3441.74,136.2,15.31,93.65,56.41,27.04,98.74,running,6,0,1,6,3.2199,4.5764,-0.3538,0
PUMP-CRITICAL,2026-01-04T05:40:00,473.32,3551.5,136.1,10.98,96.87,53.25,25.2,76.28,running,6,0,4,6,-4.3312,-0.0976,3.222,0
PUMP-CRITICAL,2026-01-04T05:45:00,479.56,3378.54,127.94,8.51,101.69,53.87,25.83,76.11,running,6,0,3,6,-2.4698,-8.1651,4.8137,0
PUMP-CRITICAL,2026-01-04T05:50:00,460.33,3296.73,136.81,8.48,113.39,53.69,24.72,95.16,running,6,0,3,6,-0.0328,8.8738,11.6988,0
PUMP-CRITICAL,2026-01-04T05:55:00,468.42,3455.49,135.34,14.72,105.66,55.21,25.86,94.23,running,6,0,4,6,6.2386,-1.4645,-7.7251,0
PUMP-CRITICAL,2026-01-04T06:00:00,461.74,3440.07,130.13,14.75,109.38,54.3,25.07,90.92,running,6,0,4,6,0.035,-5.212,3.7171,0
PUMP-CRITICAL,2026-01-04T06:05:00,475.85,3272.22,135.54,10.13,116.67,55.83,26.57,98.68,running,6,1,2,6,-4.6193,5.4111,7.2925,0
PUMP-CRITICAL,2026-01-04T06:10:00,454.41,3461.59,120.7,11.49,118.73,54.61,24.82,95.55,running,6,0,2,6,1.3636,-14.8433,2.0632,0
PUMP-CRITICAL,2026-01-04T06:15:00,461.44,3409.84,145.39,8.8,117.52,50.73,23.41,76.76,running,6,0,4,6,-2.6953,24.6902,-1.2156,0
PUMP-CRITICAL,2026-01-04T06:20:00,476.71,3426.59,119.5,11.99,108.26,55.08,26.26,84.69,running,6,0,3,6,3.1934,-25.8895,-9.2571,0
PUMP-CRITICAL,2026-01-04T06:25:00,471.39,3590.97,131.03,9.81,92.78,55.84,26.32,85.02,running,6,0,2,6,-2.1845,11.5322,-15.4842,0
PUMP-CRITICAL,2026-01-04T06:30:00,465.38,3369.47,121.02,9.99,107.28,53.32,24.81,80.55,running,6,0,2,6,0.1836,-10.0151,14.5069,0
PUMP-CRITICAL,2026-01-04T06:35:00,455.34,3417.23,119.97,13.69,103.41,55.68,25.36,90.01,running,6,0,0,6,3.6984,-1.0524,-3.8756,0
PUMP-CRITICAL,2026-01-04T06:40:00,480.99,3422.1,126.78,9.83,112.98,55.85,26.87,83.13,running,6,1,4,6,-3.8637,6.815,9.5727,0
PUMP-CRITICAL,2026-01-04T06:45:00,465.2,3407.58,144.4,8.71,113.01,54.48,25.35,76.92,running,6,0,4,6,-1.1128,17.6237,0.0307,0
PUMP-CRITICAL,2026-01-04T06:50:00,454.44,3368.15,117.87,9.29,95.99,54.81,24.91,85.57,running,6,0,4,6,0.5765,-26.5308,-17.0262,0
PUMP-CRITICAL,2026-01-04T06:55:00,458.34,3302.47,138.98,12.17,92.67,56.9,26.08,93.22,running,6,0,3,6,2.8814,21.1107,-3.3137,0
PUMP-CRITICAL,2026-01-04T07:00:00,456.01,3356.19,131.68,10.32,101.69,54.39,24.8,89.04,running,6,0,1,6,-1.8507,-7.301,9.0154,0
PUMP-CRITICAL,2026-01-04T07:05:00,466.44,3526.33,132.97,9.44,103.18,53.67,25.04,86.17,running,6,0,3,6,-0.885,1.2858,1.4878,0
PUMP-CRITICAL,2026-01-04T07:10:00,469.42,3342.14,139.24,13.54,103.33,56.59,26.57,98.08,running,6,0,1,6,4.1073,6.2675,0.1529,0
PUMP-CRITICAL,2026-01-04T07:15:00,462.74,3260.75,126.6,14.23,103.68,53.48,24.75,86.67,running,6,0,1,6,0.6849,-12.6387,0.3535,0
PUMP-CRITICAL,2026-01-04T07:20:00,479.61,3221.01,130.57,15.28,96.43,55.35,26.55,86.03,running,6,0,2,6,1.0481,3.9743,-7.248,0
PUMP-CRITICAL,2026-01-04T07:25:00,469.46,3367.07,129.3,13.93,109.4,54.78,25.72,92.92,running,6,1,2,6,-1.3459,-1.2768,12.9619,0
PUMP-CRITICAL,2026-01-04T07:30:00,475.52,3376.89,137.36,10.73,102.42,55.01,26.16,87.88,running,6,0,0,6,-3.1957,8.0638,-6.9734,0
PUMP-CRITICAL,2026-01-04T07:35:00,483.21,3573.6,135.11,13.57,109.74,54.83,26.49,79.34,running,6,0,1,6,2.8317,-2.2546,7.3194,0
PUMP-CRITICAL,2026-01-04T07:40:00,479.17,3175.61,129.31,14.75,106.28,56.18,26.92,85.36,running,6,0,4,6,1.1873,-5.7947,-3.4578,0
PUMP-CRITICAL,2026-01-04T07:45:00,476.08,3500.89,136.73,14.1,116.77,55.8,26.57,84.06,running,6,0,1,6,-0.6496,7.416,10.4891,0
PUMP-CRITICAL,2026-01-04T07:50:00,472.5,3471.8,144.05,13.15,109.78,55.1,26.04,87.23,running,6,0,1,6,-0.9528,7.3191,-6.9883,0
PUMP-CRITICAL,2026-01-04T07:55:00,478.49,3496.49,138.59,11.09,120.46,56.68,27.12,83.08,running,6,0,0,6,-2.0615,-5.458,10.6756,0
PUMP-CRITICAL,2026-01-04T08:00:00,472.69,3427.94,117.3,10.86,115.69,52.44,24.79,76.1,running,6,0,2,6,-0.2313,-21.287,-4.7721,0
PUMP-CRITICAL,2026-01-04T08:05:00,467.55,3271.7,136.04,12.92,115.64,58.02,27.13,96.15,running,6,0,4,6,2.0599,18.7435,-0.046,0
PUMP-CRITICAL,2026-01-04T08:10:00,465.1,3381.01,129.53,12.32,99.04,57.76,26.86,96.8,running,6,0,2,6,-0.6033,-6.5141,-16.6072,0
PUMP-CRITICAL,2026-01-04T08:15:00,462.3,3533.25,130.0,9.46,98.45,52.61,24.32,83.67,running,6,0,1,6,-2.86,0.4705,-0.5807,0
PUMP-CRITICAL,2026-01-04T08:20:00,460.61,3424.97,141.7,9.42,107.73,53.79,24.77,88.86,running,6,0,1,6,-0.0328,11.6956,9.2803,0
PUMP-CRITICAL,2026-01-04T08:25:00,466.68,3417.34,120.9,10.52,108.54,56.59,26.41,90.13,running,6,1,1,6,1.102,-20.7946,0.8021,0
PUMP-CRITICAL,2026-01-04T08:30:00,460.27,3593.53,143.3,10.94,106.28,53.34,24.55,91.2,running,6,0,4,6,0.4107,22.4012,-2.2594,0
PUMP-CRITICAL,2026-01-04T08:35:00,461.32,3373.99,127.44,9.25,99.18,56.15,25.9,89.89,running,6,1,5,6,-1.6826,-15.8602,-7.099,0
PUMP-CRITICAL,2026-01-04T08:40:00,471.85,3299.06,132.65,10.29,116.68,54.94,25.92,89.26,running,6,0,4,6,1.0335,5.2125,17.5063,0
PUMP-CRITICAL,2026-01-04T08:45:00,464.86,3498.31,121.99,10.07,111.66,56.55,26.29,95.38,running,6,0,3,6,-0.2145,-10.6668,-5.0247,0
PUMP-CRITICAL,2026-01-04T08:50:00,454.0,3363.66,143.15,9.81,100.96,52.02,23.62,85.67,running,6,0,0,6,-0.2619,21.1571,-10.7021,0
PUMP-CRITICAL,2026-01-04T08:55:00,466.38,3428.22,138.69,8.84,107.12,54.85,25.58,78.69,running,6,0,3,6,-0.967,-4.4595,6.1603,0
PUMP-CRITICAL,2026-01-04T09:00:00,461.69,3144.36,145.59,10.25,94.42,56.46,26.07,91.81,running,6,0,0,6,1.4043,6.9056,-12.6957,0
PUMP-CRITICAL,2026-01-04T09:05:00,474.53,3514.02,116.82,15.12,110.41,55.03,26.11,80.97,running,6,0,3,6,4.8685,-28.7662,15.989,0
PUMP-CRITICAL,2026-01-04T09:10:00,454.54,3498.17,122.3,13.0,119.74,54.49,24.77,93.19,running,6,0,1,6,-2.1117,5.4764,9.3238,0
PUMP-CRITICAL,2026-01-04T09:15:00,480.73,3345.72,136.08,15.36,105.41,58.55,28.15,93.83,running,6,0,0,6,2.3602,13.7828,-14.3299,0
PUMP-CRITICAL,2026-01-04T09:20:00,473.79,3243.79,122.88,9.31,120.74,51.82,24.55,75.86,running,6,0,2,6,-6.0538,-13.203,15.3369,0
PUMP-CRITICAL,2026-01-04T09:25:00,478.24,3549.42,135.17,14.16,117.63,54.13,25.89,77.88,running,6,0,1,6,4.8533,12.2869,-3.111,0
PUMP-CRITICAL,2026-01-04T09:30:00,464.02,3244.48,132.97,15.03,100.15,52.06,24.15,83.0,running,6,0,2,6,0.8703,-2.1973,-17.4787,0
PUMP-CRITICAL,2026-01-04T09:35:00,456.36,3458.45,144.54,10.36,93.95,53.09,24.23,88.66,running,6,0,3,6,-4.6696,11.5688,-6.2058,0
PUMP-CRITICAL,2026-01-04T09:40:00,480.89,3403.8,124.83,11.61,117.03,53.21,25.59,80.55,running,6,0,0,6,1.2474,-19.7062,23.0819,0
PUMP-CRITICAL,2026-01-04T09:45:00,466.93,3439.7,132.73,15.35,100.18,53.74,25.09,78.69,running,6,0,0,6,3.7331,7.9012,-16.8528,0
PUMP-CRITICAL,2026-01-04T09:50:00,468.14,3228.38,134.14,9.46,100.94,54.72,25.62,94.87,running,6,0,0,6,-5.8873,1.408,0.7638,0
PUMP-CRITICAL,2026-01-04T09:55:00,465.2,3314.83,116.96,15.41,98.92,52.72,24.53,82.92,running,6,0,0,6,5.948,-17.1788,-2.0205,0
PUMP-CRITICAL,2026-01-04T10:00:00,459.87,3448.69,120.55,14.29,106.88,54.89,25.24,81.81,running,6,0,3,6,-1.1154,3.5881,7.9623,0
PUMP-CRITICAL,2026-01-04T10:05:00,476.13,3559.61,127.54,12.93,101.25,55.43,26.39,87.33,running,6,0,0,6,-1.3593,6.984,-5.6278,0
PUMP-CRITICAL,2026-01-04T10:10:00,476.78,3464.3,120.46,13.31,106.05,55.97,26.69,85.53,running,6,0,0,6,0.3797,-7.077,4.7981,0
PUMP-CRITICAL,2026-01-04T10:15:00,464.5,3167.79,118.58,9.21,114.07,55.65,25.85,94.44,running,6,1,3,6,-4.1047,-1.8828,8.0216,0
PUMP-CRITICAL,2026-01-04T10:20:00,467.27,3611.59,124.96,14.59,115.04,53.72,25.1,78.34,running,6,0,4,6,5.3795,6.3821,0.9713,0
PUMP-CRITICAL,2026-01-04T10:25:00,467.11,3469.21,139.64,14.02,117.26,53.98,25.22,78.25,running,6,0,2,6,-0.5638,14.6858,2.2166,0
PUMP-CRITICAL,2026-01-04T10:30:00,454.23,3155.71,135.33,11.37,100.2,50.84,23.09,80.57,running,6,0,2,6,-2.6543,-4.318,-17.0598,0
PUMP-CRITICAL,2026-01-04T10:35:00,477.02,3535.68,131.66,11.88,93.06,55.79,26.61,89.26,running,6,0,2,6,0.5116,-3.6708,-7.1459,0
PUMP-CRITICAL,2026-01-04T10:40:00,462.56,3570.56,144.75,14.57,105.04,55.14,25.5,93.46,running,6,0,1,6,2.6942,13.0974,11.9846,0
PUMP-CRITICAL,2026-01-04T10:45:00,462.43,3439.69,142.28,11.2,106.93,56.04,25.91,98.48,running,6,0,2,6,-3.3774,-2.469,1.889,0
PUMP-CRITICAL,2026-01-04T10:50:00,483.23,3483.18,139.29,10.05,118.39,56.75,27.43,97.61,running,6,0,1,6,-1.1501,-2.9958,11.4582,0
PUMP-CRITICAL,2026-01-04T10:55:00,474.31,3473.65,138.72,12.73,106.95,58.11,27.56,97.88,running,6,0,1,6,2.6876,-0.5658,-11.4363,0
PUMP-CRITICAL,2026-01-04T11:00:00,474.42,3315.99,129.26,14.59,97.6,54.41,25.81,85.83,running,6,0,2,6,1.8576,-9.4577,-9.3514,0
PUMP-CRITICAL,2026-01-04T11:05:00,481.16,3528.64,143.17,13.52,110.62,56.73,27.3,81.45,running,6,0,4,6,-1.0708,13.9103,13.0171,0
PUMP-CRITICAL,2026-01-04T11:10:00,469.33,3527.78,118.89,9.0,102.47,55.12,25.87,97.95,running,6,0,2,6,-4.5166,-24.2894,-8.1502,0
PUMP-CRITICAL,2026-01-04T11:15:00,476.77,3273.26,116.86,13.79,116.44,58.04,27.67,91.31,running,6,1,2,6,4.7818,-2.0263,13.9755,0
PUMP-CRITICAL,2026-01-04T11:20:00,463.33,3253.29,133.0,9.0,101.35,54.25,25.13,90.95,running,6,0,1,6,-4.7835,16.146,-15.0934,0
PUMP-CRITICAL,2026-01-04T11:25:00,465.9,3618.7,142.42,9.54,107.91,57.64,26.85,93.77,running,6,1,2,6,0.5366,9.4149,6.5649,0
PUMP-CRITICAL,2026-01-04T11:30:00,455.08,3161.63,130.1,9.21,115.0,52.74,24.0,78.55,running,6,1,5,6,-0.3269,-12.3153,7.0853,0
PUMP-CRITICAL,2026-01-04T11:35:00,473.16,3411.59,130.43,13.5,119.72,56.32,26.65,98.0,running,6,1,1,6,4.2869,0.3226,4.7163,0
PUMP-CRITICAL,2026-01-04T11:40:00,479.65,3437.47,138.59,10.45,101.15,53.87,25.84,84.34,running,6,0,2,6,-3.0453,8.1678,-18.5668,0
PUMP-CRITICAL,2026-01-04T11:45:00,481.68,3143.04,118.32,9.54,120.18,59.44,28.63,97.35,running,6,0,4,6,-0.9141,-20.2744,19.0359,0
PUMP-CRITICAL,2026-01-04T11:50:00,457.54,3143.58,139.67,12.07,113.78,54.85,25.1,98.38,running,6,1,5,6,2.5349,21.3492,-6.4092,0
PUMP-CRITICAL,2026-01-04T11:55:00,455.67,3533.83,137.66,10.46,100.43,53.56,24.41,93.35,running,6,1,5,6,-1.6124,-2.0091,-13.3469,0
PUMP-CRITICAL,2026-01-04T12:00:00,475.84,3344.39,128.59,11.55,100.12,55.08,26.21,84.33,running,6,0,3,6,1.0835,-9.0686,-0.31,0
PUMP-CRITICAL,2026-01-04T12:05:00,479.63,3181.24,138.38,10.7,103.36,56.24,26.98,87.2,running,6,0,0,6,-0.8451,9.7863,3.2405,0
PUMP-CRITICAL,2026-01-04T12:10:00,464.73,3150.47,135.65,14.14,102.88,56.63,26.32,92.95,running,6,0,3,6,3.4363,-2.7301,-0.4814,0
PUMP-CRITICAL,2026-01-04T12:15:00,483.09,3370.36,130.17,9.69,109.35,56.92,27.5,85.34,running,6,0,3,6,-4.4498,-5.4734,6.4761,0
PUMP-CRITICAL,2026-01-04T12:20:00,480.49,3241.09,145.96,13.02,113.14,53.19,25.56,83.79,running,6,0,0,6,3.3368,15.7884,3.788,0
PUMP-CRITICAL,2026-01-04T12:25:00,471.0,3169.97,134.23,14.75,94.67,55.68,26.22,92.19,running,6,0,1,6,1.7242,-11.736,-18.4665,0
PUMP-CRITICAL,2026-01-04T12:30:00,475.5,3390.64,142.68,8.53,113.3,53.8,25.58,78.14,running,6,1,3,6,-6.2222,8.4542,18.6223,0
PUMP-CRITICAL,2026-01-04T12:35:00,475.11,3450.56,142.92,12.84,104.13,53.65,25.49,84.94,running,6,0,2,6,4.3183,0.2419,-9.1669,0
PUMP-CRITICAL,2026-01-04T12:40:00,466.58,3523.51,119.96,15.07,97.22,54.61,25.48,93.75,running,6,0,1,6,2.2257,-22.9643,-6.9116,0
PUMP-CRITICAL,2026-01-04T12:45:00,463.82,3167.3,142.56,9.56,109.3,53.05,24.6,88.59,running,6,1,2,6,-5.5107,22.6032,12.0813,0
PUMP-CRITICAL,2026-01-04T12:50:00,461.97,3153.04,141.36,10.79,107.18,55.66,25.71,91.99,running,6,0,2,6,1.2309,-1.2044,-2.1219,0
PUMP-CRITICAL,2026-01-04T12:55:00,476.45,3358.74,132.06,12.76,93.53,56.89,27.1,95.87,running,6,0,3,6,1.9681,-9.3017,-13.6471,0
PUMP-CRITICAL,2026-01-04T13:00:00,456.08,3140.25,137.97,11.29,116.89,54.18,24.71,85.55,running,6,0,0,6,-1.4651,5.9102,23.3626,0
PUMP-CRITICAL,2026-01-04T13:05:00,458.8,3518.4,128.97,10.93,109.56,54.31,24.92,88.4,running,6,0,3,6,-0.3652,-8.9938,-7.3354,0
PUMP-CRITICAL,2026-01-04T13:10:00,477.71,3174.64,129.33,13.12,92.88,54.93,26.24,86.48,running,6,0,2,6,2.1888,0.3609,-16.6748,0
PUMP-CRITICAL,2026-01-04T13:15:00,473.77,3580.13,131.54,11.41,109.67,56.45,26.74,87.83,running,6,0,4,6,-1.7038,2.2034,16.7872,0
PUMP-CRITICAL,2026-01-04T13:20:00,474.74,3559.82,127.88,12.74,100.13,56.48,26.81,89.7,running,6,0,0,6,1.3243,-3.66,-9.5427,0
PUMP-CRITICAL,2026-01-04T13:25:00,471.33,3566.76,132.12,13.22,105.63,54.1,25.5,86.25,running,6,0,1,6,0.4801,4.2478,5.5054,0
PUMP-CRITICAL,2026-01-04T13:30:00,473.61,3517.38,128.11,15.24,106.64,54.48,25.8,94.1,running,6,0,1,6,2.026,-4.0131,1.007,0
PUMP-CRITICAL,2026-01-04T13:35:00,464.37,3221.17,135.51,9.25,93.23,54.47,25.29,96.92,running,6,0,3,6,-5.9955,7.3942,-13.4067,0
PUMP-CRITICAL,2026-01-04T13:40:00,473.06,3311.21,122.85,13.8,97.46,55.48,26.25,87.49,running,6,0,1,6,4.5564,-12.656,4.23,0
PUMP-CRITICAL,2026-01-04T13:45:00,453.82,3394.52,131.19,14.42,115.09,53.47,24.27,77.31,running,6,0,0,6,0.615,8.3416,17.6273,0
PUMP-CRITICAL,2026-01-04T13:50:00,474.4,3464.03,137.57,12.64,93.27,58.78,27.88,95.9,running,6,0,1,6,-1.7777,6.3744,-21.8204,0
PUMP-CRITICAL,2026-01-04T13:55:00,480.86,3228.06,134.74,9.76,95.22,55.34,26.61,93.54,running,6,1,1,6,-2.8844,-2.8303,1.9476,0
PUMP-CRITICAL,2026-01-04T14:00:00,465.82,3551.41,132.68,9.38,107.1,56.33,26.24,97.81,running,6,0,4,6,-0.3784,-2.0596,11.8822,0
PUMP-CRITICAL,2026-01-04T14:05:00,480.92,3405.04,132.62,14.52,114.93,58.12,27.95,96.76,running,6,1,3,6,5.1423,-0.0576,7.8281,0
PUMP-CRITICAL,2026-01-04T14:10:00,464.44,3153.85,125.79,15.45,101.15,53.83,25.0,93.16,running,6,0,4,6,0.928,-6.8314,-13.7783,0
PUMP-CRITICAL,2026-01-04T14:15:00,474.27,3451.67,128.02,13.24,108.81,56.14,26.63,89.35,running,6,0,3,6,-2.2116,2.2354,7.6596,0
PUMP-CRITICAL,2026-01-04T14:20:00,458.62,3389.69,141.39,14.59,106.52,53.3,24.45,86.42,running,6,0,0,6,1.3522,13.3656,-2.2911,0
PUMP-CRITICAL,2026-01-04T14:25:00,479.22,3541.34,118.79,12.31,99.28,56.43,27.04,83.55,running,6,0,3,6,-2.2766,-22.5966,-7.236,0
PUMP-CRITICAL,2026-01-04T14:30:00,483.22,3551.52,139.58,11.43,94.16,56.04,27.08,77.5,running,6,0,4,6,-0.8861,20.7846,-5.121,0
PUMP-CRITICAL,2026-01-04T14:35:00,478.77,3548.39,131.09,11.37,96.52,53.49,25.61,83.44,running,6,0,3,6,-0.0591,-8.4816,2.3614,0
PUMP-CRITICAL,2026-01-04T14:40:00,478.65,3228.85,141.5,14.77,118.66,54.78,26.22,87.69,running,6,0,3,6,3.4021,10.4038,22.1414,0
PUMP-CRITICAL,2026-01-04T14:45:00,461.48,3313.61,125.49,11.97,115.65,53.85,24.85,81.37,running,6,0,2,6,-2.7947,-16.0116,-3.0115,0
PUMP-CRITICAL,2026-01-04T14:50:00,457.25,3183.31,125.64,10.1,112.19,53.0,24.23,78.08,running,6,1,3,6,-1.8702,0.1568,-3.4625,0
PUMP-CRITICAL,2026-01-04T14:55:00,481.75,3458.02,133.35,13.87,93.88,55.43,26.7,94.65,running,6,1,1,6,3.763,7.7053,-18.3093,0
PUMP-CRITICAL,2026-01-04T15:00:00,464.43,3173.81,141.53,11.5,107.76,54.8,25.45,82.5,running,6,0,4,6,-2.3626,8.1779,13.8779,0
PUMP-CRITICAL,2026-01-04T15:05:00,455.47,3583.04,120.31,9.78,95.41,55.34,25.21,87.04,running,6,0,3,6,-1.7269,-21.2137,-12.3521,0
PUMP-CRITICAL,2026-01-04T15:10:00,454.81,3278.64,143.42,8.93,110.33,55.2,25.11,89.88,running,6,0,4,6,-0.8441,23.1051,14.9253,0
PUMP-CRITICAL,2026-01-04T15:15:00,481.15,3201.64,138.48,10.17,115.96,57.77,27.8,98.59,running,6,0,0,6,1.2371,-4.9355,5.6268,0
PUMP-CRITICAL,2026-01-04T15:20:00,463.21,3367.71,133.57,10.23,94.95,56.24,26.05,89.2,running,6,0,4,6,0.0612,-4.9085,-21.0111,0
PUMP-CRITICAL,2026-01-04T15:25:00,454.27,3158.11,140.51,9.07,111.25,52.48,23.84,85.69,running,6,0,4,6,-1.1576,6.9373,16.3,0
PUMP-CRITICAL,2026-01-04T15:30:00,453.87,3556.47,136.82,14.2,116.6,55.08,25.0,91.79,running,6,0,3,6,5.1228,-3.6866,5.3536,0
PUMP-CRITICAL,2026-01-04T15:35:00,469.43,3350.09,116.57,10.58,113.91,57.12,26.81,90.36,running,6,0,4,6,-3.6204,-20.2554,-2.6911,0
PUMP-CRITICAL,2026-01-04T15:40:00,472.47,3461.71,138.69,15.41,99.59,53.56,25.31,89.8,running,6,1,1,6,4.8347,22.1245,-14.3176,0
PUMP-CRITICAL,2026-01-04T15:45:00,453.9,3322.68,124.05,11.64,99.55,53.13,24.12,93.66,running,6,0,0,6,-3.7721,-14.6486,-0.0436,0
PUMP-CRITICAL,2026-01-04T15:50:00,470.67,3570.69,120.38,11.4,106.74,58.4,27.48,97.7,running,6,0,3,6,-0.2377,-3.6673,7.1924,0
PUMP-CRITICAL,2026-01-04T15:55:00,480.6,3450.5,120.5,8.94,92.42,53.5,25.71,77.33,running,6,0,1,6,-2.4578,0.1264,-14.3243,0
PUMP-CRITICAL,2026-01-04T16:00:00,467.79,3267.88,144.59,10.49,108.64,54.76,25.62,77.52,running,6,0,2,6,1.5462,24.086,16.2249,0
PUMP-CRITICAL,2026-01-04T16:05:00,476.56,3351.08,137.74,13.87,119.74,55.78,26.58,80.77,running,6,0,3,6,3.3821,-6.8495,11.1001,0
PUMP-CRITICAL,2026-01-04T16:10:00,460.6,3536.65,127.84,12.26,117.32,52.52,24.19,84.81,running,6,1,3,6,-1.6077,-9.9019,-2.4263,0
PUMP-CRITICAL,2026-01-04T16:15:00,477.9,3463.01,135.8,11.74,102.51,55.33,26.44,91.0,running,6,0,3,6,-0.5271,7.9572,-14.8074,0
PUMP-CRITICAL,2026-01-04T16:20:00,455.11,3228.05,120.24,10.51,111.83,54.57,24.84,92.55,running,6,0,4,6,-1.2245,-15.5583,9.3205,0
PUMP-CRITICAL,2026-01-04T16:25:00,478.65,3324.7,130.81,14.42,97.84,53.79,25.75,79.03,running,6,0,2,6,3.9038,10.5679,-13.9888,0
PUMP-CRITICAL,2026-01-04T16:30:00,482.91,3607.85,124.23,11.67,111.62,57.21,27.63,97.69,running,6,0,4,6,-2.7518,-6.5783,13.7796,0
PUMP-CRITICAL,2026-01-04T16:35:00,453.97,3211.37,137.66,10.5,115.36,54.47,24.73,97.31,running,6,0,4,6,-1.1673,13.4341,3.7353,0
PUMP-CRITICAL,2026-01-04T16:40:00,476.83,3228.52,129.61,8.84,110.05,54.36,25.92,87.89,running,6,0,2,6,-1.6564,-8.0535,-5.3004,0
PUMP-CRITICAL,2026-01-04T16:45:00,472.71,3579.62,127.39,13.35,103.1,55.94,26.45,91.84,running,6,0,1,6,4.5069,-2.2154,-6.9545,0
PUMP-CRITICAL,2026-01-04T16:50:00,479.56,3515.88,138.97,13.14,113.53,54.7,26.23,83.5,running,6,1,2,6,-0.204,11.5813,10.4323,0
PUMP-CRITICAL,2026-01-04T16:55:00,471.6,3220.2,145.45,14.84,102.65,53.83,25.39,91.06,running,6,1,4,6,1.6941,6.4749,-10.8852,0
PUMP-CRITICAL,2026-01-04T17:00:00,473.72,3627.9,120.52,12.28,95.89,55.94,26.5,97.52,running,6,1,5,6,-2.5577,-24.9326,-6.7543,0
PUMP-CRITICAL,2026-01-04T17:05:00,464.57,3171.51,127.54,12.71,98.0,56.7,26.34,93.39,running,6,0,1,6,0.4342,7.0281,2.1095,0
PUMP-CRITICAL,2026-01-04T17:10:00,481.07,3454.29,126.35,10.49,118.1,53.62,25.8,82.29,running,6,0,3,6,-2.2261,-1.1896,20.0926,0
PUMP-CRITICAL,2026-01-04T17:15:00,473.98,3300.21,142.13,12.52,99.67,56.19,26.63,83.17,running,6,1,2,6,2.0295,15.7717,-18.4279,0
PUMP-CRITICAL,2026-01-04T17:20:00,475.34,3556.27,130.84,11.92,103.1,55.15,26.22,86.45,running,6,0,2,6,-0.5975,-11.2818,3.4303,0
PUMP-CRITICAL,2026-01-04T17:25:00,458.37,3438.24,118.22,13.57,119.78,53.29,24.43,94.33,running,6,0,3,6,1.6519,-12.6291,16.6829,0
PUMP-CRITICAL,2026-01-04T17:30:00,458.62,3572.96,127.5,9.93,100.16,53.83,24.69,84.32,running,6,0,4,6,-3.6422,9.2802,-19.6182,0
PUMP-CRITICAL,2026-01-04T17:35:00,475.15,3574.22,127.27,14.48,98.93,57.74,27.43,91.72,running,6,0,0,6,4.5526,-0.2278,-1.2348,0
PUMP-CRITICAL,2026-01-04T17:40:00,479.6,3271.42,128.35,14.42,114.89,55.8,26.76,96.92,running,6,0,1,6,-0.0657,1.0819,15.958,0
PUMP-CRITICAL,2026-01-04T17:45:00,467.04,3157.63,137.95,10.09,93.52,52.31,24.43,76.49,running,6,1,1,6,-4.3273,9.5987,-21.3628,0
PUMP-CRITICAL,2026-01-04T17:50:00,478.34,3430.38,118.17,12.67,99.03,55.46,26.53,79.42,running,6,0,0,6,2.5794,-19.7833,5.5039,0
PUMP-CRITICAL,2026-01-04T17:55:00,456.81,3231.41,137.26,9.05,121.31,55.61,25.4,93.44,running,6,0,4,6,-3.6207,19.0958,22.2869,0
PUMP-CRITICAL,2026-01-04T18:00:00,456.63,3394.34,132.06,10.46,115.12,55.94,25.54,90.2,running,6,1,1,6,1.4105,-5.1993,-6.19,0
PUMP-CRITICAL,2026-01-04T18:05:00,482.72,3240.81,143.13,11.59,100.82,55.69,26.88,86.1,running,6,0,2,6,1.1318,11.0663,-14.2988,0
PUMP-CRITICAL,2026-01-04T18:10:00,472.74,3565.85,133.82,10.88,96.26,54.48,25.75,93.77,running,6,0,0,6,-0.7161,-9.3111,-4.5634,0
PUMP-CRITICAL,2026-01-04T18:15:00,469.52,3602.8,123.06,10.56,106.53,52.23,24.52,79.24,running,6,0,1,6,-0.311,-10.7557,10.2726,0
PUMP-CRITICAL,2026-01-04T18:20:00,454.95,3479.26,139.28,11.36,95.8,53.05,24.14,83.9,running,6,0,1,6,0.7935,16.2141,-10.7379,0
PUMP-CRITICAL,2026-01-04T18:25:00,468.3,3541.48,127.93,13.47,121.35,53.65,25.12,82.63,running,6,0,2,6,2.1156,-11.3479,25.5516,0
PUMP-CRITICAL,2026-01-04T18:30:00,464.67,3293.26,126.04,14.53,100.45,54.92,25.52,87.68,running,6,0,4,6,1.0532,-1.892,-20.8945,0
PUMP-CRITICAL,2026-01-04T18:35:00,463.86,3608.42,122.53,15.33,100.43,54.46,25.26,96.8,running,6,0,0,6,0.8039,-3.5007,-0.0244,0
PUMP-CRITICAL,2026-01-04T18:40:00,456.51,3505.13,140.04,11.64,92.08,55.97,25.55,91.38,running,6,0,2,6,-3.6919,17.5009,-8.3503,0
PUMP-CRITICAL,2026-01-04T18:45:00,470.62,3555.24,141.78,15.42,101.58,52.2,24.57,76.03,running,6,0,4,6,3.7817,1.7416,9.4977,0
PUMP-CRITICAL,2026-01-04T18:50:00,480.64,3296.36,144.09,10.73,108.31,54.1,26.0,82.0,running,6,0,4,6,-4.6937,2.3159,6.7389,0
PUMP-CRITICAL,2026-01-04T18:55:00,459.05,3478.36,122.31,15.36,118.21,53.98,24.78,90.58,running,6,0,3,6,4.6367,-21.7814,9.8968,0
PUMP-CRITICAL,2026-01-04T19:00:00,461.92,3344.78,119.41,13.36,116.45,51.82,23.94,79.95,running,6,0,1,6,-2.0003,-2.9041,-1.7604,0
PUMP-CRITICAL,2026-01-04T19:05:00,465.59,3366.13,132.03,9.59,97.47,53.99,25.14,78.59,running,6,1,1,6,-3.77,12.6204,-18.9819,0
PUMP-CRITICAL,2026-01-04T19:10:00,468.31,3560.36,141.39,12.09,95.84,53.07,24.86,79.37,running,6,0,1,6,2.4975,9.3612,-1.6262,0
PUMP-CRITICAL,2026-01-04T19:15:00,466.72,3376.64,140.69,12.09,103.65,52.08,24.31,78.98,running,6,0,4,6,0.002,-0.703,7.8039,0
PUMP-CRITICAL,2026-01-04T19:20:00,470.78,3231.64,128.84,10.97,111.58,57.85,27.23,98.88,running,6,0,1,6,-1.1211,-11.8466,7.9284,0
PUMP-CRITICAL,2026-01-04T19:25:00,467.2,3190.58,118.06,15.01,120.53,53.53,25.01,86.0,running,6,1,4,6,4.0425,-10.7826,8.9559,0
PUMP-CRITICAL,2026-01-04T19:30:00,467.4,3459.25,126.57,14.66,104.03,54.85,25.64,80.74,running,6,0,1,6,-0.3539,8.5125,-16.5008,0
PUMP-CRITICAL,2026-01-04T19:35:00,457.54,3327.34,124.2,14.04,116.11,55.01,25.17,90.46,running,6,0,3,6,-0.6236,-2.3679,12.0822,0
PUMP-CRITICAL,2026-01-04T19:40:00,461.34,3516.58,130.2,14.87,99.42,52.97,24.44,86.75,running,6,1,1,6,0.8356,5.9932,-16.695,0
PUMP-CRITICAL,2026-01-04T19:45:00,480.27,3307.17,143.56,12.22,111.53,56.4,27.09,89.64,running,6,0,3,6,-2.6471,13.3601,12.1078,0
PUMP-CRITICAL,2026-01-04T19:50:00,482.1,3439.96,136.81,12.7,107.8,56.39,27.19,79.05,running,6,0,3,6,0.4786,-6.7489,-3.7258,0
PUMP-CRITICAL,2026-01-04T19:55:00,479.62,3633.57,140.01,11.88,95.06,57.34,27.5,92.1,running,6,0,0,6,-0.8267,3.2085,-12.7362,0
PUMP-CRITICAL,2026-01-04T20:00:00,455.47,3620.83,144.83,9.96,108.22,54.75,24.94,90.03,running,6,0,4,6,-1.9128,4.8131,13.1553,0
PUMP-CRITICAL,2026-01-04T20:05:00,481.95,3574.76,128.83,13.84,105.64,55.8,26.89,94.79,running,6,0,3,6,3.8739,-16.0021,-2.5823,0
PUMP-CRITICAL,2026-01-04T20:10:00,455.05,3605.65,127.83,11.81,93.28,55.51,25.26,97.1,running,6,0,0,6,-2.0275,-0.9926,-12.3541,0
PUMP-CRITICAL,2026-01-04T20:15:00,478.43,3624.84,129.9,11.83,108.95,55.53,26.57,85.09,running,6,1,5,6,0.0222,2.0706,15.6665,0
PUMP-CRITICAL,2026-01-04T20:20:00,465.66,3417.53,141.52,12.47,114.57,54.35,25.31,85.62,running,6,0,1,6,0.6346,11.6179,5.6181,0
PUMP-CRITICAL,2026-01-04T20:25:00,476.61,3203.99,123.78,12.58,101.81,55.21,26.31,95.71,running,6,1,5,6,0.1099,-17.7452,-12.7583,0
PUMP-CRITICAL,2026-01-04T20:30:00,478.23,3501.81,121.98,9.64,113.09,57.52,27.51,87.87,running,6,0,4,6,-2.9408,-1.7979,11.2775,0
PUMP-CRITICAL,2026-01-04T20:35:00,472.3,3284.1,121.59,14.42,106.9,52.89,24.98,82.6,running,6,1,2,6,4.7862,-0.392,-6.1904,0
PUMP-CRITICAL,2026-01-04T20:40:00,481.4,3181.49,130.96,10.44,120.71,54.33,26.15,84.67,running,6,0,1,6,-3.9842,9.3715,13.8149,0
PUMP-CRITICAL,2026-01-04T20:45:00,461.44,3293.07,121.25,12.06,115.93,55.51,25.61,98.17,running,6,0,1,6,1.6251,-9.7063,-4.7855,0
PUMP-CRITICAL,2026-01-04T20:50:00,460.43,3228.7,126.67,9.8,117.51,53.89,24.81,95.8,running,6,0,0,6,-2.2629,5.4146,1.5866,0
PUMP-CRITICAL,2026-01-04T20:55:00,453.82,3500.85,125.55,8.59,97.87,55.59,25.23,96.98,running,6,0,4,6,-1.2135,-1.1169,-19.6448,0
PUMP-CRITICAL,2026-01-04T21:00:00,458.59,3414.3,127.96,12.31,110.8,53.12,24.36,83.01,running,6,0,1,6,3.7204,2.4145,12.9301,0
PUMP-CRITICAL,2026-01-04T21:05:00,476.47,3559.27,139.11,13.69,92.2,57.67,27.48,91.72,running,6,0,3,6,1.3812,11.1432,-18.5952,0
PUMP-CRITICAL,2026-01-04T21:10:00,458.0,3239.83,121.14,8.9,118.04,52.24,23.93,87.0,running,6,0,3,6,-4.7925,-17.9684,25.8334,0
PUMP-CRITICAL,2026-01-04T21:15:00,454.42,3553.77,120.16,12.83,111.28,54.39,24.71,94.01,running,6,0,1,6,3.9336,-0.9741,-6.7597,0
PUMP-CRITICAL,2026-01-04T21:20:00,479.83,3312.77,135.66,13.74,94.09,58.21,27.93,95.97,running,6,0,2,6,0.915,15.495,-17.1815,0
PUMP-CRITICAL,2026-01-04T21:25:00,468.99,3555.31,120.24,12.25,120.84,56.96,26.71,91.59,running,6,1,3,6,-1.4944,-15.4163,26.7478,0
PUMP-CRITICAL,2026-01-04T21:30:00,470.02,3179.22,134.94,9.88,97.12,56.89,26.74,97.2,running,6,1,3,6,-2.3714,14.6993,-23.726,0
PUMP-CRITICAL,2026-01-04T21:35:00,469.62,3138.73,126.71,11.23,103.39,55.5,26.06,84.81,running,6,0,4,6,1.3496,-8.235,6.2773,0
PUMP-CRITICAL,2026-01-04T21:40:00,473.81,3501.19,139.84,9.94,113.95,55.97,26.52,83.23,running,6,0,2,6,-1.2869,13.1366,10.5526,0
PUMP-CRITICAL,2026-01-04T21:45:00,461.27,3199.3,118.78,12.15,108.83,57.56,26.55,98.1,running,6,0,3,6,2.2083,-21.065,-5.1191,0
PUMP-CRITICAL,2026-01-04T21:50:00,464.74,3477.9,124.95,10.19,105.66,55.19,25.65,93.29,running,6,0,4,6,-1.9636,6.1684,-3.1709,0
PUMP-CRITICAL,2026-01-04T21:55:00,460.04,3527.93,131.21,15.54,114.84,54.09,24.89,97.77,running,6,0,3,6,5.3489,6.2612,9.1814,0
PUMP-CRITICAL,2026-01-04T22:00:00,463.31,3482.78,143.16,12.88,115.8,54.11,25.07,87.26,running,6,0,1,6,-2.6564,11.9483,0.9663,0
PUMP-CRITICAL,2026-01-04T22:05:00,481.44,3202.24,134.67,10.42,108.25,55.89,26.91,76.69,running,6,0,3,6,-2.463,-8.4863,-7.5567,0
PUMP-CRITICAL,2026-01-04T22:10:00,471.23,3398.79,126.7,10.99,102.51,54.09,25.49,89.81,running,6,0,3,6,0.578,-7.9695,-5.7367,0
PUMP-CRITICAL,2026-01-04T22:15:00,460.78,3600.66,125.59,14.4,112.24,56.89,26.21,95.94,running,6,0,1,6,3.407,-1.1157,9.7295,0
PUMP-CRITICAL,2026-01-04T22:20:00,479.68,3508.17,117.57,14.42,98.42,54.03,25.92,84.11,running,6,0,3,6,0.0185,-8.016,-13.8222,0
PUMP-CRITICAL,2026-01-04T22:25:00,472.78,3244.37,146.15,9.68,104.39,54.63,25.83,88.57,running,6,0,2,6,-4.7367,28.5778,5.9774,0
PUMP-CRITICAL,2026-01-04T22:30:00,479.12,3523.85,119.19,9.94,95.95,54.5,26.11,85.98,running,6,1,3,6,0.2606,-26.9561,-8.4452,0
PUMP-CRITICAL,2026-01-04T22:35:00,483.27,3192.49,132.86,13.95,116.59,55.76,26.95,84.85,running,6,0,1,6,4.0023,13.6664,20.6439,0
PUMP-CRITICAL,2026-01-04T22:40:00,462.68,3465.06,136.19,9.44,113.48,53.89,24.94,82.95,running,6,0,4,6,-4.5017,3.3332,-3.1089,0
PUMP-CRITICAL,2026-01-04T22:45:00,459.9,3297.78,129.78,12.38,99.75,53.52,24.61,80.65,running,6,0,0,6,2.9351,-6.4096,-13.7318,0
PUMP-CRITICAL,2026-01-04T22:50:00,474.45,3460.17,142.56,12.06,112.32,56.48,26.8,87.46,running,6,0,1,6,-0.3165,12.7835,12.5713,0
PUMP-CRITICAL,2026-01-04T22:55:00,459.39,3411.54,132.58,13.76,106.33,51.33,23.58,76.96,running,6,1,2,6,1.6972,-9.9833,-5.9977,0
PUMP-CRITICAL,2026-01-04T23:00:00,479.35,3499.32,143.65,9.84,93.59,56.78,27.22,86.04,running,6,0,3,6,-3.9218,11.0711,-12.7379,0
PUMP-CRITICAL,2026-01-04T23:05:00,480.84,3505.3,124.13,11.97,109.74,56.94,27.38,94.95,running,6,0,3,6,2.1312,-19.5184,16.1474,0
PUMP-CRITICAL,2026-01-04T23:10:00,475.31,3344.97,128.87,10.38,93.01,55.55,26.41,81.99,running,6,0,4,6,-1.5854,4.7387,-16.7223,0
PUMP-CRITICAL,2026-01-04T23:15:00,454.2,3447.76,117.25,12.91,94.79,52.09,23.66,82.98,running,6,0,4,6,2.5308,-11.6249,1.7738,0
PUMP-CRITICAL,2026-01-04T23:20:00,466.6,3586.47,134.56,11.85,113.12,53.56,24.99,89.56,running,6,0,0,6,-1.062,17.3154,18.332,0
PUMP-CRITICAL,2026-01-04T23:25:00,460.61,3180.43,139.67,14.3,119.58,55.17,25.41,97.16,running,6,0,1,6,2.4471,5.107,6.4575,0
PUMP-CRITICAL,2026-01-04T23:30:00,467.46,3157.12,125.29,12.74,118.97,52.99,24.77,88.33,running,6,1,2,6,-1.5601,-14.3757,-0.6036,0
PUMP-CRITICAL,2026-01-04T23:35:00,466.71,3248.11,128.99,13.29,111.38,52.48,24.49,83.15,running,6,0,1,6,0.5508,3.6923,-7.59,0
PUMP-CRITICAL,2026-01-04T23:40:00,460.45,3239.98,135.24,12.03,101.45,53.66,24.71,93.81,running,6,0,1,6,-1.2613,6.2563,-9.9332,0
PUMP-CRITICAL,2026-01-04T23:45:00,454.75,3297.52,123.14,13.06,97.53,53.46,24.31,81.3,running,6,0,1,6,1.0339,-12.1001,-3.9164,0
PUMP-CRITICAL,2026-01-04T23:50:00,482.67,3507.77,141.57,8.68,109.32,55.9,26.98,76.24,running,6,0,4,6,-4.3834,18.4298,11.783,0
PUMP-CRITICAL,2026-01-04T23:55:00,473.68,3165.73,128.48,9.9,101.96,53.46,25.32,85.33,running,6,0,1,6,1.2184,-13.098,-7.3611,0
PUMP-CRITICAL,2026-01-05T00:00:00,458.67,3485.34,140.63,15.38,92.41,56.94,26.12,97.01,running,6,0,3,6,5.4778,12.153,-9.5473,0
PUMP-CRITICAL,2026-01-05T00:05:00,456.62,3340.86,131.42,10.1,120.6,52.29,23.87,80.0,running,6,0,2,6,-5.2731,-9.2112,28.1883,0
PUMP-CRITICAL,2026-01-05T00:10:00,478.3,3390.16,120.01,9.03,97.34,54.72,26.17,90.58,running,6,0,2,6,-1.0728,-11.4049,-23.2613,0
PUMP-CRITICAL,2026-01-05T00:15:00,476.89,3469.23,121.15,12.08,112.06,56.83,27.1,92.23,running,6,1,5,6,3.0485,1.1421,14.7228,0
PUMP-CRITICAL,2026-01-05T00:20:00,457.88,3312.06,141.98,14.72,121.19,55.39,25.36,95.97,running,6,0,2,6,2.6467,20.8279,9.1314,0
PUMP-CRITICAL,2026-01-05T00:25:00,456.28,3261.54,134.86,11.84,102.64,53.45,24.39,91.95,running,6,2,4,6,-2.8854,-7.1195,-18.5544,0
PUMP-CRITICAL,2026-01-05T00:30:00,463.18,3158.07,144.29,13.79,100.19,51.0,23.62,76.49,running,6,1,4,6,1.9514,9.4269,-2.4409,0
PUMP-CRITICAL,2026-01-05T00:35:00,466.66,3621.11,129.34,13.2,94.55,53.24,24.85,78.08,running,6,1,1,6,-0.5867,-14.9524,-5.64,0
PUMP-CRITICAL,2026-01-05T00:40:00,466.11,3336.0,117.23,10.38,111.88,54.99,25.63,96.26,running,6,0,3,6,-2.8225,-12.1029,17.3262,0
PUMP-CRITICAL,2026-01-05T00:45:00,458.9,3382.15,125.13,11.08,93.9,54.37,24.95,95.51,running,6,0,0,6,0.7006,7.8996,-17.9772,0
PUMP-CRITICAL,2026-01-05T00:50:00,474.45,3216.8,125.88,14.51,99.87,54.78,25.99,90.78,running,6,1,2,6,3.4287,0.7454,5.9648,0
PUMP-CRITICAL,2026-01-05T00:55:00,467.37,3601.65,135.52,10.59,106.4,58.38,27.28,97.67,running,6,1,3,6,-3.9178,9.6406,6.5297,0
PUMP-CRITICAL,2026-01-05T01:00:00,472.09,3418.88,117.33,12.67,115.71,57.64,27.21,92.24,running,6,1,4,6,2.0809,-18.1886,9.3162,0
PUMP-CRITICAL,2026-01-05T01:05:00,477.98,3559.15,137.06,12.27,115.69,52.73,25.21,78.5,running,6,0,2,6,-0.4015,19.7269,-0.0214,0
PUMP-CRITICAL,2026-01-05T01:10:00,472.05,3465.92,135.59,8.8,107.42,52.7,24.88,79.42,running,6,1,3,6,-3.4745,-1.4651,-8.2695,0
PUMP-CRITICAL,2026-01-05T01:15:00,468.86,3198.47,124.93,11.49,108.72,54.28,25.45,94.21,running,6,0,4,6,2.6896,-10.6601,1.2924,0
PUMP-CRITICAL,2026-01-05T01:20:00,463.81,3515.03,121.36,9.53,106.06,54.79,25.41,89.78,running,6,0,3,6,-1.9619,-3.57,-2.6531,0
PUMP-CRITICAL,2026-01-05T01:25:00,473.21,3327.2,123.59,9.81,114.46,54.17,25.63,86.88,running,6,0,0,6,0.289,2.229,8.4012,0
PUMP-CRITICAL,2026-01-05T01:30:00,480.24,3257.02,134.22,9.97,115.02,56.01,26.9,94.95,running,6,0,0,6,0.1568,10.6295,0.5601,0
PUMP-CRITICAL,2026-01-05T01:35:00,470.36,3355.23,131.04,14.84,121.17,53.91,25.36,91.88,running,6,0,0,6,4.8635,-3.1768,6.1421,0
PUMP-CRITICAL,2026-01-05T01:40:00,463.07,3238.39,140.61,10.73,102.06,54.14,25.07,87.73,running,6,0,4,6,-4.1057,9.5628,-19.1081,0
PUMP-CRITICAL,2026-01-05T01:45:00,477.89,3366.53,132.7,10.94,108.54,53.48,25.56,79.18,running,6,0,2,6,0.2131,-7.9032,6.4855,0
PUMP-CRITICAL,2026-01-05T01:50:00,481.57,3203.29,118.12,13.4,112.24,59.42,28.61,97.91,running,6,0,0,6,2.4616,-14.5846,3.6962,0
PUMP-CRITICAL,2026-01-05T01:55:00,476.54,3201.9,126.46,9.1,104.7,54.17,25.81,83.48,running,6,0,3,6,-4.3063,8.3428,-7.5348,0
PUMP-CRITICAL,2026-01-05T02:00:00,461.52,3300.11,126.76,13.72,107.61,55.27,25.51,94.41,running,6,0,4,6,4.6268,0.2968,2.9039,0
PUMP-CRITICAL,2026-01-05T02:05:00,478.69,3318.55,143.01,10.48,117.24,54.76,26.22,80.09,degraded,6,0,5,6,-3.2469,16.2462,9.6332,0
PUMP-CRITICAL,2026-01-05T02:10:00,474.77,3291.62,122.28,12.62,101.19,52.09,24.73,76.92,degraded,6,0,3,6,2.1401,-20.7254,-16.0529,0
PUMP-CRITICAL,2026-01-05T02:15:00,456.19,3349.43,123.68,11.75,97.71,55.46,25.3,98.23,degraded,6,0,5,6,-0.8653,1.398,-3.4771,0
PUMP-CRITICAL,2026-01-05T02:20:00,470.82,3148.87,117.17,12.92,91.88,57.09,26.88,90.54,degraded,6,0,2,6,1.1695,-6.5057,-5.8322,0
PUMP-CRITICAL,2026-01-05T02:25:00,461.38,3217.36,132.33,10.5,108.36,54.51,25.15,93.05,degraded,6,0,1,6,-2.4236,15.1532,16.4781,0
PUMP-CRITICAL,2026-01-05T02:30:00,465.22,3370.71,141.62,13.27,96.67,52.46,24.41,76.12,degraded,6,0,5,6,2.7741,9.2942,-11.6896,0
PUMP-CRITICAL,2026-01-05T02:35:00,457.44,3206.72,132.22,11.59,100.16,52.73,24.12,91.8,degraded,6,0,4,6,-1.6855,-9.3999,3.4904,0
PUMP-CRITICAL,2026-01-05T02:40:00,480.97,3210.38,124.91,15.05,115.54,54.68,26.3,82.62,degraded,6,0,2,6,3.4602,-7.3123,15.385,0
PUMP-CRITICAL,2026-01-05T02:45:00,463.76,3144.74,137.15,11.84,116.81,55.75,25.85,87.91,degraded,6,0,2,6,-3.2082,12.2429,1.2681,0
PUMP-CRITICAL,2026-01-05T02:50:00,458.41,3551.68,125.02,10.35,102.43,52.64,24.13,83.69,degraded,6,0,1,6,-1.4867,-12.1255,-14.3839,0
PUMP-CRITICAL,2026-01-05T02:55:00,473.95,3352.3,143.27,14.15,103.77,54.65,25.9,80.48,degraded,6,1,3,6,3.8013,18.2431,1.347,0
PUMP-CRITICAL,2026-01-05T03:00:00,458.51,3153.05,121.99,15.0,93.84,52.39,24.02,76.8,degraded,6,0,5,6,0.8431,-21.2815,-9.9377,0
PUMP-CRITICAL,2026-01-05T03:05:00,480.17,3482.87,134.24,15.08,97.7,54.51,26.17,88.37,degraded,6,0,1,6,0.0828,12.2577,3.8675,0
PUMP-CRITICAL,2026-01-05T03:10:00,458.38,3347.54,141.82,9.49,113.18,55.64,25.51,86.2,degraded,6,0,3,6,-5.5851,7.5722,15.4752,0
PUMP-CRITICAL,2026-01-05T03:15:00,477.65,3402.57,144.8,10.63,116.62,58.68,28.03,95.28,degraded,6,0,4,6,1.1353,2.9852,3.4377,0
PUMP-CRITICAL,2026-01-05T03:20:00,464.35,3393.2,124.02,10.75,114.0,54.57,25.34,87.29,degraded,6,0,3,6,0.122,-20.7825,-2.6178,0
PUMP-CRITICAL,2026-01-05T03:25:00,471.47,3172.31,145.58,9.95,93.94,56.58,26.68,94.85,degraded,6,0,4,6,-0.7986,21.5573,-20.0638,0
PUMP-CRITICAL,2026-01-05T03:30:00,478.23,3370.23,125.87,10.29,108.86,54.15,25.9,83.62,degraded,6,0,2,6,0.3377,-19.7107,14.9266,0
PUMP-CRITICAL,2026-01-05T03:35:00,459.11,3247.78,129.69,10.37,111.24,50.43,23.15,77.89,degraded,6,1,2,6,0.0803,3.8289,2.3757,0
PUMP-CRITICAL,2026-01-05T03:40:00,463.72,3145.52,136.75,15.49,119.18,52.87,24.52,78.27,degraded,6,0,1,6,5.1191,7.055,7.9463,0
PUMP-CRITICAL,2026-01-05T03:45:00,464.68,3556.67,132.27,9.29,106.88,52.1,24.21,82.49,degraded,6,0,2,6,-6.2022,-4.4825,-12.3071,0
PUMP-CRITICAL,2026-01-05T03:50:00,457.44,3224.71,122.82,11.18,102.97,54.53,24.94,95.54,degraded,6,0,5,6,1.8885,-9.4506,-3.908,0
PUMP-CRITICAL,2026-01-05T03:55:00,456.8,3402.31,140.32,14.35,99.55,52.58,24.02,83.26,degraded,6,0,3,6,3.1726,17.5025,-3.4205,0
PUMP-CRITICAL,2026-01-05T04:00:00,457.67,3324.34,131.79,9.88,111.59,52.97,24.24,83.12,degraded,6,0,1,6,-4.4646,-8.5247,12.0442,0
PUMP-CRITICAL,2026-01-05T04:05:00,473.54,3535.73,144.12,9.19,96.95,53.55,25.36,86.77,degraded,6,0,3,6,-0.6984,12.3217,-14.6386,0
PUMP-CRITICAL,2026-01-05T04:10:00,457.86,3490.84,134.75,9.13,112.28,51.13,23.41,77.59,degraded,6,0,5,6,-0.0559,-9.3652,15.3278,0
PUMP-CRITICAL,2026-01-05T04:15:00,480.7,3244.85,145.54,8.97,107.94,54.63,26.26,84.49,degraded,6,0,3,6,-0.1647,10.7856,-4.3396,0
PUMP-CRITICAL,2026-01-05T04:20:00,475.32,3407.23,133.67,15.22,111.44,55.78,26.51,97.56,degraded,6,0,1,6,6.2509,-11.8676,3.4951,0
PUMP-CRITICAL,2026-01-05T04:25:00,457.1,3221.46,125.44,15.15,110.04,52.51,24.0,86.08,degraded,6,0,2,6,-0.0638,-8.2311,-1.3938,0
PUMP-CRITICAL,2026-01-05T04:30:00,461.94,3247.24,139.46,13.22,107.84,56.66,26.17,98.13,degraded,6,1,5,6,-1.9298,14.0224,-2.2039,0
PUMP-CRITICAL,2026-01-05T04:35:00,481.14,3280.49,117.64,12.64,102.44,57.96,27.89,92.86,degraded,6,0,4,6,-0.5871,-21.818,-5.4048,0
PUMP-CRITICAL,2026-01-05T04:40:00,464.45,3600.69,117.52,10.39,114.98,56.27,26.13,90.86,degraded,6,0,3,6,-2.2504,-0.1199,12.5424,0
PUMP-CRITICAL,2026-01-05T04:45:00,480.85,3214.1,144.98,10.68,95.19,55.43,26.65,79.88,degraded,6,0,3,6,0.2986,27.4581,-19.7892,0
PUMP-CRITICAL,2026-01-05T04:50:00,478.2,3254.8,124.41,13.75,110.14,56.62,27.08,86.32,degraded,6,1,6,6,3.0653,-20.5705,14.9501,0
PUMP-CRITICAL,2026-01-05T04:55:00,471.66,3321.67,125.3,8.86,102.69,55.8,26.32,89.13,degraded,6,0,2,6,-4.8862,0.8928,-7.4483,0
PUMP-CRITICAL,2026-01-05T05:00:00,458.09,3304.93,146.32,13.19,115.36,51.88,23.76,83.84,degraded,6,0,5,6,4.3288,21.0218,12.6711,0
PUMP-CRITICAL,2026-01-05T05:05:00,481.89,3506.61,120.9,8.63,109.72,54.89,26.45,85.7,degraded,6,0,2,6,-4.5592,-25.4256,-5.6365,0
PUMP-CRITICAL,2026-01-05T05:10:00,463.34,3572.84,124.24,9.18,111.31,56.39,26.13,93.56,degraded,6,0,4,6,0.5468,3.3375,1.5817,0
PUMP-CRITICAL,2026-01-05T05:15:00,464.63,3360.84,129.73,9.09,114.25,53.73,24.97,85.69,degraded,6,0,2,6,-0.0898,5.4925,2.9393,0
PUMP-CRITICAL,2026-01-05T05:20:00,457.35,3395.84,137.7,9.7,106.66,50.37,23.03,79.07,degraded,6,0,3,6,0.6095,7.9705,-7.5815,0
PUMP-CRITICAL,2026-01-05T05:25:00,478.43,3209.9,137.76,14.02,94.6,55.64,26.62,95.96,degraded,6,1,4,6,4.316,0.0639,-12.0648,0
PUMP-CRITICAL,2026-01-05T05:30:00,480.01,3390.85,136.01,14.68,120.89,58.17,27.92,92.74,degraded,6,1,4,6,0.6678,-1.7553,26.2917,0
PUMP-CRITICAL,2026-01-05T05:35:00,471.17,3416.49,119.62,15.16,102.69,55.3,26.06,93.64,degraded,6,0,5,6,0.4787,-16.3903,-18.1987,0
PUMP-CRITICAL,2026-01-05T05:40:00,456.2,3275.38,144.75,9.12,101.74,57.14,26.07,98.08,degraded,6,0,2,6,-6.0386,25.1306,-0.9558,0
PUMP-CRITICAL,2026-01-05T05:45:00,472.05,3298.52,135.66,12.81,96.72,58.2,27.47,97.45,degraded,6,0,2,6,3.6868,-9.0901,-5.0155,0
PUMP-CRITICAL,2026-01-05T05:50:00,456.84,3434.73,139.64,13.58,92.82,51.34,23.45,76.88,degraded,6,0,4,6,0.7676,3.9856,-3.9018,0
PUMP-CRITICAL,2026-01-05T05:55:00,467.2,3579.14,140.24,12.45,110.27,54.55,25.49,87.41,degraded,6,0,1,6,-1.1289,0.5994,17.4473,0
PUMP-CRITICAL,2026-01-05T06:00:00,453.8,3370.09,141.99,15.11,94.59,54.47,24.72,93.8,degraded,6,0,1,6,2.6661,1.7438,-15.6744,0
PUMP-CRITICAL,2026-01-05T06:05:00,461.9,3500.4,130.4,12.64,108.6,53.91,24.9,91.94,degraded,6,0,4,6,-2.4752,-11.5849,14.0052,0
PUMP-CRITICAL,2026-01-05T06:10:00,456.97,3340.69,143.11,10.93,102.26,54.99,25.13,92.03,degraded,6,0,5,6,-1.7097,12.7039,-6.3356,0
PUMP-CRITICAL,2026-01-05T06:15:00,453.88,3551.21,124.69,10.25,107.64,52.24,23.71,86.73,degraded,6,0,4,6,-0.6781,-18.4194,5.3764,0
PUMP-CRITICAL,2026-01-05T06:20:00,466.46,3584.84,122.2,13.81,97.36,55.1,25.7,86.36,degraded,6,0,4,6,3.5611,-2.4864,-10.2813,0
PUMP-CRITICAL,2026-01-05T06:25:00,481.0,3597.89,134.99,15.52,104.64,57.67,27.74,90.98,degraded,6,0,4,6,1.7035,12.7906,7.2782,0
PUMP-CRITICAL,2026-01-05T06:30:00,469.73,3142.77,143.42,15.23,99.43,55.75,26.19,96.05,degraded,6,0,5,6,-0.2827,8.43,-5.2049,0
PUMP-CRITICAL,2026-01-05T06:35:00,469.82,3216.84,143.68,11.65,92.11,51.64,24.26,79.9,degraded,6,1,5,6,-3.5873,0.2626,-7.3243,0
PUMP-CRITICAL,2026-01-05T06:40:00,475.68,3443.93,128.06,8.69,103.58,56.52,26.89,83.06,degraded,6,0,3,6,-2.9558,-15.624,11.4785,0
PUMP-CRITICAL,2026-01-05T06:45:00,465.47,3317.96,119.64,12.45,119.77,53.33,24.82,88.67,degraded,6,1,3,6,3.7626,-8.4239,16.1852,0
PUMP-CRITICAL,2026-01-05T06:50:00,466.06,3319.74,138.12,11.59,103.81,55.36,25.8,82.63,degraded,6,0,2,6,-0.8637,18.4887,-15.9593,0
PUMP-CRITICAL,2026-01-05T06:55:00,481.62,3313.81,119.84,13.03,120.33,57.73,27.8,93.96,degraded,6,0,2,6,1.4434,-18.2847,16.5174,0
PUMP-CRITICAL,2026-01-05T07:00:00,475.78,3265.03,131.09,10.85,117.17,56.96,27.1,91.68,degraded,6,0,5,6,-2.1845,11.2466,-3.1569,0
PUMP-CRITICAL,2026-01-05T07:05:00,463.53,3636.88,144.69,9.37,119.09,51.45,23.85,80.09,degraded,6,1,3,6,-1.4788,13.602,1.9148,0
PUMP-CRITICAL,2026-01-05T07:10:00,481.11,3356.91,131.72,13.38,105.22,57.46,27.64,94.4,degraded,6,0,3,6,4.0128,-12.9629,-13.865,0
PUMP-CRITICAL,2026-01-05T07:15:00,474.28,3164.78,144.38,10.25,92.43,51.74,24.54,76.65,degraded,6,1,5,6,-3.1278,12.6569,-12.7952,0
PUMP-CRITICAL,2026-01-05T07:20:00,471.52,3616.78,117.44,10.9,104.12,54.38,25.64,82.3,degraded,6,1,4,6,0.6472,-26.9404,11.6922,0
PUMP-CRITICAL,2026-01-05T07:25:00,456.89,3503.04,127.99,13.57,95.6,51.79,23.66,76.85,degraded,6,1,5,6,2.6698,10.5478,-8.5212,0
PUMP-CRITICAL,2026-01-05T07:30:00,474.15,3494.52,140.2,11.73,100.01,55.06,26.11,77.99,degraded,6,0,4,6,-1.843,12.2108,4.4164,0
PUMP-CRITICAL,2026-01-05T07:35:00,459.48,3361.44,123.64,11.48,96.97,54.9,25.23,83.71,degraded,6,0,3,6,-0.2438,-16.5566,-3.0446,0
PUMP-CRITICAL,2026-01-05T07:40:00,455.63,3351.15,137.39,15.19,105.25,57.06,26.0,96.09,degraded,6,0,3,6,3.7082,13.7498,8.2812,0
PUMP-CRITICAL,2026-01-05T07:45:00,472.18,3437.84,142.56,8.81,92.66,53.89,25.45,84.95,degraded,6,0,1,6,-6.3867,5.1633,-12.5859,0
PUMP-CRITICAL,2026-01-05T07:50:00,455.85,3610.71,141.68,11.06,104.59,54.07,24.65,94.51,degraded,6,0,2,6,2.2546,-0.8811,11.9224,0
PUMP-CRITICAL,2026-01-05T07:55:00,470.05,3280.91,143.54,8.8,94.87,56.74,26.67,93.31,degraded,6,0,1,6,-2.2572,1.8669,-9.7173,0
PUMP-CRITICAL,2026-01-05T08:00:00,472.44,3409.07,146.27,12.52,119.42,55.64,26.29,94.04,degraded,6,0,2,6,3.7153,2.7321,24.5561,0
PUMP-CRITICAL,2026-01-05T08:05:00,459.12,3217.04,117.59,15.48,118.36,52.68,24.19,82.95,degraded,6,0,3,6,2.9603,-28.6867,-1.0614,0
PUMP-CRITICAL,2026-01-05T08:10:00,476.22,3153.5,134.85,9.07,96.85,57.7,27.48,94.31,degraded,6,1,3,6,-6.4044,17.2587,-21.5085,0
PUMP-CRITICAL,2026-01-05T08:15:00,469.3,3639.08,138.11,10.93,103.61,55.59,26.09,98.12,degraded,6,0,5,6,1.8602,3.262,6.7527,0
PUMP-CRITICAL,2026-01-05T08:20:00,455.05,3630.85,143.38,15.62,103.51,53.16,24.19,77.73,degraded,6,0,5,6,4.686,5.2727,-0.0934,0
PUMP-CRITICAL,2026-01-05T08:25:00,466.6,3188.23,119.44,13.0,115.29,54.7,25.52,86.46,degraded,6,0,5,6,-2.6198,-23.9367,11.7753,0
PUMP-CRITICAL,2026-01-05T08:30:00,473.82,3614.26,118.1,10.47,117.63,53.36,25.28,81.77,degraded,6,1,3,6,-2.5328,-1.3434,2.3361,0
PUMP-CRITICAL,2026-01-05T08:35:00,475.48,3452.8,137.02,14.85,95.4,54.35,25.84,86.38,degraded,6,1,3,6,4.3808,18.9178,-22.2242,0
PUMP-CRITICAL,2026-01-05T08:40:00,467.15,3258.0,140.14,15.1,111.51,54.48,25.45,78.71,degraded,6,1,4,6,0.2534,3.1173,16.104,0
PUMP-CRITICAL,2026-01-05T08:45:00,455.15,3159.08,131.07,9.32,93.73,52.21,23.76,78.23,degraded,6,0,4,6,-5.7799,-9.064,-17.7755,0
PUMP-CRITICAL,2026-01-05T08:50:00,476.5,3434.49,118.99,9.07,110.44,53.56,25.52,80.95,degraded,6,0,2,6,-0.2513,-12.0843,16.7091,0
PUMP-CRITICAL,2026-01-05T08:55:00,454.69,3623.99,138.12,10.41,115.68,54.13,24.61,80.53,degraded,6,0,5,6,1.3411,19.1367,5.2404,0
PUMP-CRITICAL,2026-01-05T09:00:00,482.66,3607.64,137.18,12.44,118.85,53.17,25.66,81.84,degraded,6,1,3,6,2.0321,-0.9446,3.1686,0
PUMP-CRITICAL,2026-01-05T09:05:00,472.03,3444.89,120.76,15.57,109.12,57.89,27.33,94.91,degraded,6,0,5,6,3.126,-16.4158,-9.7268,0
PUMP-CRITICAL,2026-01-05T09:10:00,456.72,3510.49,138.92,10.7,115.65,54.71,24.99,97.69,degraded,6,0,1,6,-4.8674,18.1579,6.5253,0
PUMP-CRITICAL,2026-01-05T09:15:00,473.49,3328.12,139.07,9.13,113.75,57.18,27.07,92.96,degraded,6,1,5,6,-1.5772,0.1465,-1.8952,0
PUMP-CRITICAL,2026-01-05T09:20:00,457.67,3293.32,127.55,13.51,104.0,57.85,26.48,98.62,degraded,6,0,1,6,4.3861,-11.5219,-9.7499,0
PUMP-CRITICAL,2026-01-05T09:25:00,461.87,3144.18,134.47,13.83,120.03,55.06,25.43,88.98,degraded,6,0,1,6,0.317,6.9263,16.0268,0
PUMP-CRITICAL,2026-01-05T09:30:00,455.1,3223.88,124.95,9.59,120.7,50.15,22.82,77.57,degraded,6,0,5,6,-4.236,-9.5261,0.6695,0
PUMP-CRITICAL,2026-01-05T09:35:00,480.88,3340.17,122.69,11.93,108.19,58.15,27.96,93.11,degraded,6,1,5,6,2.3401,-2.2589,-12.5049,0
PUMP-CRITICAL,2026-01-05T09:40:00,470.88,3561.64,141.92,9.07,102.52,57.9,27.26,96.79,degraded,6,0,5,6,-2.8606,19.2369,-5.6726,0
PUMP-CRITICAL,2026-01-05T09:45:00,468.58,3419.46,124.81,13.5,105.1,54.23,25.41,82.91,degraded,6,0,3,6,4.4243,-17.1179,2.5762,0
PUMP-CRITICAL,2026-01-05T09:50:00,471.39,3270.3,116.88,11.4,108.31,56.56,26.66,95.48,degraded,6,0,1,6,-2.0957,-7.9264,3.2123,0
PUMP-CRITICAL,2026-01-05T09:55:00,477.82,3336.26,128.0,11.71,111.32,55.35,26.45,96.46,degraded,6,0,4,6,0.3088,11.1243,3.0073,0
PUMP-CRITICAL,2026-01-05T10:00:00,471.18,3607.83,128.03,13.29,106.15,54.36,25.61,83.8,degraded,6,0,3,6,1.5838,0.0265,-5.1674,0
PUMP-CRITICAL,2026-01-05T10:05:00,470.56,3638.38,133.12,11.33,103.42,56.35,26.52,92.37,degraded,6,0,5,6,-1.9593,5.0935,-2.7264,0
PUMP-CRITICAL,2026-01-05T10:10:00,459.27,3498.7,138.35,8.71,118.91,52.41,24.07,86.86,degraded,6,1,2,6,-2.6201,5.2227,15.4925,0
PUMP-CRITICAL,2026-01-05T10:15:00,467.85,3394.38,131.04,13.65,106.7,57.32,26.82,98.1,degraded,6,0,1,6,4.9332,-7.3036,-12.2156,0
PUMP-CRITICAL,2026-01-05T10:20:00,462.58,3596.52,134.57,15.37,100.18,55.86,25.84,92.38,degraded,6,0,3,6,1.7181,3.523,-6.5141,0
PUMP-CRITICAL,2026-01-05T10:25:00,457.06,3576.44,145.68,9.38,93.19,53.4,24.41,89.79,degraded,6,1,2,6,-5.9817,11.112,-6.99,0
PUMP-CRITICAL,2026-01-05T10:30:00,467.83,3269.72,141.35,14.48,95.64,54.73,25.6,87.64,degraded,6,1,3,6,5.0952,-4.3281,2.4447,0
PUMP-CRITICAL,2026-01-05T10:35:00,455.83,3370.45,126.89,13.11,112.25,57.21,26.08,97.28,degraded,6,0,1,6,-1.3697,-14.4625,16.6076,0
PUMP-CRITICAL,2026-01-05T10:40:00,453.65,3342.88,117.16,8.9,110.52,54.85,24.88,92.08,degraded,6,0,2,6,-4.2051,-9.732,-1.7257,0
PUMP-CRITICAL,2026-01-05T10:45:00,458.83,3559.46,143.44,11.83,119.14,52.94,24.29,84.92,degraded,6,1,4,6,2.9219,26.2799,8.6187,0
PUMP-CRITICAL,2026-01-05T10:50:00,478.93,3146.85,140.22,13.19,110.02,55.31,26.49,83.24,degraded,6,0,3,6,1.3686,-3.2154,-9.1173,0
PUMP-CRITICAL,2026-01-05T10:55:00,461.78,3402.09,123.55,14.92,98.58,52.55,24.27,80.56,degraded,6,0,5,6,1.7217,-16.6673,-11.4401,0
PUMP-CRITICAL,2026-01-05T11:00:00,458.47,3183.28,134.48,12.05,117.77,51.92,23.81,82.14,degraded,6,0,2,6,-2.8661,10.9246,19.1887,0
PUMP-CRITICAL,2026-01-05T11:05:00,471.61,3587.38,122.05,14.97,111.59,55.73,26.28,82.56,degraded,6,1,6,6,2.9242,-12.4312,-6.1776,0
PUMP-CRITICAL,2026-01-05T11:10:00,459.95,3528.74,142.67,12.95,100.27,55.92,25.72,96.14,degraded,6,0,5,6,-2.0235,20.6242,-11.3276,0
PUMP-CRITICAL,2026-01-05T11:15:00,480.78,3299.24,140.89,9.78,101.73,56.77,27.29,92.66,degraded,6,0,1,6,-3.1742,-1.7782,1.4628,0
PUMP-CRITICAL,2026-01-05T11:20:00,456.77,3144.59,130.66,12.57,105.29,55.88,25.52,87.88,degraded,6,1,5,6,2.7948,-10.2367,3.5582,0
PUMP-CRITICAL,2026-01-05T11:25:00,476.78,3264.16,141.14,9.5,116.41,55.7,26.56,87.26,degraded,6,0,5,6,-3.0766,10.4827,11.1228,0
PUMP-CRITICAL,2026-01-05T11:30:00,466.15,3155.12,119.0,15.37,104.16,53.18,24.79,86.33,degraded,6,0,5,6,5.8758,-22.1414,-12.2461,0
PUMP-CRITICAL,2026-01-05T11:35:00,466.5,3599.64,145.39,11.46,120.88,56.85,26.52,91.87,degraded,6,0,2,6,-3.9069,26.3979,16.7149,0
PUMP-CRITICAL,2026-01-05T11:40:00,464.7,3169.79,125.72,10.37,97.19,54.13,25.16,84.01,degraded,6,0,4,6,-1.0932,-19.6779,-23.6925,0
PUMP-CRITICAL,2026-01-05T11:45:00,453.73,3537.52,132.21,11.89,102.41,55.69,25.27,91.04,degraded,6,1,5,6,1.524,6.4984,5.2246,0
PUMP-CRITICAL,2026-01-05T11:50:00,481.63,3226.26,122.01,12.4,109.08,55.3,26.64,86.83,degraded,6,1,4,6,0.5101,-10.2025,6.6707,0
PUMP-CRITICAL,2026-01-05T11:55:00,473.95,3173.14,119.36,12.28,107.98,54.98,26.06,90.41,degraded,6,1,3,6,-0.1259,-2.657,-1.0992,0
PUMP-CRITICAL,2026-01-05T12:00:00,472.76,3436.49,121.2,12.57,100.47,55.08,26.04,86.15,degraded,6,1,3,6,0.2876,1.8478,-7.5172,0
PUMP-CRITICAL,2026-01-05T12:05:00,481.94,3598.18,145.34,13.23,117.28,56.63,27.29,98.48,degraded,6,0,2,6,0.6599,24.1393,16.8162,0
PUMP-CRITICAL,2026-01-05T12:10:00,480.13,3386.42,138.01,11.25,103.54,57.39,27.55,90.71,degraded,6,0,2,6,-1.9765,-7.3316,-13.7399,0
PUMP-CRITICAL,2026-01-05T12:15:00,453.3,3150.82,128.74,8.92,95.84,52.08,23.61,84.58,degraded,6,0,3,6,-2.3336,-9.2752,-7.6981,0
PUMP-CRITICAL,2026-01-05T12:20:00,462.04,3448.51,143.0,15.29,112.29,52.42,24.22,87.7,degraded,6,0,4,6,6.3779,14.2677,16.4503,0
PUMP-CRITICAL,2026-01-05T12:25:00,474.91,3407.39,118.59,11.93,105.76,55.01,26.13,88.19,degraded,6,0,3,6,-3.3661,-24.4177,-6.5374,0
PUMP-CRITICAL,2026-01-05T12:30:00,460.86,3518.38,138.2,8.84,117.05,52.92,24.39,86.08,degraded,6,0,2,6,-3.0909,19.6175,11.2894,0
PUMP-CRITICAL,2026-01-05T12:35:00,474.23,3223.89,144.92,9.41,116.04,54.95,26.06,94.84,degraded,6,0,5,6,0.571,6.7159,-1.0039,0
PUMP-CRITICAL,2026-01-05T12:40:00,458.92,3614.47,134.04,8.73,115.17,55.26,25.36,84.19,degraded,6,0,3,6,-0.6799,-10.879,-0.8757,0
PUMP-CRITICAL,2026-01-05T12:45:00,472.4,3582.17,141.03,14.98,104.95,55.36,26.15,80.86,degraded,6,0,1,6,6.2492,6.989,-10.2204,0
PUMP-CRITICAL,2026-01-05T12:50:00,481.9,3283.18,130.05,12.79,112.52,56.16,27.06,91.24,degraded,6,0,4,6,-2.1874,-10.9777,7.5751,0
PUMP-CRITICAL,2026-01-05T12:55:00,465.59,3413.3,144.54,11.68,99.37,55.83,25.99,92.24,degraded,6,0,4,6,-1.1093,14.4853,-13.1473,0
PUMP-CRITICAL,2026-01-05T13:00:00,473.48,3381.15,140.42,9.4,101.0,55.75,26.39,80.5,degraded,6,0,2,6,-2.2819,-4.1182,1.6305,0
PUMP-CRITICAL,2026-01-05T13:05:00,459.04,3263.09,125.37,15.67,108.66,50.35,23.11,76.66,degraded,6,0,5,6,6.2658,-15.045,7.6573,0
PUMP-CRITICAL,2026-01-05T13:10:00,464.81,3436.49,137.75,9.47,107.03,51.67,24.02,82.95,degraded,6,1,4,6,-6.2,12.3743,-1.629,0
PUMP-CRITICAL,2026-01-05T13:15:00,456.19,3524.2,143.15,15.61,98.31,53.41,24.36,88.41,degraded,6,0,4,6,6.1451,5.402,-8.7273,0
PUMP-CRITICAL,2026-01-05T13:20:00,482.68,3619.82,146.43,12.29,102.64,54.43,26.27,83.67,degraded,6,1,4,6,-3.3194,3.2823,4.3389,0
PUMP-CRITICAL,2026-01-05T13:25:00,463.24,3622.04,139.66,11.22,94.75,54.24,25.13,98.0,degraded,6,0,2,6,-1.0699,-6.772,-7.8949,0
PUMP-CRITICAL,2026-01-05T13:30:00,454.65,3174.85,130.19,9.34,94.87,51.91,23.6,76.37,degraded,6,0,5,6,-1.8847,-9.4676,0.1187,0
PUMP-CRITICAL,2026-01-05T13:35:00,472.79,3604.52,117.39,14.27,95.76,54.93,25.97,79.25,degraded,6,0,1,6,4.929,-12.7983,0.8935,0
PUMP-CRITICAL,2026-01-05T13:40:00,462.58,3446.59,146.25,11.34,105.3,53.0,24.52,80.86,degraded,6,0,4,6,-2.9276,28.8583,9.5429,0
PUMP-CRITICAL,2026-01-05T13:45:00,466.82,3524.3,140.0,9.25,112.04,55.29,25.81,86.66,degraded,6,0,3,6,-2.0836,-6.2568,6.7382,0
PUMP-CRITICAL,2026-01-05T13:50:00,455.18,3472.55,135.67,10.72,93.37,53.15,24.19,84.23,degraded,6,0,2,6,1.4672,-4.3293,-18.6696,0
PUMP-CRITICAL,2026-01-05T13:55:00,470.18,3598.72,132.33,14.51,118.35,55.91,26.29,96.29,degraded,6,0,3,6,3.786,-3.3338,24.9791,0
PUMP-CRITICAL,2026-01-05T14:00:00,463.78,3435.47,141.08,12.81,112.17,55.74,25.85,87.55,degraded,6,0,3,6,-1.694,8.7433,-6.1865,0
PUMP-CRITICAL,2026-01-05T14:05:00,455.64,3480.29,132.17,9.99,119.68,54.9,25.01,95.42,degraded,6,0,1,6,-2.8202,-8.9066,7.5141,0
PUMP-CRITICAL,2026-01-05T14:10:00,456.96,3307.36,134.41,14.43,104.72,55.94,25.56,91.86,degraded,6,0,5,6,4.4397,2.2368,-14.9604,0
PUMP-CRITICAL,2026-01-05T14:15:00,476.58,3570.2,118.27,13.73,119.1,56.12,26.75,88.51,degraded,6,0,5,6,-0.7007,-16.1339,14.381,0
PUMP-CRITICAL,2026-01-05T14:20:00,466.39,3365.51,120.86,9.9,108.1,56.88,26.53,97.06,degraded,6,0,5,6,-3.8363,2.5875,-11.0044,0
PUMP-CRITICAL,2026-01-05T14:25:00,482.21,3207.34,124.44,15.51,111.07,55.3,26.67,78.37,degraded,6,0,5,6,5.6131,3.5785,2.9699,0
PUMP-CRITICAL,2026-01-05T14:30:00,481.54,3392.11,125.69,13.42,111.74,53.87,25.94,82.68,degraded,6,0,3,6,-2.0877,1.249,0.6769,0
PUMP-CRITICAL,2026-01-05T14:35:00,472.71,3376.01,123.32,9.3,94.84,57.57,27.21,98.44,degraded,6,0,3,6,-4.1198,-2.3653,-16.8992,0
PUMP-CRITICAL,2026-01-05T14:40:00,455.3,3486.37,123.21,13.32,109.34,52.67,23.98,77.69,degraded,6,0,2,6,4.0234,-0.1162,14.5001,0
PUMP-CRITICAL,2026-01-05T14:45:00,476.15,3384.95,128.51,15.25,114.39,53.35,25.4,78.88,degraded,6,1,4,6,1.9299,5.3047,5.0437,0
PUMP-CRITICAL,2026-01-05T14:50:00,478.97,3466.69,126.87,15.49,93.46,55.74,26.7,79.51,degraded,6,0,5,6,0.2352,-1.6447,-20.9295,0
PUMP-CRITICAL,2026-01-05T14:55:00,473.68,3225.55,136.63,12.96,92.95,56.1,26.57,85.07,degraded,6,0,4,6,-2.5343,9.7684,-0.5067,0
PUMP-CRITICAL,2026-01-05T15:00:00,467.07,3567.91,145.98,12.03,105.54,55.76,26.05,98.57,degraded,6,0,4,6,-0.925,9.3495,12.5876,0
PUMP-CRITICAL,2026-01-05T15:05:00,457.44,3394.63,141.12,15.37,110.46,54.2,24.79,87.89,degraded,6,2,3,6,3.3363,-4.8643,4.9172,0
PUMP-CRITICAL,2026-01-05T15:10:00,459.05,3351.66,126.84,13.98,107.59,54.08,24.82,91.03,degraded,6,1,5,6,-1.3881,-14.2812,-2.8685,0
PUMP-CRITICAL,2026-01-05T15:15:00,460.52,3408.43,126.65,13.68,105.73,56.98,26.24,96.53,degraded,6,0,1,6,-0.2962,-0.1926,-1.8603,0
PUMP-CRITICAL,2026-01-05T15:20:00,463.05,3565.83,117.27,8.9,119.97,54.21,25.1,76.66,degraded,6,0,5,6,-4.7786,-9.3735,14.2445,0
PUMP-CRITICAL,2026-01-05T15:25:00,476.46,3495.12,138.46,14.16,93.37,55.6,26.49,92.03,degraded,6,0,2,6,5.2546,21.1912,-26.6047,0
PUMP-CRITICAL,2026-01-05T15:30:00,463.93,3291.45,145.56,10.81,98.97,55.65,25.82,94.62,degraded,6,1,4,6,-3.3514,7.0946,5.6038,0
PUMP-CRITICAL,2026-01-05T15:35:00,473.75,3293.42,133.21,14.25,107.49,52.18,24.72,78.21,degraded,6,0,2,6,3.4445,-12.3505,8.5209,0
PUMP-CRITICAL,2026-01-05T15:40:00,466.71,3507.17,136.47,11.26,113.72,56.72,26.47,92.11,degraded,6,0,4,6,-2.9957,3.2606,6.2332,0
PUMP-CRITICAL,2026-01-05T15:45:00,480.5,3560.99,142.72,13.28,104.73,54.66,26.26,80.11,degraded,6,0,4,6,2.0288,6.2554,-8.9896,0
PUMP-CRITICAL,2026-01-05T15:50:00,474.82,3429.3,124.67,10.21,102.65,57.54,27.32,98.19,degraded,6,0,5,6,-3.0737,-18.0535,-2.0833,0
PUMP-CRITICAL,2026-01-05T15:55:00,471.55,3308.38,138.32,12.86,102.08,54.73,25.81,95.27,degraded,6,0,4,6,2.646,13.6483,-0.5689,0
PUMP-CRITICAL,2026-01-05T16:00:00,475.95,3164.68,119.5,10.53,117.94,54.5,25.94,83.18,degraded,6,1,6,6,-2.3239,-18.8163,15.8545,0
PUMP-CRITICAL,2026-01-05T16:05:00,459.79,3396.26,145.54,13.35,98.95,55.59,25.56,95.24,degraded,6,0,4,6,2.8156,26.0424,-18.9866,0
PUMP-CRITICAL,2026-01-05T16:10:00,460.12,3545.31,141.05,13.19,115.72,56.09,25.81,97.24,degraded,6,2,6,6,-0.1636,-4.491,16.7691,0
PUMP-CRITICAL,2026-01-05T16:15:00,476.08,3311.84,140.19,10.94,98.85,56.84,27.06,88.31,degraded,6,0,1,6,-2.2476,-0.8599,-16.8659,0
PUMP-CRITICAL,2026-01-05T16:20:00,454.76,3568.79,145.84,11.56,100.97,53.34,24.26,93.76,degraded,6,1,5,6,0.6255,5.6435,2.1197,0
PUMP-CRITICAL,2026-01-05T16:25:00,465.15,3236.32,139.74,9.15,121.82,58.3,27.12,97.44,degraded,6,0,3,6,-2.4099,-6.0973,20.8489,0
PUMP-CRITICAL,2026-01-05T16:30:00,462.35,3231.26,120.72,14.73,102.52,53.17,24.58,77.98,degraded,6,0,4,6,5.5803,-19.024,-19.3052,0
PUMP-CRITICAL,2026-01-05T16:35:00,465.37,3642.31,137.8,9.8,108.1,54.23,25.24,94.11,degraded,6,0,2,6,-4.9358,17.0864,5.5829,0
PUMP-CRITICAL,2026-01-05T16:40:00,479.1,3534.71,143.49,12.18,116.72,55.36,26.52,89.49,degraded,6,1,4,6,2.3821,5.6857,8.6232,0
PUMP-CRITICAL,2026-01-05T16:45:00,472.65,3204.71,144.99,10.92,109.55,56.64,26.77,94.39,degraded,6,0,3,6,-1.2624,1.5012,-7.172,0
PUMP-CRITICAL,2026-01-05T16:50:00,474.63,3217.72,142.44,15.15,118.43,54.16,25.71,88.54,degraded,6,0,2,6,4.2312,-2.5461,8.8772,0
PUMP-CRITICAL,2026-01-05T16:55:00,477.33,3268.48,117.97,15.35,120.62,57.92,27.64,98.34,degraded,6,1,4,6,0.2018,-24.477,2.187,0
PUMP-CRITICAL,2026-01-05T17:00:00,469.32,3484.64,131.33,9.58,101.11,55.12,25.87,80.96,degraded,6,0,4,6,-5.7724,13.3612,-19.5027,0
PUMP-CRITICAL,2026-01-05T17:05:00,456.96,3455.49,142.4,11.54,104.78,53.65,24.52,95.73,degraded,6,0,5,6,1.9657,11.0773,3.6693,0
PUMP-CRITICAL,2026-01-05T17:10:00,468.87,3367.37,145.65,11.6,95.92,55.38,25.97,86.42,degraded,6,1,2,6,0.0521,3.2485,-8.8615,0
PUMP-CRITICAL,2026-01-05T17:15:00,458.87,3590.42,140.93,15.42,97.17,52.84,24.25,87.01,degraded,6,0,3,6,3.8198,-4.7204,1.2518,0
PUMP-CRITICAL,2026-01-05T17:20:00,472.05,3198.0,121.8,11.68,120.37,56.0,26.43,96.6,degraded,6,0,1,6,-3.7376,-19.1281,23.1982,0
PUMP-CRITICAL,2026-01-05T17:25:00,456.28,3547.1,122.37,11.9,112.85,54.93,25.06,89.59,degraded,6,0,3,6,0.2196,0.5693,-7.5256,0
PUMP-CRITICAL,2026-01-05T17:30:00,461.66,3538.07,120.51,9.47,112.91,53.41,24.66,89.1,degraded,6,0,1,6,-2.4323,-1.8603,0.0691,0
PUMP-CRITICAL,2026-01-05T17:35:00,463.01,3511.32,140.58,10.42,120.13,52.23,24.18,81.1,degraded,6,0,1,6,0.9521,20.0627,7.2167,0
PUMP-CRITICAL,2026-01-05T17:40:00,474.44,3418.08,127.94,11.42,97.22,57.01,27.05,98.59,degraded,6,2,3,6,0.9993,-12.6367,-22.9138,0
PUMP-CRITICAL,2026-01-05T17:45:00,462.84,3544.56,142.15,15.42,93.69,57.63,26.67,97.4,degraded,6,0,4,6,4.0045,14.2147,-3.5248,0
PUMP-CRITICAL,2026-01-05T17:50:00,468.27,3270.4,137.15,14.8,111.9,54.61,25.57,80.87,degraded,6,0,3,6,-0.6164,-5.0091,18.2078,0
PUMP-CRITICAL,2026-01-05T17:55:00,476.09,3579.15,142.52,10.55,106.42,52.05,24.78,78.18,degraded,6,0,4,6,-4.2553,5.3729,-5.4778,0
PUMP-CRITICAL,2026-01-05T18:00:00,463.79,3518.64,145.67,10.11,97.41,52.76,24.47,83.57,degraded,6,0,4,6,-0.4355,3.1525,-9.0143,0
PUMP-CRITICAL,2026-01-05T18:05:00,466.29,3161.11,119.31,10.62,108.72,53.32,24.86,87.59,degraded,6,0,2,6,0.507,-26.3608,11.3119,0
PUMP-CRITICAL,2026-01-05T18:10:00,465.72,3195.93,124.3,10.59,105.52,56.22,26.18,85.8,degraded,6,0,1,6,-0.0302,4.9871,-3.1958,0
PUMP-CRITICAL,2026-01-05T18:15:00,459.79,3389.86,130.36,10.43,99.81,54.22,24.93,95.6,degraded,6,0,3,6,-0.1651,6.0676,-5.7109,0
PUMP-CRITICAL,2026-01-05T18:20:00,475.3,3418.29,122.42,13.15,115.0,57.19,27.18,86.91,degraded,6,0,3,6,2.7209,-7.9493,15.1867,0
PUMP-CRITICAL,2026-01-05T18:25:00,470.86,3229.3,146.44,8.72,98.06,52.52,24.73,76.39,degraded,6,0,2,6,-4.4298,24.0226,-16.9425,0
PUMP-CRITICAL,2026-01-05T18:30:00,477.79,3312.01,123.29,9.73,102.58,57.51,27.48,94.15,degraded,6,0,1,6,1.015,-23.1468,4.5221,0
PUMP-CRITICAL,2026-01-05T18:35:00,467.29,3642.62,138.54,11.73,99.65,54.62,25.52,88.4,degraded,6,0,2,6,1.9966,15.2505,-2.9303,0
PUMP-CRITICAL,2026-01-05T18:40:00,462.21,3229.59,119.76,10.26,107.16,53.89,24.91,94.81,degraded,6,0,5,6,-1.4667,-18.7827,7.5068,0
PUMP-CRITICAL,2026-01-05T18:45:00,468.01,3225.48,129.66,11.51,111.45,54.09,25.32,84.05,degraded,6,0,3,6,1.2485,9.8983,4.2984,0
PUMP-CRITICAL,2026-01-05T18:50:00,474.17,3466.79,128.27,10.73,93.52,52.44,24.87,82.02,degraded,6,0,3,6,-0.7802,-1.3883,-17.9373,0
PUMP-CRITICAL,2026-01-05T18:55:00,466.8,3294.19,132.36,14.23,112.74,55.79,26.04,85.03,degraded,6,1,3,6,3.4981,4.0944,19.224,0
PUMP-CRITICAL,2026-01-05T19:00:00,457.59,3174.22,126.24,11.46,119.4,54.86,25.11,97.64,degraded,6,0,2,6,-2.7714,-6.1271,6.6568,0
PUMP-CRITICAL,2026-01-05T19:05:00,477.06,3570.74,145.49,13.79,96.28,56.19,26.81,92.67,degraded,6,0,1,6,2.3323,19.2586,-23.1198,0
PUMP-CRITICAL,2026-01-05T19:10:00,465.38,3550.37,140.21,14.24,115.01,53.65,24.97,76.26,degraded,6,1,5,6,0.4552,-5.2851,18.7328,0
PUMP-CRITICAL,2026-01-05T19:15:00,457.8,3499.4,124.69,13.1,104.35,53.23,24.37,84.25,degraded,6,0,1,6,-1.1491,-15.5231,-10.6649,0
PUMP-CRITICAL,2026-01-05T19:20:00,479.27,3158.69,138.59,14.62,115.11,54.29,26.02,88.94,degraded,6,0,2,6,1.5227,13.9032,10.7686,0
PUMP-CRITICAL,2026-01-05T19:25:00,460.47,3309.33,136.77,14.29,103.1,51.69,23.8,80.89,degraded,6,0,2,6,-0.3256,-1.8148,-12.0136,0
PUMP-CRITICAL,2026-01-05T19:30:00,479.55,3391.2,138.69,15.15,92.8,53.31,25.56,76.56,degraded,6,0,1,6,0.8615,1.9136,-10.3021,0
PUMP-CRITICAL,2026-01-05T19:35:00,456.76,3474.08,124.0,9.09,93.09,55.83,25.5,96.97,degraded,6,1,2,6,-6.0591,-14.6908,0.2962,0
PUMP-CRITICAL,2026-01-05T19:40:00,475.75,3603.41,120.3,9.77,117.9,55.26,26.29,95.78,degraded,6,1,6,6,0.6719,-3.6954,24.8046,0
PUMP-CRITICAL,2026-01-05T19:45:00,480.11,3522.01,135.5,12.07,101.6,58.9,28.28,96.18,degraded,6,0,3,6,2.3042,15.2002,-16.2948,0
PUMP-CRITICAL,2026-01-05T19:50:00,472.23,3576.02,120.67,14.37,99.44,57.9,27.34,98.11,degraded,6,0,3,6,2.3003,-14.8355,-2.1607,0
PUMP-CRITICAL,2026-01-05T19:55:00,455.52,3248.26,117.4,14.89,113.95,54.09,24.64,80.03,degraded,6,1,6,6,0.5188,-3.2659,14.5108,0
PUMP-CRITICAL,2026-01-05T20:00:00,477.3,3465.11,143.45,9.66,104.61,56.88,27.15,97.77,degraded,6,0,3,6,-5.2315,26.0442,-9.3439,0
PUMP-CRITICAL,2026-01-05T20:05:00,476.62,3309.77,128.03,11.66,113.58,54.55,26.0,89.43,degraded,6,1,3,6,2.0006,-15.4158,8.9715,0
PUMP-CRITICAL,2026-01-05T20:10:00,478.6,3167.18,145.9,13.22,105.71,56.31,26.95,83.0,degraded,6,2,5,6,1.5573,17.8712,-7.8712,0
PUMP-CRITICAL,2026-01-05T20:15:00,459.68,3516.46,135.1,12.04,100.69,54.69,25.14,84.7,degraded,6,0,3,6,-1.1721,-10.8049,-5.0228,0
PUMP-CRITICAL,2026-01-05T20:20:00,479.9,3282.09,121.13,14.94,120.95,56.6,27.16,87.93,degraded,6,0,1,6,2.8957,-13.961,20.2664,0
PUMP-CRITICAL,2026-01-05T20:25:00,462.63,3461.62,123.71,12.34,103.84,57.81,26.75,98.92,degraded,6,0,2,6,-2.6039,2.5781,-17.1153,0
PUMP-CRITICAL,2026-01-05T20:30:00,465.9,3589.4,128.36,14.24,108.34,54.05,25.18,81.59,degraded,6,1,6,6,1.9028,4.6446,4.4962,0
PUMP-CRITICAL,2026-01-05T20:35:00,467.66,3472.64,131.35,10.2,101.75,54.78,25.62,93.39,degraded,6,1,6,6,-4.0353,2.9957,-6.5853,0
PUMP-CRITICAL,2026-01-05T20:40:00,458.03,3370.17,127.36,10.17,94.85,52.09,23.86,84.39,degraded,6,0,5,6,-0.0321,-3.9921,-6.8953,0
PUMP-CRITICAL,2026-01-05T20:45:00,454.31,3193.14,133.25,14.71,97.15,52.49,23.85,79.58,degraded,6,0,3,6,4.5399,5.8859,2.2955,0
PUMP-CRITICAL,2026-01-05T20:50:00,458.41,3158.11,118.0,9.82,94.72,54.02,24.76,94.63,degraded,6,0,4,6,-4.8946,-15.2468,-2.434,0
PUMP-CRITICAL,2026-01-05T20:55:00,462.9,3491.08,119.65,10.73,117.23,52.95,24.51,81.85,degraded,6,0,2,6,0.9175,1.6468,22.5136,0
PUMP-CRITICAL,2026-01-05T21:00:00,476.74,3345.5,140.05,15.7,111.52,53.28,25.4,80.84,degraded,6,1,5,6,4.9659,20.4057,-5.7092,0
PUMP-CRITICAL,2026-01-05T21:05:00,479.83,3570.57,124.24,15.57,95.89,52.48,25.18,77.24,degraded,6,0,4,6,-0.1327,-15.8163,-15.6267,0
PUMP-CRITICAL,2026-01-05T21:10:00,481.32,3547.89,124.33,9.06,96.43,57.21,27.54,95.71,degraded,6,0,3,6,-6.5071,0.0953,0.5365,0
PUMP-CRITICAL,2026-01-05T21:15:00,474.28,3617.12,136.45,11.0,111.4,54.36,25.78,93.04,degraded,6,0,4,6,1.941,12.1187,14.9724,0
PUMP-CRITICAL,2026-01-05T21:20:00,453.54,3489.02,141.88,13.43,104.5,50.57,22.94,82.07,degraded,6,0,2,6,2.425,5.4337,-6.9078,0
PUMP-CRITICAL,2026-01-05T21:25:00,468.21,3335.88,130.64,9.1,103.39,55.27,25.88,79.55,degraded,6,0,4,6,-4.3244,-11.239,-1.1039,0
PUMP-CRITICAL,2026-01-05T21:30:00,454.68,3566.22,117.36,13.77,104.94,55.41,25.19,98.42,degraded,6,0,3,6,4.6634,-13.2875,1.5451,0
PUMP-CRITICAL,2026-01-05T21:35:00,457.55,3290.57,124.97,9.97,120.4,52.47,24.01,82.06,degraded,6,0,4,6,-3.7906,7.6115,15.4589,0
PUMP-CRITICAL,2026-01-05T21:40:00,469.6,3604.25,120.1,12.11,93.56,52.92,24.85,78.86,degraded,6,0,3,6,2.1321,-4.8738,-26.8347,0
PUMP-CRITICAL,2026-01-05T21:45:00,455.89,3243.36,122.23,15.48,120.17,56.05,25.55,97.71,degraded,6,0,2,6,3.3748,2.1332,26.6067,0
PUMP-CRITICAL,2026-01-05T21:50:00,474.13,3229.8,121.86,13.84,111.1,57.86,27.43,96.2,degraded,6,0,2,6,-1.6443,-0.3685,-9.0709,0
PUMP-CRITICAL,2026-01-05T21:55:00,469.3,3216.0,145.91,11.31,116.09,56.86,26.68,94.75,degraded,6,1,5,6,-2.5311,24.0452,4.9905,0
PUMP-CRITICAL,2026-01-05T22:00:00,460.72,3188.24,122.6,9.6,99.31,55.59,25.61,98.65,degraded,6,0,3,6,-1.7019,-23.3037,-16.7741,0
PUMP-CRITICAL,2026-01-05T22:05:00,479.16,3483.84,117.0,9.08,110.51,55.5,26.59,95.1,degraded,6,2,5,6,-0.5243,-5.6044,11.2002,0
PUMP-CRITICAL,2026-01-05T22:10:00,468.02,3492.56,144.17,12.4,113.37,54.53,25.52,77.44,degraded,6,0,2,6,3.3248,27.1704,2.8575,0
PUMP-CRITICAL,2026-01-05T22:15:00,459.89,3526.28,126.06,12.06,92.57,50.41,23.18,77.3,degraded,6,0,4,6,-0.3433,-18.1035,-20.8042,0
PUMP-CRITICAL,2026-01-05T22:20:00,455.09,3478.26,129.34,13.38,106.64,51.87,23.6,83.01,degraded,6,0,4,6,1.3221,3.2724,14.0697,0
PUMP-CRITICAL,2026-01-05T22:25:00,460.53,3312.24,138.99,9.12,97.85,55.04,25.35,95.5,degraded,6,1,6,6,-4.2595,9.6566,-8.7886,0
PUMP-CRITICAL,2026-01-05T22:30:00,481.09,3166.94,127.61,8.92,99.54,53.16,25.57,83.01,degraded,6,0,5,6,-0.2073,-11.381,1.6887,0
PUMP-CRITICAL,2026-01-05T22:35:00,478.75,3490.91,118.84,14.56,99.81,56.68,27.14,88.7,degraded,6,0,3,6,5.6386,-8.7759,0.2704,0
PUMP-CRITICAL,2026-01-05T22:40:00,475.78,3386.67,139.3,9.01,109.54,55.37,26.34,82.01,degraded,6,0,2,6,-5.5445,20.4612,9.735,0
PUMP-CRITICAL,2026-01-05T22:45:00,480.55,3504.51,128.21,8.84,100.77,55.91,26.87,85.2,degraded,6,0,2,6,-0.1662,-11.0876,-8.7728,0
PUMP-CRITICAL,2026-01-05T22:50:00,474.14,3158.94,126.84,14.0,95.37,55.25,26.2,81.58,degraded,6,1,6,6,5.1523,-1.374,-5.3998,0
PUMP-CRITICAL,2026-01-05T22:55:00,478.68,3266.84,142.88,9.09,98.32,57.94,27.73,98.73,degraded,6,1,6,6,-4.9046,16.0439,2.9512,0
PUMP-CRITICAL,2026-01-05T23:00:00,458.05,3184.4,144.66,14.16,120.64,54.35,24.9,79.96,degraded,6,0,1,6,5.0641,1.7803,22.3209,0
PUMP-CRITICAL,2026-01-05T23:05:00,474.69,3399.23,138.51,11.29,118.39,53.65,25.47,77.6,degraded,6,1,3,6,-2.8687,-6.145,-2.2508,0
PUMP-CRITICAL,2026-01-05T23:10:00,478.57,3397.71,129.6,11.61,96.31,56.02,26.81,92.9,degraded,6,0,4,6,0.3185,-8.9174,-22.0816,0
PUMP-CRITICAL,2026-01-05T23:15:00,471.68,3641.84,118.33,10.13,94.93,54.52,25.71,82.2,degraded,6,0,3,6,-1.4724,-11.2681,-1.3797,0
PUMP-CRITICAL,2026-01-05T23:20:00,472.02,3167.86,128.41,14.71,107.43,52.17,24.62,78.57,degraded,6,0,4,6,4.5743,10.0785,12.5041,0
PUMP-CRITICAL,2026-01-05T23:25:00,472.85,3269.67,137.11,14.55,113.71,56.47,26.7,98.59,degraded,6,0,2,6,-0.1584,8.7022,6.2768,0
PUMP-CRITICAL,2026-01-05T23:30:00,467.57,3394.98,143.11,11.06,101.7,54.37,25.42,91.25,degraded,6,0,5,6,-3.4925,5.996,-12.0048,0
PUMP-CRITICAL,2026-01-05T23:35:00,482.16,3286.26,122.55,14.93,111.0,57.46,27.71,92.21,degraded,6,0,5,6,3.8735,-20.553,9.2915,0
PUMP-CRITICAL,2026-01-05T23:40:00,463.09,3175.98,120.6,13.47,118.01,53.65,24.84,77.98,degraded,6,1,3,6,-1.4601,-1.9555,7.0126,0
PUMP-CRITICAL,2026-01-05T23:45:00,474.96,3461.6,142.74,13.59,94.27,54.62,25.94,84.2,degraded,6,0,4,6,0.1188,22.1415,-23.7347,0
PUMP-CRITICAL,2026-01-05T23:50:00,461.98,3227.21,140.72,13.53,111.96,54.84,25.33,80.22,degraded,6,1,6,6,-0.0595,-2.0225,17.681,0
PUMP-CRITICAL,2026-01-05T23:55:00,474.73,3171.24,145.31,12.74,107.57,52.75,25.04,81.61,degraded,6,0,1,6,-0.79,4.5891,-4.3825,0
PUMP-CRITICAL,2026-01-06T00:00:00,473.26,3272.44,143.06,15.01,111.4,56.57,26.77,97.82,degraded,6,0,5,6,2.2694,-2.2437,3.8303,0
PUMP-CRITICAL,2026-01-06T00:05:00,479.66,3574.88,117.3,10.74,121.66,53.5,25.66,83.48,degraded,6,0,4,6,-4.2664,-25.7637,10.2557,0
PUMP-CRITICAL,2026-01-06T00:10:00,461.15,3389.57,141.03,11.2,96.11,52.7,24.3,86.6,degraded,6,1,2,6,0.4583,23.7361,-25.5492,0
PUMP-CRITICAL,2026-01-06T00:15:00,474.37,3586.09,127.67,9.57,114.76,56.84,26.96,88.77,degraded,6,0,3,6,-1.6269,-13.3625,18.6554,0
PUMP-CRITICAL,2026-01-06T00:20:00,468.42,3582.48,143.53,10.38,108.89,54.74,25.64,87.07,degraded,6,0,5,6,0.8049,15.8581,-5.8744,0
PUMP-CRITICAL,2026-01-06T00:25:00,460.74,3426.25,126.15,12.87,99.25,55.34,25.5,92.83,degraded,6,0,4,6,2.4937,-17.3764,-9.6438,0
PUMP-CRITICAL,2026-01-06T00:30:00,465.91,3562.76,129.77,11.35,111.45,55.35,25.79,93.85,degraded,6,0,4,6,-1.5256,3.6178,12.2074,0
PUMP-CRITICAL,2026-01-06T00:35:00,477.04,3226.61,141.59,15.61,109.69,55.06,26.27,77.63,degraded,6,0,5,6,4.2626,11.8179,-1.7638,0
PUMP-CRITICAL,2026-01-06T00:40:00,480.57,3274.26,144.24,13.72,103.17,57.97,27.86,95.3,degraded,6,0,1,6,-1.8862,2.6487,-6.5176,0
PUMP-CRITICAL,2026-01-06T00:45:00,460.93,3203.27,129.02,12.89,106.62,56.75,26.16,97.17,degraded,6,2,7,6,-0.8291,-15.2133,3.4429,0
PUMP-CRITICAL,2026-01-06T00:50:00,463.6,3509.54,142.48,10.16,95.49,56.36,26.13,96.95,degraded,6,0,1,6,-2.7312,13.4574,-11.1275,0
PUMP-CRITICAL,2026-01-06T00:55:00,481.66,3448.88,127.24,12.56,100.7,55.68,26.82,81.78,degraded,6,0,1,6,2.4014,-15.2403,5.2161,0
PUMP-CRITICAL,2026-01-06T01:00:00,474.87,3323.3,122.82,11.29,110.84,54.75,26.0,81.88,degraded,6,1,6,6,-1.2758,-4.4199,10.1335,0
PUMP-CRITICAL,2026-01-06T01:05:00,479.87,3191.3,120.13,12.84,106.05,56.71,27.21,96.22,degraded,6,0,4,6,1.55,-2.688,-4.7915,0
PUMP-CRITICAL,2026-01-06T01:10:00,461.08,3364.31,136.39,15.08,116.77,54.38,25.07,82.41,degraded,6,1,5,6,2.2399,16.252,10.7225,0
PUMP-CRITICAL,2026-01-06T01:15:00,462.46,3447.46,123.17,13.05,117.76,54.41,25.16,79.08,degraded,6,0,1,6,-2.0251,-13.2111,0.9887,0
PUMP-CRITICAL,2026-01-06T01:20:00,457.46,3501.24,125.61,15.15,101.59,55.74,25.5,93.3,degraded,6,0,4,6,2.0965,2.4337,-16.171,0
PUMP-CRITICAL,2026-01-06T01:25:00,459.09,3586.4,131.79,10.67,93.29,56.95,26.14,95.1,degraded,6,0,3,6,-4.4851,6.1809,-8.2996,0
PUMP-CRITICAL,2026-01-06T01:30:00,482.79,3395.77,142.35,11.15,116.78,56.3,27.18,94.09,degraded,6,1,6,6,0.4845,10.5642,23.4939,0
PUMP-CRITICAL,2026-01-06T01:35:00,475.75,3467.12,126.24,14.87,113.41,56.76,27.0,89.91,degraded,6,1,4,6,3.716,-16.1115,-3.3673,0
PUMP-CRITICAL,2026-01-06T01:40:00,471.74,3595.19,136.63,11.29,92.14,54.02,25.48,76.29,degraded,6,0,5,6,-3.5784,10.3863,-21.269,0
PUMP-CRITICAL,2026-01-06T01:45:00,463.32,3587.12,124.97,11.62,118.17,52.78,24.45,79.66,degraded,6,1,4,6,0.3359,-11.6617,26.0285,0
PUMP-CRITICAL,2026-01-06T01:50:00,473.07,3218.8,137.91,13.41,113.4,55.16,26.1,95.22,degraded,6,0,5,6,1.7894,12.9413,-4.7735,0
PUMP-CRITICAL,2026-01-06T01:55:00,481.31,3479.75,125.87,14.65,94.56,53.98,25.98,85.36,degraded,6,0,2,6,1.236,-12.0375,-18.8441,0
PUMP-CRITICAL,2026-01-06T02:00:00,476.34,3602.72,139.12,9.42,92.87,53.33,25.4,83.76,degraded,6,1,3,6,-5.2284,13.2511,-1.6814,0
PUMP-CRITICAL,2026-01-06T02:05:00,481.09,3461.25,137.73,12.94,118.34,55.29,26.6,82.2,degraded,6,1,5,6,3.5234,-1.3901,25.4649,0
PUMP-CRITICAL,2026-01-06T02:10:00,481.07,3425.5,144.52,13.03,99.38,56.24,27.05,80.56,degraded,6,2,7,6,0.0829,6.7906,-18.9549,0
PUMP-CRITICAL,2026-01-06T02:15:00,477.88,3346.92,120.48,10.4,110.21,52.82,25.24,79.21,degraded,6,0,4,6,-2.6282,-24.044,10.8306,0
PUMP-CRITICAL,2026-01-06T02:20:00,462.68,3352.31,123.64,13.15,94.02,52.82,24.44,87.35,degraded,6,0,5,6,2.7478,3.1579,-16.1957,0
PUMP-CRITICAL,2026-01-06T02:25:00,482.33,3549.47,141.16,9.47,118.93,56.38,27.19,83.94,degraded,6,0,3,6,-3.6788,17.5227,24.9139,0
PUMP-CRITICAL,2026-01-06T02:30:00,453.26,3475.34,117.86,10.4,98.76,53.23,24.13,84.83,degraded,6,1,6,6,0.9358,-23.3005,-20.1722,0
PUMP-CRITICAL,2026-01-06T02:35:00,470.32,3291.13,144.95,13.66,121.32,55.48,26.09,80.43,degraded,6,1,4,6,3.2542,27.0872,22.5603,0
PUMP-CRITICAL,2026-01-06T02:40:00,478.18,3419.04,132.73,12.01,101.69,56.53,27.03,93.72,degraded,6,0,5,6,-1.6471,-12.2162,-19.6286,0
PUMP-CRITICAL,2026-01-06T02:45:00,464.63,3198.14,145.29,14.7,113.99,58.31,27.09,98.71,degraded,6,0,1,6,2.6902,12.5606,12.2963,0
PUMP-CRITICAL,2026-01-06T02:50:00,480.03,3382.74,140.78,10.96,101.05,59.57,28.6,98.11,degraded,6,0,2,6,-3.7382,-4.514,-12.9351,0
PUMP-CRITICAL,2026-01-06T02:55:00,482.13,3204.56,145.86,9.55,105.72,56.96,27.46,84.29,degraded,6,0,3,6,-1.4092,5.089,4.6649,0
PUMP-CRITICAL,2026-01-06T03:00:00,465.13,3568.76,120.12,9.81,93.75,52.33,24.34,83.7,degraded,6,0,1,6,0.2545,-25.7496,-11.9672,0
PUMP-CRITICAL,2026-01-06T03:05:00,472.21,3375.01,145.28,9.99,118.75,57.15,26.99,95.48,degraded,6,0,3,6,0.1854,25.163,25.0033,0
PUMP-CRITICAL,2026-01-06T03:10:00,482.87,3337.63,125.88,12.2,99.09,54.46,26.3,85.2,degraded,6,0,1,6,2.2032,-19.4009,-19.6645,0
PUMP-CRITICAL,2026-01-06T03:15:00,454.96,3330.86,131.3,15.62,98.45,54.43,24.76,85.08,degraded,6,1,5,6,3.4283,5.424,-0.6352,0
PUMP-CRITICAL,2026-01-06T03:20:00,455.72,3433.3,134.86,11.53,99.0,55.65,25.36,90.7,degraded,6,0,5,6,-4.0941,3.5634,0.5445,0
PUMP-CRITICAL,2026-01-06T03:25:00,482.58,3240.35,146.61,14.51,95.9,56.11,27.08,88.36,degraded,6,1,6,6,2.9793,11.7438,-3.097,0
PUMP-CRITICAL,2026-01-06T03:30:00,472.08,3587.7,145.69,14.3,113.23,58.71,27.72,99.13,degraded,6,0,3,6,-0.2086,-0.9194,17.3304,0
PUMP-CRITICAL,2026-01-06T03:35:00,454.25,3263.85,127.1,10.46,104.69,54.28,24.66,82.05,degraded,6,0,3,6,-3.8417,-18.5911,-8.5412,0
PUMP-CRITICAL,2026-01-06T03:40:00,478.37,3393.13,124.41,11.29,108.8,55.74,26.66,82.41,degraded,6,0,3,6,0.8272,-2.6904,4.1089,0
PUMP-CRITICAL,2026-01-06T03:45:00,482.76,3535.34,122.84,14.27,97.72,55.81,26.94,93.29,degraded,6,0,4,6,2.981,-1.5683,-11.0851,0
PUMP-CRITICAL,2026-01-06T03:50:00,471.79,3334.94,137.48,10.59,121.35,55.45,26.16,86.69,degraded,6,1,6,6,-3.6771,14.6412,23.6398,0
PUMP-CRITICAL,2026-01-06T03:55:00,465.39,3167.94,124.39,11.68,112.15,52.61,24.48,77.28,degraded,6,0,2,6,1.0915,-13.0943,-9.2094,0
PUMP-CRITICAL,2026-01-06T04:00:00,480.28,3545.42,139.87,14.74,119.38,56.16,26.97,84.86,degraded,6,0,5,6,3.0612,15.4802,7.2341,0
PUMP-CRITICAL,2026-01-06T04:05:00,478.48,3363.37,139.01,13.78,117.16,56.46,27.02,85.76,degraded,6,0,5,6,-0.9659,-0.8585,-2.2156,0
PUMP-CRITICAL,2026-01-06T04:10:00,475.73,3465.45,117.77,9.5,109.2,55.54,26.42,82.0,degraded,6,0,3,6,-4.2812,-21.2351,-7.9623,0
PUMP-CRITICAL,2026-01-06T04:15:00,473.04,3541.5,141.22,15.14,117.74,57.32,27.11,92.24,degraded,6,1,3,6,5.6429,23.4485,8.5388,0
PUMP-CRITICAL,2026-01-06T04:20:00,477.68,3350.2,138.35,9.97,120.37,54.27,25.92,76.56,degraded,6,0,2,6,-5.1658,-2.8731,2.6328,0
PUMP-CRITICAL,2026-01-06T04:25:00,480.66,3250.07,126.42,14.17,121.04,55.49,26.67,79.66,degraded,6,0,2,6,4.1938,-11.9325,0.6632,0
PUMP-CRITICAL,2026-01-06T04:30:00,477.09,3372.8,140.81,9.65,106.69,55.07,26.27,92.41,degraded,6,0,2,6,-4.5206,14.3946,-14.3451,0
PUMP-CRITICAL,2026-01-06T04:35:00,481.42,3227.27,138.85,9.98,120.59,57.09,27.49,93.42,degraded,6,0,4,6,0.3338,-1.9562,13.9024,0
PUMP-CRITICAL,2026-01-06T04:40:00,465.05,3440.99,139.95,9.93,94.01,51.6,24.0,76.51,degraded,6,0,1,6,-0.0514,1.096,-26.582,0
PUMP-CRITICAL,2026-01-06T04:45:00,461.67,3596.44,128.17,13.81,95.74,55.72,25.73,86.45,degraded,6,0,2,6,3.8831,-11.7794,1.7257,0
PUMP-CRITICAL,2026-01-06T04:50:00,471.25,3609.63,136.91,14.63,97.04,56.58,26.66,92.8,degraded,6,0,2,6,0.8141,8.7347,1.2996,0
PUMP-CRITICAL,2026-01-06T04:55:00,478.06,3189.56,139.27,8.86,112.71,56.95,27.23,97.49,degraded,6,0,1,6,-5.7618,2.3661,15.6684,0
PUMP-CRITICAL,2026-01-06T05:00:00,466.41,3265.58,140.06,12.02,103.17,54.4,25.37,82.31,degraded,6,0,2,6,3.1511,0.7889,-9.537,0
PUMP-CRITICAL,2026-01-06T05:05:00,463.53,3427.45,121.74,13.48,120.23,57.48,26.65,94.13,degraded,6,0,1,6,1.4612,-18.3207,17.0584,0
PUMP-CRITICAL,2026-01-06T05:10:00,462.8,3544.84,141.91,10.1,113.06,57.52,26.62,94.32,degraded,6,0,2,6,-3.3802,20.1712,-7.1649,0
PUMP-CRITICAL,2026-01-06T05:15:00,460.15,3634.58,127.63,10.31,119.03,52.23,24.03,82.5,degraded,6,0,5,6,0.212,-14.2828,5.9728,0
PUMP-CRITICAL,2026-01-06T05:20:00,453.93,3251.98,139.49,10.6,115.42,53.16,24.13,86.25,degraded,6,1,4,6,0.2964,11.8571,-3.6188,0
PUMP-CRITICAL,2026-01-06T05:25:00,469.0,3478.44,132.91,12.77,95.07,55.09,25.84,97.78,degraded,6,0,5,6,2.1651,-6.5799,-20.344,0
PUMP-CRITICAL,2026-01-06T05:30:00,467.89,3327.4,132.4,11.44,108.06,54.96,25.72,93.4,degraded,6,0,1,6,-1.334,-0.5039,12.9885,0
PUMP-CRITICAL,2026-01-06T05:35:00,462.17,3195.1,141.18,13.81,92.58,53.63,24.79,89.68,degraded,6,0,5,6,2.3706,8.7767,-15.4797,0
PUMP-CRITICAL,2026-01-06T05:40:00,462.9,3219.87,144.62,13.38,118.39,56.24,26.03,94.73,degraded,6,0,1,6,-0.4225,3.4442,25.8124,0
PUMP-CRITICAL,2026-01-06T05:45:00,472.06,3426.56,121.34,10.74,114.06,56.78,26.8,89.96,degraded,6,1,3,6,-2.6484,-23.2847,-4.3381,0
PUMP-CRITICAL,2026-01-06T05:50:00,477.96,3241.2,118.33,13.45,94.86,55.92,26.73,79.09,degraded,6,0,5,6,2.7153,-3.0037,-19.1975,0
PUMP-CRITICAL,2026-01-06T05:55:00,463.77,3221.25,140.21,11.67,115.43,53.14,24.64,84.4,degraded,6,0,4,6,-1.7832,21.8803,20.5764,0
PUMP-CRITICAL,2026-01-06T06:00:00,460.34,3523.22,125.83,11.45,107.28,57.12,26.3,93.29,degraded,6,1,3,6,-0.2157,-14.3868,-8.1544,0
PUMP-CRITICAL,2026-01-06T06:05:00,482.05,3608.11,134.5,9.99,111.25,56.37,27.17,93.26,degraded,6,0,2,6,-1.461,8.6737,3.971,0
PUMP-CRITICAL,2026-01-06T06:10:00,456.25,3336.15,146.55,11.94,117.01,53.32,24.33,89.1,degraded,6,1,5,6,1.9522,12.0503,5.7556,0
PUMP-CRITICAL,2026-01-06T06:15:00,476.87,3373.22,128.71,13.96,100.68,52.64,25.1,78.15,degraded,6,0,5,6,2.0185,-17.8433,-16.328,0
PUMP-CRITICAL,2026-01-06T06:20:00,482.89,3409.59,137.57,12.48,97.64,54.48,26.31,79.98,degraded,6,0,2,6,-1.4852,8.8598,-3.0356,0
PUMP-CRITICAL,2026-01-06T06:25:00,457.44,3530.5,117.59,10.46,101.77,53.26,24.36,83.22,degraded,6,1,6,6,-2.0166,-19.9757,4.1226,0
PUMP-CRITICAL,2026-01-06T06:30:00,470.44,3209.78,134.41,9.83,113.4,53.43,25.14,79.47,degraded,6,1,6,6,-0.6279,16.8142,11.6316,0
PUMP-CRITICAL,2026-01-06T06:35:00,459.15,3555.09,123.81,14.84,100.16,53.25,24.45,79.45,degraded,6,0,2,6,5.0062,-10.5988,-13.2323,0
PUMP-CRITICAL,2026-01-06T06:40:00,473.45,3215.46,141.4,8.86,100.37,57.25,27.11,95.54,degraded,6,0,4,6,-5.975,17.5931,0.2023,0
PUMP-CRITICAL,2026-01-06T06:45:00,463.39,3225.27,133.4,10.25,97.66,53.88,24.97,84.99,degraded,6,0,5,6,1.3847,-8.0034,-2.7063,0
PUMP-CRITICAL,2026-01-06T06:50:00,477.05,3500.76,142.19,10.54,107.29,53.49,25.52,81.73,degraded,6,1,3,6,0.294,8.7903,9.6321,0
PUMP-CRITICAL,2026-01-06T06:55:00,463.53,3220.61,130.2,13.73,99.16,52.09,24.14,80.78,degraded,6,0,2,6,3.1924,-11.9898,-8.1316,0
PUMP-CRITICAL,2026-01-06T07:00:00,480.75,3612.8,142.26,9.69,119.36,56.65,27.23,98.95,degraded,6,0,4,6,-4.0423,12.061,20.1961,0
PUMP-CRITICAL,2026-01-06T07:05:00,469.22,3646.55,125.85,11.02,100.15,58.45,27.43,98.81,degraded,6,1,3,6,1.3233,-16.4096,-19.2074,0
PUMP-CRITICAL,2026-01-06T07:10:00,460.28,3480.3,145.24,12.72,94.42,54.35,25.02,96.12,degraded,6,0,2,6,1.7037,19.3876,-5.7311,0
PUMP-CRITICAL,2026-01-06T07:15:00,476.22,3290.68,123.33,15.49,116.39,55.12,26.25,76.9,degraded,6,1,2,6,2.7694,-21.9094,21.9755,0
PUMP-CRITICAL,2026-01-06T07:20:00,473.78,3332.72,117.35,14.35,107.01,54.32,25.73,91.13,degraded,6,1,6,6,-1.135,-5.9794,-9.3849,0
PUMP-CRITICAL,2026-01-06T07:25:00,478.74,3289.16,143.57,14.87,98.66,53.35,25.54,78.83,degraded,6,0,1,6,0.5124,26.2221,-8.3537,0
PUMP-CRITICAL,2026-01-06T07:30:00,465.77,3459.22,132.85,10.43,119.72,55.71,25.95,86.06,degraded,6,0,3,6,-4.4331,-10.725,21.0618,0
PUMP-CRITICAL,2026-01-06T07:35:00,473.7,3551.48,123.76,12.25,93.79,53.99,25.57,83.35,degraded,6,0,1,6,1.8201,-9.0816,-25.9243,0
PUMP-CRITICAL,2026-01-06T07:40:00,458.44,3351.07,119.86,12.91,112.76,52.62,24.12,80.83,degraded,6,0,2,6,0.6524,-3.9037,18.9661,0
PUMP-CRITICAL,2026-01-06T07:45:00,479.79,3590.13,137.91,9.01,99.39,58.55,28.09,92.71,degraded,6,1,6,6,-3.8972,18.0505,-13.3701,0
PUMP-CRITICAL,2026-01-06T07:50:00,456.62,3511.57,126.47,11.77,108.25,54.17,24.74,82.01,degraded,6,0,2,6,2.7591,-11.4434,8.8627,0
PUMP-CRITICAL,2026-01-06T07:55:00,467.03,3382.87,144.01,10.16,113.55,53.37,24.92,85.31,degraded,6,0,3,6,-1.6025,17.5405,5.2956,0
PUMP-CRITICAL,2026-01-06T08:00:00,461.93,3420.15,129.35,9.82,113.35,56.03,25.88,87.39,degraded,6,0,1,6,-0.3408,-14.6551,-0.1976,0
PUMP-CRITICAL,2026-01-06T08:05:00,471.88,3366.94,143.7,13.78,110.92,53.66,25.32,85.48,degraded,6,0,3,6,3.9601,14.3427,-2.4318,0
PUMP-CRITICAL,2026-01-06T08:10:00,472.47,3172.35,127.73,9.23,104.52,54.52,25.76,94.09,degraded,6,0,2,6,-4.5533,-15.962,-6.3981,0
PUMP-CRITICAL,2026-01-06T08:15:00,462.39,3550.19,122.44,10.23,103.25,54.56,25.23,98.92,degraded,6,0,4,6,0.9984,-5.2922,-1.2734,0
PUMP-CRITICAL,2026-01-06T08:20:00,470.61,3504.53,122.87,12.62,109.75,53.15,25.01,78.13,degraded,6,0,5,6,2.3899,0.4335,6.503,0
PUMP-CRITICAL,2026-01-06T08:25:00,470.43,3321.19,144.65,13.96,117.29,52.04,24.48,79.19,degraded,6,2,4,6,1.338,21.7791,7.5435,0
PUMP-CRITICAL,2026-01-06T08:30:00,454.8,3304.48,132.88,9.1,114.43,52.4,23.83,85.56,degraded,6,1,3,6,-4.8568,-11.7705,-2.8666,0
PUMP-CRITICAL,2026-01-06T08:35:00,455.87,3205.93,124.59,12.3,99.15,52.4,23.89,82.68,degraded,6,1,2,6,3.2001,-8.2972,-15.2812,0
PUMP-CRITICAL,2026-01-06T08:40:00,478.15,3418.81,146.56,15.37,110.55,56.36,26.95,89.01,degraded,6,0,4,6,3.0713,21.9735,11.4014,0
PUMP-CRITICAL,2026-01-06T08:45:00,462.24,3485.8,146.34,9.32,92.16,51.03,23.59,76.32,degraded,6,0,2,6,-6.0561,-0.2203,-18.3827,0
PUMP-CRITICAL,2026-01-06T08:50:00,454.08,3175.3,132.99,12.12,102.1,51.2,23.25,80.32,degraded,6,1,3,6,2.801,-13.3525,9.9351,0
PUMP-CRITICAL,2026-01-06T08:55:00,470.18,3179.68,134.38,14.12,112.13,52.51,24.69,78.9,degraded,6,0,3,6,1.9991,1.3926,10.0332,0
PUMP-CRITICAL,2026-01-06T09:00:00,461.69,3195.93,134.79,13.21,109.42,54.83,25.31,90.4,degraded,6,0,1,6,-0.9032,0.4153,-2.7154,0
PUMP-CRITICAL,2026-01-06T09:05:00,465.63,3410.36,144.65,9.59,102.0,57.64,26.84,97.16,degraded,6,1,3,6,-3.6253,9.8543,-7.4168,0
PUMP-CRITICAL,2026-01-06T09:10:00,463.39,3170.77,126.96,12.62,113.37,54.65,25.32,88.05,degraded,6,0,2,6,3.0376,-17.6894,11.3703,0
PUMP-CRITICAL,2026-01-06T09:15:00,468.65,3156.13,144.37,11.36,112.11,52.73,24.71,84.54,degraded,6,0,5,6,-1.2643,17.409,-1.263,0
PUMP-CRITICAL,2026-01-06T09:20:00,467.02,3577.68,125.14,10.51,109.51,54.68,25.54,84.93,degraded,6,1,5,6,-0.848,-19.2261,-2.5947,0
PUMP-CRITICAL,2026-01-06T09:25:00,475.31,3165.05,146.83,9.42,117.71,58.05,27.59,94.3,degraded,6,0,5,6,-1.0906,21.6888,8.1963,0
PUMP-CRITICAL,2026-01-06T09:30:00,469.01,3446.13,142.43,9.07,120.85,54.25,25.44,93.69,degraded,6,0,4,6,-0.3534,-4.4043,3.1435,0
PUMP-CRITICAL,2026-01-06T09:35:00,481.18,3352.45,127.21,13.02,93.12,54.97,26.45,87.01,degraded,6,0,5,6,3.9555,-15.2139,-27.7364,0
PUMP-CRITICAL,2026-01-06T09:40:00,480.23,3367.93,124.09,10.44,121.42,59.52,28.58,98.76,degraded,6,0,2,6,-2.5882,-3.1256,28.3039,0
PUMP-CRITICAL,2026-01-06T09:45:00,469.73,3276.63,133.73,15.65,117.47,54.92,25.8,95.41,degraded,6,0,3,6,5.212,9.6459,-3.9507,0
PUMP-CRITICAL,2026-01-06T09:50:00,465.41,3322.91,141.61,10.28,114.94,50.73,23.61,77.37,degraded,6,0,1,6,-5.3705,7.879,-2.5324,0
PUMP-CRITICAL,2026-01-06T09:55:00,462.64,3198.11,127.4,14.57,111.17,54.54,25.23,98.82,degraded,6,0,4,6,4.2926,-14.2143,-3.7651,0
PUMP-CRITICAL,2026-01-06T10:00:00,472.66,3316.47,138.06,15.49,100.45,57.33,27.1,94.44,degraded,6,0,4,6,0.9237,10.6582,-10.7233,0
PUMP-CRITICAL,2026-01-06T10:05:00,473.42,3397.71,138.51,13.16,115.53,51.92,24.58,78.67,degraded,6,0,1,6,-2.3299,0.4525,15.0783,0
PUMP-CRITICAL,2026-01-06T10:10:00,462.86,3446.79,140.7,10.09,100.62,53.54,24.78,85.61,degraded,6,0,4,6,-3.0757,2.1952,-14.9055,0
PUMP-CRITICAL,2026-01-06T10:15:00,477.88,3490.88,133.78,10.52,102.61,57.64,27.54,93.65,degraded,6,1,5,6,0.4325,-6.9237,1.9926,0
PUMP-CRITICAL,2026-01-06T10:20:00,481.18,3204.23,119.01,9.41,108.61,57.46,27.65,97.96,degraded,6,0,4,6,-1.1092,-14.7695,5.9916,0
PUMP-CRITICAL,2026-01-06T10:25:00,466.63,3260.81,122.49,12.92,112.46,55.04,25.69,85.29,degraded,6,1,5,6,3.5101,3.477,3.8516,0
PUMP-CRITICAL,2026-01-06T10:30:00,477.85,3155.06,130.16,12.69,116.52,57.0,27.24,90.99,degraded,6,0,4,6,-0.2271,7.6694,4.0588,0
PUMP-CRITICAL,2026-01-06T10:35:00,457.48,3487.36,143.1,13.55,93.13,55.47,25.38,94.32,degraded,6,0,4,6,0.8577,12.9431,-23.3849,0
PUMP-CRITICAL,2026-01-06T10:40:00,470.06,3536.71,132.28,12.8,109.06,53.68,25.23,86.04,degraded,6,0,2,6,-0.7525,-10.824,15.9285,0
PUMP-CRITICAL,2026-01-06T10:45:00,482.05,3610.66,140.36,10.92,113.92,56.41,27.19,87.76,degraded,6,0,2,6,-1.882,8.0868,4.863,0
PUMP-CRITICAL,2026-01-06T10:50:00,461.66,3156.47,120.81,9.31,117.92,53.9,24.88,79.18,degraded,6,0,1,6,-1.6108,-19.5551,3.9938,0
PUMP-CRITICAL,2026-01-06T10:55:00,458.04,3257.03,128.84,9.55,100.05,51.75,23.7,77.58,degraded,6,1,3,6,0.2438,8.0288,-17.8621,0
PUMP-CRITICAL,2026-01-06T11:00:00,473.13,3227.78,132.04,14.95,116.99,53.9,25.5,86.82,degraded,6,0,5,6,5.4033,3.2032,16.9335,0
PUMP-CRITICAL,2026-01-06T11:05:00,457.5,3444.51,136.14,11.72,114.76,53.45,24.45,79.79,degraded,6,0,3,6,-3.2348,4.101,-2.2327,0
PUMP-CRITICAL,2026-01-06T11:10:00,468.69,3268.01,120.68,10.1,107.25,56.76,26.6,94.9,degraded,6,0,3,6,-1.6217,-15.4601,-7.5037,0
PUMP-CRITICAL,2026-01-06T11:15:00,463.42,3504.75,128.61,11.42,118.63,57.3,26.55,94.71,degraded,6,2,6,6,1.3208,7.9295,11.3819,0
PUMP-CRITICAL,2026-01-06T11:20:00,459.94,3520.5,137.44,10.44,120.55,52.97,24.36,88.25,degraded,6,0,5,6,-0.9734,8.832,1.9183,0
PUMP-CRITICAL,2026-01-06T11:25:00,477.5,3499.3,136.29,13.75,116.62,55.58,26.54,85.82,degraded,6,0,1,6,3.3099,-1.1498,-3.9282,0
PUMP-CRITICAL,2026-01-06T11:30:00,466.93,3339.13,146.51,15.36,94.39,57.46,26.83,92.24,degraded,6,0,5,6,1.6017,10.2209,-22.2307,0
PUMP-CRITICAL,2026-01-06T11:35:00,481.88,3223.2,126.95,12.18,100.26,55.85,26.91,92.07,degraded,6,2,7,6,-3.1752,-19.5641,5.8716,0
PUMP-CRITICAL,2026-01-06T11:40:00,482.79,3322.55,132.49,11.36,104.24,58.79,28.39,96.38,degraded,6,1,2,6,-0.8241,5.5364,3.9716,0
PUMP-CRITICAL,2026-01-06T11:45:00,475.15,3254.87,118.15,10.99,101.83,55.81,26.52,80.6,degraded,6,0,3,6,-0.3714,-14.335,-2.4105,0
PUMP-CRITICAL,2026-01-06T11:50:00,461.69,3512.04,122.35,13.83,120.8,55.49,25.62,97.69,degraded,6,0,4,6,2.8406,4.1964,18.9754,0
PUMP-CRITICAL,2026-01-06T11:55:00,478.18,3262.65,127.59,14.28,120.57,56.57,27.05,85.29,degraded,6,0,1,6,0.4573,5.2473,-0.2317,0
PUMP-CRITICAL,2026-01-06T12:00:00,480.05,3459.46,128.8,14.27,120.47,54.84,26.32,81.58,degraded,6,1,5,6,-0.0148,1.2023,-0.0988,0
PUMP-CRITICAL,2026-01-06T12:05:00,461.24,3524.4,125.67,9.36,103.81,52.88,24.39,87.76,degraded,6,1,4,6,-4.9083,-3.1294,-16.6607,0
PUMP-CRITICAL,2026-01-06T12:10:00,478.71,3192.62,122.7,15.31,92.29,58.92,28.21,98.05,degraded,6,1,5,6,5.9524,-2.9673,-11.5196,0
PUMP-CRITICAL,2026-01-06T12:15:00,469.81,3294.94,137.02,14.93,94.9,55.58,26.11,90.55,degraded,6,1,3,6,-0.384,14.32,2.6083,0
PUMP-CRITICAL,2026-01-06T12:20:00,455.61,3247.15,120.3,12.75,112.7,53.74,24.48,83.41,degraded,6,0,5,6,-2.183,-16.7196,17.7968,0
PUMP-CRITICAL,2026-01-06T12:25:00,472.26,3199.35,146.61,14.01,106.53,55.93,26.41,87.66,degraded,6,0,1,6,1.2601,26.3056,-6.1699,0
PUMP-CRITICAL,2026-01-06T12:30:00,453.0,3222.69,121.64,9.72,105.24,52.35,23.71,84.61,degraded,6,0,4,6,-4.2815,-24.9614,-1.2882,0
PUMP-CRITICAL,2026-01-06T12:35:00,464.18,3439.56,121.67,12.53,99.66,54.54,25.31,97.35,degraded,6,0,4,6,2.803,0.0213,-5.58,0
PUMP-CRITICAL,2026-01-06T12:40:00,456.52,3273.26,127.84,11.35,111.5,53.41,24.38,78.91,degraded,6,0,2,6,-1.1774,6.1758,11.8404,0
PUMP-CRITICAL,2026-01-06T12:45:00,482.09,3313.69,137.12,14.0,114.31,55.72,26.86,91.87,degraded,6,0,3,6,2.652,9.2737,2.8154,0
PUMP-CRITICAL,2026-01-06T12:50:00,477.05,3426.31,140.12,13.91,104.71,55.16,26.31,79.65,degraded,6,1,2,6,-0.09,3.0078,-9.5989,0
PUMP-CRITICAL,2026-01-06T12:55:00,458.39,3564.81,138.69,9.43,102.6,54.68,25.06,95.91,degraded,6,1,2,6,-4.4776,-1.436,-2.1141,0
PUMP-CRITICAL,2026-01-06T13:00:00,458.03,3241.0,136.54,15.13,109.12,54.64,25.03,90.32,degraded,6,0,3,6,5.6992,-2.1452,6.5248,0
PUMP-CRITICAL,2026-01-06T13:05:00,478.22,3172.38,123.12,11.72,113.59,57.2,27.36,95.85,degraded,6,0,3,6,-3.4162,-13.4243,4.4678,0
PUMP-CRITICAL,2026-01-06T13:10:00,481.91,3383.16,129.21,11.03,106.14,55.61,26.8,89.62,degraded,6,1,6,6,-0.6833,6.0913,-7.4507,0
PUMP-CRITICAL,2026-01-06T13:15:00,454.77,3192.96,133.26,13.3,119.75,54.1,24.6,80.6,degraded,6,0,2,6,2.2641,4.0537,13.609,0
PUMP-CRITICAL,2026-01-06T13:20:00,463.67,3395.58,136.01,14.67,103.37,53.75,24.92,89.2,degraded,6,0,3,6,1.3669,2.7505,-16.3798,0
PUMP-CRITICAL,2026-01-06T13:25:00,466.91,3498.46,137.13,14.48,106.29,53.69,25.07,91.66,degraded,6,0,1,6,-0.1849,1.1209,2.9174,0
PUMP-CRITICAL,2026-01-06T13:30:00,467.26,3511.2,132.97,12.02,120.65,53.05,24.79,79.4,degraded,6,1,3,6,-2.4621,-4.1607,14.3594,0
PUMP-CRITICAL,2026-01-06T13:35:00,476.08,3184.44,118.96,10.0,92.26,58.5,27.85,95.47,degraded,6,1,6,6,-2.0225,-14.0136,-28.3901,0
PUMP-CRITICAL,2026-01-06T13:40:00,467.31,3382.44,124.53,11.4,92.63,57.3,26.78,99.27,degraded,6,0,4,6,1.4089,5.5717,0.3716,0
PUMP-CRITICAL,2026-01-06T13:45:00,470.76,3474.43,133.39,10.65,110.3,53.91,25.38,86.68,degraded,6,0,2,6,-0.759,8.8609,17.6668,0
PUMP-CRITICAL,2026-01-06T13:50:00,470.97,3259.23,140.69,10.2,119.37,55.22,26.01,95.28,degraded,6,0,1,6,-0.4496,7.2982,9.0764,0
PUMP-CRITICAL,2026-01-06T13:55:00,459.73,3344.1,138.99,11.45,103.02,52.37,24.08,79.96,degraded,6,2,7,6,1.2519,-1.7047,-16.3546,0
PUMP-CRITICAL,2026-01-06T14:00:00,471.33,3577.35,140.53,8.87,97.12,54.14,25.52,79.61,degraded,6,1,4,6,-2.583,1.539,-5.8973,0
PUMP-CRITICAL,2026-01-06T14:05:00,476.3,3419.12,132.35,11.63,102.33,55.31,26.34,81.62,degraded,6,0,5,6,2.7636,-8.1736,5.2099,0
PUMP-CRITICAL,2026-01-06T14:10:00,472.05,3562.09,121.99,12.33,105.46,54.17,25.57,77.57,degraded,6,0,3,6,0.6967,-10.361,3.1298,0
PUMP-CRITICAL,2026-01-06T14:15:00,460.71,3426.36,135.16,9.92,99.72,54.97,25.33,94.06,degraded,6,0,5,6,-2.4041,13.1665,-5.7364,0
PUMP-CRITICAL,2026-01-06T14:20:00,453.43,3487.24,136.13,12.87,103.41,50.55,22.92,79.97,degraded,6,0,5,6,2.9456,0.9759,3.6885,0
PUMP-CRITICAL,2026-01-06T14:25:00,460.98,3596.93,135.2,10.79,101.25,55.63,25.65,85.89,degraded,6,0,4,6,-2.0805,-0.9344,-2.1587,0
PUMP-CRITICAL,2026-01-06T14:30:00,482.39,3329.92,143.11,10.28,98.16,52.73,25.44,80.71,degraded,6,0,5,6,-0.5085,7.9072,-3.0924,0
PUMP-CRITICAL,2026-01-06T14:35:00,453.87,3162.94,144.06,10.33,109.74,50.62,22.98,79.48,degraded,6,0,4,6,0.0547,0.9526,11.5776,0
PUMP-CRITICAL,2026-01-06T14:40:00,477.01,3430.54,146.42,8.98,105.2,56.29,26.85,92.4,degraded,6,0,2,6,-1.3563,2.3585,-4.5427,0
PUMP-CRITICAL,2026-01-06T14:45:00,477.78,3355.07,139.13,11.18,119.29,57.08,27.27,92.39,degraded,6,0,1,6,2.2041,-7.2869,14.0908,0
PUMP-CRITICAL,2026-01-06T14:50:00,465.67,3241.83,134.61,10.02,98.76,52.65,24.52,79.39,degraded,6,0,3,6,-1.156,-4.5243,-20.5317,0
PUMP-CRITICAL,2026-01-06T14:55:00,458.08,3493.45,128.69,11.3,97.26,52.38,23.99,89.66,degraded,6,1,3,6,1.2795,-5.9155,-1.4951,0
PUMP-CRITICAL,2026-01-06T15:00:00,461.47,3259.85,141.92,10.6,105.6,54.2,25.01,87.51,degraded,6,0,4,6,-0.7044,13.2335,8.3422,0
PUMP-CRITICAL,2026-01-06T15:05:00,458.88,3439.77,137.96,14.82,93.54,54.73,25.11,97.01,degraded,6,1,5,6,4.2246,-3.9655,-12.0586,0
PUMP-CRITICAL,2026-01-06T15:10:00,460.28,3569.98,140.96,15.59,108.33,50.7,23.34,77.42,degraded,6,0,2,6,0.7705,3.0029,14.7829,0
PUMP-CRITICAL,2026-01-06T15:15:00,457.48,3423.42,129.77,15.07,97.08,52.9,24.2,76.86,degraded,6,1,2,6,-0.5252,-11.194,-11.2495,0
PUMP-CRITICAL,2026-01-06T15:20:00,479.5,3177.59,135.99,11.06,113.22,55.67,26.69,92.52,degraded,6,0,5,6,-4.0096,6.2242,16.1411,0
PUMP-CRITICAL,2026-01-06T15:25:00,460.4,3517.14,142.58,13.38,94.28,57.38,26.42,95.74,degraded,6,1,2,6,2.3159,6.594,-18.9428,0
PUMP-CRITICAL,2026-01-06T15:30:00,462.03,3155.34,121.66,14.63,114.04,52.58,24.29,81.49,degraded,6,0,5,6,1.2588,-20.928,19.7609,0
PUMP-CRITICAL,2026-01-06T15:35:00,477.48,3615.11,145.75,13.3,111.05,57.98,27.68,96.05,degraded,6,0,2,6,-1.3366,24.0917,-2.985,0
PUMP-CRITICAL,2026-01-06T15:40:00,478.89,3453.02,118.89,15.81,105.62,57.0,27.3,89.86,degraded,6,0,2,6,2.5089,-26.8555,-5.4281,0
PUMP-CRITICAL,2026-01-06T15:45:00,471.63,3624.62,130.34,15.33,113.09,55.99,26.41,98.45,degraded,6,0,5,6,-0.4752,11.4493,7.4709,0
PUMP-CRITICAL,2026-01-06T15:50:00,469.08,3593.13,122.25,9.65,108.67,55.07,25.83,93.28,degraded,6,2,4,6,-5.6865,-8.0969,-4.4262,0
PUMP-CRITICAL,2026-01-06T15:55:00,454.38,3288.47,128.17,14.33,100.41,52.3,23.76,88.15,degraded,6,0,3,6,4.6809,5.9216,-8.2584,0
PUMP-CRITICAL,2026-01-06T16:00:00,467.2,3165.9,121.1,12.25,112.92,53.41,24.95,88.72,degraded,6,1,2,6,-2.0787,-7.0684,12.5101,0
PUMP-CRITICAL,2026-01-06T16:05:00,460.15,3509.33,142.22,12.69,93.96,55.35,25.47,90.75,degraded,6,0,3,6,0.4386,21.1214,-18.9615,0
PUMP-CRITICAL,2026-01-06T16:10:00,462.97,3579.44,134.89,12.26,104.84,55.35,25.62,87.25,degraded,6,0,1,6,-0.4251,-7.331,10.8844,0
PUMP-CRITICAL,2026-01-06T16:15:00,454.96,3228.64,138.9,11.88,121.29,53.61,24.39,88.27,degraded,6,1,6,6,-0.3769,4.0116,16.4519,0
PUMP-CRITICAL,2026-01-06T16:20:00,474.5,3409.92,117.43,10.27,99.8,55.42,26.3,86.63,degraded,6,0,1,6,-1.6102,-21.4677,-21.4904,0
PUMP-CRITICAL,2026-01-06T16:25:00,463.76,3157.64,121.89,12.52,93.87,52.59,24.39,87.04,degraded,6,1,2,6,2.2473,4.4577,-5.9351,0
PUMP-CRITICAL,2026-01-06T16:30:00,478.33,3575.06,141.99,12.63,97.67,56.09,26.83,82.72,degraded,6,1,2,6,0.1098,20.1041,3.8009,0
PUMP-CRITICAL,2026-01-06T16:35:00,470.69,3553.35,126.02,11.01,112.91,56.86,26.77,93.18,degraded,6,0,4,6,-1.6201,-15.974,15.2421,0
PUMP-CRITICAL,2026-01-06T16:40:00,478.38,3362.54,118.95,9.41,93.16,58.65,28.06,95.64,degraded,6,0,4,6,-1.6034,-7.071,-19.7471,0
PUMP-CRITICAL,2026-01-06T16:45:00,475.75,3453.31,140.31,11.84,102.47,53.27,25.34,84.97,degraded,6,0,2,6,2.4359,21.3554,9.3027,0
PUMP-CRITICAL,2026-01-06T16:50:00,474.13,3290.46,130.74,12.82,112.93,57.53,27.28,94.95,degraded,6,0,5,6,0.9727,-9.5675,10.4675,0
PUMP-CRITICAL,2026-01-06T16:55:00,461.51,3244.83,130.86,14.6,99.51,55.36,25.55,84.63,degraded,6,1,4,6,1.7826,0.1242,-13.4258,0
PUMP-CRITICAL,2026-01-06T17:00:00,469.27,3306.4,125.42,13.15,100.06,54.91,25.77,90.49,degraded,6,0,2,6,-1.4518,-5.4438,0.5543,0
PUMP-CRITICAL,2026-01-06T17:05:00,477.69,3431.91,143.67,13.37,99.9,54.18,25.88,87.98,degraded,6,0,2,6,0.2244,18.2561,-0.1632,0
PUMP-CRITICAL,2026-01-06T17:10:00,473.96,3222.44,144.46,10.19,99.38,55.06,26.1,88.13,degraded,6,1,4,6,-3.178,0.7857,-0.5166,0
PUMP-CRITICAL,2026-01-06T17:15:00,469.94,3231.67,122.56,13.15,104.01,55.16,25.92,94.29,degraded,6,0,1,6,2.9582,-21.901,4.6215,0
PUMP-CRITICAL,2026-01-06T17:20:00,461.41,3309.77,144.5,13.19,110.12,53.74,24.8,85.96,degraded,6,1,5,6,0.0436,21.9405,6.1187,0
PUMP-CRITICAL,2026-01-06T17:25:00,482.65,3273.82,125.51,8.9,113.35,59.07,28.51,95.13,degraded,6,0,4,6,-4.292,-18.9855,3.2243,0
PUMP-CRITICAL,2026-01-06T17:30:00,476.95,3606.69,147.01,14.94,103.77,53.78,25.65,79.15,degraded,6,1,5,6,6.0379,21.4949,-9.5774,0
PUMP-CRITICAL,2026-01-06T17:35:00,473.61,3268.11,117.51,10.36,118.9,53.2,25.2,79.7,degraded,6,0,2,6,-4.5758,-29.4952,15.1288,0
PUMP-CRITICAL,2026-01-06T17:40:00,474.44,3550.49,123.16,14.71,107.64,54.31,25.77,83.82,degraded,6,0,5,6,4.3466,5.6416,-11.2629,0
PUMP-CRITICAL,2026-01-06T17:45:00,458.91,3278.97,144.84,9.0,109.96,55.14,25.3,96.2,degraded,6,0,4,6,-5.7159,21.68,2.3245,0
PUMP-CRITICAL,2026-01-06T17:50:00,482.62,3351.87,129.78,15.49,94.71,54.38,26.25,86.55,degraded,6,0,3,6,6.4928,-15.0536,-15.2527,0
PUMP-CRITICAL,2026-01-06T17:55:00,466.92,3308.36,126.89,10.86,105.7,55.56,25.94,97.9,degraded,6,0,1,6,-4.6277,-2.8865,10.9961,0
PUMP-CRITICAL,2026-01-06T18:00:00,465.84,3551.12,133.34,15.75,98.18,55.82,26.0,84.98,degraded,6,0,2,6,4.8851,6.4423,-7.5216,0
PUMP-CRITICAL,2026-01-06T18:05:00,456.18,3654.16,117.27,9.03,107.4,53.69,24.49,78.81,degraded,6,0,3,6,-6.713,-16.066,9.2132,0
PUMP-CRITICAL,2026-01-06T18:10:00,471.44,3182.75,141.15,8.88,99.68,54.26,25.58,87.32,degraded,6,0,3,6,-0.1545,23.8807,-7.7111,0
PUMP-CRITICAL,2026-01-06T18:15:00,458.5,3375.88,127.52,9.99,95.11,56.21,25.77,96.36,degraded,6,0,1,6,1.1112,-13.6319,-4.5778,0
PUMP-CRITICAL,2026-01-06T18:20:00,452.76,3602.63,132.97,8.99,111.42,55.1,24.95,94.23,degraded,6,0,5,6,-1.0037,5.449,16.316,0
PUMP-CRITICAL,2026-01-06T18:25:00,469.67,3577.37,138.25,10.58,93.77,57.83,27.16,98.33,degraded,6,0,3,6,1.5978,5.2806,-17.651,0
PUMP-CRITICAL,2026-01-06T18:30:00,458.12,3464.66,125.04,11.77,95.6,55.2,25.29,84.66,degraded,6,0,2,6,1.1826,-13.2052,1.8307,0
PUMP-CRITICAL,2026-01-06T18:35:00,476.83,3643.96,138.74,13.04,95.84,57.69,27.51,95.4,degraded,6,1,4,6,1.2729,13.6916,0.2381,0
PUMP-CRITICAL,2026-01-06T18:40:00,457.06,3326.51,133.26,12.66,115.31,50.51,23.09,77.48,degraded,6,0,4,6,-0.3764,-5.4741,19.4675,0
PUMP-CRITICAL,2026-01-06T18:45:00,474.55,3159.77,142.13,9.44,118.96,56.68,26.9,97.76,degraded,6,0,3,6,-3.2222,8.87,3.6524,0
PUMP-CRITICAL,2026-01-06T18:50:00,459.37,3637.76,124.8,11.94,104.42,53.46,24.56,90.79,degraded,6,1,5,6,2.4951,-17.3283,-14.5437,0
PUMP-CRITICAL,2026-01-06T18:55:00,478.94,3552.57,138.96,10.77,102.52,54.91,26.3,81.67,degraded,6,0,2,6,-1.1639,14.1604,-1.8942,0
PUMP-CRITICAL,2026-01-06T19:00:00,470.97,3241.82,137.65,11.65,107.99,51.66,24.33,79.25,degraded,6,0,5,6,0.8739,-1.3162,5.4668,0
PUMP-CRITICAL,2026-01-06T19:05:00,465.47,3260.7,141.85,12.44,92.89,54.73,25.48,80.75,degraded,6,0,3,6,0.7993,4.2012,-15.0957,0
PUMP-CRITICAL,2026-01-06T19:10:00,470.18,3336.83,130.53,10.4,118.69,53.74,25.27,82.96,degraded,6,0,2,6,-2.0398,-11.3156,25.8008,0
PUMP-CRITICAL,2026-01-06T19:15:00,481.99,3395.69,131.88,15.54,101.47,53.99,26.02,84.67,degraded,6,1,3,6,5.1323,1.3432,-17.222,0
PUMP-CRITICAL,2026-01-06T19:20:00,453.02,3640.45,135.34,13.29,116.51,53.18,24.09,83.36,degraded,6,1,6,6,-2.2468,3.4628,15.0382,0
PUMP-CRITICAL,2026-01-06T19:25:00,475.36,3430.6,126.09,9.64,94.29,55.02,26.15,78.05,degraded,6,1,2,6,-3.6478,-9.2472,-22.2166,0
PUMP-CRITICAL,2026-01-06T19:30:00,459.21,3607.91,120.14,10.44,104.39,51.45,23.62,80.37,degraded,6,1,4,6,0.7948,-5.9509,10.0979,0
PUMP-CRITICAL,2026-01-06T19:35:00,453.32,3349.84,136.61,14.63,112.15,52.91,23.99,81.18,degraded,6,0,5,6,4.1903,16.4668,7.7581,0
PUMP-CRITICAL,2026-01-06T19:40:00,463.79,3325.64,131.17,12.59,98.36,53.96,25.03,77.13,degraded,6,1,4,6,-2.0327,-5.4424,-13.7909,0
PUMP-CRITICAL,2026-01-06T19:45:00,471.57,3334.53,139.77,11.55,104.04,57.32,27.03,97.19,degraded,6,0,2,6,-1.0434,8.6075,5.6807,0
PUMP-CRITICAL,2026-01-06T19:50:00,454.42,3543.18,126.02,15.24,115.11,50.68,23.03,81.54,degraded,6,0,1,6,3.6933,-13.7535,11.0664,0
PUMP-CRITICAL,2026-01-06T19:55:00,467.61,3343.04,143.49,12.4,98.31,54.6,25.53,83.86,degraded,6,0,5,6,-2.8445,17.4658,-16.7945,0
PUMP-CRITICAL,2026-01-06T20:00:00,468.35,3220.95,123.77,11.18,113.89,56.32,26.38,96.88,degraded,6,0,5,6,-1.2213,-19.7144,15.5773,0
PUMP-CRITICAL,2026-01-06T20:05:00,466.96,3460.14,130.15,13.94,119.27,51.64,24.12,80.87,degraded,6,1,5,6,2.7566,6.3745,5.381,0
PUMP-CRITICAL,2026-01-06T20:10:00,478.02,3408.08,122.43,9.68,111.4,57.95,27.7,99.32,degraded,6,0,3,6,-4.2524,-7.7109,-7.8732,0
PUMP-CRITICAL,2026-01-06T20:15:00,456.09,3427.8,123.44,9.86,120.83,53.66,24.48,95.31,degraded,6,0,3,6,0.1743,1.0019,9.4347,0
PUMP-CRITICAL,2026-01-06T20:20:00,453.68,3480.97,146.1,11.81,117.5,51.97,23.58,82.77,degraded,6,0,4,6,1.9498,22.6618,-3.3288,0
PUMP-CRITICAL,2026-01-06T20:25:00,467.64,3485.73,120.27,14.78,94.04,54.19,25.34,78.86,degraded,6,1,2,6,2.9697,-25.8278,-23.4672,0
PUMP-CRITICAL,2026-01-06T20:30:00,481.21,3462.16,133.05,13.19,107.57,55.43,26.67,83.02,degraded,6,0,5,6,-1.588,12.7799,13.5296,0
PUMP-CRITICAL,2026-01-06T20:35:00,478.58,3290.09,146.54,15.76,106.5,57.22,27.38,98.71,degraded,6,0,4,6,2.5692,13.487,-1.0622,0
PUMP-CRITICAL,2026-01-06T20:40:00,455.81,3336.67,125.86,9.41,108.98,52.19,23.79,83.63,degraded,6,0,1,6,-6.3514,-20.6744,2.4742,0
PUMP-CRITICAL,2026-01-06T20:45:00,460.53,3247.33,134.35,14.76,105.1,54.45,25.08,95.08,degraded,6,0,3,6,5.3527,8.4891,-3.8826,0
PUMP-CRITICAL,2026-01-06T20:50:00,457.46,3527.91,143.49,13.13,110.91,53.26,24.36,85.79,degraded,6,0,5,6,-1.6341,9.1404,5.8188,0
PUMP-CRITICAL,2026-01-06T20:55:00,461.14,3385.91,122.25,10.67,113.15,52.18,24.06,85.56,degraded,6,0,3,6,-2.4556,-21.2442,2.2396,0
PUMP-CRITICAL,2026-01-06T21:00:00,456.79,3221.25,119.11,11.65,108.23,54.38,24.84,99.32,degraded,6,1,4,6,0.9841,-3.1379,-4.9188,0
PUMP-CRITICAL,2026-01-06T21:05:00,465.76,3300.74,143.0,10.33,105.9,52.11,24.27,77.14,degraded,6,0,4,6,-1.3278,23.888,-2.3392,0
PUMP-CRITICAL,2026-01-06T21:10:00,458.53,3267.18,124.69,14.82,112.59,53.77,24.66,93.64,degraded,6,0,5,6,4.4975,-18.3116,6.6963,0
PUMP-CRITICAL,2026-01-06T21:15:00,453.62,3192.87,141.3,12.76,101.52,53.31,24.18,85.66,degraded,6,0,5,6,-2.0592,16.6148,-11.0678,0
PUMP-CRITICAL,2026-01-06T21:20:00,456.17,3189.3,143.87,9.85,93.54,54.74,24.97,91.18,degraded,6,0,4,6,-2.9107,2.5644,-7.9833,0
PUMP-CRITICAL,2026-01-06T21:25:00,466.1,3162.29,118.29,14.89,98.91,57.25,26.69,98.52,degraded,6,0,4,6,5.0361,-25.5758,5.3733,0
PUMP-CRITICAL,2026-01-06T21:30:00,459.68,3506.31,140.77,12.85,121.82,53.89,24.77,84.57,degraded,6,0,4,6,-2.0426,22.4827,22.9093,0
PUMP-CRITICAL,2026-01-06T21:35:00,454.02,3381.38,134.56,10.22,113.75,56.37,25.59,93.6,degraded,6,0,2,6,-2.6228,-6.2172,-8.0694,0
PUMP-CRITICAL,2026-01-06T21:40:00,454.33,3214.14,125.78,11.12,99.61,54.29,24.66,86.61,degraded,6,0,4,6,0.8959,-8.7736,-14.1429,0
PUMP-CRITICAL,2026-01-06T21:45:00,460.98,3273.26,145.95,13.82,121.89,55.92,25.78,93.29,degraded,6,0,5,6,2.7045,20.1667,22.278,0
PUMP-CRITICAL,2026-01-06T21:50:00,459.33,3460.02,136.83,9.4,109.47,52.85,24.28,77.23,degraded,6,0,3,6,-4.4267,-9.1208,-12.4147,0
PUMP-CRITICAL,2026-01-06T21:55:00,462.94,3166.18,136.18,15.19,106.37,53.56,24.79,77.01,degraded,6,0,5,6,5.7923,-0.646,-3.1044,0
PUMP-CRITICAL,2026-01-06T22:00:00,465.2,3354.38,139.4,10.75,114.77,52.71,24.52,80.69,degraded,6,0,1,6,-4.4433,3.221,8.3992,0
PUMP-CRITICAL,2026-01-06T22:05:00,455.92,3629.54,130.99,14.51,120.6,53.35,24.32,89.96,degraded,6,0,5,6,3.7652,-8.4082,5.8355,0
PUMP-CRITICAL,2026-01-06T22:10:00,474.79,3394.98,128.96,13.78,116.81,52.49,24.92,79.62,degraded,6,0,2,6,-0.7311,-2.0312,-3.796,0
PUMP-CRITICAL,2026-01-06T22:15:00,464.98,3244.99,143.05,8.92,97.89,55.17,25.65,87.79,degraded,6,0,2,6,-4.863,14.0887,-18.9196,0
PUMP-CRITICAL,2026-01-06T22:20:00,462.5,3445.03,117.75,9.87,100.5,51.85,23.98,81.21,degraded,6,0,2,6,0.9561,-25.3048,2.6074,0
PUMP-CRITICAL,2026-01-06T22:25:00,464.27,3422.32,144.18,15.53,108.01,52.7,24.47,83.67,degraded,6,0,3,6,5.6543,26.4368,7.5151,0
PUMP-CRITICAL,2026-01-06T22:30:00,479.58,3484.64,127.01,15.71,97.85,54.74,26.25,87.13,degraded,6,1,6,6,0.1838,-17.1693,-10.158,0
PUMP-CRITICAL,2026-01-06T22:35:00,455.95,3597.61,141.82,9.37,99.29,54.24,24.73,92.46,degraded,6,1,2,6,-6.3393,14.8001,1.4333,0
PUMP-CRITICAL,2026-01-06T22:40:00,481.89,3281.21,121.0,11.44,107.83,55.01,26.51,91.0,degraded,6,0,5,6,2.0668,-20.8197,8.5453,0
PUMP-CRITICAL,2026-01-06T22:45:00,468.98,3507.16,126.43,11.97,100.42,55.31,25.94,98.89,degraded,6,0,5,6,0.5259,5.4318,-7.4108,0
PUMP-CRITICAL,2026-01-06T22:50:00,478.41,3408.73,132.19,12.7,106.62,53.1,25.4,77.22,degraded,6,0,2,6,0.7313,5.766,6.2025,0
PUMP-CRITICAL,2026-01-06T22:55:00,467.58,3185.77,117.55,10.75,110.11,58.46,27.33,98.65,degraded,6,0,5,6,-1.9487,-14.6452,3.4848,0
PUMP-CRITICAL,2026-01-06T23:00:00,471.67,3633.76,134.42,15.57,119.32,57.02,26.89,93.11,degraded,6,0,2,6,4.8207,16.8738,9.2097,0
PUMP-CRITICAL,2026-01-06T23:05:00,481.72,3570.07,139.63,10.93,107.5,58.6,28.23,93.41,degraded,6,0,3,6,-4.6415,5.2039,-11.8149,0
PUMP-CRITICAL,2026-01-06T23:10:00,461.89,3530.29,121.73,11.36,104.07,52.79,24.38,82.74,degraded,6,0,4,6,0.4282,-17.8986,-3.4328,0
PUMP-CRITICAL,2026-01-06T23:15:00,473.55,3297.16,142.36,10.86,112.17,54.51,25.81,90.43,degraded,6,0,4,6,-0.4981,20.6354,8.1033,0
PUMP-CRITICAL,2026-01-06T23:20:00,481.35,3406.12,128.97,12.99,102.08,53.01,25.52,79.92,degraded,6,0,2,6,2.133,-13.3958,-10.0942,0
PUMP-CRITICAL,2026-01-06T23:25:00,482.5,3205.19,135.28,11.67,100.59,54.34,26.22,79.63,degraded,6,0,4,6,-1.3186,6.3155,-1.4922,0
PUMP-CRITICAL,2026-01-06T23:30:00,460.99,3396.27,132.16,10.43,102.7,53.96,24.87,85.12,degraded,6,1,6,6,-1.2417,-3.1175,2.1085,0
PUMP-CRITICAL,2026-01-06T23:35:00,476.51,3497.36,140.06,12.31,106.81,54.52,25.98,85.0,degraded,6,1,2,6,1.8806,7.8947,4.1109,0
PUMP-CRITICAL,2026-01-06T23:40:00,461.77,3358.14,139.51,9.03,111.38,55.04,25.42,91.22,degraded,6,0,5,6,-3.2809,-0.5543,4.5716,0
PUMP-CRITICAL,2026-01-06T23:45:00,470.09,3212.71,134.77,13.67,118.71,54.88,25.8,82.17,degraded,6,1,4,6,4.6415,-4.7357,7.3346,0
PUMP-CRITICAL,2026-01-06T23:50:00,465.28,3326.75,144.64,14.5,113.37,52.27,24.32,83.49,degraded,6,0,1,6,0.8265,9.8669,-5.3388,0
PUMP-CRITICAL,2026-01-06T23:55:00,466.4,3329.84,140.88,9.33,109.12,51.71,24.12,77.79,degraded,6,1,3,6,-5.167,-3.7555,-4.2512,0
PUMP-CRITICAL,2026-01-07T00:00:00,465.25,3421.13,137.62,11.3,114.65,55.89,26.0,85.31,degraded,6,1,3,6,1.9641,-3.2613,5.5246,0
PUMP-CRITICAL,2026-01-07T00:05:00,466.08,3657.63,146.89,12.42,117.35,55.21,25.73,98.28,degraded,6,0,4,6,1.122,9.2727,2.7043,0
PUMP-CRITICAL,2026-01-07T00:10:00,458.45,3483.71,136.98,13.35,100.72,54.5,24.98,86.81,degraded,6,0,4,6,0.9341,-9.9093,-16.6328,0
PUMP-CRITICAL,2026-01-07T00:15:00,459.41,3490.02,143.74,12.75,114.22,51.05,23.45,81.4,degraded,6,0,3,6,-0.6053,6.762,13.5001,0
PUMP-CRITICAL,2026-01-07T00:20:00,480.56,3291.8,128.73,15.46,98.7,56.38,27.09,98.33,degraded,6,0,1,6,2.7131,-15.0153,-15.5176,0
PUMP-CRITICAL,2026-01-07T00:25:00,468.69,3594.21,117.94,15.1,109.33,56.15,26.32,87.0,degraded,6,1,4,6,-0.3583,-10.7902,10.625,0
PUMP-CRITICAL,2026-01-07T00:30:00,481.18,3604.28,127.86,14.9,106.95,59.26,28.51,97.87,degraded,6,0,4,6,-0.2026,9.9159,-2.3776,0
PUMP-CRITICAL,2026-01-07T00:35:00,463.5,3273.5,125.64,14.02,107.07,57.93,26.85,97.59,degraded,6,0,1,6,-0.8808,-2.2155,0.1251,0
PUMP-CRITICAL,2026-01-07T00:40:00,470.18,3647.39,140.39,12.67,108.64,53.83,25.31,88.12,degraded,6,1,4,6,-1.3435,14.7514,1.5635,0
PUMP-CRITICAL,2026-01-07T00:45:00,479.07,3232.5,117.65,12.45,93.35,56.49,27.06,88.79,degraded,6,0,5,6,-0.2273,-22.7421,-15.2867,0
PUMP-CRITICAL,2026-01-07T00:50:00,465.81,3188.52,125.94,14.72,105.33,54.05,25.18,91.34,degraded,6,0,4,6,2.278,8.2882,11.9816,0
PUMP-CRITICAL,2026-01-07T00:55:00,471.85,3198.26,126.37,14.62,103.28,52.43,24.74,83.09,degraded,6,0,2,6,-0.1049,0.4309,-2.0502,0
PUMP-CRITICAL,2026-01-07T01:00:00,468.24,3425.26,130.99,8.9,93.41,56.47,26.44,98.87,degraded,6,1,2,6,-5.7245,4.6213,-9.8717,0
PUMP-CRITICAL,2026-01-07T01:05:00,461.46,3616.54,134.57,11.23,110.72,56.65,26.14,98.78,degraded,6,0,1,6,2.3364,3.5767,17.3136,0
PUMP-CRITICAL,2026-01-07T01:10:00,467.65,3634.82,145.14,11.46,96.67,51.37,24.02,78.09,degraded,6,0,1,6,0.2252,10.577,-14.0502,0
PUMP-CRITICAL,2026-01-07T01:15:00,457.6,3204.11,128.19,10.19,112.67,53.23,24.36,88.55,degraded,6,0,1,6,-1.2638,-16.9499,15.9986,0
PUMP-CRITICAL,2026-01-07T01:20:00,458.59,3208.72,128.67,13.24,117.86,55.92,25.64,92.11,degraded,6,0,3,6,3.0451,0.4808,5.1913,0
PUMP-CRITICAL,2026-01-07T01:25:00,455.3,3592.16,123.13,13.16,107.8,54.68,24.9,84.98,degraded,6,0,1,6,-0.0797,-5.5423,-10.0672,0
PUMP-CRITICAL,2026-01-07T01:30:00,472.83,3247.51,146.85,9.0,107.04,59.19,27.99,99.26,degraded,6,0,5,6,-4.1547,23.7175,-0.7549,0
PUMP-CRITICAL,2026-01-07T01:35:00,481.12,3548.08,117.47,15.3,97.17,54.87,26.4,84.55,degraded,6,0,1,6,6.2965,-29.3827,-9.8722,0
PUMP-CRITICAL,2026-01-07T01:40:00,477.05,3621.09,128.37,10.98,97.9,54.16,25.84,86.67,degraded,6,0,1,6,-4.3217,10.9068,0.7299,0
PUMP-CRITICAL,2026-01-07T01:45:00,477.9,3341.17,128.6,9.25,98.94,56.95,27.22,91.72,degraded,6,0,2,6,-1.724,0.2216,1.037,0
PUMP-CRITICAL,2026-01-07T01:50:00,455.88,3540.78,133.88,11.77,122.05,54.96,25.05,91.09,critical,6,5,12,6,2.5198,5.2831,23.1093,1
PUMP-CRITICAL,2026-01-07T01:55:00,459.93,3362.55,142.4,11.63,106.09,53.82,24.76,88,critical,6,5,12,6,-0.1416,8.5243,-15.957,1
PUMP-CRITICAL,2026-01-07T02:00:00,458.34,3366.83,124.1,13.28,115.86,52.61,24.11,88,critical,6,5,12,6,1.6429,-18.3047,9.7674,1
PUMP-CRITICAL,2026-01-07T02:05:00,452.74,3480.97,135.88,9.84,120.04,52.62,23.82,88,critical,6,5,12,6,-3.4369,11.787,4.182,1
PUMP-CRITICAL,2026-01-07T02:10:00,476.22,3577.03,119.98,10.47,104.19,55.45,26.41,93.19,critical,6,5,12,6,0.6355,-15.9036,-15.8455,1
PUMP-CRITICAL,2026-01-07T02:15:00,470.15,3500.02,141.93,10.85,93.04,54.4,25.58,91.6,critical,6,5,12,6,0.3742,21.9516,-11.1565,1
PUMP-CRITICAL,2026-01-07T02:20:00,482.14,3431.42,139.85,14.69,108.57,57.35,27.65,98.73,critical,6,5,12,6,3.8411,-2.0839,15.5313,1
PUMP-CRITICAL,2026-01-07T02:25:00,467.33,3398.38,145.67,10.21,102.66,53.91,25.19,88,critical,6,5,12,6,-4.4778,5.818,-5.9028,1
PUMP-CRITICAL,2026-01-07T02:30:00,470.01,3510.26,139.82,10.08,109.91,55.48,26.07,88,critical,6,5,12,6,-0.1356,-5.8441,7.2411,1
PUMP-CRITICAL,2026-01-07T02:35:00,480.8,3236.22,139.97,10.51,109.66,54.22,26.07,89.17,critical,6,5,12,6,0.4312,0.1475,-0.2468,1
PUMP-CRITICAL,2026-01-07T02:40:00,480.51,3354.48,141.55,13.15,119.61,59.28,28.48,96.21,critical,6,5,12,6,2.6395,1.5784,9.9495,1
PUMP-CRITICAL,2026-01-07T02:45:00,462.25,3561.99,145.94,10.92,97.48,54.55,25.22,94.98,critical,6,5,12,6,-2.2226,4.3883,-22.1302,1
PUMP-CRITICAL,2026-01-07T02:50:00,478.2,3268.91,124.79,12.76,116.39,56.32,26.93,90.18,critical,6,5,12,6,1.836,-21.1498,18.907,1
PUMP-CRITICAL,2026-01-07T02:55:00,472.69,3570.75,127.53,8.96,92.98,55.31,26.14,95.29,critical,6,5,12,6,-3.8028,2.7459,-23.409,1
PUMP-CRITICAL,2026-01-07T03:00:00,459.18,3462.08,144.03,13.03,108.73,54.21,24.89,88,critical,6,5,12,6,4.0735,16.4994,15.7535,1
PUMP-CRITICAL,2026-01-07T03:05:00,474.99,3270.33,141.64,13.93,113.4,53.88,25.59,88,critical,6,5,12,6,0.8996,-2.3963,4.6682,1
PUMP-CRITICAL,2026-01-07T03:10:00,459.31,3314.15,144.63,13.14,114.24,54.3,24.94,88,critical,6,5,12,6,-0.7883,2.996,0.8443,1
PUMP-CRITICAL,2026-01-07T03:15:00,458.67,3289.82,121.85,11.87,97.87,55.29,25.36,91.14,critical,6,5,12,6,-1.2691,-22.7866,-16.3719,1
PUMP-CRITICAL,2026-01-07T03:20:00,467.05,3202.48,137.45,14.74,101.41,56.39,26.34,98.52,critical,6,5,12,6,2.8709,15.6041,3.5393,1
PUMP-CRITICAL,2026-01-07T03:25:00,475.43,3543.14,142.14,11.92,107.9,54.36,25.84,88,critical,6,5,12,6,-2.8237,4.6905,6.4947,1
PUMP-CRITICAL,2026-01-07T03:30:00,474.7,3456.84,130.39,14.67,93.74,55.57,26.38,95.42,critical,6,5,12,6,2.7533,-11.751,-14.1607,1
PUMP-CRITICAL,2026-01-07T03:35:00,481.24,3534.72,130.89,12.19,95.38,54.92,26.43,88,critical,6,5,12,6,-2.4859,0.4966,1.6365,1
PUMP-CRITICAL,2026-01-07T03:40:00,458.51,3514.15,136.33,15.6,106.22,52.17,23.92,88,critical,6,5,12,6,3.4132,5.4434,10.8346,1
PUMP-CRITICAL,2026-01-07T03:45:00,478.82,3456.43,119.79,11.99,107.41,56.27,26.94,93.27,critical,6,5,12,6,-3.6143,-16.5394,1.193,1
PUMP-CRITICAL,2026-01-07T03:50:00,481.3,3304.06,144.14,13.53,100.69,55.2,26.57,88,critical,6,5,12,6,1.5388,24.3511,-6.7185,1
PUMP-CRITICAL,2026-01-07T03:55:00,463.46,3292.24,132.58,15.75,100.97,55.8,25.86,96.88,critical,6,5,12,6,2.2233,-11.5563,0.282,1
PUMP-CRITICAL,2026-01-07T04:00:00,479.85,3584.16,131.55,11.67,96.45,58.11,27.88,99.01,critical,6,5,12,6,-4.0783,-1.0315,-4.5245,1
PUMP-CRITICAL,2026-01-07T04:05:00,479.41,3246.58,139.88,13.18,97.03,54.27,26.02,88,critical,6,5,12,6,1.5081,8.3255,0.5853,1
PUMP-CRITICAL,2026-01-07T04:10:00,459.91,3549.34,123.37,12.6,117.65,54.11,24.89,88,critical,6,5,12,6,-0.5818,-16.5128,20.6218,1
PUMP-CRITICAL,2026-01-07T04:15:00,464.09,3263.01,143.7,9.2,106.87,56.28,26.12,95.56,critical,6,5,12,6,-3.3927,20.3362,-10.7857,1
PUMP-CRITICAL,2026-01-07T04:20:00,471.92,3623.6,120.16,11.18,97.77,54.31,25.63,88,critical,6,5,12,6,1.9746,-23.5411,-9.101,1
PUMP-CRITICAL,2026-01-07T04:25:00,475.84,3405.79,136.82,11.14,100.67,54.0,25.7,88,critical,6,5,12,6,-0.0397,16.6634,2.905,1
PUMP-CRITICAL,2026-01-07T04:30:00,472.08,3571.75,130.57,10.86,99.29,58.38,27.56,97.37,critical,6,5,12,6,-0.2743,-6.253,-1.3791,1
PUMP-CRITICAL,2026-01-07T04:35:00,459.16,3294.79,133.12,14.87,108.35,53.91,24.76,88,critical,6,5,12,6,4.001,2.5482,9.0613,1
PUMP-CRITICAL,2026-01-07T04:40:00,461.59,3552.36,130.76,14.92,94.58,55.18,25.47,99.37,critical,6,5,12,6,0.0518,-2.3598,-13.7744,1
PUMP-CRITICAL,2026-01-07T04:45:00,480.45,3529.45,130.3,10.71,110.85,55.55,26.69,88,critical,6,5,12,6,-4.2095,-0.4615,16.2736,1
PUMP-CRITICAL,2026-01-07T04:50:00,463.5,3551.22,138.52,14.81,110.42,57.44,26.62,94.45,critical,6,5,12,6,4.0999,8.2182,-0.436,1
PUMP-CRITICAL,2026-01-07T04:55:00,468.69,3583.46,130.14,11.23,116.62,52.21,24.47,88,critical,6,5,12,6,-3.581,-8.3786,6.1991,1
PUMP-CRITICAL,2026-01-07T05:00:00,475.11,3537.97,136.0,14.57,106.91,56.61,26.89,92.0,critical,6,5,12,6,3.3477,5.8648,-9.7029,1
PUMP-CRITICAL,2026-01-07T05:05:00,454.06,3387.85,130.26,12.26,97.15,54.25,24.63,88,critical,6,5,12,6,-2.3151,-5.7431,-9.7628,1
PUMP-CRITICAL,2026-01-07T05:10:00,482.42,3269.59,119.76,11.17,118.61,58.83,28.38,94.79,critical,6,5,12,6,-1.0903,-10.5037,21.4623,1
PUMP-CRITICAL,2026-01-07T05:15:00,479.03,3376.13,118.68,12.81,107.85,55.85,26.75,88,critical,6,5,12,6,1.6399,-1.0756,-10.7685,1
PUMP-CRITICAL,2026-01-07T05:20:00,452.87,3396.01,117.58,10.99,113.27,50.69,22.96,88,critical,6,5,12,6,-1.8229,-1.1008,5.4297,1
PUMP-CRITICAL,2026-01-07T05:25:00,458.96,3527.96,144.4,9.67,108.59,57.01,26.16,96.24,critical,6,5,12,6,-1.3199,26.8231,-4.6847,1
PUMP-CRITICAL,2026-01-07T05:30:00,480.46,3614.78,137.94,9.08,114.27,52.88,25.41,88,critical,6,5,12,6,-0.5828,-6.4654,5.6834,1
PUMP-CRITICAL,2026-01-07T05:35:00,468.62,3167.14,122.57,12.59,93.92,54.79,25.68,88,critical,6,5,12,6,3.5036,-15.3645,-20.3536,1
PUMP-CRITICAL,2026-01-07T05:40:00,458.04,3352.99,124.18,12.74,113.36,54.31,24.87,88.88,critical,6,5,12,6,0.1531,1.6047,19.4368,1
PUMP-CRITICAL,2026-01-07T05:45:00,477.4,3578.43,124.35,15.37,108.11,58.25,27.81,98.31,critical,6,5,12,6,2.6265,0.1764,-5.2471,1
PUMP-CRITICAL,2026-01-07T05:50:00,464.86,3476.64,140.29,9.56,102.5,55.28,25.7,88,critical,6,5,12,6,-5.8109,15.9332,-5.6105,1
PUMP-CRITICAL,2026-01-07T05:55:00,478.64,3416.66,140.19,9.37,114.19,55.36,26.5,88,critical,6,5,12,6,-0.1821,-0.0988,11.6885,1
PUMP-CRITICAL,2026-01-07T06:00:00,475.88,3607.65,119.49,11.7,118.68,55.29,26.31,95.66,critical,6,5,12,6,2.3305,-20.6932,4.4974,1
PUMP-CRITICAL,2026-01-07T06:05:00,460.04,3375.25,119.16,11.56,97.69,55.64,25.6,88,critical,6,5,12,6,-0.1483,-0.3348,-20.9975,1
PUMP-CRITICAL,2026-01-07T06:10:00,478.04,3607.11,121.01,10.35,115.69,54.99,26.29,88,critical,6,5,12,6,-1.2059,1.8508,17.9998,1
PUMP-CRITICAL,2026-01-07T06:15:00,465.59,3625.19,131.5,14.83,93.82,54.69,25.46,96.45,critical,6,5,12,6,4.4801,10.4849,-21.8673,1
PUMP-CRITICAL,2026-01-07T06:20:00,471.9,3424.7,124.32,14.3,116.89,52.58,24.81,88,critical,6,5,12,6,-0.5325,-7.1756,23.0717,1
PUMP-CRITICAL,2026-01-07T06:25:00,462.4,3339.54,131.82,11.76,96.43,53.4,24.69,88,critical,6,5,12,6,-2.5422,7.4957,-20.4619,1
PUMP-CRITICAL,2026-01-07T06:30:00,465.15,3608.1,138.31,12.33,98.26,51.62,24.01,88,critical,6,5,12,6,0.5774,6.4906,1.8298,1
PUMP-CRITICAL,2026-01-07T06:35:00,467.41,3298.24,138.56,12.59,115.3,53.63,25.07,90.7,critical,6,5,12,6,0.2585,0.2545,17.0372,1
PUMP-CRITICAL,2026-01-07T06:40:00,473.61,3430.03,127.1,12.6,107.99,56.67,26.84,90.85,critical,6,5,12,6,0.0064,-11.4643,-7.3075,1
PUMP-CRITICAL,2026-01-07T06:45:00,468.4,3508.39,132.03,11.37,117.15,57.37,26.87,94.39,critical,6,5,12,6,-1.232,4.9351,9.1625,1
PUMP-CRITICAL,2026-01-07T06:50:00,466.15,3395.79,126.34,14.44,97.0,56.19,26.2,88.8,critical,6,5,12,6,3.0743,-5.6925,-20.154,1
PUMP-CRITICAL,2026-01-07T06:55:00,460.33,3309.67,120.97,13.61,101.76,53.15,24.47,89.08,critical,6,5,12,6,-0.8262,-5.3682,4.7575,1
PUMP-CRITICAL,2026-01-07T07:00:00,457.39,3207.98,127.85,11.21,106.97,52.97,24.23,88.31,critical,6,5,12,6,-2.4033,6.88,5.2138,1
PUMP-CRITICAL,2026-01-07T07:05:00,457.25,3386.23,145.86,12.5,101.03,51.22,23.42,88,critical,6,5,12,6,1.2928,18.0132,-5.9365,1
PUMP-CRITICAL,2026-01-07T07:10:00,472.37,3571.42,127.44,10.72,122.02,55.31,26.13,88,critical,6,5,12,6,-1.7877,-18.4219,20.9853,1
PUMP-CRITICAL,2026-01-07T07:15:00,458.64,3656.01,127.22,13.44,119.82,54.28,24.89,96.04,critical,6,5,12,6,2.7193,-0.2229,-2.1954,1
PUMP-CRITICAL,2026-01-07T07:20:00,475.87,3305.11,129.46,9.62,115.77,54.98,26.16,95.21,critical,6,5,12,6,-3.8118,2.2391,-4.0506,1
PUMP-CRITICAL,2026-01-07T07:25:00,463.02,3656.8,132.72,12.27,108.1,52.94,24.51,88,critical,6,5,12,6,2.6457,3.258,-7.6673,1
PUMP-CRITICAL,2026-01-07T07:30:00,476.39,3317.09,144.94,10.79,106.9,54.52,25.97,92.22,critical,6,5,12,6,-1.4766,12.2225,-1.2071,1
PUMP-CRITICAL,2026-01-07T07:35:00,481.59,3535.78,135.62,12.56,111.4,57.24,27.57,88.95,critical,6,5,12,6,1.7628,-9.324,4.5071,1
PUMP-CRITICAL,2026-01-07T07:40:00,452.76,3455.56,128.54,10.16,95.21,55.0,24.9,88,critical,6,5,12,6,-2.3927,-7.0729,-16.1895,1
PUMP-CRITICAL,2026-01-07T07:45:00,475.57,3362.33,139.86,9.3,103.34,57.73,27.46,96.16,critical,6,5,12,6,-0.8588,11.3222,8.1272,1
PUMP-CRITICAL,2026-01-07T07:50:00,457.83,3335.22,132.51,15.49,104.95,54.32,24.87,88,critical,6,5,12,6,6.1902,-7.3544,1.6054,1
PUMP-CRITICAL,2026-01-07T07:55:00,460.2,3374.26,137.05,9.1,99.11,53.99,24.85,88,critical,6,5,12,6,-6.3924,4.5414,-5.8326,1
PUMP-CRITICAL,2026-01-07T08:00:00,482.43,3336.59,124.86,9.58,110.03,53.26,25.69,88,critical,6,5,12,6,0.478,-12.1881,10.9151,1
PUMP-CRITICAL,2026-01-07T08:05:00,453.78,3213.35,120.15,9.56,103.12,51.98,23.59,88,critical,6,5,12,6,-0.0202,-4.7157,-6.9118,1
PUMP-CRITICAL,2026-01-07T08:10:00,481.67,3163.91,125.91,9.41,95.28,55.87,26.91,88,critical,6,5,12,6,-0.1481,5.7607,-7.8333,1
PUMP-CRITICAL,2026-01-07T08:15:00,453.3,3513.06,126.97,15.35,114.74,53.93,24.45,88,critical,6,5,12,6,5.9421,1.0602,19.4583,1
PUMP-CRITICAL,2026-01-07T08:20:00,481.66,3509.01,136.23,9.4,99.92,55.43,26.7,88,critical,6,5,12,6,-5.9491,9.2589,-14.8184,1
PUMP-CRITICAL,2026-01-07T08:25:00,472.78,3357.34,140.01,13.39,95.99,54.88,25.95,88,critical,6,5,12,6,3.9876,3.7846,-3.9343,1
PUMP-CRITICAL,2026-01-07T08:30:00,481.37,3380.87,127.42,11.44,98.84,56.22,27.06,88,critical,6,5,12,6,-1.954,-12.5874,2.8535,1
PUMP-CRITICAL,2026-01-07T08:35:00,459.18,3520.81,132.23,9.64,109.0,52.47,24.09,88,critical,6,5,12,6,-1.8008,4.8074,10.1538,1
PUMP-CRITICAL,2026-01-07T08:40:00,454.55,3230.97,125.92,12.25,112.0,52.53,23.88,88,critical,6,5,12,6,2.6156,-6.3171,3.0059,1
PUMP-CRITICAL,2026-01-07T08:45:00,470.35,3572.67,122.0,12.56,108.66,53.32,25.08,88,critical,6,5,12,6,0.3075,-3.9171,-3.3417,1
PUMP-CRITICAL,2026-01-07T08:50:00,480.89,3319.72,135.23,10.5,121.23,58.07,27.93,89.36,critical,6,5,12,6,-2.0611,13.2295,12.5667,1
PUMP-CRITICAL,2026-01-07T08:55:00,481.37,3329.24,126.9,13.55,114.37,52.45,25.25,88,critical,6,5,12,6,3.0507,-8.3281,-6.8573,1
PUMP-CRITICAL,2026-01-07T09:00:00,456.53,3271.34,124.03,9.6,98.78,53.19,24.28,88,critical,6,5,12,6,-3.9493,-2.8655,-15.5898,1
PUMP-CRITICAL,2026-01-07T09:05:00,467.25,3530.91,136.26,12.0,108.74,54.37,25.41,88,critical,6,5,12,6,2.3993,12.2286,9.9625,1
PUMP-CRITICAL,2026-01-07T09:10:00,463.55,3396.22,132.19,9.94,121.49,53.41,24.76,88,critical,6,5,12,6,-2.0555,-4.0703,12.7435,1
PUMP-CRITICAL,2026-01-07T09:15:00,464.58,3292.08,135.63,9.08,117.35,55.61,25.84,88,critical,6,5,12,6,-0.8614,3.438,-4.1393,1
PUMP-CRITICAL,2026-01-07T09:20:00,481.54,3531.81,124.65,9.14,116.75,58.86,28.34,99.37,critical,6,5,12,6,0.0574,-10.9851,-0.5989,1
PUMP-CRITICAL,2026-01-07T09:25:00,480.07,3385.46,145.67,11.1,101.27,57.51,27.61,94.1,critical,6,5,12,6,1.9641,21.024,-15.4832,1
PUMP-CRITICAL,2026-01-07T09:30:00,478.99,3471.52,136.72,13.36,112.48,53.74,25.74,88,critical,6,5,12,6,2.2555,-8.9533,11.2133,1
PUMP-CRITICAL,2026-01-07T09:35:00,474.57,3660.2,119.44,14.37,115.63,55.21,26.2,88,critical,6,5,12,6,1.0135,-17.2804,3.1485,1
PUMP-CRITICAL,2026-01-07T09:40:00,459.67,3457.63,128.52,12.57,101.5,53.82,24.74,88.58,critical,6,5,12,6,-1.8063,9.0824,-14.1276,1
PUMP-CRITICAL,2026-01-07T09:45:00,468.77,3532.43,127.36,12.79,94.41,55.21,25.88,88,critical,6,5,12,6,0.2199,-1.154,-7.0859,1
PUMP-CRITICAL,2026-01-07T09:50:00,480.26,3223.02,121.23,13.0,100.0,57.96,27.83,88.94,critical,6,5,12,6,0.2142,-6.1344,5.5874,1
PUMP-CRITICAL,2026-01-07T09:55:00,456.85,3527.37,124.76,9.76,118.24,55.77,25.48,93.52,critical,6,5,12,6,-3.2366,3.5337,18.2343,1
PUMP-CRITICAL,2026-01-07T10:00:00,481.54,3304.37,130.09,13.05,104.34,56.4,27.16,90.61,critical,6,5,12,6,3.2826,5.3311,-13.8968,1
PUMP-CRITICAL,2026-01-07T10:05:00,467.54,3630.75,119.12,9.8,121.3,55.94,26.15,96.44,critical,6,5,12,6,-3.2454,-10.9712,16.9613,1
PUMP-CRITICAL,2026-01-07T10:10:00,455.58,3447.97,118.93,9.79,116.0,54.3,24.74,96.49,critical,6,5,12,6,-0.0077,-0.1975,-5.2975,1
PUMP-CRITICAL,2026-01-07T10:15:00,457.8,3431.92,128.4,9.38,98.25,52.65,24.1,88,critical,6,5,12,6,-0.4124,9.4703,-17.7544,1
PUMP-CRITICAL,2026-01-07T10:20:00,467.21,3480.07,119.36,14.44,118.32,51.57,24.09,88,critical,6,5,12,6,5.0597,-9.0323,20.073,1
PUMP-CRITICAL,2026-01-07T10:25:00,459.38,3383.94,126.87,11.48,116.05,53.81,24.72,93.26,critical,6,5,12,6,-2.966,7.5061,-2.2718,1
PUMP-CRITICAL,2026-01-07T10:30:00,471.28,3527.15,130.97,11.38,104.14,55.86,26.32,91.4,critical,6,5,12,6,-0.0926,4.1036,-11.9086,1
PUMP-CRITICAL,2026-01-07T10:35:00,475.67,3166.73,134.1,11.2,98.95,58.2,27.69,99.32,critical,6,5,12,6,-0.1795,3.1294,-5.1951,1
PUMP-CRITICAL,2026-01-07T10:40:00,468.23,3464.38,139.85,14.86,96.45,52.75,24.7,88,critical,6,5,12,6,3.654,5.745,-2.4994,1
PUMP-CRITICAL,2026-01-07T10:45:00,468.8,3601.8,121.97,15.58,101.43,54.81,25.69,88,critical,6,5,12,6,0.7181,-17.8803,4.9844,1
PUMP-CRITICAL,2026-01-07T10:50:00,472.63,3569.4,129.49,9.53,109.68,54.02,25.53,88,critical,6,5,12,6,-6.044,7.5234,8.2457,1
PUMP-CRITICAL,2026-01-07T10:55:00,476.43,3519.13,143.84,14.16,106.57,52.68,25.1,88,critical,6,5,12,6,4.6267,14.3472,-3.1067,1
PUMP-CRITICAL,2026-01-07T11:00:00,460.26,3182.73,134.06,14.78,115.26,54.85,25.25,89.77,critical,6,5,12,6,0.6213,-9.7788,8.6939,1
PUMP-CRITICAL,2026-01-07T11:05:00,482.19,3619.76,131.55,11.39,120.14,54.75,26.4,88,critical,6,5,12,6,-3.388,-2.5109,4.8778,1
PUMP-CRITICAL,2026-01-07T11:10:00,471.74,3499.69,118.72,13.45,119.89,57.14,26.95,88.46,critical,6,5,12,6,2.0562,-12.8321,-0.2546,1
PUMP-CRITICAL,2026-01-07T11:15:00,478.2,3457.15,128.53,15.07,103.75,52.29,25.01,88,critical,6,5,12,6,1.6213,9.8144,-16.1366,1
PUMP-CRITICAL,2026-01-07T11:20:00,459.95,3559.86,136.48,13.21,95.63,51.66,23.76,88,critical,6,5,12,6,-1.858,7.9477,-8.1211,1
PUMP-CRITICAL,2026-01-07T11:25:00,481.07,3180.37,137.85,13.2,105.31,53.7,25.83,88,critical,6,5,12,6,-0.0105,1.3751,9.6763,1
PUMP-CRITICAL,2026-01-07T11:30:00,463.08,3369.73,140.04,12.72,93.16,53.76,24.89,88,critical,6,5,12,6,-0.4835,2.1904,-12.1418,1
PUMP-CRITICAL,2026-01-07T11:35:00,468.9,3434.9,126.73,9.71,103.05,55.45,26.0,88,critical,6,5,12,6,-3.0024,-13.3155,9.8839,1
PUMP-CRITICAL,2026-01-07T11:40:00,464.41,3486.01,134.36,10.44,96.02,55.88,25.95,91.47,critical,6,5,12,6,0.7246,7.6364,-7.0286,1
PUMP-CRITICAL,2026-01-07T11:45:00,475.86,3221.39,118.92,12.84,106.72,55.03,26.19,90.45,critical,6,5,12,6,2.4054,-15.4487,10.7017,1
PUMP-CRITICAL,2026-01-07T11:50:00,462.02,3307.94,127.95,11.41,104.45,53.41,24.68,88,critical,6,5,12,6,-1.4323,9.033,-2.2672,1
PUMP-CRITICAL,2026-01-07T11:55:00,480.52,3552.03,142.43,10.98,101.92,56.4,27.1,88,critical,6,5,12,6,-0.436,14.4785,-2.5378,1
PUMP-CRITICAL,2026-01-07T12:00:00,458.55,3193.61,131.06,10.17,94.77,51.5,23.61,88,critical,6,5,12,6,-0.8099,-11.368,-7.1435,1
PUMP-CRITICAL,2026-01-07T12:05:00,454.49,3606.48,121.96,12.75,115.95,56.54,25.7,97.63,critical,6,5,12,6,2.5858,-9.0968,21.1734,1
PUMP-CRITICAL,2026-01-07T12:10:00,463.84,3190.68,117.74,13.62,112.51,56.35,26.14,89.79,critical,6,5,12,6,0.8712,-4.2242,-3.4327,1
PUMP-CRITICAL,2026-01-07T12:15:00,460.52,3204.79,137.35,9.28,105.48,54.53,25.11,88,critical,6,5,12,6,-4.3426,19.6131,-7.0295,1
PUMP-CRITICAL,2026-01-07T12:20:00,479.84,3401.04,124.67,9.47,122.07,57.63,27.65,90.93,critical,6,5,12,6,0.185,-12.6795,16.5815,1
PUMP-CRITICAL,2026-01-07T12:25:00,481.58,3427.95,141.67,12.74,101.19,57.53,27.71,91.53,critical,6,5,12,6,3.2778,17.0019,-20.8725,1
PUMP-CRITICAL,2026-01-07T12:30:00,481.05,3288.25,122.16,12.48,111.78,55.48,26.69,88,critical,6,5,12,6,-0.2602,-19.5153,10.5822,1
PUMP-CRITICAL,2026-01-07T12:35:00,473.29,3495.65,133.56,10.15,112.89,56.51,26.75,88.21,critical,6,5,12,6,-2.3361,11.3964,1.1146,1
PUMP-CRITICAL,2026-01-07T12:40:00,463.1,3518.03,120.14,9.35,96.17,54.27,25.13,95.72,critical,6,5,12,6,-0.7988,-13.4177,-16.7226,1
PUMP-CRITICAL,2026-01-07T12:45:00,471.41,3238.13,122.99,9.53,103.15,55.21,26.03,88,critical,6,5,12,6,0.1827,2.852,6.987,1
PUMP-CRITICAL,2026-01-07T12:50:00,467.32,3568.19,125.59,15.42,101.42,53.07,24.8,88,critical,6,5,12,6,5.8911,2.6021,-1.7352,1
PUMP-CRITICAL,2026-01-07T12:55:00,474.14,3566.91,132.36,11.06,109.12,53.81,25.51,89.61,critical,6,5,12,6,-4.3612,6.7686,7.7022,1
PUMP-CRITICAL,2026-01-07T13:00:00,461.99,3263.91,129.2,11.91,102.32,53.85,24.88,88,critical,6,5,12,6,0.845,-3.162,-6.7995,1
PUMP-CRITICAL,2026-01-07T13:05:00,459.69,3331.83,143.61,9.29,111.52,54.82,25.2,88,critical,6,5,12,6,-2.6137,14.4097,9.1955,1
PUMP-CRITICAL,2026-01-07T13:10:00,463.19,3239.47,121.85,11.41,95.25,56.09,25.98,96.46,critical,6,5,12,6,2.1171,-21.7552,-16.2649,1
PUMP-CRITICAL,2026-01-07T13:15:00,456.53,3381.9,132.86,12.63,115.31,53.06,24.22,88,critical,6,5,12,6,1.2175,11.0069,20.0585,1
PUMP-CRITICAL,2026-01-07T13:20:00,480.96,3431.0,143.66,9.86,122.56,55.24,26.57,91.33,critical,6,5,12,6,-2.7709,10.8016,7.2481,1
PUMP-CRITICAL,2026-01-07T13:25:00,471.64,3462.92,131.09,15.72,111.35,53.13,25.06,88,critical,6,5,12,6,5.8606,-12.5689,-11.2076,1
PUMP-CRITICAL,2026-01-07T13:30:00,453.41,3425.96,121.43,13.41,121.66,52.23,23.68,90.93,critical,6,5,12,6,-2.3092,-9.6604,10.3051,1
PUMP-CRITICAL,2026-01-07T13:35:00,466.26,3454.51,134.73,13.16,95.15,54.62,25.47,89.7,critical,6,5,12,6,-0.2497,13.2967,-26.5101,1
PUMP-CRITICAL,2026-01-07T13:40:00,458.56,3256.18,118.28,13.98,106.42,57.98,26.59,98.75,critical,6,5,12,6,0.8235,-16.4524,11.2725,1
PUMP-CRITICAL,2026-01-07T13:45:00,469.99,3607.14,132.26,15.33,112.43,55.74,26.2,94.58,critical,6,5,12,6,1.348,13.9835,6.0161,1
PUMP-CRITICAL,2026-01-07T13:50:00,474.02,3509.08,137.29,11.06,110.68,54.81,25.98,88,critical,6,5,12,6,-4.2727,5.0301,-1.7576,1
PUMP-CRITICAL,2026-01-07T13:55:00,455.68,3657.8,145.17,11.14,122.42,54.84,24.99,88,critical,6,5,12,6,0.0791,7.8754,11.7425,1
PUMP-CRITICAL,2026-01-07T14:00:00,468.56,3637.68,134.22,9.62,96.13,55.15,25.84,91.8,critical,6,5,12,6,-1.5177,-10.9413,-26.291,1
PUMP-CRITICAL,2026-01-07T14:05:00,455.03,3382.58,138.3,15.85,101.1,56.43,25.68,96.27,critical,6,5,12,6,6.2368,4.0728,4.9762,1
PUMP-CRITICAL,2026-01-07T14:10:00,460.34,3231.58,124.11,10.38,122.03,55.69,25.64,99.55,critical,6,5,12,6,-5.4745,-14.1829,20.9202,1
PUMP-CRITICAL,2026-01-07T14:15:00,478.83,3368.46,136.71,14.91,110.2,57.33,27.45,97.13,critical,6,5,12,6,4.5305,12.5937,-11.8201,1
PUMP-CRITICAL,2026-01-07T14:20:00,457.95,3201.39,140.9,12.81,116.93,56.42,25.84,92.3,critical,6,5,12,6,-2.1008,4.1937,6.7206,1
PUMP-CRITICAL,2026-01-07T14:25:00,469.43,3333.86,124.39,11.2,116.65,52.6,24.69,88,critical,6,5,12,6,-1.6118,-16.5089,-0.2736,1
PUMP-CRITICAL,2026-01-07T14:30:00,473.47,3631.16,140.78,10.75,116.73,55.46,26.26,88,critical,6,5,12,6,-0.443,16.3879,0.0802,1
PUMP-CRITICAL,2026-01-07T14:35:00,455.66,3295.39,137.7,9.66,94.8,55.63,25.35,92.52,critical,6,5,12,6,-1.0911,-3.0826,-21.9329,1
PUMP-CRITICAL,2026-01-07T14:40:00,481.43,3341.55,136.96,9.85,95.13,55.87,26.9,88,critical,6,5,12,6,0.186,-0.7355,0.3307,1
PUMP-CRITICAL,2026-01-07T14:45:00,472.2,3659.23,144.74,13.44,99.63,54.24,25.61,88,critical,6,5,12,6,3.5883,7.7759,4.5006,1
PUMP-CRITICAL,2026-01-07T14:50:00,482.32,3450.52,135.15,10.18,96.61,56.41,27.21,89.65,critical,6,5,12,6,-3.2596,-9.5832,-3.0245,1
PUMP-CRITICAL,2026-01-07T14:55:00,455.54,3377.16,142.59,13.59,110.65,55.78,25.41,89.52,critical,6,5,12,6,3.4152,7.4326,14.0469,1
PUMP-CRITICAL,2026-01-07T15:00:00,475.5,3606.53,141.03,9.7,96.54,53.71,25.54,88,critical,6,5,12,6,-3.8951,-1.5563,-14.1147,1
PUMP-CRITICAL,2026-01-07T15:05:00,454.33,3217.84,143.73,13.1,119.92,56.73,25.77,94.25,critical,6,5,12,6,3.4,2.6966,23.3811,1
PUMP-CRITICAL,2026-01-07T15:10:00,455.43,3386.59,145.02,10.95,113.07,56.19,25.59,90.81,critical,6,5,12,6,-2.1513,1.291,-6.8452,1
PUMP-CRITICAL,2026-01-07T15:15:00,468.91,3246.48,139.21,9.29,106.31,57.3,26.87,95.53,critical,6,5,12,6,-1.6585,-5.8075,-6.7657,1
PUMP-CRITICAL,2026-01-07T15:20:00,462.82,3462.26,141.68,15.16,107.17,54.84,25.38,90.84,critical,6,5,12,6,5.8698,2.4693,0.8576,1
PUMP-CRITICAL,2026-01-07T15:25:00,457.8,3640.67,127.87,9.05,111.88,55.82,25.55,94.33,critical,6,5,12,6,-6.1045,-13.8128,4.7126,1
PUMP-CRITICAL,2026-01-07T15:30:00,460.37,3551.3,129.11,12.2,110.44,55.57,25.58,90.0,critical,6,5,12,6,3.1465,1.2393,-1.4373,1
PUMP-CRITICAL,2026-01-07T15:35:00,452.84,3561.17,143.11,11.12,104.77,53.56,24.26,88,critical,6,5,12,6,-1.0823,14.0058,-5.6735,1
PUMP-CRITICAL,2026-01-07T15:40:00,466.69,3446.14,133.67,9.6,94.43,55.74,26.01,98.4,critical,6,5,12,6,-1.5195,-9.4453,-10.3373,1
PUMP-CRITICAL,2026-01-07T15:45:00,469.23,3249.33,122.44,11.36,98.81,56.93,26.71,88,critical,6,5,12,6,1.7602,-11.2277,4.3801,1
PUMP-CRITICAL,2026-01-07T15:50:00,469.94,3613.31,132.68,12.62,114.46,52.09,24.48,88,critical,6,5,12,6,1.2644,10.2414,15.6501,1
PUMP-CRITICAL,2026-01-07T15:55:00,465.64,3646.6,146.37,15.01,116.1,57.01,26.55,98.84,critical,6,5,12,6,2.3914,13.685,1.6406,1
PUMP-CRITICAL,2026-01-07T16:00:00,453.55,3485.01,141.07,13.07,105.94,54.18,24.58,92.79,critical,6,5,12,6,-1.9429,-5.3005,-10.1645,1
PUMP-CRITICAL,2026-01-07T16:05:00,464.77,3402.51,147.45,13.31,106.09,52.71,24.5,88,critical,6,5,12,6,0.2419,6.3849,0.1515,1
PUMP-CRITICAL,2026-01-07T16:10:00,478.64,3621.82,138.25,13.3,109.04,56.51,27.05,89.43,critical,6,5,12,6,-0.0092,-9.2046,2.9525,1
PUMP-CRITICAL,2026-01-07T16:15:00,452.44,3572.83,123.12,12.42,96.41,54.76,24.77,88,critical,6,5,12,6,-0.8881,-15.1215,-12.6306,1
PUMP-CRITICAL,2026-01-07T16:20:00,455.06,3476.43,135.04,14.58,106.66,52.85,24.05,88,critical,6,5,12,6,2.1591,11.9184,10.2521,1
PUMP-CRITICAL,2026-01-07T16:25:00,460.82,3192.97,133.3,10.29,102.87,56.37,25.98,97.9,critical,6,5,12,6,-4.2879,-1.7389,-3.7965,1
PUMP-CRITICAL,2026-01-07T16:30:00,466.35,3431.92,120.97,15.92,97.61,56.55,26.37,88,critical,6,5,12,6,5.6278,-12.329,-5.2528,1
PUMP-CRITICAL,2026-01-07T16:35:00,457.95,3219.64,125.32,15.38,121.46,51.46,23.57,88,critical,6,5,12,6,-0.535,4.3467,23.8453,1
PUMP-CRITICAL,2026-01-07T16:40:00,474.13,3376.96,139.68,13.78,119.78,56.33,26.71,92.99,critical,6,5,12,6,-1.5975,14.3564,-1.6799,1
PUMP-CRITICAL,2026-01-07T16:45:00,478.96,3273.3,120.92,12.32,99.44,52.62,25.2,88,critical,6,5,12,6,-1.4597,-18.759,-20.3426,1
PUMP-CRITICAL,2026-01-07T16:50:00,476.59,3545.85,125.68,15.01,105.22,54.57,26.01,88,critical,6,5,12,6,2.6897,4.7593,5.7849,1
PUMP-CRITICAL,2026-01-07T16:55:00,457.4,3368.25,118.27,10.9,108.23,54.35,24.86,88.91,critical,6,5,12,6,-4.1102,-7.4095,3.0136,1
PUMP-CRITICAL,2026-01-07T17:00:00,461.32,3209.98,119.53,15.27,94.09,52.9,24.4,88,critical,6,5,12,6,4.3642,1.2592,-14.1409,1
PUMP-CRITICAL,2026-01-07T17:05:00,473.7,3180.98,144.14,15.65,112.47,57.81,27.39,94.8,critical,6,5,12,6,0.3808,24.6123,18.3741,1
PUMP-CRITICAL,2026-01-07T17:10:00,456.13,3443.46,121.33,11.81,100.21,54.4,24.82,88,critical,6,5,12,6,-3.8407,-22.8104,-12.2629,1
PUMP-CRITICAL,2026-01-07T17:15:00,481.27,3397.31,124.16,11.08,110.03,57.73,27.78,97.01,critical,6,5,12,6,-0.723,2.8283,9.8224,1
PUMP-CRITICAL,2026-01-07T17:20:00,453.44,3297.51,135.78,9.87,121.17,53.02,24.04,92.38,critical,6,5,12,6,-1.214,11.623,11.1446,1
PUMP-CRITICAL,2026-01-07T17:25:00,476.11,3598.49,137.58,15.19,113.66,59.36,28.26,98.45,critical,6,5,12,6,5.3199,1.7972,-7.5089,1
PUMP-CRITICAL,2026-01-07T17:30:00,457.2,3509.06,146.11,10.49,107.72,57.79,26.42,99.39,critical,6,5,12,6,-4.702,8.5315,-5.9461,1
PUMP-CRITICAL,2026-01-07T17:35:00,476.82,3657.42,119.97,13.82,101.6,57.29,27.32,96.05,critical,6,5,12,6,3.3281,-26.1411,-6.1203,1
PUMP-CRITICAL,2026-01-07T17:40:00,476.75,3441.57,138.47,13.74,94.96,52.84,25.19,88,critical,6,5,12,6,-0.0765,18.501,-6.6379,1
PUMP-CRITICAL,2026-01-07T17:45:00,479.77,3243.28,125.97,14.95,111.53,56.6,27.15,88,critical,6,5,12,6,1.2121,-12.5032,16.5755,1
PUMP-CRITICAL,2026-01-07T17:50:00,464.38,3555.7,140.33,11.96,122.42,55.21,25.64,91.91,critical,6,5,12,6,-2.9959,14.3669,10.8825,1
PUMP-CRITICAL,2026-01-07T17:55:00,461.01,3247.4,118.89,14.37,111.74,56.42,26.01,91.89,critical,6,5,12,6,2.4118,-21.4386,-10.6722,1
PUMP-CRITICAL,2026-01-07T18:00:00,462.66,3240.08,120.14,11.52,104.47,55.48,25.67,88,critical,6,5,12,6,-2.8506,1.2423,-7.278,1
PUMP-CRITICAL,2026-01-07T18:05:00,475.48,3567.8,124.04,12.27,117.44,59.11,28.11,99.13,critical,6,5,12,6,0.7528,3.9025,12.9746,1
PUMP-CRITICAL,2026-01-07T18:10:00,455.81,3307.22,141.33,14.35,122.19,52.37,23.87,88,critical,6,5,12,6,2.0768,17.2899,4.7455,1
PUMP-CRITICAL,2026-01-07T18:15:00,472.76,3605.09,120.42,11.47,119.08,54.11,25.58,88,critical,6,5,12,6,-2.873,-20.9069,-3.1099,1
PUMP-CRITICAL,2026-01-07T18:20:00,453.42,3272.9,132.73,9.61,95.2,52.88,23.98,88,critical,6,5,12,6,-1.8635,12.3107,-23.8722,1
PUMP-CRITICAL,2026-01-07T18:25:00,471.6,3470.98,126.33,10.88,118.19,52.31,24.67,88,critical,6,5,12,6,1.2692,-6.4061,22.9824,1
PUMP-CRITICAL,2026-01-07T18:30:00,456.32,3489.31,140.21,13.42,95.75,54.64,24.93,88,critical,6,5,12,6,2.5401,13.8788,-22.4395,1
PUMP-CRITICAL,2026-01-07T18:35:00,453.53,3381.64,143.93,13.98,103.21,53.16,24.11,94.35,critical,6,5,12,6,0.557,3.729,7.4656,1
PUMP-CRITICAL,2026-01-07T18:40:00,455.95,3431.61,142.91,9.59,110.92,50.86,23.19,88,critical,6,5,12,6,-4.3874,-1.0255,7.7115,1
PUMP-CRITICAL,2026-01-07T18:45:00,463.18,3521.25,138.02,11.09,117.89,53.75,24.9,88,critical,6,5,12,6,1.4999,-4.8902,6.9605,1
PUMP-CRITICAL,2026-01-07T18:50:00,476.6,3354.38,138.65,11.68,108.32,54.8,26.12,88,critical,6,5,12,6,0.5904,0.6275,-9.5626,1
PUMP-CRITICAL,2026-01-07T18:55:00,467.36,3297.59,123.7,11.51,114.38,54.74,25.58,93.09,critical,6,5,12,6,-0.1662,-14.9473,6.0609,1
PUMP-CRITICAL,2026-01-07T19:00:00,471.54,3584.61,136.93,15.56,113.39,52.66,24.83,88,critical,6,5,12,6,4.049,13.2279,-0.996,1
PUMP-CRITICAL,2026-01-07T19:05:00,456.27,3443.79,119.62,14.3,117.85,53.3,24.32,88,critical,6,5,12,6,-1.2663,-17.3073,4.4633,1
PUMP-CRITICAL,2026-01-07T19:10:00,479.02,3265.37,142.58,10.56,117.54,55.64,26.65,88,critical,6,5,12,6,-3.7387,22.9578,-0.3073,1
PUMP-CRITICAL,2026-01-07T19:15:00,476.28,3425.45,119.78,12.93,100.75,56.41,26.87,95.14,critical,6,5,12,6,2.3691,-22.8019,-16.7913,1
PUMP-CRITICAL,2026-01-07T19:20:00,477.43,3177.99,143.03,11.43,94.55,54.75,26.14,88,critical,6,5,12,6,-1.4987,23.2561,-6.2031,1
PUMP-CRITICAL,2026-01-07T19:25:00,455.04,3359.32,134.3,13.89,117.37,56.44,25.68,96.4,critical,6,5,12,6,2.4626,-8.7327,22.8213,1
PUMP-CRITICAL,2026-01-07T19:30:00,469.39,3572.02,121.11,15.49,105.35,54.47,25.57,88,critical,6,5,12,6,1.6043,-13.1909,-12.0154,1
PUMP-CRITICAL,2026-01-07T19:35:00,465.81,3356.58,127.94,10.79,121.03,51.61,24.04,88,critical,6,5,12,6,-4.7039,6.8333,15.6736,1
PUMP-CRITICAL,2026-01-07T19:40:00,465.5,3548.36,140.97,12.35,98.03,54.11,25.19,95.43,critical,6,5,12,6,1.555,13.0261,-22.9956,1
PUMP-CRITICAL,2026-01-07T19:45:00,466.03,3171.57,147.26,13.49,115.48,53.3,24.84,90.37,critical,6,5,12,6,1.1441,6.2893,17.4456,1
PUMP-CRITICAL,2026-01-07T19:50:00,476.14,3609.4,122.2,11.56,119.35,56.41,26.86,88,critical,6,5,12,6,-1.9295,-25.0597,3.8733,1
PUMP-CRITICAL,2026-01-07T19:55:00,453.02,3307.46,121.79,12.04,97.48,54.4,24.64,88.84,critical,6,5,12,6,0.4835,-0.4106,-21.869,1
PUMP-CRITICAL,2026-01-07T20:00:00,467.47,3375.62,134.75,12.4,95.58,52.85,24.71,88,critical,6,5,12,6,0.3515,12.9681,-1.8984,1
PUMP-CRITICAL,2026-01-07T20:05:00,456.71,3662.53,136.05,12.96,118.58,53.6,24.48,96.37,critical,6,5,12,6,0.5648,1.2997,23.0,1
PUMP-CRITICAL,2026-01-07T20:10:00,472.88,3337.2,117.9,10.39,114.48,57.13,27.02,93.44,critical,6,5,12,6,-2.5744,-18.1534,-4.1061,1
PUMP-CRITICAL,2026-01-07T20:15:00,471.61,3579.24,118.95,10.66,96.2,56.97,26.87,89.02,critical,6,5,12,6,0.2719,1.0462,-18.2753,1
PUMP-CRITICAL,2026-01-07T20:20:00,465.65,3226.57,143.46,14.72,101.39,53.86,25.08,88,critical,6,5,12,6,4.0629,24.5153,5.1843,1
PUMP-CRITICAL,2026-01-07T20:25:00,474.83,3435.37,118.23,15.61,116.18,55.67,26.43,88,critical,6,5,12,6,0.8884,-25.2338,14.7945,1
PUMP-CRITICAL,2026-01-07T20:30:00,480.02,3473.34,128.96,9.09,99.5,56.96,27.34,88.69,critical,6,5,12,6,-6.5193,10.7348,-16.6809,1
PUMP-CRITICAL,2026-01-07T20:35:00,475.33,3278.02,135.12,12.5,111.19,54.04,25.69,88,critical,6,5,12,6,3.4113,6.1521,11.6854,1
PUMP-CRITICAL,2026-01-07T20:40:00,460.74,3398.29,121.09,14.47,96.04,55.94,25.77,93.13,critical,6,5,12,6,1.9738,-14.0287,-15.1418,1
PUMP-CRITICAL,2026-01-07T20:45:00,475.85,3174.77,126.61,13.63,119.13,59.09,28.12,99.45,critical,6,5,12,6,-0.8464,5.5204,23.0891,1
PUMP-CRITICAL,2026-01-07T20:50:00,467.87,3285.41,135.41,13.63,93.9,57.12,26.72,96.45,critical,6,5,12,6,0.0033,8.8022,-25.2344,1
PUMP-CRITICAL,2026-01-07T20:55:00,462.15,3388.83,142.91,9.12,100.13,53.44,24.7,90.89,critical,6,5,12,6,-4.5097,7.5051,6.2325,1
PUMP-CRITICAL,2026-01-07T21:00:00,452.6,3574.64,142.99,14.24,109.19,52.73,23.87,88,critical,6,5,12,6,5.1199,0.0794,9.0578,1
PUMP-CRITICAL,2026-01-07T21:05:00,459.29,3419.34,119.81,9.64,110.21,55.35,25.42,88,critical,6,5,12,6,-4.6059,-23.1796,1.0235,1
PUMP-CRITICAL,2026-01-07T21:10:00,453.33,3583.87,119.41,12.55,120.5,53.71,24.35,88,critical,6,5,12,6,2.9128,-0.4022,10.2832,1
PUMP-CRITICAL,2026-01-07T21:15:00,461.99,3493.71,146.49,9.71,93.67,54.7,25.27,88.91,critical,6,5,12,6,-2.8366,27.0788,-26.8289,1
PUMP-CRITICAL,2026-01-07T21:20:00,465.46,3192.95,132.98,9.18,119.98,55.49,25.83,95.99,critical,6,5,12,6,-0.5307,-13.5075,26.3114,1
PUMP-CRITICAL,2026-01-07T21:25:00,472.15,3417.91,121.81,10.55,110.42,56.71,26.78,98.12,critical,6,5,12,6,1.373,-11.1724,-9.5563,1
PUMP-CRITICAL,2026-01-07T21:30:00,466.25,3318.38,129.5,14.43,115.59,52.37,24.42,88,critical,6,5,12,6,3.8747,7.6938,5.1681,1
PUMP-CRITICAL,2026-01-07T21:35:00,467.1,3606.99,132.02,12.87,98.94,54.64,25.52,96.98,critical,6,5,12,6,-1.5632,2.5133,-16.653,1
PUMP-CRITICAL,2026-01-07T21:40:00,471.68,3267.3,133.14,10.62,117.85,55.98,26.4,99.55,critical,6,5,12,6,-2.25,1.1242,18.9094,1
PUMP-CRITICAL,2026-01-07T21:45:00,454.67,3562.63,137.68,9.51,105.97,53.38,24.27,90.74,critical,6,5,12,6,-1.1006,4.5363,-11.8762,1
PUMP-CRITICAL,2026-01-07T21:50:00,453.79,3368.04,126.93,10.16,113.28,53.43,24.25,88,critical,6,5,12,6,0.6411,-10.7508,7.3113,1
PUMP-CRITICAL,2026-01-07T21:55:00,455.77,3231.82,119.86,11.88,116.67,53.52,24.39,97.12,critical,6,5,12,6,1.725,-7.0713,3.3855,1
PUMP-CRITICAL,2026-01-07T22:00:00,460.7,3612.83,141.57,9.81,99.5,55.32,25.48,96.24,critical,6,5,12,6,-2.0683,21.7144,-17.1666,1
PUMP-CRITICAL,2026-01-07T22:05:00,478.95,3505.48,134.53,11.14,94.81,55.44,26.55,88,critical,6,5,12,6,1.3255,-7.0421,-4.6875,1
PUMP-CRITICAL,2026-01-07T22:10:00,463.04,3482.99,118.8,13.13,107.74,54.79,25.37,98.34,critical,6,5,12,6,1.9923,-15.7287,12.9284,1
PUMP-CRITICAL,2026-01-07T22:15:00,457.03,3494.9,147.14,16.01,108.51,53.11,24.27,88,critical,6,5,12,6,2.8813,28.3349,0.7713,1
PUMP-CRITICAL,2026-01-07T22:20:00,480.85,3509.51,143.09,10.96,109.42,56.76,27.29,88,critical,6,5,12,6,-5.047,-4.0497,0.9106,1
PUMP-CRITICAL,2026-01-07T22:25:00,480.97,3598.84,137.83,12.4,107.87,55.17,26.53,88,critical,6,5,12,6,1.4376,-5.2541,-1.5556,1
PUMP-CRITICAL,2026-01-07T22:30:00,481.94,3225.02,135.49,9.77,108.24,57.37,27.65,89.55,critical,6,5,12,6,-2.6325,-2.3417,0.3688,1
PUMP-CRITICAL,2026-01-07T22:35:00,458.42,3321.09,145.29,15.16,104.99,56.45,25.88,98.33,critical,6,5,12,6,5.3917,9.8023,-3.247,1
PUMP-CRITICAL,2026-01-07T22:40:00,459.73,3196.22,146.76,12.1,118.69,54.37,24.99,88.32,critical,6,5,12,6,-3.0611,1.4704,13.7009,1
PUMP-CRITICAL,2026-01-07T22:45:00,454.71,3236.53,128.68,14.17,119.16,54.55,24.8,92.73,critical,6,5,12,6,2.0667,-18.086,0.4712,1
PUMP-CRITICAL,2026-01-07T22:50:00,453.15,3294.75,124.17,14.02,93.21,54.69,24.78,91.69,critical,6,5,12,6,-0.1486,-4.5029,-25.9515,1
PUMP-CRITICAL,2026-01-07T22:55:00,480.14,3526.76,118.11,14.55,100.56,56.45,27.1,93.35,critical,6,5,12,6,0.5328,-6.0593,7.3464,1
PUMP-CRITICAL,2026-01-07T23:00:00,480.84,3361.86,129.76,10.46,118.31,56.54,27.19,89.09,critical,6,5,12,6,-4.0918,11.6482,17.7496,1
PUMP-CRITICAL,2026-01-07T23:05:00,476.55,3171.75,125.6,10.08,103.19,59.14,28.18,99.31,critical,6,5,12,6,-0.3842,-4.1617,-15.1134,1
PUMP-CRITICAL,2026-01-07T23:10:00,453.55,3420.24,141.55,11.81,105.28,52.43,23.78,88,critical,6,5,12,6,1.7316,15.9464,2.0822,1
PUMP-CRITICAL,2026-01-07T23:15:00,470.1,3220.69,121.35,10.76,108.3,56.68,26.64,99.66,critical,6,5,12,6,-1.0516,-20.1932,3.0246,1
PUMP-CRITICAL,2026-01-07T23:20:00,465.59,3228.3,132.01,14.96,101.9,57.4,26.72,93.81,critical,6,5,12,6,4.201,10.6562,-6.4031,1
PUMP-CRITICAL,2026-01-07T23:25:00,472.81,3301.14,138.82,14.63,121.94,55.72,26.34,88,critical,6,5,12,6,-0.3274,6.8098,20.041,1
PUMP-CRITICAL,2026-01-07T23:30:00,466.2,3200.08,124.07,12.19,101.89,56.08,26.14,88.62,critical,6,5,12,6,-2.4385,-14.7526,-20.0456,1
PUMP-CRITICAL,2026-01-07T23:35:00,453.05,3357.6,127.43,14.18,112.87,52.46,23.76,88,critical,6,5,12,6,1.9876,3.3663,10.9798,1
PUMP-CRITICAL,2026-01-07T23:40:00,471.73,3461.13,140.45,11.91,109.62,52.98,24.99,88,critical,6,5,12,6,-2.2673,13.0204,-3.2479,1
PUMP-CRITICAL,2026-01-07T23:45:00,454.22,3661.31,136.15,13.37,101.68,52.64,23.91,88,critical,6,5,12,6,1.4613,-4.2998,-7.9408,1
PUMP-CRITICAL,2026-01-07T23:50:00,464.97,3628.34,123.04,15.55,120.23,56.38,26.21,89.81,critical,6,5,12,6,2.1743,-13.1157,18.544,1
PUMP-CRITICAL,2026-01-07T23:55:00,473.61,3276.0,125.16,14.72,119.03,55.32,26.2,88.22,critical,6,5,12,6,-0.8239,2.1221,-1.2016,1
PUMP-CRITICAL,2026-01-08T00:00:00,456.23,3431.54,142.15,10.65,101.6,56.7,25.87,97.96,critical,6,5,12,6,-4.0697,16.9903,-17.4299,1
PUMP-CRITICAL,2026-01-08T00:05:00,452.65,3568.93,121.0,14.43,97.77,54.95,24.87,89.5,critical,6,5,12,6,3.773,-21.1488,-3.8234,1
PUMP-CRITICAL,2026-01-08T00:10:00,458.11,3638.45,139.16,10.68,112.84,53.39,24.46,91.33,critical,6,5,12,6,-3.7446,18.1616,15.0701,1
PUMP-CRITICAL,2026-01-08T00:15:00,462.48,3265.92,132.53,15.89,106.27,55.18,25.52,89.63,critical,6,5,12,6,5.2097,-6.6365,-6.5709,1
PUMP-CRITICAL,2026-01-08T00:20:00,461.06,3636.13,121.17,12.05,96.59,53.95,24.87,93.32,critical,6,5,12,6,-3.8362,-11.3606,-9.6806,1
PUMP-CRITICAL,2026-01-08T00:25:00,468.92,3558.71,138.32,10.1,94.52,51.64,24.21,88,critical,6,5,12,6,-1.9594,17.1563,-2.0738,1
PUMP-CRITICAL,2026-01-08T00:30:00,480.0,3250.93,142.49,14.78,118.03,52.53,25.21,88,critical,6,5,12,6,4.6888,4.1679,23.5149,1
PUMP-CRITICAL,2026-01-08T00:35:00,475.23,3604.59,117.81,13.27,99.54,53.75,25.54,88,critical,6,5,12,6,-1.5151,-24.6774,-18.487,1
PUMP-CRITICAL,2026-01-08T00:40:00,461.1,3501.23,142.1,11.63,118.95,54.46,25.11,88,critical,6,5,12,6,-1.6406,24.2845,19.4072,1
PUMP-CRITICAL,2026-01-08T00:45:00,455.84,3285.71,144.08,15.4,116.99,51.77,23.6,88,critical,6,5,12,6,3.7715,1.9818,-1.9576,1
PUMP-CRITICAL,2026-01-08T00:50:00,470.37,3234.79,145.42,13.28,100.41,54.0,25.4,93.03,critical,6,5,12,6,-2.1159,1.3429,-16.5813,1
PUMP-CRITICAL,2026-01-08T00:55:00,482.13,3236.48,144.84,15.33,109.32,55.58,26.8,88,critical,6,5,12,6,2.0472,-0.5865,8.9116,1
PUMP-CRITICAL,2026-01-08T01:00:00,466.44,3279.64,119.37,12.32,98.58,53.42,24.92,88,critical,6,5,12,6,-3.0145,-25.4671,-10.7469,1
PUMP-CRITICAL,2026-01-08T01:05:00,456.14,3509.49,132.13,11.55,93.94,52.95,24.15,88,critical,6,5,12,6,-0.7629,12.7659,-4.6334,1
PUMP-CRITICAL,2026-01-08T01:10:00,471.42,3414.18,136.77,13.86,102.09,53.41,25.18,89.54,critical,6,5,12,6,2.3084,4.64,8.1408,1
PUMP-CRITICAL,2026-01-08T01:15:00,467.02,3358.58,126.14,11.57,112.25,57.15,26.69,94.51,critical,6,5,12,6,-2.2892,-10.6389,10.1691,1
PUMP-CRITICAL,2026-01-08T01:20:00,469.93,3608.26,118.23,13.32,114.31,53.14,24.97,88.58,critical,6,5,12,6,1.7499,-7.9071,2.0514,1
PUMP-CRITICAL,2026-01-08T01:25:00,472.69,3272.95,119.7,15.91,115.81,56.38,26.65,96.85,critical,6,5,12,6,2.5906,1.4718,1.5053,1
PUMP-CRITICAL,2026-01-08T01:30:00,454.8,3535.22,147.15,15.09,114.52,50.77,23.09,88,critical,6,5,12,6,-0.8264,27.453,-1.2941,1
PUMP-CRITICAL,2026-01-08T01:35:00,466.43,3522.72,126.59,13.85,110.64,54.77,25.54,88,critical,6,5,12,6,-1.2409,-20.5614,-3.8783,1
PUMP-CRITICAL,2026-01-08T01:40:00,468.0,3177.57,132.72,15.4,93.34,52.34,24.5,88,critical,6,5,12,6,1.5509,6.1327,-17.2945,1
PUMP-CRITICAL,2026-01-08T01:45:00,460.02,3539.05,121.48,13.52,115.77,53.12,24.44,91.44,critical,6,5,12,6,-1.8818,-11.2489,22.4255,1
PUMP-CRITICAL,2026-01-08T01:50:00,477.75,3381.77,124.57,15.5,118.94,56.51,27.0,90.64,critical,6,5,12,6,1.9798,3.0976,3.1684,1
PUMP-CRITICAL,2026-01-08T01:55:00,465.27,3384.0,130.25,15.3,106.53,56.17,26.13,88,critical,6,5,12,6,-0.1983,5.6811,-12.4076,1
PUMP-CRITICAL,2026-01-08T02:00:00,481.78,3483.3,129.86,13.73,117.72,53.46,25.76,88,critical,6,5,12,6,-1.5627,-0.3963,11.1934,1
PUMP-CRITICAL,2026-01-08T02:05:00,453.6,3435.57,133.76,14.76,107.22,52.93,24.01,91.42,critical,6,5,12,6,1.0266,3.8987,-10.5013,1
PUMP-CRITICAL,2026-01-08T02:10:00,454.91,3361.4,138.09,9.24,120.36,52.16,23.73,88,critical,6,5,12,6,-5.5236,4.3309,13.1326,1
PUMP-CRITICAL,2026-01-08T02:15:00,469.37,3253.85,144.51,12.58,118.75,56.18,26.37,95.78,critical,6,5,12,6,3.3469,6.4192,-1.6101,1
PUMP-CRITICAL,2026-01-08T02:20:00,467.38,3298.98,128.51,14.91,108.61,53.3,24.91,88,critical,6,5,12,6,2.3254,-15.994,-10.1399,1
PUMP-CRITICAL,2026-01-08T02:25:00,466.24,3173.43,141.19,12.89,94.02,56.21,26.21,92.62,critical,6,5,12,6,-2.0191,12.6761,-14.5843,1
PUMP-CRITICAL,2026-01-08T02:30:00,475.74,3274.42,124.32,11.58,103.64,57.24,27.23,88,critical,6,5,12,6,-1.3062,-16.8643,9.623,1
PUMP-CRITICAL,2026-01-08T02:35:00,481.7,3314.23,122.52,12.84,106.19,53.03,25.54,88,critical,6,5,12,6,1.2548,-1.807,2.5437,1
PUMP-CRITICAL,2026-01-08T02:40:00,465.32,3440.65,134.94,11.43,102.18,56.49,26.29,97.22,critical,6,5,12,6,-1.4118,12.4248,-4.0124,1
PUMP-CRITICAL,2026-01-08T02:45:00,457.9,3440.74,142.88,12.85,96.01,54.43,24.92,88,critical,6,5,12,6,1.4236,7.9377,-6.1623,1
PUMP-CRITICAL,2026-01-08T02:50:00,457.05,3350.2,130.28,14.42,119.67,51.07,23.34,88,critical,6,5,12,6,1.5696,-12.5954,23.6554,1
PUMP-CRITICAL,2026-01-08T02:55:00,470.58,3186.47,132.37,13.37,93.11,52.61,24.76,88,critical,6,5,12,6,-1.0501,2.0815,-26.5595,1
PUMP-CRITICAL,2026-01-08T03:00:00,467.43,3416.39,141.99,11.88,94.91,53.74,25.12,90.46,critical,6,5,12,6,-1.4932,9.6206,1.8014,1
PUMP-CRITICAL,2026-01-08T03:05:00,479.37,3570.71,146.48,9.69,117.47,55.87,26.78,88,critical,6,5,12,6,-2.1856,4.4928,22.5634,1
PUMP-CRITICAL,2026-01-08T03:10:00,473.62,3215.57,118.11,12.17,107.15,55.86,26.46,88,critical,6,5,12,6,2.483,-28.3746,-10.3259,1
PUMP-CRITICAL,2026-01-08T03:15:00,479.9,3440.66,144.91,15.09,115.79,58.2,27.93,97.07,critical,6,5,12,6,2.9154,26.8013,8.6376,1
PUMP-CRITICAL,2026-01-08T03:20:00,460.32,3272.88,134.93,11.18,96.81,53.44,24.6,88,critical,6,5,12,6,-3.9062,-9.9724,-18.9729,1
PUMP-CRITICAL,2026-01-08T03:25:00,457.86,3520.89,145.19,10.14,110.51,55.39,25.36,98.12,critical,6,5,12,6,-1.0482,10.2562,13.7011,1
PUMP-CRITICAL,2026-01-08T03:30:00,480.03,3425.35,129.38,10.82,97.67,52.1,25.01,88,critical,6,5,12,6,0.6814,-15.8132,-12.8481,1
PUMP-CRITICAL,2026-01-08T03:35:00,474.11,3325.32,133.22,11.69,120.06,53.68,25.45,88,critical,6,5,12,6,0.878,3.847,22.3922,1
PUMP-CRITICAL,2026-01-08T03:40:00,458.36,3304.34,141.46,13.14,108.91,55.87,25.61,88,critical,6,5,12,6,1.4448,8.2367,-11.1502,1
PUMP-CRITICAL,2026-01-08T03:45:00,459.49,3571.92,143.34,13.24,109.57,57.31,26.33,97.3,critical,6,5,12,6,0.0988,1.8755,0.6598,1
PUMP-CRITICAL,2026-01-08T03:50:00,455.63,3230.02,141.53,10.98,94.36,54.78,24.96,97.84,critical,6,5,12,6,-2.2574,-1.8065,-15.2111,1
PUMP-CRITICAL,2026-01-08T03:55:00,465.67,3407.74,119.39,15.87,106.13,53.63,24.97,88,critical,6,5,12,6,4.8856,-22.141,11.7726,1
PUMP-CRITICAL,2026-01-08T04:00:00,480.93,3279.38,127.2,13.57,122.4,59.49,28.61,99.1,critical,6,5,12,6,-2.2942,7.809,16.272,1
PUMP-CRITICAL,2026-01-08T04:05:00,454.27,3315.55,121.71,12.62,102.97,53.76,24.42,99.21,critical,6,5,12,6,-0.9517,-5.4841,-19.4284,1
PUMP-CRITICAL,2026-01-08T04:10:00,475.1,3530.93,133.31,15.78,120.21,51.91,24.66,88,critical,6,5,12,6,3.1584,11.5941,17.2354,1
PUMP-CRITICAL,2026-01-08T04:15:00,478.21,3546.92,136.16,9.98,116.35,54.38,26.0,88,critical,6,5,12,6,-5.7957,2.8525,-3.8535,1
PUMP-CRITICAL,2026-01-08T04:20:00,472.33,3188.74,126.93,10.5,105.46,54.81,25.89,88,critical,6,5,12,6,0.5134,-9.2309,-10.8956,1
PUMP-CRITICAL,2026-01-08T04:25:00,461.73,3615.32,134.41,13.35,112.74,56.64,26.15,92.7,critical,6,5,12,6,2.8553,7.4766,7.2772,1
PUMP-CRITICAL,2026-01-08T04:30:00,477.35,3256.04,145.56,12.32,122.45,56.19,26.82,88,critical,6,5,12,6,-1.0339,11.1592,9.71,1
PUMP-CRITICAL,2026-01-08T04:35:00,457.21,3665.58,133.28,15.35,107.74,53.19,24.32,88,critical,6,5,12,6,3.0344,-12.2825,-14.7064,1
PUMP-CRITICAL,2026-01-08T04:40:00,482.04,3602.61,125.71,10.07,121.21,55.89,26.94,88,critical,6,5,12,6,-5.2777,-7.5728,13.4748,1
PUMP-CRITICAL,2026-01-08T04:45:00,463.01,3541.17,134.45,14.19,109.77,54.06,25.03,88,critical,6,5,12,6,4.1168,8.7397,-11.4412,1
PUMP-CRITICAL,2026-01-08T04:50:00,471.84,3397.19,130.77,12.43,113.85,54.85,25.88,88,critical,6,5,12,6,-1.7634,-3.6791,4.0783,1
PUMP-CRITICAL,2026-01-08T04:55:00,455.77,3615.36,131.26,14.86,113.0,56.71,25.85,95.52,critical,6,5,12,6,2.4335,0.4912,-0.8561,1
PUMP-CRITICAL,2026-01-08T05:00:00,457.13,3386.53,136.45,13.51,116.46,56.93,26.03,95.31,critical,6,5,12,6,-1.3551,5.191,3.4675,1
PUMP-CRITICAL,2026-01-08T05:05:00,478.71,3325.16,130.72,14.27,98.11,56.35,26.97,98.62,critical,6,5,12,6,0.7634,-5.733,-18.353,1
PUMP-CRITICAL,2026-01-08T05:10:00,480.93,3552.27,145.85,11.41,106.01,55.41,26.65,88,critical,6,5,12,6,-2.8631,15.1299,7.8954,1
PUMP-CRITICAL,2026-01-08T05:15:00,474.52,3504.59,129.32,10.37,104.39,55.61,26.39,88,critical,6,5,12,6,-1.0332,-16.528,-1.616,1
PUMP-CRITICAL,2026-01-08T05:20:00,459.49,3296.41,121.99,13.4,115.52,55.71,25.6,98.71,critical,6,5,12,6,3.024,-7.3295,11.1306,1
PUMP-CRITICAL,2026-01-08T05:25:00,459.34,3201.72,132.14,12.05,117.18,53.66,24.65,93.09,critical,6,5,12,6,-1.3486,10.1493,1.6568,1
PUMP-CRITICAL,2026-01-08T05:30:00,453.41,3196.45,128.14,10.16,100.49,51.82,23.5,88,critical,6,5,12,6,-1.8922,-4.0061,-16.6843,1
PUMP-CRITICAL,2026-01-08T05:35:00,461.66,3588.45,122.68,10.52,121.95,56.54,26.1,89.54,critical,6,5,12,6,0.3646,-5.4584,21.4596,1
PUMP-CRITICAL,2026-01-08T05:40:00,459.73,3256.95,133.38,15.52,97.3,55.46,25.5,88.16,critical,6,5,12,6,4.997,10.6985,-24.6536,1
PUMP-CRITICAL,2026-01-08T05:45:00,454.08,3272.08,121.09,10.6,113.72,53.08,24.1,88,critical,6,5,12,6,-4.9183,-12.284,16.4172,1
PUMP-CRITICAL,2026-01-08T05:50:00,460.72,3442.49,135.65,12.02,117.82,55.7,25.66,91.35,critical,6,5,12,6,1.4185,14.557,4.1053,1
PUMP-CRITICAL,2026-01-08T05:55:00,461.78,3298.86,130.45,9.97,105.29,50.46,23.3,88,critical,6,5,12,6,-2.0462,-5.2012,-12.5264,1
PUMP-CRITICAL,2026-01-08T06:00:00,473.11,3657.71,130.09,11.04,100.29,56.56,26.76,94.55,critical,6,5,12,6,1.0681,-0.352,-5.0068,1
PUMP-CRITICAL,2026-01-08T06:05:00,463.92,3449.31,134.15,11.5,120.62,55.27,25.64,99.54,critical,6,5,12,6,0.4601,4.0592,20.3293,1
PUMP-CRITICAL,2026-01-08T06:10:00,480.21,3522.28,142.26,14.96,96.44,58.12,27.91,90.75,critical,6,5,12,6,3.4615,8.1095,-24.1764,1
PUMP-CRITICAL,2026-01-08T06:15:00,480.2,3479.62,129.93,10.52,106.91,55.49,26.65,88,critical,6,5,12,6,-4.4446,-12.3357,10.4722,1
PUMP-CRITICAL,2026-01-08T06:20:00,457.52,3488.08,133.68,9.83,101.19,54.14,24.77,88,critical,6,5,12,6,-0.6848,3.754,-5.7201,1
PUMP-CRITICAL,2026-01-08T06:25:00,471.23,3388.06,124.34,16.03,95.03,53.88,25.39,88,critical,6,5,12,6,6.1979,-9.3435,-6.1606,1
PUMP-CRITICAL,2026-01-08T06:30:00,460.18,3525.1,130.91,11.08,100.95,57.55,26.48,96.34,critical,6,5,12,6,-4.9545,6.5712,5.9228,1
PUMP-CRITICAL,2026-01-08T06:35:00,471.62,3392.21,130.99,10.31,97.12,52.09,24.56,88,critical,6,5,12,6,-0.7705,0.0758,-3.8305,1
PUMP-CRITICAL,2026-01-08T06:40:00,460.86,3264.18,130.77,9.35,105.63,54.89,25.3,97.12,critical,6,5,12,6,-0.9551,-0.2164,8.5022,1
PUMP-CRITICAL,2026-01-08T06:45:00,463.75,3308.13,139.2,9.32,106.0,56.83,26.36,97.75,critical,6,5,12,6,-0.0285,8.4348,0.371,1
PUMP-CRITICAL,2026-01-08T06:50:00,461.85,3455.63,137.4,12.19,118.16,53.34,24.64,88,critical,6,5,12,6,2.8711,-1.8073,12.1577,1
PUMP-CRITICAL,2026-01-08T06:55:00,468.17,3530.04,141.7,14.3,104.97,55.04,25.77,88,critical,6,5,12,6,2.1104,4.3038,-13.1861,1
PUMP-CRITICAL,2026-01-08T07:00:00,455.4,3571.2,118.57,9.14,113.41,55.33,25.2,96.57,critical,6,5,12,6,-5.1608,-23.129,8.4452,1
PUMP-CRITICAL,2026-01-08T07:05:00,466.6,3198.81,122.02,15.78,106.84,54.86,25.6,88,critical,6,5,12,6,6.6325,3.4514,-6.5709,1
PUMP-CRITICAL,2026-01-08T07:10:00,452.96,3516.52,142.52,9.43,117.47,56.7,25.68,95.36,critical,6,5,12,6,-6.3481,20.4925,10.6259,1
PUMP-CRITICAL,2026-01-08T07:15:00,453.52,3319.31,144.49,14.32,107.61,52.63,23.87,88,critical,6,5,12,6,4.8929,1.974,-9.8544,1
PUMP-CRITICAL,2026-01-08T07:20:00,464.31,3317.73,140.56,9.33,110.12,54.18,25.16,94.42,critical,6,5,12,6,-4.9864,-3.932,2.5088,1
PUMP-CRITICAL,2026-01-08T07:25:00,458.72,3604.74,123.84,10.84,120.69,54.2,24.86,95.13,critical,6,5,12,6,1.5029,-16.7167,10.5711,1
PUMP-CRITICAL,2026-01-08T07:30:00,472.15,3508.15,129.3,11.44,113.86,54.69,25.82,88,critical,6,5,12,6,0.6075,5.4612,-6.8305,1
PUMP-CRITICAL,2026-01-08T07:35:00,470.28,3620.34,143.99,10.07,103.19,56.07,26.37,97.5,critical,6,5,12,6,-1.3717,14.6906,-10.6731,1
PUMP-CRITICAL,2026-01-08T07:40:00,461.2,3182.03,119.4,9.21,93.17,53.76,24.8,94.7,critical,6,5,12,6,-0.8607,-24.596,-10.0172,1
PUMP-CRITICAL,2026-01-08T07:45:00,479.84,3592.26,147.37,12.7,97.01,56.55,27.13,89.19,critical,6,5,12,6,3.4887,27.9731,3.8357,1
PUMP-CRITICAL,2026-01-08T07:50:00,475.51,3611.78,133.97,14.66,117.94,53.78,25.57,88,critical,6,5,12,6,1.9574,-13.396,20.9271,1
PUMP-CRITICAL,2026-01-08T07:55:00,458.37,3539.39,118.07,12.15,107.82,53.29,24.43,88.44,critical,6,5,12,6,-2.5051,-15.9,-10.1179,1
PUMP-CRITICAL,2026-01-08T08:00:00,452.19,3403.12,142.53,12.15,109.33,55.24,24.98,98.45,critical,6,5,12,6,-0.0069,24.4589,1.5066,1
PUMP-CRITICAL,2026-01-08T08:05:00,476.73,3460.86,128.33,10.85,118.33,55.94,26.67,98.27,critical,6,5,12,6,-1.3007,-14.2038,8.9999,1
PUMP-CRITICAL,2026-01-08T08:10:00,481.76,3349.1,120.24,15.94,97.14,54.28,26.15,88,critical,6,5,12,6,5.0973,-8.0906,-21.1893,1
PUMP-CRITICAL,2026-01-08T08:15:00,459.73,3246.33,141.28,14.86,93.76,52.86,24.3,88,critical,6,5,12,6,-1.0857,21.0467,-3.3736,1
PUMP-CRITICAL,2026-01-08T08:20:00,457.25,3210.17,145.11,9.61,120.16,57.42,26.26,99.19,critical,6,5,12,6,-5.2514,3.8279,26.4006,1
PUMP-CRITICAL,2026-01-08T08:25:00,464.95,3383.45,145.79,12.77,107.51,54.62,25.39,88,critical,6,5,12,6,3.1661,0.6731,-12.6575,1
PUMP-CRITICAL,2026-01-08T08:30:00,470.33,3609.17,118.5,11.83,108.27,51.83,24.38,88,critical,6,5,12,6,-0.9448,-27.2825,0.7623,1
PUMP-CRITICAL,2026-01-08T08:35:00,459.34,3522.07,120.74,14.15,110.26,53.9,24.76,97.44,critical,6,5,12,6,2.324,2.2328,1.9962,1
PUMP-CRITICAL,2026-01-08T08:40:00,468.09,3328.19,138.29,14.33,106.63,53.19,24.9,88,critical,6,5,12,6,0.182,17.5568,-3.638,1
PUMP-CRITICAL,2026-01-08T08:45:00,460.63,3480.26,144.04,11.86,97.9,57.29,26.39,95.55,critical,6,5,12,6,-2.4686,5.7473,-8.7286,1
PUMP-CRITICAL,2026-01-08T08:50:00,454.94,3546.01,133.79,13.56,97.38,52.86,24.05,88,critical,6,5,12,6,1.6936,-10.2465,-0.521,1
PUMP-CRITICAL,2026-01-08T08:55:00,456.34,3479.77,143.46,9.53,106.43,53.18,24.27,90.44,critical,6,5,12,6,-4.0266,9.6629,9.0493,1
PUMP-CRITICAL,2026-01-08T09:00:00,467.6,3551.37,129.55,13.11,120.7,53.97,25.24,89.79,critical,6,5,12,6,3.5819,-13.9088,14.2772,1
PUMP-CRITICAL,2026-01-08T09:05:00,467.44,3276.99,130.03,10.17,104.59,58.34,27.27,97.38,critical,6,5,12,6,-2.9441,0.4804,-16.1087,1
PUMP-CRITICAL,2026-01-08T09:10:00,460.85,3527.78,140.59,14.4,97.81,52.7,24.29,90.19,critical,6,5,12,6,4.2338,10.56,-6.7861,1
PUMP-CRITICAL,2026-01-08T09:15:00,457.32,3390.53,147.86,10.97,107.01,52.6,24.05,88,critical,6,5,12,6,-3.4288,7.2679,9.2039,1
PUMP-CRITICAL,2026-01-08T09:20:00,462.08,3329.87,122.16,16.0,97.35,52.21,24.12,88,critical,6,5,12,6,5.0297,-25.6992,-9.665,1
PUMP-CRITICAL,2026-01-08T09:25:00,468.67,3577.55,127.3,15.65,97.26,56.87,26.65,91.57,critical,6,5,12,6,-0.3511,5.1474,-0.0894,1
PUMP-CRITICAL,2026-01-08T09:30:00,479.17,3269.01,145.21,11.53,96.33,52.68,25.24,88,critical,6,5,12,6,-4.1257,17.9079,-0.931,1
PUMP-CRITICAL,2026-01-08T09:35:00,467.53,3214.56,123.96,14.61,116.74,53.94,25.22,90.53,critical,6,5,12,6,3.0865,-21.2552,20.417,1
PUMP-CRITICAL,2026-01-08T09:40:00,473.47,3335.46,136.8,10.61,100.16,52.75,24.98,88,critical,6,5,12,6,-4.0057,12.8453,-16.5852,1
PUMP-CRITICAL,2026-01-08T09:45:00,463.93,3266.12,127.35,15.06,94.45,51.01,23.67,88,critical,6,5,12,6,4.4512,-9.4476,-5.7055,1
PUMP-CRITICAL,2026-01-08T09:50:00,472.23,3387.03,147.66,12.27,113.74,56.62,26.74,98.51,critical,6,5,12,6,-2.7853,20.306,19.2892,1
PUMP-CRITICAL,2026-01-08T09:55:00,477.84,3332.39,145.94,10.58,111.59,56.93,27.2,88.92,critical,6,5,12,6,-1.6949,-1.7192,-2.1511,1
PUMP-CRITICAL,2026-01-08T10:00:00,474.06,3503.18,138.85,9.91,117.24,55.34,26.23,91.91,critical,6,5,12,6,-0.6682,-7.0889,5.6493,1
PUMP-CRITICAL,2026-01-08T10:05:00,476.69,3368.08,119.63,14.6,113.57,53.94,25.71,89.79,critical,6,5,12,6,4.685,-19.2185,-3.673,1
PUMP-CRITICAL,2026-01-08T10:10:00,454.1,3177.57,124.58,13.8,101.46,52.04,23.63,88.86,critical,6,5,12,6,-0.7932,4.9505,-12.1087,1
PUMP-CRITICAL,2026-01-08T10:15:00,462.36,3257.17,147.6,11.39,113.2,54.47,25.18,88,critical,6,5,12,6,-2.4077,23.0161,11.7365,1
PUMP-CRITICAL,2026-01-08T10:20:00,461.35,3392.15,144.22,12.65,101.66,56.16,25.91,88.27,critical,6,5,12,6,1.2548,-3.3833,-11.5365,1
PUMP-CRITICAL,2026-01-08T10:25:00,458.97,3243.41,123.07,11.02,109.77,52.89,24.27,88,critical,6,5,12,6,-1.6269,-21.1459,8.1084,1
PUMP-CRITICAL,2026-01-08T10:30:00,461.24,3506.27,143.86,13.05,104.36,56.41,26.02,98.51,critical,6,5,12,6,2.0276,20.7938,-5.4115,1
PUMP-CRITICAL,2026-01-08T10:35:00,473.09,3504.27,127.36,15.65,101.99,56.5,26.73,88,critical,6,5,12,6,2.6005,-16.5059,-2.3618,1
PUMP-CRITICAL,2026-01-08T10:40:00,463.74,3488.98,144.19,10.72,102.19,53.88,24.98,91.25,critical,6,5,12,6,-4.9269,16.8342,0.2011,1
PUMP-CRITICAL,2026-01-08T10:45:00,476.01,3425.71,119.48,10.56,101.11,58.49,27.84,98.62,critical,6,5,12,6,-0.1671,-24.7153,-1.0808,1
PUMP-CRITICAL,2026-01-08T10:50:00,473.51,3555.77,146.57,11.94,106.09,54.45,25.78,88,critical,6,5,12,6,1.3787,27.0897,4.973,1
PUMP-CRITICAL,2026-01-08T10:55:00,469.78,3387.44,133.38,12.2,101.2,56.51,26.55,88,critical,6,5,12,6,0.2668,-13.1917,-4.8899,1
PUMP-CRITICAL,2026-01-08T11:00:00,454.98,3249.07,127.54,14.46,96.65,55.06,25.05,88.31,critical,6,5,12,6,2.2579,-5.8325,-4.5441,1
PUMP-CRITICAL,2026-01-08T11:05:00,476.98,3362.71,128.27,10.94,117.77,55.29,26.37,92.79,critical,6,5,12,6,-3.5185,0.7292,21.1163,1
PUMP-CRITICAL,2026-01-08T11:10:00,480.04,3401.41,143.24,10.68,116.4,58.64,28.15,94.3,critical,6,5,12,6,-0.2605,14.97,-1.3685,1
PUMP-CRITICAL,2026-01-08T11:15:00,463.47,3226.18,144.87,11.61,102.37,51.51,23.87,88,critical,6,5,12,6,0.9275,1.6284,-14.0274,1
PUMP-CRITICAL,2026-01-08T11:20:00,459.86,3350.63,125.76,12.01,121.55,52.75,24.26,88,critical,6,5,12,6,0.4,-19.1102,19.1746,1
PUMP-CRITICAL,2026-01-08T11:25:00,472.91,3314.53,137.38,15.99,120.39,56.38,26.66,90.95,critical,6,5,12,6,3.9852,11.6199,-1.1561,1
PUMP-CRITICAL,2026-01-08T11:30:00,480.22,3485.86,129.07,15.67,102.56,57.06,27.4,89.23,critical,6,5,12,6,-0.3226,-8.3155,-17.8305,1
PUMP-CRITICAL,2026-01-08T11:35:00,456.1,3400.37,123.53,10.72,107.37,52.41,23.91,90.01,critical,6,5,12,6,-4.9559,-5.5397,4.8096,1
PUMP-CRITICAL,2026-01-08T11:40:00,474.91,3239.18,127.53,11.92,116.52,54.18,25.73,88,critical,6,5,12,6,1.2013,4.0007,9.1454,1
PUMP-CRITICAL,2026-01-08T11:45:00,465.99,3641.67,126.8,14.2,105.84,58.28,27.16,98.54,critical,6,5,12,6,2.2836,-0.7251,-10.6807,1
PUMP-CRITICAL,2026-01-08T11:50:00,482.02,3284.71,143.08,10.01,99.17,56.97,27.46,94.96,critical,6,5,12,6,-4.1948,16.2768,-6.6686,1
PUMP-CRITICAL,2026-01-08T11:55:00,463.56,3474.1,125.08,14.86,103.34,55.41,25.69,89.15,critical,6,5,12,6,4.8535,-17.9999,4.1696,1
PUMP-CRITICAL,2026-01-08T12:00:00,477.56,3418.51,119.43,15.84,97.55,55.8,26.65,93.55,critical,6,5,12,6,0.9824,-5.6479,-5.7819,1
PUMP-CRITICAL,2026-01-08T12:05:00,468.11,3620.33,136.24,10.05,100.71,54.03,25.29,88,critical,6,5,12,6,-5.7932,16.8093,3.1502,1
PUMP-CRITICAL,2026-01-08T12:10:00,463.21,3615.81,128.15,9.73,100.52,51.77,23.98,88,critical,6,5,12,6,-0.3195,-8.0868,-0.19,1
PUMP-CRITICAL,2026-01-08T12:15:00,477.54,3288.4,127.39,15.29,93.23,55.36,26.44,94.59,critical,6,5,12,6,5.5589,-0.7625,-7.2812,1
PUMP-CRITICAL,2026-01-08T12:20:00,477.55,3423.94,128.11,11.17,111.37,56.99,27.22,98.62,critical,6,5,12,6,-4.1146,0.7158,18.135,1
PUMP-CRITICAL,2026-01-08T12:25:00,472.17,3265.73,119.28,14.24,116.62,57.33,27.07,94.57,critical,6,5,12,6,3.0672,-8.8284,5.2524,1
PUMP-CRITICAL,2026-01-08T12:30:00,461.08,3251.06,123.47,13.68,116.85,52.43,24.17,88,critical,6,5,12,6,-0.5602,4.1911,0.2281,1
PUMP-CRITICAL,2026-01-08T12:35:00,475.11,3357.3,141.78,15.29,103.52,54.04,25.67,88,critical,6,5,12,6,1.6102,18.3109,-13.3311,1
PUMP-CRITICAL,2026-01-08T12:40:00,469.75,3664.53,143.4,13.54,110.37,54.46,25.58,88,critical,6,5,12,6,-1.7489,1.6221,6.8523,1
PUMP-CRITICAL,2026-01-08T12:45:00,477.83,3670.11,118.8,10.13,99.15,54.48,26.03,88,critical,6,5,12,6,-3.4091,-24.5969,-11.2203,1
PUMP-CRITICAL,2026-01-08T12:50:00,480.85,3209.53,122.75,10.62,108.81,57.15,27.48,96.17,critical,6,5,12,6,0.4892,3.9474,9.6592,1
PUMP-CRITICAL,2026-01-08T12:55:00,480.44,3368.33,132.79,12.1,119.45,55.79,26.8,88,critical,6,5,12,6,1.4784,10.0406,10.6357,1
PUMP-CRITICAL,2026-01-08T13:00:00,481.87,3254.08,119.14,14.3,93.3,56.01,26.99,88,critical,6,5,12,6,2.1957,-13.6576,-26.1461,1
PUMP-CRITICAL,2026-01-08T13:05:00,462.27,3478.66,147.56,12.31,93.61,52.84,24.43,88,critical,6,5,12,6,-1.9846,28.4223,0.3118,1
PUMP-CRITICAL,2026-01-08T13:10:00,455.5,3584.35,143.71,10.41,94.52,55.17,25.13,88,critical,6,5,12,6,-1.8973,-3.8446,0.909,1
PUMP-CRITICAL,2026-01-08T13:15:00,464.59,3339.82,125.84,10.59,115.52,53.09,24.67,88,critical,6,5,12,6,0.1776,-17.8724,21.0033,1
PUMP-CRITICAL,2026-01-08T13:20:00,464.18,3247.69,131.59,14.57,117.94,53.11,24.65,88,critical,6,5,12,6,3.9801,5.7528,2.4138,1
PUMP-CRITICAL,2026-01-08T13:25:00,471.91,3483.66,135.24,14.12,101.34,55.92,26.39,94.44,critical,6,5,12,6,-0.4543,3.6452,-16.5942,1
PUMP-CRITICAL,2026-01-08T13:30:00,464.75,3387.06,124.24,15.13,109.96,52.91,24.59,88,critical,6,5,12,6,1.0155,-10.9983,8.6202,1
PUMP-CRITICAL,2026-01-08T13:35:00,474.26,3529.75,147.16,15.81,118.93,56.3,26.7,88,critical,6,5,12,6,0.6759,22.9153,8.9635,1
PUMP-CRITICAL,2026-01-08T13:40:00,454.39,3659.33,140.38,15.45,108.21,51.43,23.37,88,critical,6,5,12,6,-0.3628,-6.772,-10.7216,1
PUMP-CRITICAL,2026-01-08T13:45:00,467.91,3204.52,141.48,9.2,110.83,56.75,26.55,91.62,critical,6,5,12,6,-6.2462,1.096,2.6229,1
PUMP-CRITICAL,2026-01-08T13:50:00,457.86,3570.4,119.47,15.6,106.6,55.86,25.58,90.64,critical,6,5,12,6,6.4037,-22.0102,-4.2307,1
PUMP-CRITICAL,2026-01-08T13:55:00,464.47,3442.95,129.11,15.1,119.7,54.3,25.22,88,critical,6,5,12,6,-0.5028,9.6383,13.1064,1
PUMP-CRITICAL,2026-01-08T14:00:00,469.91,3481.19,141.29,9.55,97.8,57.3,26.93,94.37,critical,6,5,12,6,-5.5543,12.1871,-21.9068,1
PUMP-CRITICAL,2026-01-08T14:05:00,465.64,3593.97,126.88,14.92,98.74,54.19,25.23,96.07,critical,6,5,12,6,5.3725,-14.413,0.9382,1
PUMP-CRITICAL,2026-01-08T14:10:00,464.89,3296.96,121.58,14.22,113.83,55.45,25.78,98.71,critical,6,5,12,6,-0.6956,-5.3054,15.0963,1
PUMP-CRITICAL,2026-01-08T14:15:00,472.01,3285.81,137.12,13.59,95.23,57.69,27.23,91.81,critical,6,5,12,6,-0.6366,15.5424,-18.6057,1
PUMP-CRITICAL,2026-01-08T14:20:00,463.41,3328.91,118.04,14.39,97.68,57.44,26.62,99.68,critical,6,5,12,6,0.8074,-19.0829,2.451,1
PUMP-CRITICAL,2026-01-08T14:25:00,464.07,3305.05,119.32,15.19,109.99,53.88,25.0,88,critical,6,5,12,6,0.7924,1.2859,12.3094,1
PUMP-CRITICAL,2026-01-08T14:30:00,480.63,3545.09,136.86,14.54,113.7,58.1,27.92,91.25,critical,6,5,12,6,-0.6436,17.5344,3.7168,1
PUMP-CRITICAL,2026-01-08T14:35:00,471.74,3648.74,138.14,12.07,115.67,53.88,25.42,88,critical,6,5,12,6,-2.4752,1.2875,1.9682,1
PUMP-CRITICAL,2026-01-08T14:40:00,461.53,3256.38,144.73,11.46,122.62,52.72,24.33,89.86,critical,6,5,12,6,-0.6023,6.5887,6.9481,1
PUMP-CRITICAL,2026-01-08T14:45:00,452.16,3621.39,146.76,13.39,101.11,53.82,24.33,88,critical,6,5,12,6,1.9221,2.0245,-21.5083,1
PUMP-CRITICAL,2026-01-08T14:50:00,476.5,3287.5,127.76,15.7,94.0,53.17,25.34,88,critical,6,5,12,6,2.314,-18.9956,-7.1068,1
PUMP-CRITICAL,2026-01-08T14:55:00,460.95,3355.35,123.14,13.83,99.19,54.79,25.25,96.55,critical,6,5,12,6,-1.8732,-4.6215,5.1891,1
PUMP-CRITICAL,2026-01-08T15:00:00,461.21,3314.07,138.43,9.9,93.91,55.68,25.68,94.25,critical,6,5,12,6,-3.9237,15.2947,-5.2865,1
PUMP-CRITICAL,2026-01-08T15:05:00,452.9,3531.4,147.95,11.21,119.59,50.96,23.08,88,critical,6,5,12,6,1.3097,9.5144,25.6816,1
PUMP-CRITICAL,2026-01-08T15:10:00,457.74,3657.58,134.4,12.6,97.08,55.36,25.34,88,critical,6,5,12,6,1.3827,-13.5492,-22.5124,1
PUMP-CRITICAL,2026-01-08T15:15:00,464.41,3543.87,120.95,13.84,107.15,53.41,24.8,88,critical,6,5,12,6,1.2486,-13.4486,10.0727,1
PUMP-CRITICAL,2026-01-08T15:20:00,453.16,3436.1,138.88,12.69,95.05,54.18,24.55,88,critical,6,5,12,6,-1.1499,17.9283,-12.0948,1
PUMP-CRITICAL,2026-01-08T15:25:00,477.34,3545.39,139.55,14.42,120.09,56.92,27.17,94.86,critical,6,5,12,6,1.7273,0.6714,25.0363,1
PUMP-CRITICAL,2026-01-08T15:30:00,467.09,3658.32,123.91,12.49,115.65,53.7,25.08,90.84,critical,6,5,12,6,-1.9325,-15.6449,-4.4415,1
PUMP-CRITICAL,2026-01-08T15:35:00,476.58,3358.36,135.51,15.38,101.43,55.37,26.39,96.85,critical,6,5,12,6,2.8936,11.6093,-14.2216,1
PUMP-CRITICAL,2026-01-08T15:40:00,465.69,3421.89,129.2,12.29,113.11,51.87,24.15,88,critical,6,5,12,6,-3.0902,-6.3161,11.6825,1
PUMP-CRITICAL,2026-01-08T15:45:00,457.65,3578.55,127.29,10.48,108.1,51.51,23.58,88,critical,6,5,12,6,-1.8157,-1.911,-5.0106,1
PUMP-CRITICAL,2026-01-08T15:50:00,465.17,3237.89,132.33,11.93,100.58,55.64,25.88,88,critical,6,5,12,6,1.4513,5.0472,-7.5222,1
PUMP-CRITICAL,2026-01-08T15:55:00,472.9,3282.94,127.35,12.1,93.14,55.14,26.07,94.17,critical,6,5,12,6,0.1741,-4.9831,-7.4389,1
PUMP-CRITICAL,2026-01-08T16:00:00,455.61,3285.06,141.99,14.91,121.0,54.55,24.85,88,critical,6,5,12,6,2.8039,14.6404,27.8669,1
PUMP-CRITICAL,2026-01-08T16:05:00,479.08,3410.0,146.56,10.87,116.37,54.58,26.15,88,critical,6,5,12,6,-4.0362,4.5654,-4.6377,1
PUMP-CRITICAL,2026-01-08T16:10:00,467.45,3182.41,143.37,12.83,97.21,51.39,24.02,88,critical,6,5,12,6,1.9631,-3.1856,-19.155,1
PUMP-CRITICAL,2026-01-08T16:15:00,470.98,3240.06,142.33,10.94,122.34,57.04,26.86,88.98,critical,6,5,12,6,-1.892,-1.0379,25.1257,1
PUMP-CRITICAL,2026-01-08T16:20:00,479.72,3593.19,145.64,11.84,112.24,56.81,27.25,94.76,critical,6,5,12,6,0.8996,3.3017,-10.0966,1
PUMP-CRITICAL,2026-01-08T16:25:00,462.52,3216.45,141.3,13.42,122.72,54.61,25.26,98.01,critical,6,5,12,6,1.574,-4.3358,10.4787,1
PUMP-CRITICAL,2026-01-08T16:30:00,460.0,3642.55,123.99,14.99,111.77,55.35,25.46,88.93,critical,6,5,12,6,1.5773,-17.3116,-10.9479,1
PUMP-CRITICAL,2026-01-08T16:35:00,468.15,3396.97,146.59,9.14,96.38,56.14,26.28,88,critical,6,5,12,6,-5.8476,22.6058,-15.3903,1
PUMP-CRITICAL,2026-01-08T16:40:00,464.24,3242.53,144.26,10.31,115.87,54.02,25.08,88,critical,6,5,12,6,1.1635,-2.3318,19.4836,1
PUMP-CRITICAL,2026-01-08T16:45:00,469.63,3198.98,147.34,12.37,106.88,56.24,26.41,94.51,critical,6,5,12,6,2.0596,3.08,-8.9882,1
PUMP-CRITICAL,2026-01-08T16:50:00,463.14,3294.21,133.07,15.42,119.08,54.1,25.06,88,critical,6,5,12,6,3.0571,-14.2728,12.204,1
PUMP-CRITICAL,2026-01-08T16:55:00,454.01,3666.91,118.05,9.16,99.45,51.58,23.42,88,critical,6,5,12,6,-6.2653,-15.0245,-19.6339,1
PUMP-CRITICAL,2026-01-08T17:00:00,478.85,3533.45,130.86,15.84,116.34,57.32,27.45,88.96,critical,6,5,12,6,6.6847,12.8137,16.8883,1
PUMP-CRITICAL,2026-01-08T17:05:00,467.64,3634.23,144.65,10.82,93.49,56.41,26.38,98.93,critical,6,5,12,6,-5.0247,13.7915,-22.8469,1
PUMP-CRITICAL,2026-01-08T17:10:00,476.88,3253.62,143.83,12.25,108.26,52.35,24.97,88,critical,6,5,12,6,1.4266,-0.8213,14.7714,1
PUMP-CRITICAL,2026-01-08T17:15:00,472.86,3273.73,118.14,15.77,113.55,56.76,26.84,89.77,critical,6,5,12,6,3.5246,-25.6849,5.291,1
PUMP-CRITICAL,2026-01-08T17:20:00,477.53,3276.16,122.34,15.11,109.36,56.9,27.17,88.8,critical,6,5,12,6,-0.6609,4.1936,-4.1932,1
PUMP-CRITICAL,2026-01-08T17:25:00,478.25,3294.18,139.24,13.49,120.73,56.51,27.03,93.16,critical,6,5,12,6,-1.6224,16.8989,11.3701,1
PUMP-CRITICAL,2026-01-08T17:30:00,457.37,3522.15,125.9,12.62,110.14,55.47,25.37,93.91,critical,6,5,12,6,-0.8711,-13.334,-10.5922,1
PUMP-CRITICAL,2026-01-08T17:35:00,471.04,3265.45,123.59,12.61,99.38,55.16,25.98,97.5,critical,6,5,12,6,-0.007,-2.3086,-10.7571,1
PUMP-CRITICAL,2026-01-08T17:40:00,477.36,3383.89,142.78,13.32,99.04,56.04,26.75,96.03,critical,6,5,12,6,0.7111,19.1894,-0.338,1
PUMP-CRITICAL,2026-01-08T17:45:00,480.15,3636.21,139.78,10.81,98.73,54.57,26.2,88,critical,6,5,12,6,-2.5126,-3.0079,-0.3133,1
PUMP-CRITICAL,2026-01-08T17:50:00,476.57,3657.71,146.13,15.68,99.58,54.54,25.99,88,critical,6,5,12,6,4.8768,6.3515,0.8487,1
PUMP-CRITICAL,2026-01-08T17:55:00,463.75,3247.75,130.06,13.42,105.9,53.57,24.84,91.99,critical,6,5,12,6,-2.2611,-16.0663,6.32,1
PUMP-CRITICAL,2026-01-08T18:00:00,473.92,3475.95,119.83,12.53,119.46,58.73,27.84,97.61,critical,6,5,12,6,-0.8892,-10.2311,13.5675,1
PUMP-CRITICAL,2026-01-08T18:05:00,464.2,3257.36,134.85,12.9,108.57,54.41,25.26,88,critical,6,5,12,6,0.3626,15.0214,-10.8969,1
PUMP-CRITICAL,2026-01-08T18:10:00,455.39,3298.39,134.54,12.59,100.04,54.23,24.69,92.5,critical,6,5,12,6,-0.3082,-0.3141,-8.5235,1
PUMP-CRITICAL,2026-01-08T18:15:00,455.25,3255.69,127.06,11.77,102.51,53.44,24.33,88,critical,6,5,12,6,-0.8226,-7.4737,2.4642,1
PUMP-CRITICAL,2026-01-08T18:20:00,472.77,3411.48,123.82,14.53,115.85,56.89,26.89,97.96,critical,6,5,12,6,2.7607,-3.2454,13.3461,1
PUMP-CRITICAL,2026-01-08T18:25:00,454.05,3326.27,131.53,10.98,95.45,53.72,24.39,94.26,critical,6,5,12,6,-3.551,7.7167,-20.4076,1
PUMP-CRITICAL,2026-01-08T18:30:00,461.3,3244.35,139.31,13.1,120.32,55.22,25.47,91.27,critical,6,5,12,6,2.12,7.7712,24.8742,1
PUMP-CRITICAL,2026-01-08T18:35:00,470.06,3632.92,136.0,9.15,97.17,53.21,25.01,88,critical,6,5,12,6,-3.9461,-3.3106,-23.1509,1
PUMP-CRITICAL,2026-01-08T18:40:00,452.68,3633.66,140.98,10.08,119.76,52.53,23.78,92.06,critical,6,5,12,6,0.9294,4.986,22.5916,1
PUMP-CRITICAL,2026-01-08T18:45:00,463.08,3402.96,124.83,11.55,118.04,55.53,25.71,92.94,critical,6,5,12,6,1.4706,-16.1536,-1.7205,1
PUMP-CRITICAL,2026-01-08T18:50:00,471.88,3434.38,124.95,14.61,122.72,56.19,26.52,88.51,critical,6,5,12,6,3.0615,0.1192,4.6833,1
PUMP-CRITICAL,2026-01-08T18:55:00,465.42,3221.29,126.23,12.38,98.7,54.49,25.36,97.28,critical,6,5,12,6,-2.2311,1.2821,-24.0269,1
PUMP-CRITICAL,2026-01-08T19:00:00,453.49,3598.15,132.95,11.33,112.83,55.33,25.09,88,critical,6,5,12,6,-1.055,6.721,14.1368,1
PUMP-CRITICAL,2026-01-08T19:05:00,459.39,3293.23,128.81,13.84,111.73,53.6,24.62,91.29,critical,6,5,12,6,2.5103,-4.1356,-1.1029,1
PUMP-CRITICAL,2026-01-08T19:10:00,457.51,3395.16,124.13,11.57,112.2,53.48,24.47,88,critical,6,5,12,6,-2.2693,-4.683,0.4657,1
PUMP-CRITICAL,2026-01-08T19:15:00,469.56,3349.44,144.81,11.08,119.66,56.24,26.41,99.37,critical,6,5,12,6,-0.486,20.6826,7.4602,1
PUMP-CRITICAL,2026-01-08T19:20:00,458.81,3627.23,132.79,15.53,103.02,53.86,24.71,94.56,critical,6,5,12,6,4.4472,-12.0265,-16.6337,1
PUMP-CRITICAL,2026-01-08T19:25:00,459.55,3508.84,144.69,10.57,120.46,54.34,24.97,99.8,critical,6,5,12,6,-4.9621,11.9049,17.4384,1
PUMP-CRITICAL,2026-01-08T19:30:00,452.4,3363.77,142.26,9.55,112.62,52.35,23.68,88,critical,6,5,12,6,-1.0195,-2.4357,-7.8447,1
PUMP-CRITICAL,2026-01-08T19:35:00,467.04,3397.84,123.17,11.22,103.64,58.78,27.45,99.37,critical,6,5,12,6,1.6768,-19.0897,-8.9741,1
PUMP-CRITICAL,2026-01-08T19:40:00,481.86,3384.9,143.84,9.66,111.9,57.07,27.5,88,critical,6,5,12,6,-1.5603,20.6688,8.2549,1
PUMP-CRITICAL,2026-01-08T19:45:00,461.32,3450.35,127.39,11.33,98.11,53.41,24.64,88,critical,6,5,12,6,1.6706,-16.4451,-13.7881,1
PUMP-CRITICAL,2026-01-08T19:50:00,458.04,3426.65,145.43,14.73,107.52,52.05,23.84,88,critical,6,5,12,6,3.4001,18.0405,9.4126,1
PUMP-CRITICAL,2026-01-08T19:55:00,455.07,3312.15,143.8,9.79,117.84,56.0,25.48,92.45,critical,6,5,12,6,-4.9409,-1.6297,10.3187,1
PUMP-CRITICAL,2026-01-08T20:00:00,472.68,3323.37,130.01,10.25,96.0,55.71,26.33,97.04,critical,6,5,12,6,0.4567,-13.7919,-21.8365,1
PUMP-CRITICAL,2026-01-08T20:05:00,452.27,3358.15,142.35,12.52,98.36,53.47,24.18,88,critical,6,5,12,6,2.2674,12.3401,2.3539,1
PUMP-CRITICAL,2026-01-08T20:10:00,468.96,3220.49,144.89,9.81,103.02,52.73,24.73,88,critical,6,5,12,6,-2.7018,2.5393,4.664,1
PUMP-CRITICAL,2026-01-08T20:15:00,460.72,3483.87,128.69,14.71,94.24,52.57,24.22,88,critical,6,5,12,6,4.8989,-16.1987,-8.7778,1
PUMP-CRITICAL,2026-01-08T20:20:00,467.89,3639.27,129.12,13.11,118.72,56.68,26.52,88.28,critical,6,5,12,6,-1.6062,0.4248,24.4784,1
PUMP-CRITICAL,2026-01-08T20:25:00,463.59,3676.54,124.23,9.77,100.85,55.9,25.91,90.33,critical,6,5,12,6,-3.3353,-4.8832,-17.8745,1
PUMP-CRITICAL,2026-01-08T20:30:00,459.58,3436.12,139.09,11.62,109.41,56.9,26.15,96.28,critical,6,5,12,6,1.8463,14.854,8.5663,1
PUMP-CRITICAL,2026-01-08T20:35:00,481.48,3241.97,130.52,15.11,108.82,55.51,26.73,88,critical,6,5,12,6,3.4877,-8.5683,-0.5941,1
PUMP-CRITICAL,2026-01-08T20:40:00,473.31,3535.72,126.05,15.86,119.66,55.13,26.09,88,critical,6,5,12,6,0.7533,-4.4721,10.8441,1
PUMP-CRITICAL,2026-01-08T20:45:00,470.12,3475.29,127.37,11.68,101.18,55.06,25.88,93.83,critical,6,5,12,6,-4.1791,1.3261,-18.4867,1
PUMP-CRITICAL,2026-01-08T20:50:00,464.31,3212.87,140.73,14.7,109.41,54.17,25.15,96.36,critical,6,5,12,6,3.0196,13.3598,8.2337,1
PUMP-CRITICAL,2026-01-08T20:55:00,474.45,3579.33,135.3,14.72,116.7,56.55,26.83,95.05,critical,6,5,12,6,0.0186,-5.436,7.2871,1
PUMP-CRITICAL,2026-01-08T21:00:00,480.06,3465.57,134.89,10.48,122.42,53.82,25.84,88,critical,6,5,12,6,-4.2415,-0.4083,5.7199,1
PUMP-CRITICAL,2026-01-08T21:05:00,458.87,3265.3,146.41,11.13,114.32,54.75,25.12,93.1,critical,6,5,12,6,0.6564,11.5274,-8.0938,1
PUMP-CRITICAL,2026-01-08T21:10:00,473.45,3413.48,136.97,11.08,119.84,56.85,26.92,97.9,critical,6,5,12,6,-0.0574,-9.4453,5.5115,1
PUMP-CRITICAL,2026-01-08T21:15:00,457.03,3353.76,136.33,12.76,98.59,54.41,24.87,91.82,critical,6,5,12,6,1.6877,-0.6391,-21.2411,1
PUMP-CRITICAL,2026-01-08T21:20:00,453.76,3636.73,134.5,10.18,108.62,51.72,23.47,88,critical,6,5,12,6,-2.5803,-1.828,10.0283,1
PUMP-CRITICAL,2026-01-08T21:25:00,475.07,3344.34,128.89,9.96,119.0,57.59,27.36,94.0,critical,6,5,12,6,-0.2181,-5.6146,10.3818,1
PUMP-CRITICAL,2026-01-08T21:30:00,471.29,3641.97,132.49,9.5,102.25,53.45,25.19,88,critical,6,5,12,6,-0.4663,3.6,-16.7559,1
PUMP-CRITICAL,2026-01-08T21:35:00,479.7,3404.31,141.93,13.66,96.16,53.09,25.47,88,critical,6,5,12,6,4.1597,9.4378,-6.0894,1
PUMP-CRITICAL,2026-01-08T21:40:00,452.62,3431.9,118.4,16.16,112.15,53.84,24.37,94.07,critical,6,5,12,6,2.501,-23.5272,15.9875,1
PUMP-CRITICAL,2026-01-08T21:45:00,479.04,3239.45,131.38,12.0,96.42,55.0,26.35,88,critical,6,5,12,6,-4.1548,12.986,-15.7255,1
PUMP-CRITICAL,2026-01-08T21:50:00,454.64,3468.48,145.89,12.5,103.49,53.04,24.12,91.91,critical,6,5,12,6,0.4961,14.5104,7.0728,1
PUMP-CRITICAL,2026-01-08T21:55:00,459.2,3214.13,141.63,10.64,94.97,52.93,24.3,88,critical,6,5,12,6,-1.8581,-4.2646,-8.5279,1
PUMP-CRITICAL,2026-01-08T22:00:00,455.54,3247.36,125.45,14.48,101.44,55.43,25.25,89.34,critical,6,5,12,6,3.8412,-16.1825,6.4772,1
PUMP-CRITICAL,2026-01-08T22:05:00,470.41,3259.11,142.86,13.26,104.98,56.21,26.44,88,critical,6,5,12,6,-1.2222,17.4113,3.5342,1
PUMP-CRITICAL,2026-01-08T22:10:00,474.18,3394.07,135.93,13.58,120.29,53.44,25.34,88,critical,6,5,12,6,0.3211,-6.9313,15.3175,1
PUMP-CRITICAL,2026-01-08T22:15:00,460.37,3455.8,136.39,12.84,101.76,53.45,24.61,91.32,critical,6,5,12,6,-0.7442,0.4632,-18.537,1
PUMP-CRITICAL,2026-01-08T22:20:00,475.45,3353.72,123.14,11.59,94.94,52.61,25.01,88,critical,6,5,12,6,-1.2462,-13.2532,-6.815,1
PUMP-CRITICAL,2026-01-08T22:25:00,472.77,3242.71,138.51,10.16,99.51,55.33,26.16,88,critical,6,5,12,6,-1.4355,15.3762,4.5663,1
PUMP-CRITICAL,2026-01-08T22:30:00,479.1,3348.14,143.02,15.59,113.26,58.66,28.1,93.68,critical,6,5,12,6,5.4373,4.5061,13.752,1
PUMP-CRITICAL,2026-01-08T22:35:00,466.16,3445.86,146.44,12.67,112.15,51.35,23.94,88,critical,6,5,12,6,-2.9226,3.4234,-1.1117,1
PUMP-CRITICAL,2026-01-08T22:40:00,466.96,3557.09,138.62,14.56,94.18,57.03,26.63,91.41,critical,6,5,12,6,1.8883,-7.8257,-17.9676,1
PUMP-CRITICAL,2026-01-08T22:45:00,471.27,3645.03,120.33,12.28,113.43,53.42,25.17,88,critical,6,5,12,6,-2.2832,-18.2895,19.249,1
PUMP-CRITICAL,2026-01-08T22:50:00,466.25,3221.97,127.12,14.82,118.57,55.14,25.71,93.68,critical,6,5,12,6,2.5427,6.7936,5.1407,1
PUMP-CRITICAL,2026-01-08T22:55:00,460.22,3642.35,147.6,9.36,111.86,50.99,23.47,88,critical,6,5,12,6,-5.4577,20.4783,-6.7098,1
PUMP-CRITICAL,2026-01-08T23:00:00,454.8,3311.6,143.2,15.49,106.8,54.37,24.73,94.26,critical,6,5,12,6,6.128,-4.4008,-5.0638,1
PUMP-CRITICAL,2026-01-08T23:05:00,459.23,3258.33,123.23,11.29,107.9,54.01,24.8,88,critical,6,5,12,6,-4.1948,-19.9653,1.0976,1
PUMP-CRITICAL,2026-01-08T23:10:00,467.89,3439.05,131.57,15.3,107.83,54.26,25.39,90.92,critical,6,5,12,6,4.0041,8.3336,-0.0688,1
PUMP-CRITICAL,2026-01-08T23:15:00,475.86,3634.3,122.29,10.13,114.3,54.61,25.99,88,critical,6,5,12,6,-5.1713,-9.2811,6.4702,1
PUMP-CRITICAL,2026-01-08T23:20:00,470.12,3239.17,143.07,15.17,99.84,55.59,26.13,88,critical,6,5,12,6,5.0447,20.781,-14.4616,1
PUMP-CRITICAL,2026-01-08T23:25:00,476.11,3276.93,148.09,12.28,107.17,54.15,25.78,88.19,critical,6,5,12,6,-2.8901,5.0232,7.3317,1
PUMP-CRITICAL,2026-01-08T23:30:00,454.11,3369.87,124.81,15.65,96.49,53.94,24.5,94.55,critical,6,5,12,6,3.3703,-23.2824,-10.678,1
PUMP-CRITICAL,2026-01-08T23:35:00,467.72,3426.63,123.97,9.89,94.15,54.61,25.54,89.06,critical,6,5,12,6,-5.7631,-0.835,-2.3391,1
PUMP-CRITICAL,2026-01-08T23:40:00,461.57,3588.76,141.83,14.47,100.39,52.16,24.07,88,critical,6,5,12,6,4.5797,17.8595,6.2385,1
PUMP-CRITICAL,2026-01-08T23:45:00,465.49,3653.1,129.29,15.37,109.87,53.38,24.85,88,critical,6,5,12,6,0.8977,-12.5407,9.4781,1
PUMP-CRITICAL,2026-01-08T23:50:00,459.33,3235.82,140.91,16.15,118.64,57.61,26.46,99.67,critical,6,5,12,6,0.7812,11.6142,8.775,1
PUMP-CRITICAL,2026-01-08T23:55:00,462.32,3489.54,140.91,14.59,98.49,54.85,25.36,88.25,critical,6,5,12,6,-1.558,0.0022,-20.1515,1
PUMP-CRITICAL,2026-01-09T00:00:00,469.13,3427.32,127.18,10.33,94.67,55.78,26.17,96.36,critical,6,5,12,6,-4.2581,-13.73,-3.8203,1
PUMP-CRITICAL,2026-01-09T00:05:00,477.4,3548.2,122.13,10.5,95.8,57.23,27.32,93.58,critical,6,5,12,6,0.1715,-5.0471,1.1312,1
PUMP-CRITICAL,2026-01-09T00:10:00,469.26,3375.31,121.92,13.79,122.08,56.81,26.66,93.7,critical,6,5,12,6,3.2853,-0.2135,26.2796,1
PUMP-CRITICAL,2026-01-09T00:15:00,452.29,3321.01,131.0,11.29,117.44,51.01,23.07,88,critical,6,5,12,6,-2.4978,9.0821,-4.639,1
PUMP-CRITICAL,2026-01-09T00:20:00,473.86,3489.07,145.6,11.61,103.86,56.05,26.56,89.98,critical,6,5,12,6,0.3239,14.6006,-13.5809,1
PUMP-CRITICAL,2026-01-09T00:25:00,460.07,3311.94,147.03,12.34,103.24,54.3,24.98,88,critical,6,5,12,6,0.7227,1.4322,-0.6204,1
PUMP-CRITICAL,2026-01-09T00:30:00,476.21,3181.03,131.04,14.41,106.89,53.18,25.33,88,critical,6,5,12,6,2.0727,-15.9885,3.653,1
PUMP-CRITICAL,2026-01-09T00:35:00,462.73,3211.98,135.13,14.2,97.3,54.32,25.13,88,critical,6,5,12,6,-0.207,4.0904,-9.5971,1
PUMP-CRITICAL,2026-01-09T00:40:00,475.41,3491.93,130.37,15.98,108.19,57.24,27.21,94.64,critical,6,5,12,6,1.781,-4.7641,10.8981,1
PUMP-CRITICAL,2026-01-09T00:45:00,471.3,3511.42,135.39,14.2,106.24,54.35,25.61,91.47,critical,6,5,12,6,-1.7859,5.0152,-1.9537,1
PUMP-CRITICAL,2026-01-09T00:50:00,456.95,3423.06,148.07,14.97,105.7,51.91,23.72,88,critical,6,5,12,6,0.7738,12.684,-0.5381,1
PUMP-CRITICAL,2026-01-09T00:55:00,465.6,3205.92,124.8,11.29,103.53,58.04,27.02,99.55,critical,6,5,12,6,-3.6818,-23.2738,-2.1693,1
PUMP-CRITICAL,2026-01-09T01:00:00,476.33,3296.03,141.68,12.39,110.45,53.82,25.64,88,critical,6,5,12,6,1.0979,16.8833,6.9137,1
PUMP-CRITICAL,2026-01-09T01:05:00,464.8,3651.65,147.78,9.29,118.27,54.8,25.47,95.34,critical,6,5,12,6,-3.0994,6.1046,7.8211,1
PUMP-CRITICAL,2026-01-09T01:10:00,452.45,3341.52,147.89,16.14,115.92,54.87,24.82,88,critical,6,5,12,6,6.8516,0.1072,-2.3497,1
PUMP-CRITICAL,2026-01-09T01:15:00,461.63,3350.39,133.69,12.71,118.61,51.69,23.86,88,critical,6,5,12,6,-3.4306,-14.1974,2.695,1
PUMP-CRITICAL,2026-01-09T01:20:00,469.56,3471.09,133.01,10.18,98.15,53.45,25.1,88,critical,6,5,12,6,-2.5339,-0.6803,-20.4674,1
PUMP-CRITICAL,2026-01-09T01:25:00,459.91,3182.8,126.41,14.13,120.4,54.62,25.12,91.3,critical,6,5,12,6,3.9556,-6.5998,22.2531,1
PUMP-CRITICAL,2026-01-09T01:30:00,454.88,3373.18,131.56,13.45,93.45,56.75,25.82,96.4,critical,6,5,12,6,-0.6854,5.1459,-26.9491,1
PUMP-CRITICAL,2026-01-09T01:35:00,462.07,3390.1,132.03,11.71,99.36,56.31,26.02,97.07,critical,6,5,12,6,-1.735,0.4678,5.9056,1
PUMP-CRITICAL,2026-01-09T01:40:00,459.02,3448.88,119.35,9.54,110.07,54.5,25.02,91.31,critical,6,5,12,6,-2.1667,-12.6815,10.7187,1
PUMP-CRITICAL,2026-01-09T01:45:00,466.21,3451.34,127.04,11.62,107.99,56.85,26.51,90.66,critical,6,5,12,6,2.0737,7.6972,-2.0854,1
PUMP-CRITICAL,2026-01-09T01:50:00,464.23,3232.01,140.09,9.48,110.99,54.38,25.25,88,critical,6,5,12,6,-2.1339,13.0476,3.0056,1
PUMP-CRITICAL,2026-01-09T01:55:00,459.49,3533.66,133.0,9.61,98.02,51.33,23.59,88,critical,6,5,12,6,0.1222,-7.0863,-12.9725,1
PUMP-CRITICAL,2026-01-09T02:00:00,476.91,3650.51,132.1,11.15,100.9,54.6,26.04,88,critical,6,5,12,6,1.5445,-0.9054,2.8808,1
PUMP-CRITICAL,2026-01-09T02:05:00,475.69,3441.49,129.17,11.66,116.97,55.58,26.44,93.65,critical,6,5,12,6,0.5092,-2.9302,16.0672,1
PUMP-CRITICAL,2026-01-09T02:10:00,480.68,3583.26,143.71,11.88,94.3,57.75,27.76,99.41,critical,6,5,12,6,0.2155,14.5392,-22.6722,1
PUMP-CRITICAL,2026-01-09T02:15:00,467.27,3632.75,136.73,15.52,115.18,56.93,26.6,91.41,critical,6,5,12,6,3.6435,-6.9809,20.885,1
PUMP-CRITICAL,2026-01-09T02:20:00,472.47,3191.41,121.02,11.44,99.39,56.81,26.84,95.11,critical,6,5,12,6,-4.0832,-15.7054,-15.7922,1
PUMP-CRITICAL,2026-01-09T02:25:00,477.66,3626.2,137.24,10.62,114.47,56.96,27.21,88.06,critical,6,5,12,6,-0.8141,16.2151,15.0821,1
PUMP-CRITICAL,2026-01-09T02:30:00,453.01,3625.09,141.22,9.85,117.04,53.06,24.04,91.56,critical,6,5,12,6,-0.7684,3.9862,2.5661,1
PUMP-CRITICAL,2026-01-09T02:35:00,471.02,3273.23,146.94,9.8,101.97,57.25,26.97,92.55,critical,6,5,12,6,-0.0492,5.7216,-15.0679,1
PUMP-CRITICAL,2026-01-09T02:40:00,469.94,3268.71,132.87,12.13,99.99,54.58,25.65,96.43,critical,6,5,12,6,2.3266,-14.0791,-1.9844,1
PUMP-CRITICAL,2026-01-09T02:45:00,458.53,3462.72,123.53,15.39,111.12,55.85,25.61,95.78,critical,6,5,12,6,3.2583,-9.3358,11.1369,1
PUMP-CRITICAL,2026-01-09T02:50:00,452.26,3415.64,120.07,10.36,95.14,52.35,23.68,88,critical,6,5,12,6,-5.0274,-3.4637,-15.9801,1
PUMP-CRITICAL,2026-01-09T02:55:00,472.82,3250.81,141.32,12.39,100.7,57.41,27.14,95.34,critical,6,5,12,6,2.0247,21.2541,5.5606,1
PUMP-CRITICAL,2026-01-09T03:00:00,465.7,3542.81,144.98,10.87,96.2,54.28,25.28,96.54,critical,6,5,12,6,-1.5111,3.6577,-4.4995,1
PUMP-CRITICAL,2026-01-09T03:05:00,465.98,3584.31,143.62,12.67,101.52,55.11,25.68,88,critical,6,5,12,6,1.791,-1.3618,5.3186,1
PUMP-CRITICAL,2026-01-09T03:10:00,460.2,3652.41,141.93,14.89,105.8,50.88,23.42,88,critical,6,5,12,6,2.2251,-1.6905,4.2778,1
PUMP-CRITICAL,2026-01-09T03:15:00,454.43,3603.01,141.2,10.54,112.47,52.24,23.74,90.57,critical,6,5,12,6,-4.3548,-0.7211,6.6682,1
PUMP-CRITICAL,2026-01-09T03:20:00,477.4,3231.97,124.69,10.74,114.41,53.9,25.73,88,critical,6,5,12,6,0.2034,-16.5163,1.9369,1
PUMP-CRITICAL,2026-01-09T03:25:00,458.39,3194.25,146.74,11.99,108.54,51.3,23.52,88,critical,6,5,12,6,1.2483,22.0517,-5.8624,1
PUMP-CRITICAL,2026-01-09T03:30:00,453.85,3208.31,146.04,9.39,117.91,55.67,25.27,90.95,critical,6,5,12,6,-2.5991,-0.7027,9.3707,1
PUMP-CRITICAL,2026-01-09T03:35:00,478.18,3645.07,129.63,15.04,100.56,53.67,25.66,88,critical,6,5,12,6,5.6491,-16.4028,-17.3576,1
PUMP-CRITICAL,2026-01-09T03:40:00,460.89,3299.25,127.71,15.89,103.09,55.5,25.58,88.53,critical,6,5,12,6,0.8538,-1.9288,2.5302,1
PUMP-CRITICAL,2026-01-09T03:45:00,461.42,3612.07,133.32,14.84,118.97,52.83,24.38,88,critical,6,5,12,6,-1.0524,5.6118,15.8832,1
PUMP-CRITICAL,2026-01-09T03:50:00,459.22,3236.1,130.62,15.45,118.51,50.51,23.19,88,critical,6,5,12,6,0.6065,-2.6922,-0.4625,1
PUMP-CRITICAL,2026-01-09T03:55:00,472.58,3393.75,142.31,12.03,118.34,53.66,25.36,88.81,critical,6,5,12,6,-3.413,11.6804,-0.1636,1
PUMP-CRITICAL,2026-01-09T04:00:00,453.69,3206.46,139.36,14.83,118.63,53.62,24.32,88,critical,6,5,12,6,2.8019,-2.9421,0.29,1
PUMP-CRITICAL,2026-01-09T04:05:00,465.44,3270.12,129.0,12.95,103.34,54.63,25.43,88.72,critical,6,5,12,6,-1.8817,-10.367,-15.2953,1
PUMP-CRITICAL,2026-01-09T04:10:00,480.59,3500.96,131.43,13.07,103.33,53.39,25.66,88,critical,6,5,12,6,0.1173,2.433,-0.0125,1
PUMP-CRITICAL,2026-01-09T04:15:00,475.68,3225.85,127.46,15.95,100.96,55.27,26.29,96.05,critical,6,5,12,6,2.8826,-3.9663,-2.369,1
PUMP-CRITICAL,2026-01-09T04:20:00,457.5,3359.67,136.72,16.02,104.61,51.49,23.55,88,critical,6,5,12,6,0.0683,9.2611,3.6509,1
PUMP-CRITICAL,2026-01-09T04:25:00,465.85,3590.74,146.11,10.24,96.48,55.3,25.76,99.05,critical,6,5,12,6,-5.7843,9.3832,-8.1242,1
PUMP-CRITICAL,2026-01-09T04:30:00,479.05,3371.71,123.27,15.38,109.44,52.36,25.08,88,critical,6,5,12,6,5.1476,-22.8328,12.9516,1
PUMP-CRITICAL,2026-01-09T04:35:00,469.65,3224.22,147.67,14.28,94.99,56.28,26.43,88,critical,6,5,12,6,-1.1049,24.4005,-14.4483,1
PUMP-CRITICAL,2026-01-09T04:40:00,475.26,3563.84,142.25,13.5,116.8,54.02,25.67,88,critical,6,5,12,6,-0.7805,-5.4297,21.8101,1
PUMP-CRITICAL,2026-01-09T04:45:00,452.56,3522.06,136.57,10.67,113.82,56.41,25.53,95.65,critical,6,5,12,6,-2.8328,-5.6706,-2.9817,1
PUMP-CRITICAL,2026-01-09T04:50:00,477.92,3262.64,122.46,15.55,96.85,53.46,25.55,88,critical,6,5,12,6,4.8861,-14.1172,-16.9702,1
PUMP-CRITICAL,2026-01-09T04:55:00,466.71,3560.28,143.64,10.14,114.06,55.98,26.13,98.29,critical,6,5,12,6,-5.4141,21.1825,17.2111,1
PUMP-CRITICAL,2026-01-09T05:00:00,459.98,3420.9,135.24,10.43,120.52,58.08,26.72,99.39,critical,6,5,12,6,0.2954,-8.3992,6.4685,1
PUMP-CRITICAL,2026-01-09T05:05:00,458.28,3432.59,147.28,15.2,97.04,52.21,23.93,88,critical,6,5,12,6,4.7622,12.0408,-23.4856,1
PUMP-CRITICAL,2026-01-09T05:10:00,476.68,3293.42,128.29,15.42,106.63,57.26,27.3,99.98,critical,6,5,12,6,0.2247,-18.9942,9.5954,1
PUMP-CRITICAL,2026-01-09T05:15:00,456.09,3243.68,125.48,11.01,95.92,53.21,24.27,92.08,critical,6,5,12,6,-4.4074,-2.8113,-10.7158,1
PUMP-CRITICAL,2026-01-09T05:20:00,454.88,3219.07,138.16,11.09,121.97,52.1,23.7,88,critical,6,5,12,6,0.0769,12.6831,26.0528,1
PUMP-CRITICAL,2026-01-09T05:25:00,468.07,3457.94,121.53,12.66,94.65,56.84,26.61,93.67,critical,6,5,12,6,1.5746,-16.6277,-27.3199,1
PUMP-CRITICAL,2026-01-09T05:30:00,453.93,3285.21,135.18,14.84,122.84,50.97,23.14,88,critical,6,5,12,6,2.1706,13.6484,28.1875,1
PUMP-CRITICAL,2026-01-09T05:35:00,454.99,3181.53,122.48,13.95,103.96,51.82,23.58,88,critical,6,5,12,6,-0.886,-12.7024,-18.8781,1
PUMP-CRITICAL,2026-01-09T05:40:00,466.86,3675.0,118.35,14.36,112.35,57.01,26.62,89.73,critical,6,5,12,6,0.4152,-4.1321,8.3917,1
PUMP-CRITICAL,2026-01-09T05:45:00,462.14,3491.95,133.14,9.34,106.48,54.88,25.36,88,critical,6,5,12,6,-5.0227,14.7984,-5.878,1
PUMP-CRITICAL,2026-01-09T05:50:00,472.53,3548.62,136.46,10.24,117.78,54.79,25.89,93.69,critical,6,5,12,6,0.8947,3.313,11.3057,1
PUMP-CRITICAL,2026-01-09T05:55:00,457.26,3364.38,147.64,10.99,113.29,51.75,23.66,88,critical,6,5,12,6,0.7505,11.1812,-4.4921,1
PUMP-CRITICAL,2026-01-09T06:00:00,472.91,3264.62,119.15,12.33,94.73,56.91,26.92,90.01,critical,6,5,12,6,1.3441,-28.4836,-18.5594,1
PUMP-CRITICAL,2026-01-09T06:05:00,453.87,3243.84,143.45,11.48,96.46,54.31,24.65,95.24,critical,6,5,12,6,-0.8556,24.2949,1.7266,1
PUMP-CRITICAL,2026-01-09T06:10:00,481.19,3566.58,121.29,11.45,103.68,56.14,27.01,97.27,critical,6,5,12,6,-0.0204,-22.1565,7.2192,1
PUMP-CRITICAL,2026-01-09T06:15:00,474.26,3636.59,132.53,15.75,99.92,53.27,25.27,88,critical,6,5,12,6,4.2988,11.233,-3.7568,1
PUMP-CRITICAL,2026-01-09T06:20:00,467.24,3217.0,122.84,14.63,114.67,57.49,26.86,93.03,critical,6,5,12,6,-1.1204,-9.6835,14.7544,1
PUMP-CRITICAL,2026-01-09T06:25:00,474.61,3642.71,126.92,12.33,101.93,58.27,27.66,96.08,critical,6,5,12,6,-2.3053,4.0759,-12.7383,1
PUMP-CRITICAL,2026-01-09T06:30:00,461.59,3387.39,120.13,13.7,103.66,52.36,24.17,88,critical,6,5,12,6,1.3741,-6.7849,1.7236,1
PUMP-CRITICAL,2026-01-09T06:35:00,468.68,3675.73,125.66,10.9,112.37,55.5,26.01,91.73,critical,6,5,12,6,-2.8009,5.5301,8.7111,1
PUMP-CRITICAL,2026-01-09T06:40:00,455.37,3429.99,125.82,9.63,109.58,53.51,24.36,88,critical,6,5,12,6,-1.2719,0.1555,-2.7923,1
PUMP-CRITICAL,2026-01-09T06:45:00,463.99,3649.52,133.68,15.53,108.03,54.52,25.3,95.7,critical,6,5,12,6,5.9012,7.8644,-1.5431,1
PUMP-CRITICAL,2026-01-09T06:50:00,466.92,3348.97,135.27,10.5,107.3,51.43,24.01,88,critical,6,5,12,6,-5.0319,1.5843,-0.733,1
PUMP-CRITICAL,2026-01-09T06:55:00,464.31,3469.64,132.9,12.22,96.2,52.9,24.56,88,critical,6,5,12,6,1.7252,-2.367,-11.0982,1
PUMP-CRITICAL,2026-01-09T07:00:00,477.2,3655.92,118.32,9.85,108.83,53.85,25.7,88,critical,6,5,12,6,-2.3773,-14.5843,12.6297,1
PUMP-CRITICAL,2026-01-09T07:05:00,470.35,3445.96,126.75,12.19,100.62,53.22,25.03,88,critical,6,5,12,6,2.3456,8.4304,-8.2121,1
PUMP-CRITICAL,2026-01-09T07:10:00,459.7,3448.09,142.22,10.47,110.35,54.34,24.98,88,critical,6,5,12,6,-1.7253,15.4749,9.7342,1
PUMP-CRITICAL,2026-01-09T07:15:00,462.01,3286.02,123.4,16.05,114.5,53.16,24.56,88,critical,6,5,12,6,5.5817,-18.8187,4.1413,1
PUMP-CRITICAL,2026-01-09T07:20:00,459.82,3308.04,137.98,10.54,102.7,55.06,25.32,88,critical,6,5,12,6,-5.509,14.5808,-11.7952,1
PUMP-CRITICAL,2026-01-09T07:25:00,464.99,3528.92,122.12,13.2,95.32,56.15,26.11,88.51,critical,6,5,12,6,2.6565,-15.8686,-7.3847,1
PUMP-CRITICAL,2026-01-09T07:30:00,466.99,3429.81,119.39,14.68,102.68,53.26,24.87,89.3,critical,6,5,12,6,1.4798,-2.7298,7.3651,1
PUMP-CRITICAL,2026-01-09T07:35:00,471.44,3670.56,142.94,14.27,107.48,54.4,25.64,93.84,critical,6,5,12,6,-0.405,23.5592,4.7996,1
PUMP-CRITICAL,2026-01-09T07:40:00,460.24,3222.22,138.36,12.25,104.6,54.7,25.17,88,critical,6,5,12,6,-2.0215,-4.5892,-2.8776,1
PUMP-CRITICAL,2026-01-09T07:45:00,462.82,3223.78,135.61,10.02,96.72,57.58,26.65,96.94,critical,6,5,12,6,-2.228,-2.7493,-7.887,1
PUMP-CRITICAL,2026-01-09T07:50:00,468.04,3281.05,145.05,14.06,106.4,55.73,26.08,95.08,critical,6,5,12,6,4.0341,9.4487,9.6854,1
PUMP-CRITICAL,2026-01-09T07:55:00,460.95,3247.34,121.9,10.73,109.39,52.98,24.42,88,critical,6,5,12,6,-3.3262,-23.1573,2.9922,1
PUMP-CRITICAL,2026-01-09T08:00:00,456.63,3560.85,142.35,12.3,107.63,54.23,24.76,88,critical,6,5,12,6,1.5725,20.4523,-1.7682,1
PUMP-CRITICAL,2026-01-09T08:05:00,466.73,3286.29,140.9,15.8,121.91,52.46,24.48,88,critical,6,5,12,6,3.5026,-1.4502,14.2849,1
PUMP-CRITICAL,2026-01-09T08:10:00,471.23,3355.91,122.89,12.4,107.54,55.46,26.13,88,critical,6,5,12,6,-3.4055,-18.0119,-14.3751,1
PUMP-CRITICAL,2026-01-09T08:15:00,475.59,3524.2,140.25,12.14,116.32,56.91,27.07,99.69,critical,6,5,12,6,-0.2549,17.3623,8.7814,1
PUMP-CRITICAL,2026-01-09T08:20:00,476.69,3242.12,122.92,10.72,110.53,57.96,27.63,99.95,critical,6,5,12,6,-1.428,-17.326,-5.7858,1
PUMP-CRITICAL,2026-01-09T08:25:00,465.61,3194.26,137.7,14.7,98.63,55.87,26.01,98.71,critical,6,5,12,6,3.9809,14.7804,-11.9012,1
PUMP-CRITICAL,2026-01-09T08:30:00,457.21,3664.78,145.02,16.1,112.23,56.81,25.98,95.42,critical,6,5,12,6,1.4047,7.3194,13.5973,1
PUMP-CRITICAL,2026-01-09T08:35:00,466.37,3574.74,125.91,13.11,122.93,53.34,24.88,88,critical,6,5,12,6,-2.9915,-19.1118,10.7003,1
PUMP-CRITICAL,2026-01-09T08:40:00,454.38,3493.15,129.76,12.74,101.92,54.0,24.53,98.46,critical,6,5,12,6,-0.3734,3.852,-21.0033,1
PUMP-CRITICAL,2026-01-09T08:45:00,477.67,3304.25,135.55,15.35,120.08,56.17,26.83,88,critical,6,5,12,6,2.6116,5.7862,18.1609,1
PUMP-CRITICAL,2026-01-09T08:50:00,453.94,3661.31,144.71,9.38,98.27,53.29,24.19,89.09,critical,6,5,12,6,-5.9671,9.1636,-21.8183,1
PUMP-CRITICAL,2026-01-09T08:55:00,454.71,3204.57,142.67,12.29,117.92,53.56,24.35,88,critical,6,5,12,6,2.9067,-2.0415,19.6544,1
PUMP-CRITICAL,2026-01-09T09:00:00,470.78,3293.58,128.68,10.67,113.4,51.7,24.34,88,critical,6,5,12,6,-1.613,-13.9919,-4.518,1
PUMP-CRITICAL,2026-01-09T09:05:00,453.78,3486.59,129.2,11.64,103.49,53.37,24.22,96.02,critical,6,5,12,6,0.9625,0.5216,-9.9084,1
PUMP-CRITICAL,2026-01-09T09:10:00,467.05,3191.4,124.07,11.91,114.22,54.68,25.54,95.36,critical,6,5,12,6,0.2736,-5.1288,10.7215,1
PUMP-CRITICAL,2026-01-09T09:15:00,454.39,3303.21,127.58,15.83,104.25,51.9,23.58,88,critical,6,5,12,6,3.9203,3.5095,-9.9695,1
PUMP-CRITICAL,2026-01-09T09:20:00,467.03,3622.11,123.55,12.98,105.9,51.75,24.17,88,critical,6,5,12,6,-2.8493,-4.0343,1.6533,1
PUMP-CRITICAL,2026-01-09T09:25:00,453.66,3446.19,134.13,11.87,112.16,54.88,24.9,92.64,critical,6,5,12,6,-1.1107,10.5848,6.258,1
PUMP-CRITICAL,2026-01-09T09:30:00,459.18,3527.3,135.17,10.24,101.4,51.84,23.8,88,critical,6,5,12,6,-1.6325,1.0339,-10.7601,1
PUMP-CRITICAL,2026-01-09T09:35:00,465.68,3182.97,144.59,10.53,94.61,55.34,25.77,92.93,critical,6,5,12,6,0.294,9.4232,-6.7898,1
PUMP-CRITICAL,2026-01-09T09:40:00,475.39,3529.93,118.62,16.13,104.07,58.85,27.98,99.32,critical,6,5,12,6,5.602,-25.974,9.4602,1
PUMP-CRITICAL,2026-01-09T09:45:00,458.51,3666.11,139.54,15.88,93.39,54.05,24.78,89.81,critical,6,5,12,6,-0.2597,20.9266,-10.68,1
PUMP-CRITICAL,2026-01-09T09:50:00,458.43,3286.35,139.33,12.76,120.63,53.56,24.56,91.48,critical,6,5,12,6,-3.113,-0.2089,27.2443,1
PUMP-CRITICAL,2026-01-09T09:55:00,461.47,3338.85,131.62,14.53,115.2,56.36,26.01,99.99,critical,6,5,12,6,1.768,-7.7156,-5.4293,1
PUMP-CRITICAL,2026-01-09T10:00:00,475.31,3220.15,135.9,13.43,100.69,55.11,26.19,97.01,critical,6,5,12,6,-1.0958,4.2769,-14.5145,1
PUMP-CRITICAL,2026-01-09T10:05:00,463.07,3233.22,139.97,13.64,120.4,56.88,26.34,91.94,critical,6,5,12,6,0.2065,4.0769,19.7116,1
PUMP-CRITICAL,2026-01-09T10:10:00,464.43,3499.97,137.78,13.52,111.18,54.92,25.51,99.97,critical,6,5,12,6,-0.1249,-2.192,-9.2181,1
PUMP-CRITICAL,2026-01-09T10:15:00,453.68,3601.38,118.49,11.35,94.5,53.18,24.13,88,critical,6,5,12,6,-2.161,-19.2939,-16.6844,1
PUMP-CRITICAL,2026-01-09T10:20:00,474.26,3332.26,141.07,13.21,103.53,55.31,26.23,94.53,critical,6,5,12,6,1.8539,22.5817,9.0327,1
PUMP-CRITICAL,2026-01-09T10:25:00,465.48,3648.01,135.64,9.39,121.24,54.73,25.47,88,critical,6,5,12,6,-3.8149,-5.4317,17.7069,1
PUMP-CRITICAL,2026-01-09T10:30:00,474.9,3460.86,122.11,14.94,98.36,54.2,25.74,88,critical,6,5,12,6,5.5445,-13.5252,-22.8796,1
PUMP-CRITICAL,2026-01-09T10:35:00,451.7,3233.66,120.71,13.76,123.08,56.91,25.71,98.91,critical,6,5,12,6,-1.1751,-1.3961,24.7182,1
PUMP-CRITICAL,2026-01-09T10:40:00,475.73,3202.95,132.11,11.69,100.48,58.13,27.66,98.4,critical,6,5,12,6,-2.0746,11.3929,-22.5931,1
PUMP-CRITICAL,2026-01-09T10:45:00,471.97,3502.49,147.92,10.36,104.8,53.54,25.27,88,critical,6,5,12,6,-1.3326,15.813,4.3157,1
PUMP-CRITICAL,2026-01-09T10:50:00,467.92,3257.3,146.31,9.34,106.38,54.77,25.63,88,critical,6,5,12,6,-1.0173,-1.6154,1.5851,1
PUMP-CRITICAL,2026-01-09T10:55:00,464.87,3511.92,147.89,13.59,111.4,55.45,25.78,88.24,critical,6,5,12,6,4.254,1.5811,5.0211,1
PUMP-CRITICAL,2026-01-09T11:00:00,466.41,3663.33,140.31,14.89,98.35,53.96,25.17,88,critical,6,5,12,6,1.2957,-7.578,-13.0514,1
PUMP-CRITICAL,2026-01-09T11:05:00,470.19,3239.62,131.5,12.57,107.41,58.9,27.7,98.8,critical,6,5,12,6,-2.3182,-8.8089,9.0552,1
PUMP-CRITICAL,2026-01-09T11:10:00,467.76,3334.14,124.25,15.44,107.88,56.34,26.35,91.89,critical,6,5,12,6,2.8652,-7.2523,0.4745,1
PUMP-CRITICAL,2026-01-09T11:15:00,476.58,3410.81,140.89,12.65,94.99,59.26,28.24,98.4,critical,6,5,12,6,-2.7875,16.6415,-12.8917,1
PUMP-CRITICAL,2026-01-09T11:20:00,468.27,3409.03,124.34,10.75,96.73,55.77,26.12,94.29,critical,6,5,12,6,-1.894,-16.5458,1.7397,1
PUMP-CRITICAL,2026-01-09T11:25:00,460.01,3373.45,118.43,11.97,119.51,56.7,26.08,94.15,critical,6,5,12,6,1.2121,-5.9121,22.781,1
PUMP-CRITICAL,2026-01-09T11:30:00,468.79,3212.01,119.73,10.1,122.35,56.37,26.43,94.39,critical,6,5,12,6,-1.8623,1.3041,2.836,1
PUMP-CRITICAL,2026-01-09T11:35:00,471.25,3429.77,125.02,10.61,117.47,53.08,25.01,88,critical,6,5,12,6,0.5065,5.2888,-4.8817,1
PUMP-CRITICAL,2026-01-09T11:40:00,459.08,3418.32,129.87,15.31,116.71,56.4,25.89,90.5,critical,6,5,12,6,4.6951,4.8433,-0.7526,1
PUMP-CRITICAL,2026-01-09T11:45:00,457.91,3562.45,128.28,12.33,99.07,53.84,24.66,92.76,critical,6,5,12,6,-2.9729,-1.588,-17.6394,1
PUMP-CRITICAL,2026-01-09T11:50:00,453.19,3198.04,146.19,12.27,111.85,51.9,23.52,88,critical,6,5,12,6,-0.0665,17.9135,12.7725,1
PUMP-CRITICAL,2026-01-09T11:55:00,469.65,3230.72,121.04,10.22,96.35,57.12,26.83,96.12,critical,6,5,12,6,-2.0427,-25.1556,-15.4968,1
PUMP-CRITICAL,2026-01-09T12:00:00,456.11,3213.41,120.11,10.23,111.95,53.67,24.48,93.23,critical,6,5,12,6,0.0053,-0.9309,15.6039,1
PUMP-CRITICAL,2026-01-09T12:05:00,468.54,3616.19,126.31,9.42,113.89,54.93,25.74,88,critical,6,5,12,6,-0.8065,6.2076,1.9364,1
PUMP-CRITICAL,2026-01-09T12:10:00,469.8,3660.53,146.5,14.37,103.91,52.87,24.84,88,critical,6,5,12,6,4.9434,20.1836,-9.9757,1
PUMP-CRITICAL,2026-01-09T12:15:00,462.88,3544.52,121.22,11.9,100.55,54.31,25.14,88,critical,6,5,12,6,-2.4612,-25.279,-3.3648,1
PUMP-CRITICAL,2026-01-09T12:20:00,458.85,3488.0,120.72,11.22,112.79,51.83,23.78,88,critical,6,5,12,6,-0.6812,-0.5027,12.2387,1
PUMP-CRITICAL,2026-01-09T12:25:00,454.27,3299.05,145.72,10.97,109.39,53.86,24.47,96.73,critical,6,5,12,6,-0.2484,25.0088,-3.4002,1
PUMP-CRITICAL,2026-01-09T12:30:00,464.53,3344.97,120.65,13.79,104.43,56.02,26.02,97.46,critical,6,5,12,6,2.816,-25.0744,-4.9561,1
PUMP-CRITICAL,2026-01-09T12:35:00,470.51,3224.13,124.58,13.07,121.72,54.86,25.81,88,critical,6,5,12,6,-0.7235,3.925,17.2916,1
PUMP-CRITICAL,2026-01-09T12:40:00,458.41,3379.28,129.25,14.91,112.98,53.12,24.35,88,critical,6,5,12,6,1.8385,4.6737,-8.7427,1
PUMP-CRITICAL,2026-01-09T12:45:00,461.13,3560.75,122.32,14.29,121.74,55.76,25.71,94.23,critical,6,5,12,6,-0.615,-6.9305,8.7609,1
PUMP-CRITICAL,2026-01-09T12:50:00,466.37,3676.0,131.5,11.36,94.32,54.65,25.49,88,critical,6,5,12,6,-2.9268,9.1828,-27.4228,1
PUMP-CRITICAL,2026-01-09T12:55:00,474.82,3270.44,143.82,12.32,98.16,54.19,25.73,88,critical,6,5,12,6,0.9566,12.3215,3.8391,1
PUMP-CRITICAL,2026-01-09T13:00:00,458.3,3544.27,133.57,11.12,96.5,53.14,24.36,88,critical,6,5,12,6,-1.2045,-10.2486,-1.6613,1
PUMP-CRITICAL,2026-01-09T13:05:00,459.02,3615.19,135.85,13.22,121.51,55.27,25.37,88,critical,6,5,12,6,2.1051,2.275,25.0175,1
PUMP-CRITICAL,2026-01-09T13:10:00,475.92,3542.28,133.4,15.0,97.62,54.39,25.88,88,critical,6,5,12,6,1.7754,-2.4492,-23.8947,1
PUMP-CRITICAL,2026-01-09T13:15:00,472.85,3253.72,124.89,16.21,114.74,55.15,26.08,95.36,critical,6,5,12,6,1.2165,-8.5134,17.1221,1
PUMP-CRITICAL,2026-01-09T13:20:00,472.45,3278.49,134.3,15.71,100.26,55.18,26.07,88,critical,6,5,12,6,-0.5074,9.4154,-14.4849,1
PUMP-CRITICAL,2026-01-09T13:25:00,459.07,3490.41,126.62,11.55,114.71,57.24,26.28,97.37,critical,6,5,12,6,-4.1535,-7.6851,14.4509,1
PUMP-CRITICAL,2026-01-09T13:30:00,457.83,3217.11,124.99,15.9,110.72,56.59,25.91,92.92,critical,6,5,12,6,4.3437,-1.6306,-3.9904,1
PUMP-CRITICAL,2026-01-09T13:35:00,460.37,3674.76,141.88,10.1,120.2,55.51,25.56,90.15,critical,6,5,12,6,-5.7978,16.8962,9.4864,1
PUMP-CRITICAL,2026-01-09T13:40:00,468.19,3211.74,130.92,11.44,96.83,51.49,24.11,88,critical,6,5,12,6,1.3468,-10.965,-23.3713,1
PUMP-CRITICAL,2026-01-09T13:45:00,452.51,3205.95,137.64,11.9,105.97,51.75,23.42,88,critical,6,5,12,6,0.4567,6.7212,9.1392,1
PUMP-CRITICAL,2026-01-09T13:50:00,475.06,3235.48,139.94,14.81,102.59,56.9,27.03,91.7,critical,6,5,12,6,2.9116,2.3048,-3.3799,1
PUMP-CRITICAL,2026-01-09T13:55:00,474.54,3480.62,124.24,11.14,103.92,56.07,26.61,90.67,critical,6,5,12,6,-3.6712,-15.7011,1.3327,1
PUMP-CRITICAL,2026-01-09T14:00:00,469.41,3649.05,127.43,10.89,113.28,55.6,26.1,88,critical,6,5,12,6,-0.2527,3.1901,9.3577,1
PUMP-CRITICAL,2026-01-09T14:05:00,470.47,3236.88,135.14,11.49,105.97,51.7,24.32,88,critical,6,5,12,6,0.5985,7.704,-7.3137,1
PUMP-CRITICAL,2026-01-09T14:10:00,480.16,3343.93,127.32,10.71,115.28,58.49,28.09,96.21,critical,6,5,12,6,-0.773,-7.8156,9.309,1
PUMP-CRITICAL,2026-01-09T14:15:00,461.14,3573.72,122.69,11.94,119.89,53.39,24.62,93.99,critical,6,5,12,6,1.2213,-4.635,4.6169,1
PUMP-CRITICAL,2026-01-09T14:20:00,453.69,3668.85,133.36,15.71,97.18,53.5,24.27,88,critical,6,5,12,6,3.7722,10.6763,-22.716,1
PUMP-CRITICAL,2026-01-09T14:25:00,453.27,3327.17,141.41,10.17,117.87,53.27,24.15,88,critical,6,5,12,6,-5.5357,8.0523,20.6963,1
PUMP-CRITICAL,2026-01-09T14:30:00,458.1,3526.97,141.13,16.0,113.54,55.85,25.59,99.13,critical,6,5,12,6,5.8252,-0.2795,-4.3368,1
PUMP-CRITICAL,2026-01-09T14:35:00,478.26,3320.11,126.42,14.24,100.71,56.29,26.92,88,critical,6,5,12,6,-1.7623,-14.7117,-12.8288,1
PUMP-CRITICAL,2026-01-09T14:40:00,472.81,3578.24,126.4,14.42,108.04,58.08,27.46,96.58,critical,6,5,12,6,0.1876,-0.0235,7.3307,1
PUMP-CRITICAL,2026-01-09T14:45:00,455.14,3264.82,145.04,13.79,114.0,52.76,24.02,88,critical,6,5,12,6,-0.6321,18.6415,5.9623,1
PUMP-CRITICAL,2026-01-09T14:50:00,459.2,3427.92,145.21,15.74,94.49,56.02,25.73,90.34,critical,6,5,12,6,1.9535,0.1674,-19.5122,1
PUMP-CRITICAL,2026-01-09T14:55:00,473.96,3604.08,146.29,14.06,105.79,52.49,24.88,88,critical,6,5,12,6,-1.6824,1.0818,11.3033,1
PUMP-CRITICAL,2026-01-09T15:00:00,462.35,3199.91,124.92,14.66,107.93,54.34,25.12,97.42,critical,6,5,12,6,0.5996,-21.3679,2.1343,1
PUMP-CRITICAL,2026-01-09T15:05:00,478.32,3579.86,132.74,9.83,102.56,54.08,25.87,88,critical,6,5,12,6,-4.8354,7.8189,-5.3707,1
PUMP-CRITICAL,2026-01-09T15:10:00,463.87,3224.73,141.6,14.69,117.66,56.11,26.03,90.08,critical,6,5,12,6,4.8628,8.8586,15.1073,1
PUMP-CRITICAL,2026-01-09T15:15:00,472.56,3353.25,144.37,13.97,101.9,56.36,26.63,88,critical,6,5,12,6,-0.7237,2.7748,-15.767,1
PUMP-CRITICAL,2026-01-09T15:20:00,455.92,3308.63,122.15,11.55,116.62,56.02,25.54,89.38,critical,6,5,12,6,-2.4107,-22.2218,14.7238,1
PUMP-CRITICAL,2026-01-09T15:25:00,475.34,3534.34,123.35,12.92,120.02,58.08,27.61,96.16,critical,6,5,12,6,1.3704,1.1988,3.4005,1
PUMP-CRITICAL,2026-01-09T15:30:00,466.46,3288.45,148.38,13.59,119.71,55.36,25.82,88,critical,6,5,12,6,0.6605,25.0262,-0.3109,1
PUMP-CRITICAL,2026-01-09T15:35:00,469.04,3185.17,137.23,9.67,113.2,54.48,25.55,88,critical,6,5,12,6,-3.9169,-11.1474,-6.5121,1
PUMP-CRITICAL,2026-01-09T15:40:00,474.39,3466.78,133.03,13.44,110.68,55.67,26.41,99.88,critical,6,5,12,6,3.771,-4.2011,-2.5173,1
PUMP-CRITICAL,2026-01-09T15:45:00,457.65,3627.35,135.47,10.94,102.23,55.23,25.28,96.4,critical,6,5,12,6,-2.501,2.438,-8.4555,1
PUMP-CRITICAL,2026-01-09T15:50:00,473.29,3237.16,132.63,13.14,96.05,55.16,26.11,88,critical,6,5,12,6,2.202,-2.8346,-6.177,1
PUMP-CRITICAL,2026-01-09T15:55:00,467.82,3240.7,140.57,15.11,115.64,52.37,24.5,88,critical,6,5,12,6,1.9679,7.935,19.5899,1
PUMP-CRITICAL,2026-01-09T16:00:00,478.69,3395.63,145.22,10.59,121.31,57.65,27.6,90.93,critical,6,5,12,6,-4.5232,4.6494,5.6669,1
PUMP-CRITICAL,2026-01-09T16:05:00,457.06,3418.77,131.27,12.09,99.98,54.27,24.81,88,critical,6,5,12,6,1.5051,-13.9437,-21.3259,1
PUMP-CRITICAL,2026-01-09T16:10:00,460.24,3375.15,145.8,13.13,104.91,53.69,24.71,90.06,critical,6,5,12,6,1.0391,14.5295,4.927,1
PUMP-CRITICAL,2026-01-09T16:15:00,467.86,3683.76,122.24,10.42,110.09,55.15,25.8,92.82,critical,6,5,12,6,-2.7058,-23.5589,5.1845,1
PUMP-CRITICAL,2026-01-09T16:20:00,473.58,3232.05,145.07,14.13,116.4,54.13,25.64,91.18,critical,6,5,12,6,3.7015,22.8263,6.3094,1
PUMP-CRITICAL,2026-01-09T16:25:00,470.92,3421.57,129.38,9.41,102.23,56.88,26.79,88.51,critical,6,5,12,6,-4.7189,-15.6926,-14.167,1
PUMP-CRITICAL,2026-01-09T16:30:00,469.02,3487.44,131.08,15.35,107.78,54.37,25.5,88,critical,6,5,12,6,5.9397,1.7065,5.5485,1
PUMP-CRITICAL,2026-01-09T16:35:00,460.78,3656.19,122.47,14.52,98.88,55.37,25.51,88,critical,6,5,12,6,-0.8244,-8.6109,-8.8987,1
PUMP-CRITICAL,2026-01-09T16:40:00,472.21,3208.39,126.68,11.43,112.16,55.22,26.08,88,critical,6,5,12,6,-3.0933,4.2094,13.2735,1
PUMP-CRITICAL,2026-01-09T16:45:00,469.65,3321.99,124.38,9.64,103.5,55.45,26.04,91.97,critical,6,5,12,6,-1.7898,-2.2995,-8.652,1
PUMP-CRITICAL,2026-01-09T16:50:00,454.03,3679.19,140.05,13.37,111.13,53.03,24.08,88,critical,6,5,12,6,3.7338,15.6644,7.6213,1
PUMP-CRITICAL,2026-01-09T16:55:00,460.97,3661.2,145.36,11.79,119.16,53.88,24.84,88,critical,6,5,12,6,-1.5803,5.3088,8.0325,1
PUMP-CRITICAL,2026-01-09T17:00:00,460.22,3519.39,126.44,11.05,114.35,54.26,24.97,96.08,critical,6,5,12,6,-0.742,-18.9129,-4.8113,1
PUMP-CRITICAL,2026-01-09T17:05:00,470.56,3448.49,128.99,9.53,99.54,56.29,26.49,98.74,critical,6,5,12,6,-1.5247,2.5469,-14.812,1
PUMP-CRITICAL,2026-01-09T17:10:00,474.72,3389.38,128.49,10.31,96.34,55.56,26.38,88,critical,6,5,12,6,0.7809,-0.5035,-3.1993,1
PUMP-CRITICAL,2026-01-09T17:15:00,463.4,3652.21,128.79,11.12,103.4,54.57,25.29,94.01,critical,6,5,12,6,0.8104,0.3053,7.0655,1
PUMP-CRITICAL,2026-01-09T17:20:00,453.49,3268.86,119.81,11.34,122.48,51.44,23.33,88,critical,6,5,12,6,0.2258,-8.9775,19.0784,1
PUMP-CRITICAL,2026-01-09T17:25:00,465.48,3251.45,120.06,15.19,112.63,56.76,26.42,92.74,critical,6,5,12,6,3.8429,0.2488,-9.8525,1
PUMP-CRITICAL,2026-01-09T17:30:00,466.01,3649.21,125.83,15.05,95.45,53.69,25.02,88,critical,6,5,12,6,-0.1323,5.7665,-17.1756,1
PUMP-CRITICAL,2026-01-09T17:35:00,457.37,3275.6,122.04,9.43,121.42,53.8,24.61,88,critical,6,5,12,6,-5.6242,-3.7885,25.9636,1
PUMP-CRITICAL,2026-01-09T17:40:00,475.62,3214.73,130.45,15.74,95.31,56.93,27.08,97.61,critical,6,5,12,6,6.3079,8.4082,-26.1063,1
PUMP-CRITICAL,2026-01-09T17:45:00,465.53,3502.23,118.76,16.09,111.29,56.36,26.24,88.43,critical,6,5,12,6,0.3547,-11.6899,15.9787,1
PUMP-CRITICAL,2026-01-09T17:50:00,456.26,3278.81,140.82,15.09,110.78,54.14,24.7,93.03,critical,6,5,12,6,-0.9987,22.0566,-0.5029,1
PUMP-CRITICAL,2026-01-09T17:55:00,480.57,3461.78,143.39,9.95,118.72,56.05,26.93,89.64,critical,6,5,12,6,-5.1429,2.5725,7.934,1
PUMP-CRITICAL,2026-01-09T18:00:00,464.94,3448.51,144.03,10.18,119.47,55.82,25.95,91.54,critical,6,5,12,6,0.2263,0.6432,0.7503,1
PUMP-CRITICAL,2026-01-09T18:05:00,463.83,3553.63,147.12,12.86,102.8,55.5,25.74,88.56,critical,6,5,12,6,2.6804,3.0874,-16.6658,1
PUMP-CRITICAL,2026-01-09T18:10:00,465.35,3336.48,122.26,10.86,119.16,54.82,25.51,90.26,critical,6,5,12,6,-1.9922,-24.857,16.3597,1
PUMP-CRITICAL,2026-01-09T18:15:00,457.07,3375.71,124.96,9.4,120.49,55.32,25.29,96.9,critical,6,5,12,6,-1.4622,2.7012,1.3291,1
PUMP-CRITICAL,2026-01-09T18:20:00,467.71,3638.92,123.46,12.23,97.96,54.55,25.51,88,critical,6,5,12,6,2.8308,-1.5052,-22.5317,1
PUMP-CRITICAL,2026-01-09T18:25:00,465.74,3562.26,134.91,11.15,94.16,53.44,24.89,88,critical,6,5,12,6,-1.0781,11.4523,-3.7976,1
PUMP-CRITICAL,2026-01-09T18:30:00,475.41,3589.02,126.15,12.96,110.77,55.78,26.52,99.32,critical,6,5,12,6,1.8052,-8.764,16.6029,1
PUMP-CRITICAL,2026-01-09T18:35:00,472.33,3457.84,135.16,12.24,121.92,56.92,26.89,90.64,critical,6,5,12,6,-0.7197,9.0105,11.1539,1
PUMP-CRITICAL,2026-01-09T18:40:00,471.43,3620.56,142.98,12.24,102.73,57.49,27.1,91.79,critical,6,5,12,6,0.0018,7.8228,-19.1925,1
PUMP-CRITICAL,2026-01-09T18:45:00,475.78,3206.98,142.42,14.91,103.71,55.24,26.28,88,critical,6,5,12,6,2.6682,-0.5577,0.9854,1
PUMP-CRITICAL,2026-01-09T18:50:00,461.59,3596.34,144.58,12.51,98.56,55.17,25.46,88,critical,6,5,12,6,-2.3993,2.157,-5.1481,1
PUMP-CRITICAL,2026-01-09T18:55:00,457.02,3361.58,134.09,13.98,115.47,51.04,23.32,88,critical,6,5,12,6,1.4731,-10.4871,16.9055,1
PUMP-CRITICAL,2026-01-09T19:00:00,458.85,3571.33,143.54,15.1,102.34,55.14,25.3,88.89,critical,6,5,12,6,1.1147,9.4525,-13.1339,1
PUMP-CRITICAL,2026-01-09T19:05:00,475.14,3247.73,144.39,11.8,114.82,57.12,27.14,96.04,critical,6,5,12,6,-3.2945,0.845,12.4868,1
PUMP-CRITICAL,2026-01-09T19:10:00,455.11,3434.69,139.91,14.38,102.47,52.48,23.88,88,critical,6,5,12,6,2.5715,-4.4832,-12.357,1
PUMP-CRITICAL,2026-01-09T19:15:00,461.68,3544.16,132.0,11.26,117.75,52.34,24.16,88,critical,6,5,12,6,-3.1191,-7.903,15.2831,1
PUMP-CRITICAL,2026-01-09T19:20:00,476.05,3295.05,142.86,13.43,118.87,58.34,27.77,96.98,critical,6,5,12,6,2.1708,10.8563,1.1225,1
PUMP-CRITICAL,2026-01-09T19:25:00,465.81,3186.79,130.78,11.46,109.68,53.26,24.81,89.54,critical,6,5,12,6,-1.9689,-12.077,-9.1887,1
PUMP-CRITICAL,2026-01-09T19:30:00,459.74,3410.72,138.29,13.72,122.94,56.11,25.8,93.16,critical,6,5,12,6,2.2651,7.5079,13.2616,1
PUMP-CRITICAL,2026-01-09T19:35:00,462.33,3589.5,122.79,15.24,115.01,53.04,24.52,88,critical,6,5,12,6,1.5194,-15.5058,-7.9376,1
PUMP-CRITICAL,2026-01-09T19:40:00,469.56,3460.02,130.07,15.8,103.69,52.99,24.88,88,critical,6,5,12,6,0.5614,7.2869,-11.3126,1
PUMP-CRITICAL,2026-01-09T19:45:00,457.69,3598.9,126.9,14.0,112.19,55.16,25.24,100,critical,6,5,12,6,-1.8026,-3.1717,8.5005,1
PUMP-CRITICAL,2026-01-09T19:50:00,455.62,3382.34,133.35,12.96,118.68,52.79,24.05,88,critical,6,5,12,6,-1.0395,6.4514,6.481,1
PUMP-CRITICAL,2026-01-09T19:55:00,469.07,3588.88,128.16,13.97,122.98,56.13,26.33,90.56,critical,6,5,12,6,1.0089,-5.1914,4.3077,1
PUMP-CRITICAL,2026-01-09T20:00:00,479.48,3485.9,120.01,15.33,110.19,56.02,26.86,88,critical,6,5,12,6,1.3625,-8.147,-12.7965,1
PUMP-CRITICAL,2026-01-09T20:05:00,481.37,3370.92,128.91,16.17,112.81,56.91,27.4,88.5,critical,6,5,12,6,0.8386,8.8968,2.6278,1
PUMP-CRITICAL,2026-01-09T20:10:00,461.78,3477.45,128.02,10.47,98.48,52.71,24.34,88,critical,6,5,12,6,-5.6982,-0.8934,-14.333,1
PUMP-CRITICAL,2026-01-09T20:15:00,455.9,3338.49,126.05,14.94,111.09,51.2,23.34,88,critical,6,5,12,6,4.4667,-1.9637,12.6076,1
PUMP-CRITICAL,2026-01-09T20:20:00,453.15,3257.95,130.75,11.96,99.56,53.98,24.46,97.86,critical,6,5,12,6,-2.9785,4.6925,-11.5263,1
PUMP-CRITICAL,2026-01-09T20:25:00,473.09,3554.59,122.62,12.77,113.91,57.79,27.34,92.0,critical,6,5,12,6,0.8076,-8.1231,14.3454,1
PUMP-CRITICAL,2026-01-09T20:30:00,471.39,3210.73,142.34,16.2,106.49,55.8,26.3,88,critical,6,5,12,6,3.4307,19.7143,-7.4158,1
PUMP-CRITICAL,2026-01-09T20:35:00,477.73,3557.46,138.23,13.7,120.47,53.93,25.76,88.38,critical,6,5,12,6,-2.5045,-4.1095,13.9748,1
PUMP-CRITICAL,2026-01-09T20:40:00,462.21,3638.82,124.38,14.63,111.87,54.24,25.07,98.27,critical,6,5,12,6,0.9358,-13.8485,-8.5986,1
PUMP-CRITICAL,2026-01-09T20:45:00,451.98,3540.5,122.68,11.65,111.62,52.55,23.75,88,critical,6,5,12,6,-2.9773,-1.6985,-0.2478,1
PUMP-CRITICAL,2026-01-09T20:50:00,453.51,3420.29,119.61,11.51,107.88,52.39,23.76,88,critical,6,5,12,6,-0.1487,-3.0698,-3.7377,1
PUMP-CRITICAL,2026-01-09T20:55:00,454.49,3552.83,127.69,14.96,110.71,52.45,23.84,88,critical,6,5,12,6,3.4493,8.0789,2.8258,1
PUMP-CRITICAL,2026-01-09T21:00:00,475.93,3231.92,120.78,12.73,106.75,55.43,26.38,88,critical,6,5,12,6,-2.2245,-6.9115,-3.9599,1
PUMP-CRITICAL,2026-01-09T21:05:00,461.61,3635.15,146.8,10.0,121.33,54.94,25.36,88.52,critical,6,5,12,6,-2.7303,26.0198,14.5764,1
PUMP-CRITICAL,2026-01-09T21:10:00,474.99,3639.87,148.06,11.14,121.76,54.32,25.8,89.66,critical,6,5,12,6,1.1394,1.2659,0.4371,1
PUMP-CRITICAL,2026-01-09T21:15:00,466.46,3465.82,124.66,10.52,112.11,54.36,25.36,90.65,critical,6,5,12,6,-0.6243,-23.4003,-9.651,1
PUMP-CRITICAL,2026-01-09T21:20:00,472.96,3222.98,134.37,10.77,107.02,53.98,25.53,88,critical,6,5,12,6,0.251,9.7045,-5.0874,1
PUMP-CRITICAL,2026-01-09T21:25:00,459.18,3666.96,131.95,14.53,107.59,51.36,23.58,88,critical,6,5,12,6,3.7585,-2.4213,0.5638,1
PUMP-CRITICAL,2026-01-09T21:30:00,474.12,3498.71,144.91,14.48,122.84,52.75,25.01,88,critical,6,5,12,6,-0.0459,12.9624,15.2479,1
PUMP-CRITICAL,2026-01-09T21:35:00,465.11,3305.86,126.23,12.25,96.44,54.91,25.54,90.1,critical,6,5,12,6,-2.2265,-18.6825,-26.392,1
PUMP-CRITICAL,2026-01-09T21:40:00,462.08,3550.76,126.35,14.13,120.98,56.2,25.97,91.46,critical,6,5,12,6,1.8737,0.1197,24.5329,1
PUMP-CRITICAL,2026-01-09T21:45:00,472.95,3674.22,126.76,12.24,101.99,58.89,27.85,97.52,critical,6,5,12,6,-1.8821,0.4161,-18.9872,1
PUMP-CRITICAL,2026-01-09T21:50:00,477.05,3597.17,123.04,13.2,100.68,55.0,26.24,88,critical,6,5,12,6,0.9548,-3.7186,-1.3109,1
PUMP-CRITICAL,2026-01-09T21:55:00,462.96,3262.65,123.3,10.76,102.57,55.6,25.74,95.98,critical,6,5,12,6,-2.4393,0.254,1.8916,1
PUMP-CRITICAL,2026-01-09T22:00:00,470.55,3427.15,134.91,14.98,100.6,54.27,25.54,88,critical,6,5,12,6,4.2179,11.6173,-1.9673,1
PUMP-CRITICAL,2026-01-09T22:05:00,477.95,3601.07,118.7,12.18,101.83,55.44,26.5,88,critical,6,5,12,6,-2.7947,-16.2159,1.229,1
PUMP-CRITICAL,2026-01-09T22:10:00,480.26,3222.8,128.14,13.99,114.16,58.47,28.08,97.38,critical,6,5,12,6,1.804,9.438,12.3266,1
PUMP-CRITICAL,2026-01-09T22:15:00,454.03,3541.85,134.77,14.05,117.53,55.13,25.03,92.09,critical,6,5,12,6,0.0644,6.6307,3.3731,1
PUMP-CRITICAL,2026-01-09T22:20:00,459.94,3558.5,134.09,11.56,104.29,56.02,25.77,88.51,critical,6,5,12,6,-2.4922,-0.6817,-13.2418,1
PUMP-CRITICAL,2026-01-09T22:25:00,480.14,3346.69,133.27,13.3,107.79,55.06,26.44,91.31,critical,6,5,12,6,1.7447,-0.8123,3.5023,1
PUMP-CRITICAL,2026-01-09T22:30:00,465.67,3562.53,141.07,11.17,107.51,55.52,25.86,90.29,critical,6,5,12,6,-2.1312,7.7977,-0.2806,1
PUMP-CRITICAL,2026-01-09T22:35:00,463.63,3566.06,143.49,11.25,98.28,54.41,25.23,88,critical,6,5,12,6,0.0799,2.4138,-9.2298,1
PUMP-CRITICAL,2026-01-09T22:40:00,453.43,3603.75,141.36,11.2,110.71,55.8,25.3,99.53,critical,6,5,12,6,-0.0568,-2.123,12.4287,1
PUMP-CRITICAL,2026-01-09T22:45:00,458.59,3235.66,145.84,11.06,113.38,53.48,24.53,88,critical,6,5,12,6,-0.1346,4.4816,2.6735,1
PUMP-CRITICAL,2026-01-09T22:50:00,467.72,3370.1,140.41,11.99,115.82,54.46,25.47,88,critical,6,5,12,6,0.9258,-5.4332,2.4396,1
PUMP-CRITICAL,2026-01-09T22:55:00,468.89,3431.06,138.24,16.19,106.75,57.65,27.03,93.85,critical,6,5,12,6,4.206,-2.1752,-9.0743,1
PUMP-CRITICAL,2026-01-09T23:00:00,457.34,3328.02,138.95,11.03,108.4,52.31,23.92,88,critical,6,5,12,6,-5.1653,0.7132,1.65,1
PUMP-CRITICAL,2026-01-09T23:05:00,469.47,3596.83,141.27,9.77,94.36,56.16,26.37,92.18,critical,6,5,12,6,-1.2615,2.3198,-14.0445,1
PUMP-CRITICAL,2026-01-09T23:10:00,465.65,3274.82,148.2,15.22,100.39,56.45,26.29,88.58,critical,6,5,12,6,5.4508,6.9265,6.0392,1
PUMP-CRITICAL,2026-01-09T23:15:00,479.94,3414.49,136.46,15.05,107.52,55.31,26.54,90.97,critical,6,5,12,6,-0.1696,-11.7368,7.1261,1
PUMP-CRITICAL,2026-01-09T23:20:00,471.25,3469.87,128.2,15.01,112.73,56.08,26.43,88,critical,6,5,12,6,-0.0342,-8.2616,5.2057,1
PUMP-CRITICAL,2026-01-09T23:25:00,475.2,3534.9,143.42,13.41,94.47,54.8,26.04,88.15,critical,6,5,12,6,-1.6071,15.2224,-18.2543,1
PUMP-CRITICAL,2026-01-09T23:30:00,456.37,3494.0,131.08,12.46,108.38,55.57,25.36,93.2,critical,6,5,12,6,-0.9449,-12.3371,13.9117,1
PUMP-CRITICAL,2026-01-09T23:35:00,462.71,3493.42,130.81,13.72,96.92,57.36,26.54,100,critical,6,5,12,6,1.2618,-0.2689,-11.4645,1
PUMP-CRITICAL,2026-01-09T23:40:00,472.15,3391.87,119.8,15.17,103.52,52.92,24.99,88,critical,6,5,12,6,1.445,-11.0147,6.6031,1
PUMP-CRITICAL,2026-01-09T23:45:00,464.21,3468.96,142.99,13.52,118.16,54.73,25.41,93.17,critical,6,5,12,6,-1.6527,23.1906,14.636,1
PUMP-CRITICAL,2026-01-09T23:50:00,452.96,3286.73,132.91,11.72,121.51,53.23,24.11,95.0,critical,6,5,12,6,-1.7907,-10.0754,3.3565,1
PUMP-CRITICAL,2026-01-09T23:55:00,471.29,3284.14,121.25,10.9,108.63,53.73,25.32,88,critical,6,5,12,6,-0.8284,-11.6631,-12.882,1
PUMP-CRITICAL,2026-01-10T00:00:00,471.55,3309.52,140.61,9.49,109.88,53.01,25.0,88,critical,6,5,12,6,-1.4047,19.355,1.2455,1
PUMP-CRITICAL,2026-01-10T00:05:00,468.15,3225.58,130.2,13.95,114.94,57.0,26.69,95.9,critical,6,5,12,6,4.4588,-10.4033,5.0587,1
PUMP-CRITICAL,2026-01-10T00:10:00,461.11,3411.98,138.93,10.17,113.42,55.75,25.71,93.78,critical,6,5,12,6,-3.7799,8.7248,-1.5188,1
PUMP-CRITICAL,2026-01-10T00:15:00,452.59,3335.85,141.41,15.56,113.82,51.27,23.2,88,critical,6,5,12,6,5.3878,2.4816,0.4018,1
PUMP-CRITICAL,2026-01-10T00:20:00,478.18,3382.03,136.46,13.24,112.54,54.58,26.1,88,critical,6,5,12,6,-2.3163,-4.9466,-1.2751,1
PUMP-CRITICAL,2026-01-10T00:25:00,472.68,3360.83,140.04,11.0,108.05,53.19,25.14,88,critical,6,5,12,6,-2.239,3.579,-4.4999,1
PUMP-CRITICAL,2026-01-10T00:30:00,456.08,3634.31,139.07,13.33,117.74,55.31,25.23,91.76,critical,6,5,12,6,2.3257,-0.9715,9.6901,1
PUMP-CRITICAL,2026-01-10T00:35:00,466.94,3258.47,136.9,12.94,115.41,55.65,25.98,95.62,critical,6,5,12,6,-0.3897,-2.1671,-2.3251,1
PUMP-CRITICAL,2026-01-10T00:40:00,473.17,3282.27,144.19,11.63,101.59,54.47,25.78,88,critical,6,5,12,6,-1.3138,7.2921,-13.8182,1
PUMP-CRITICAL,2026-01-10T00:45:00,458.61,3217.27,127.65,14.92,122.48,53.01,24.31,88.96,critical,6,5,12,6,3.2957,-16.5433,20.891,1
PUMP-CRITICAL,2026-01-10T00:50:00,470.02,3629.57,143.99,12.82,114.85,55.98,26.31,93.17,critical,6,5,12,6,-2.1031,16.3352,-7.6328,1
PUMP-CRITICAL,2026-01-10T00:55:00,457.53,3376.21,135.65,15.96,100.13,57.1,26.12,99.65,critical,6,5,12,6,3.1393,-8.3333,-14.718,1
PUMP-CRITICAL,2026-01-10T01:00:00,468.5,3314.34,141.28,11.85,103.05,57.57,26.97,94.75,critical,6,5,12,6,-4.1054,5.6224,2.9213,1
PUMP-CRITICAL,2026-01-10T01:05:00,473.44,3239.2,124.48,13.94,118.62,58.06,27.49,93.29,critical,6,5,12,6,2.0899,-16.7923,15.5704,1
PUMP-CRITICAL,2026-01-10T01:10:00,473.11,3533.84,123.26,13.9,98.38,56.32,26.65,88,critical,6,5,12,6,-0.0376,-1.2224,-20.2427,1
PUMP-CRITICAL,2026-01-10T01:15:00,452.18,3442.4,141.04,10.81,111.81,53.07,24.0,88,critical,6,5,12,6,-3.0912,17.7804,13.4302,1
PUMP-CRITICAL,2026-01-10T01:20:00,478.16,3647.0,130.71,14.7,99.57,56.72,27.12,90.59,critical,6,5,12,6,3.8822,-10.3311,-12.2398,1
PUMP-CRITICAL,2026-01-10T01:25:00,455.76,3493.82,127.28,14.91,102.25,57.08,26.01,95.05,critical,6,5,12,6,0.2171,-3.4342,2.6817,1
PUMP-CRITICAL,2026-01-10T01:30:00,465.23,3296.16,147.0,13.62,115.24,54.52,25.37,91.38,critical,6,5,12,6,-1.2888,19.7278,12.9894,1
PUMP-CRITICAL,2026-01-10T01:35:00,471.78,3626.59,142.45,13.97,99.66,54.43,25.68,88,critical,6,5,12,6,0.3482,-4.5539,-15.5807,1
PUMP-CRITICAL,2026-01-10T01:40:00,456.34,3304.49,127.63,10.56,113.88,53.12,24.24,88,critical,6,5,12,6,-3.4145,-14.8226,14.2168,1
PUMP-CRITICAL,2026-01-10T01:45:00,455.24,3190.94,143.75,13.94,96.55,54.01,24.59,88,critical,6,5,12,6,3.3832,16.1269,-17.3296,1
PUMP-CRITICAL,2026-01-10T01:50:00,472.32,3242.45,127.93,12.14,113.01,54.88,25.92,90.85,critical,6,5,12,6,-1.7991,-15.8238,16.4606,1
PUMP-CRITICAL,2026-01-10T01:55:00,468.91,3601.44,144.37,11.07,120.35,55.23,25.9,88,critical,6,5,12,6,-1.0733,16.4417,7.3363,1
PUMP-CRITICAL,2026-01-10T02:00:00,473.18,3584.59,128.78,14.64,117.96,56.3,26.64,88,critical,6,5,12,6,3.5745,-15.5951,-2.3875,1
PUMP-CRITICAL,2026-01-10T02:05:00,471.46,3601.8,134.73,15.9,108.6,56.89,26.82,97.32,critical,6,5,12,6,1.2563,5.9516,-9.3573,1
PUMP-CRITICAL,2026-01-10T02:10:00,467.75,3660.48,121.5,13.95,122.36,58.41,27.32,99.92,critical,6,5,12,6,-1.9486,-13.2247,13.7596,1
PUMP-CRITICAL,2026-01-10T02:15:00,458.08,3529.29,140.07,16.32,102.08,56.86,26.05,99.04,critical,6,5,12,6,2.372,18.5637,-20.2761,1
PUMP-CRITICAL,2026-01-10T02:20:00,480.51,3663.15,130.51,15.47,98.85,56.9,27.34,99.4,critical,6,5,12,6,-0.857,-9.5575,-3.236,1
PUMP-CRITICAL,2026-01-10T02:25:00,479.53,3469.09,146.79,10.67,115.82,53.18,25.5,88,critical,6,5,12,6,-4.7939,16.2823,16.9683,1
PUMP-CRITICAL,2026-01-10T02:30:00,466.36,3461.97,128.92,11.61,120.11,54.24,25.3,94.1,critical,6,5,12,6,0.9419,-17.8759,4.2887,1
PUMP-CRITICAL,2026-01-10T02:35:00,474.18,3430.44,140.86,14.96,114.93,57.9,27.45,96.99,critical,6,5,12,6,3.3461,11.9469,-5.1715,1
PUMP-CRITICAL,2026-01-10T02:40:00,471.7,3595.74,146.0,15.77,95.16,57.41,27.08,99.84,critical,6,5,12,6,0.8123,5.1382,-19.7754,1
PUMP-CRITICAL,2026-01-10T02:45:00,476.52,3394.24,127.79,11.91,120.2,55.63,26.51,89.7,critical,6,5,12,6,-3.8573,-18.2084,25.043,1
PUMP-CRITICAL,2026-01-10T02:50:00,474.74,3537.85,137.56,11.43,95.55,53.64,25.46,88,critical,6,5,12,6,-0.4849,9.7686,-24.6511,1
PUMP-CRITICAL,2026-01-10T02:55:00,462.83,3204.53,148.34,14.98,116.97,53.81,24.9,88.29,critical,6,5,12,6,3.5492,10.7766,21.4207,1
PUMP-CRITICAL,2026-01-10T03:00:00,460.37,3516.19,121.12,15.88,102.23,55.56,25.58,90.31,critical,6,5,12,6,0.9053,-27.2161,-14.744,1
PUMP-CRITICAL,2026-01-10T03:05:00,470.56,3349.34,124.16,13.81,101.87,54.75,25.76,97.34,critical,6,5,12,6,-2.077,3.0354,-0.3613,1
PUMP-CRITICAL,2026-01-10T03:10:00,477.22,3441.46,129.48,9.38,108.28,55.78,26.62,99.29,critical,6,5,12,6,-4.4301,5.3254,6.4175,1
PUMP-CRITICAL,2026-01-10T03:15:00,474.83,3403.37,138.71,15.73,112.33,56.49,26.82,100,critical,6,5,12,6,6.3544,9.231,4.0418,1
PUMP-CRITICAL,2026-01-10T03:20:00,473.0,3201.95,128.32,12.15,119.26,55.53,26.27,97.64,critical,6,5,12,6,-3.5863,-10.3923,6.9354,1
PUMP-CRITICAL,2026-01-10T03:25:00,477.38,3281.51,124.84,9.51,101.88,57.14,27.28,97.89,critical,6,5,12,6,-2.6301,-3.4834,-17.3781,1
PUMP-CRITICAL,2026-01-10T03:30:00,474.94,3554.37,128.39,13.77,101.25,55.68,26.45,88,critical,6,5,12,6,4.2539,3.5555,-0.6285,1
PUMP-CRITICAL,2026-01-10T03:35:00,467.53,3627.4,128.44,11.41,112.05,53.31,24.92,88,critical,6,5,12,6,-2.3542,0.044,10.7974,1
PUMP-CRITICAL,2026-01-10T03:40:00,453.94,3613.13,145.5,11.09,108.04,55.21,25.06,98.93,critical,6,5,12,6,-0.3199,17.064,-4.0157,1
PUMP-CRITICAL,2026-01-10T03:45:00,452.7,3438.43,146.15,11.3,118.97,51.59,23.36,88,critical,6,5,12,6,0.2007,0.6485,10.9332,1
PUMP-CRITICAL,2026-01-10T03:50:00,453.54,3669.99,145.92,16.03,106.35,52.69,23.9,93.56,critical,6,5,12,6,4.7349,-0.2273,-12.6183,1
PUMP-CRITICAL,2026-01-10T03:55:00,455.66,3538.74,118.82,12.73,106.01,52.57,23.96,88,critical,6,5,12,6,-3.302,-27.1006,-0.3373,1
PUMP-CRITICAL,2026-01-10T04:00:00,453.66,3365.82,134.73,13.57,101.1,50.33,22.83,88,critical,6,5,12,6,0.8371,15.9095,-4.9178,1
PUMP-CRITICAL,2026-01-10T04:05:00,453.18,3296.22,128.1,15.35,108.1,52.75,23.9,93.77,critical,6,5,12,6,1.7822,-6.6283,7.0029,1
PUMP-CRITICAL,2026-01-10T04:10:00,473.72,3319.29,125.25,11.08,110.93,54.17,25.66,88,critical,6,5,12,6,-4.2639,-2.851,2.836,1
PUMP-CRITICAL,2026-01-10T04:15:00,467.12,3355.08,127.31,15.16,97.16,51.45,24.03,88,critical,6,5,12,6,4.0754,2.0587,-13.7777,1
PUMP-CRITICAL,2026-01-10T04:20:00,463.2,3444.45,123.21,9.86,117.59,55.44,25.68,88,critical,6,5,12,6,-5.3022,-4.1016,20.4353,1
PUMP-CRITICAL,2026-01-10T04:25:00,451.51,3515.75,124.41,9.94,112.35,54.45,24.59,95.34,critical,6,5,12,6,0.0784,1.1982,-5.2413,1
PUMP-CRITICAL,2026-01-10T04:30:00,475.11,3292.63,142.47,16.15,118.46,57.56,27.35,92.29,critical,6,5,12,6,6.2141,18.0599,6.1084,1
PUMP-CRITICAL,2026-01-10T04:35:00,467.81,3338.31,118.76,11.35,97.13,53.79,25.16,88,critical,6,5,12,6,-4.8034,-23.7044,-21.3323,1
PUMP-CRITICAL,2026-01-10T04:40:00,473.25,3275.73,129.25,13.4,105.65,55.21,26.13,88,critical,6,5,12,6,2.0537,10.4818,8.5215,1
PUMP-CRITICAL,2026-01-10T04:45:00,470.4,3329.62,128.78,13.01,105.24,57.14,26.88,97.3,critical,6,5,12,6,-0.3939,-0.47,-0.413,1
PUMP-CRITICAL,2026-01-10T04:50:00,461.11,3546.06,145.79,11.28,100.32,53.84,24.83,89.17,critical,6,5,12,6,-1.7241,17.0193,-4.9124,1
PUMP-CRITICAL,2026-01-10T04:55:00,465.8,3273.64,135.24,15.24,122.82,52.85,24.62,88,critical,6,5,12,6,3.9589,-10.5594,22.4918,1
PUMP-CRITICAL,2026-01-10T05:00:00,469.47,3287.12,137.16,11.05,100.22,55.52,26.06,88,critical,6,5,12,6,-4.1897,1.9231,-22.593,1
PUMP-CRITICAL,2026-01-10T05:05:00,467.39,3208.49,145.71,15.87,93.66,53.2,24.86,88,critical,6,5,12,6,4.8176,8.555,-6.5611,1
PUMP-CRITICAL,2026-01-10T05:10:00,462.15,3560.77,132.46,12.63,117.24,56.44,26.08,94.97,critical,6,5,12,6,-3.2371,-13.2539,23.5779,1
PUMP-CRITICAL,2026-01-10T05:15:00,451.96,3513.18,123.86,15.87,105.1,54.27,24.53,88,critical,6,5,12,6,3.2383,-8.5974,-12.1361,1
PUMP-CRITICAL,2026-01-10T05:20:00,476.09,3191.72,123.77,13.89,112.57,58.28,27.75,99.08,critical,6,5,12,6,-1.9784,-0.0885,7.4642,1
PUMP-CRITICAL,2026-01-10T05:25:00,460.8,3565.1,125.31,10.5,115.02,53.49,24.65,89.82,critical,6,5,12,6,-3.3896,1.5327,2.4483,1
PUMP-CRITICAL,2026-01-10T05:30:00,464.11,3222.25,148.0,14.56,104.53,54.37,25.23,88,critical,6,5,12,6,4.0589,22.6918,-10.4888,1
PUMP-CRITICAL,2026-01-10T05:35:00,475.75,3560.61,143.66,14.61,112.25,54.5,25.93,88,critical,6,5,12,6,0.0543,-4.3411,7.7205,1
PUMP-CRITICAL,2026-01-10T05:40:00,460.61,3247.19,124.22,11.26,108.33,54.46,25.09,88,critical,6,5,12,6,-3.3521,-19.4397,-3.9214,1
PUMP-CRITICAL,2026-01-10T05:45:00,479.67,3688.44,132.39,11.88,107.18,56.45,27.08,88.05,critical,6,5,12,6,0.6189,8.1776,-1.1448,1
PUMP-CRITICAL,2026-01-10T05:50:00,474.52,3578.72,121.67,11.81,99.45,56.57,26.85,92.4,critical,6,5,12,6,-0.068,-10.7253,-7.7341,1
PUMP-CRITICAL,2026-01-10T05:55:00,466.2,3261.78,118.78,15.66,107.19,56.39,26.29,97.45,critical,6,5,12,6,3.8428,-2.8897,7.7411,1
PUMP-CRITICAL,2026-01-10T06:00:00,462.61,3386.13,144.57,12.76,119.98,54.07,25.01,88,critical,6,5,12,6,-2.8933,25.7897,12.7956,1
PUMP-CRITICAL,2026-01-10T06:05:00,467.26,3527.08,146.95,15.4,108.54,56.13,26.23,92.35,critical,6,5,12,6,2.6385,2.3802,-11.4448,1
PUMP-CRITICAL,2026-01-10T06:10:00,461.82,3416.33,148.13,10.4,104.85,54.67,25.25,100,critical,6,5,12,6,-4.9983,1.1838,-3.6844,1
PUMP-CRITICAL,2026-01-10T06:15:00,472.74,3647.38,144.31,15.0,109.69,53.73,25.4,88,critical,6,5,12,6,4.6,-3.8201,4.8388,1
PUMP-CRITICAL,2026-01-10T06:20:00,463.58,3303.88,131.28,14.7,110.65,55.94,25.93,92.56,critical,6,5,12,6,-0.2997,-13.0324,0.9569,1
PUMP-CRITICAL,2026-01-10T06:25:00,451.74,3441.77,121.52,11.63,97.79,53.89,24.35,97.75,critical,6,5,12,6,-3.0691,-9.7573,-12.8558,1
PUMP-CRITICAL,2026-01-10T06:30:00,458.39,3437.98,121.95,12.64,120.55,55.93,25.64,90.39,critical,6,5,12,6,1.0028,0.4275,22.7546,1
PUMP-CRITICAL,2026-01-10T06:35:00,473.17,3584.08,129.51,16.09,114.71,55.26,26.15,88,critical,6,5,12,6,3.4563,7.5632,-5.8426,1
PUMP-CRITICAL,2026-01-10T06:40:00,453.58,3674.83,119.55,12.55,116.9,51.35,23.29,88,critical,6,5,12,6,-3.5454,-9.9655,2.1979,1
PUMP-CRITICAL,2026-01-10T06:45:00,458.73,3485.1,145.44,13.52,108.55,51.76,23.74,88,critical,6,5,12,6,0.9734,25.8912,-8.3505,1
PUMP-CRITICAL,2026-01-10T06:50:00,457.75,3385.71,137.05,15.2,117.18,52.56,24.06,89.52,critical,6,5,12,6,1.6783,-8.3854,8.6276,1
PUMP-CRITICAL,2026-01-10T06:55:00,466.08,3438.95,146.77,16.34,120.9,57.89,26.98,99.78,critical,6,5,12,6,1.1445,9.7144,3.7195,1
PUMP-CRITICAL,2026-01-10T07:00:00,458.97,3534.14,133.42,12.21,94.68,54.97,25.23,94.43,critical,6,5,12,6,-4.1322,-13.3508,-26.2207,1
PUMP-CRITICAL,2026-01-10T07:05:00,454.19,3405.01,145.78,9.93,100.05,52.43,23.81,88,critical,6,5,12,6,-2.2828,12.3631,5.3688,1
PUMP-CRITICAL,2026-01-10T07:10:00,457.46,3426.54,145.02,12.08,106.2,55.78,25.52,97.02,critical,6,5,12,6,2.1547,-0.7635,6.1524,1
PUMP-CRITICAL,2026-01-10T07:15:00,453.81,3586.83,127.84,14.4,119.85,51.8,23.51,88,critical,6,5,12,6,2.3148,-17.1801,13.6484,1
PUMP-CRITICAL,2026-01-10T07:20:00,463.0,3544.2,136.91,14.77,106.58,54.13,25.06,88,critical,6,5,12,6,0.3678,9.0743,-13.2716,1
PUMP-CRITICAL,2026-01-10T07:25:00,455.4,3590.29,133.5,16.25,110.34,53.55,24.39,90.16,critical,6,5,12,6,1.4816,-3.4079,3.7606,1
PUMP-CRITICAL,2026-01-10T07:30:00,475.74,3408.81,130.84,10.61,110.16,56.13,26.7,99.51,critical,6,5,12,6,-5.6409,-2.6601,-0.1801,1
PUMP-CRITICAL,2026-01-10T07:35:00,456.41,3492.98,137.34,14.01,114.86,54.43,24.84,98.35,critical,6,5,12,6,3.4063,6.4921,4.7008,1
PUMP-CRITICAL,2026-01-10T07:40:00,457.8,3243.25,144.73,14.29,106.96,54.5,24.95,92.49,critical,6,5,12,6,0.277,7.3967,-7.8987,1
PUMP-CRITICAL,2026-01-10T07:45:00,460.96,3368.49,143.59,16.09,121.59,52.05,23.99,88,critical,6,5,12,6,1.7993,-1.1431,14.6308,1
PUMP-CRITICAL,2026-01-10T07:50:00,467.25,3685.15,119.71,14.59,101.27,56.74,26.51,88.36,critical,6,5,12,6,-1.4992,-23.8825,-20.3223,1
PUMP-CRITICAL,2026-01-10T07:55:00,466.72,3371.3,136.63,14.9,103.86,54.11,25.26,88,critical,6,5,12,6,0.3054,16.9182,2.5899,1
PUMP-CRITICAL,2026-01-10T08:00:00,464.38,3664.85,137.46,10.31,97.82,55.07,25.57,96.01,critical,6,5,12,6,-4.5904,0.8314,-6.0374,1
PUMP-CRITICAL,2026-01-10T08:05:00,463.8,3466.49,147.58,15.44,99.05,54.54,25.3,88.34,critical,6,5,12,6,5.1305,10.1272,1.2279,1
PUMP-CRITICAL,2026-01-10T08:10:00,460.01,3330.67,133.23,12.49,111.96,54.16,24.91,94.52,critical,6,5,12,6,-2.9426,-14.3584,12.9085,1
PUMP-CRITICAL,2026-01-10T08:15:00,469.18,3271.03,133.3,10.46,104.04,56.1,26.32,88,critical,6,5,12,6,-2.0339,0.075,-7.9146,1
PUMP-CRITICAL,2026-01-10T08:20:00,457.94,3546.26,122.49,13.02,103.46,53.15,24.34,94.12,critical,6,5,12,6,2.5613,-10.8062,-0.5804,1
PUMP-CRITICAL,2026-01-10T08:25:00,458.35,3457.71,119.04,10.89,111.59,55.2,25.3,88,critical,6,5,12,6,-2.1357,-3.4534,8.1282,1
PUMP-CRITICAL,2026-01-10T08:30:00,461.05,3229.2,143.25,15.28,113.45,56.38,26.0,92.13,critical,6,5,12,6,4.3967,24.2105,1.8586,1
PUMP-CRITICAL,2026-01-10T08:35:00,453.91,3232.34,136.83,11.92,114.4,52.36,23.77,88,critical,6,5,12,6,-3.3614,-6.4251,0.9469,1
PUMP-CRITICAL,2026-01-10T08:40:00,476.04,3592.3,144.26,9.77,100.53,56.16,26.73,89.07,critical,6,5,12,6,-2.15,7.4335,-13.8626,1
PUMP-CRITICAL,2026-01-10T08:45:00,472.68,3634.97,132.69,12.9,97.81,54.55,25.78,89.89,critical,6,5,12,6,3.1289,-11.5649,-2.7205,1
PUMP-CRITICAL,2026-01-10T08:50:00,465.71,3396.48,131.71,15.74,111.36,54.49,25.37,88,critical,6,5,12,6,2.8403,-0.9874,13.5507,1
PUMP-CRITICAL,2026-01-10T08:55:00,471.89,3201.04,126.85,11.83,99.85,55.71,26.29,88,critical,6,5,12,6,-3.9101,-4.8529,-11.5162,1
PUMP-CRITICAL,2026-01-10T09:00:00,469.16,3240.04,134.91,15.49,123.66,55.43,26.01,95.96,critical,6,5,12,6,3.6588,8.0566,23.8151,1
PUMP-CRITICAL,2026-01-10T09:05:00,465.82,3674.46,126.73,15.57,118.44,55.11,25.67,92.26,critical,6,5,12,6,0.0847,-8.183,-5.2181,1
PUMP-CRITICAL,2026-01-10T09:10:00,470.52,3642.47,124.36,14.12,108.01,53.17,25.02,88,critical,6,5,12,6,-1.4541,-2.367,-10.4377,1
PUMP-CRITICAL,2026-01-10T09:15:00,479.67,3689.01,143.93,10.41,101.51,57.61,27.63,95.73,critical,6,5,12,6,-3.7094,19.5692,-6.5,1
PUMP-CRITICAL,2026-01-10T09:20:00,453.03,3575.05,132.79,14.07,95.4,57.47,26.03,99.72,critical,6,5,12,6,3.6581,-11.1434,-6.1101,1
PUMP-CRITICAL,2026-01-10T09:25:00,480.39,3340.55,124.89,13.21,123.11,54.53,26.2,88,critical,6,5,12,6,-0.8561,-7.8964,27.7111,1
PUMP-CRITICAL,2026-01-10T09:30:00,479.58,3316.78,126.11,16.02,95.76,56.14,26.92,88,critical,6,5,12,6,2.8039,1.2213,-27.3485,1
PUMP-CRITICAL,2026-01-10T09:35:00,462.52,3255.72,135.63,11.91,110.24,55.46,25.65,97.64,critical,6,5,12,6,-4.1035,9.5151,14.4844,1
PUMP-CRITICAL,2026-01-10T09:40:00,471.44,3553.65,120.72,15.04,104.15,55.35,26.09,93.01,critical,6,5,12,6,3.1277,-14.9097,-6.0935,1
PUMP-CRITICAL,2026-01-10T09:45:00,474.23,3408.53,139.39,14.61,94.6,59.01,27.98,99.38,critical,6,5,12,6,-0.4263,18.6687,-9.5485,1
PUMP-CRITICAL,2026-01-10T09:50:00,477.87,3314.02,132.6,10.45,95.53,56.05,26.79,88.47,critical,6,5,12,6,-4.1608,-6.7904,0.9332,1
PUMP-CRITICAL,2026-01-10T09:55:00,453.19,3544.34,145.88,16.28,99.33,52.6,23.84,88,critical,6,5,12,6,5.8272,13.2876,3.7952,1
PUMP-CRITICAL,2026-01-10T10:00:00,474.36,3682.85,137.54,13.61,104.32,54.59,25.89,88,critical,6,5,12,6,-2.6693,-8.3461,4.9926,1
PUMP-CRITICAL,2026-01-10T10:05:00,452.28,3255.39,146.44,11.39,107.38,54.46,24.63,97.97,critical,6,5,12,6,-2.2205,8.903,3.0566,1
PUMP-CRITICAL,2026-01-10T10:10:00,472.0,3463.76,119.9,9.84,103.27,55.55,26.22,95.64,critical,6,5,12,6,-1.5466,-26.5388,-4.1134,1
PUMP-CRITICAL,2026-01-10T10:15:00,460.93,3662.21,148.28,11.22,111.71,55.1,25.4,89.86,critical,6,5,12,6,1.3812,28.3815,8.4442,1
PUMP-CRITICAL,2026-01-10T10:20:00,476.66,3507.22,120.17,13.89,102.39,57.48,27.4,89.74,critical,6,5,12,6,2.6638,-28.1131,-9.3197,1
PUMP-CRITICAL,2026-01-10T10:25:00,472.18,3252.59,142.38,10.92,105.63,56.86,26.85,100,critical,6,5,12,6,-2.9736,22.2102,3.2443,1
PUMP-CRITICAL,2026-01-10T10:30:00,463.53,3319.67,131.65,13.02,110.7,54.08,25.07,90.18,critical,6,5,12,6,2.1017,-10.7273,5.0629,1
PUMP-CRITICAL,2026-01-10T10:35:00,474.27,3196.72,126.01,11.02,98.28,53.5,25.37,88,critical,6,5,12,6,-1.9967,-5.6391,-12.414,1
PUMP-CRITICAL,2026-01-10T10:40:00,474.34,3373.59,142.54,13.72,116.4,57.46,27.25,94.53,critical,6,5,12,6,2.6995,16.5279,18.1196,1
PUMP-CRITICAL,2026-01-10T10:45:00,477.71,3470.59,142.36,11.98,102.52,53.25,25.44,88,critical,6,5,12,6,-1.7393,-0.1773,-13.8807,1
PUMP-CRITICAL,2026-01-10T10:50:00,463.11,3501.49,137.23,11.9,96.79,51.74,23.96,88,critical,6,5,12,6,-0.0784,-5.1378,-5.737,1
PUMP-CRITICAL,2026-01-10T10:55:00,467.48,3594.5,148.38,16.17,122.95,52.51,24.55,88,critical,6,5,12,6,4.2718,11.1573,26.1605,1
PUMP-CRITICAL,2026-01-10T11:00:00,460.5,3258.79,129.91,15.38,116.38,54.75,25.21,99.58,critical,6,5,12,6,-0.7968,-18.4718,-6.5612,1
PUMP-CRITICAL,2026-01-10T11:05:00,476.41,3650.12,124.28,14.87,120.84,54.82,26.12,88,critical,6,5,12,6,-0.505,-5.6354,4.4559,1
PUMP-CRITICAL,2026-01-10T11:10:00,472.11,3203.31,144.46,10.0,104.52,57.65,27.22,95.61,critical,6,5,12,6,-4.8672,20.1873,-16.3228,1
PUMP-CRITICAL,2026-01-10T11:15:00,479.62,3579.06,129.84,11.82,106.5,56.0,26.86,100,critical,6,5,12,6,1.8132,-14.623,1.9852,1
PUMP-CRITICAL,2026-01-10T11:20:00,474.28,3256.05,135.21,15.24,99.09,56.78,26.93,91.04,critical,6,5,12,6,3.4184,5.3684,-7.4173,1
PUMP-CRITICAL,2026-01-10T11:25:00,455.1,3225.04,148.39,12.37,105.02,54.86,24.97,95.13,critical,6,5,12,6,-2.8687,13.1796,5.9314,1
PUMP-CRITICAL,2026-01-10T11:30:00,480.56,3519.79,137.24,11.07,113.69,57.6,27.68,88,critical,6,5,12,6,-1.3015,-11.1503,8.6686,1
PUMP-CRITICAL,2026-01-10T11:35:00,477.8,3430.48,122.21,15.93,107.12,54.44,26.01,88.57,critical,6,5,12,6,4.8689,-15.0322,-6.5642,1
PUMP-CRITICAL,2026-01-10T11:40:00,455.09,3635.23,137.15,9.86,106.61,55.11,25.08,88.08,critical,6,5,12,6,-6.075,14.9393,-0.5135,1
PUMP-CRITICAL,2026-01-10T11:45:00,471.48,3490.82,123.72,16.07,107.56,56.01,26.41,90.84,critical,6,5,12,6,6.2101,-13.4259,0.9538,1
PUMP-CRITICAL,2026-01-10T11:50:00,462.51,3487.72,124.16,12.15,117.2,55.82,25.82,92.46,critical,6,5,12,6,-3.9215,0.4386,9.6356,1
PUMP-CRITICAL,2026-01-10T11:55:00,454.43,3318.53,124.88,11.99,122.69,53.95,24.52,88,critical,6,5,12,6,-0.1612,0.7232,5.4904,1
PUMP-CRITICAL,2026-01-10T12:00:00,454.04,3539.17,122.37,9.67,117.96,52.71,23.93,88.48,critical,6,5,12,6,-2.3138,-2.514,-4.7265,1
PUMP-CRITICAL,2026-01-10T12:05:00,466.09,3358.49,123.84,13.17,117.91,53.91,25.13,89.96,critical,6,5,12,6,3.4921,1.4729,-0.0489,1
PUMP-CRITICAL,2026-01-10T12:10:00,478.44,3236.45,126.64,10.18,102.84,56.06,26.82,95.15,critical,6,5,12,6,-2.9883,2.7983,-15.0772,1
PUMP-CRITICAL,2026-01-10T12:15:00,474.65,3283.49,131.73,10.1,94.62,55.79,26.48,92.01,critical,6,5,12,6,-0.0756,5.0904,-8.2154,1
PUMP-CRITICAL,2026-01-10T12:20:00,458.02,3274.42,134.01,10.28,119.29,54.17,24.81,97.54,critical,6,5,12,6,0.1765,2.2859,24.6733,1
PUMP-CRITICAL,2026-01-10T12:25:00,454.0,3648.41,139.81,14.12,117.94,53.56,24.32,88,critical,6,5,12,6,3.8402,5.7914,-1.3514,1
PUMP-CRITICAL,2026-01-10T12:30:00,460.68,3486.63,144.76,10.92,122.81,53.34,24.57,88,critical,6,5,12,6,-3.1955,4.9536,4.865,1
PUMP-CRITICAL,2026-01-10T12:35:00,465.76,3304.89,138.05,11.28,108.25,55.66,25.92,88.61,critical,6,5,12,6,0.3584,-6.7148,-14.5572,1
PUMP-CRITICAL,2026-01-10T12:40:00,480.16,3490.67,127.98,15.12,119.53,56.83,27.29,88,critical,6,5,12,6,3.8407,-10.0601,11.2824,1
PUMP-CRITICAL,2026-01-10T12:45:00,454.38,3617.08,148.59,10.93,122.68,54.96,24.97,96.72,critical,6,5,12,6,-4.1896,20.6056,3.1447,1
PUMP-CRITICAL,2026-01-10T12:50:00,453.6,3230.28,134.87,12.85,99.85,54.95,24.92,90.29,critical,6,5,12,6,1.9161,-13.725,-22.8315,1
PUMP-CRITICAL,2026-01-10T12:55:00,469.73,3620.99,137.71,15.24,120.0,55.4,26.02,91.56,critical,6,5,12,6,2.3947,2.8408,20.1528,1
PUMP-CRITICAL,2026-01-10T13:00:00,459.08,3504.67,124.82,10.92,121.18,55.75,25.6,88,critical,6,5,12,6,-4.3233,-12.891,1.1786,1
PUMP-CRITICAL,2026-01-10T13:05:00,478.52,3311.13,123.49,12.79,120.09,54.02,25.85,88,critical,6,5,12,6,1.8706,-1.3262,-1.0911,1
PUMP-CRITICAL,2026-01-10T13:10:00,454.62,3297.66,119.33,16.34,122.76,53.52,24.33,88,critical,6,5,12,6,3.5544,-4.1634,2.6789,1
PUMP-CRITICAL,2026-01-10T13:15:00,464.5,3196.34,124.98,11.86,110.34,53.46,24.83,90.89,critical,6,5,12,6,-4.4821,5.6569,-12.4243,1
PUMP-CRITICAL,2026-01-10T13:20:00,461.76,3412.48,135.56,12.64,115.82,53.82,24.85,89.3,critical,6,5,12,6,0.7756,10.5785,5.4749,1
PUMP-CRITICAL,2026-01-10T13:25:00,453.94,3229.87,124.39,14.93,107.51,57.36,26.04,100,critical,6,5,12,6,2.2907,-11.1672,-8.3085,1
PUMP-CRITICAL,2026-01-10T13:30:00,457.12,3549.6,141.15,9.88,110.29,56.38,25.77,92.1,critical,6,5,12,6,-5.049,16.757,2.785,1
PUMP-CRITICAL,2026-01-10T13:35:00,469.06,3584.96,120.64,16.4,116.36,55.05,25.82,88,critical,6,5,12,6,6.5184,-20.5072,6.072,1
PUMP-CRITICAL,2026-01-10T13:40:00,466.35,3498.88,131.46,12.6,120.63,57.25,26.7,98.51,critical,6,5,12,6,-3.8033,10.8189,4.2708,1
PUMP-CRITICAL,2026-01-10T13:45:00,460.99,3514.91,141.07,12.67,114.22,55.39,25.53,88,critical,6,5,12,6,0.0702,9.6089,-6.4183,1
PUMP-CRITICAL,2026-01-10T13:50:00,478.77,3592.29,145.32,9.87,116.93,57.04,27.31,90.88,critical,6,5,12,6,-2.7993,4.2462,2.7165,1
PUMP-CRITICAL,2026-01-10T13:55:00,468.49,3199.32,122.19,15.13,110.44,55.83,26.16,89.25,critical,6,5,12,6,5.2625,-23.1246,-6.4904,1
PUMP-CRITICAL,2026-01-10T14:00:00,466.89,3354.16,119.07,11.48,97.34,53.56,25.01,88,critical,6,5,12,6,-3.6516,-3.1276,-13.1059,1
PUMP-CRITICAL,2026-01-10T14:05:00,456.27,3537.02,142.86,13.85,104.62,52.76,24.08,88,critical,6,5,12,6,2.368,23.7943,7.2841,1
PUMP-CRITICAL,2026-01-10T14:10:00,479.95,3372.6,130.4,15.04,105.45,58.05,27.86,96.53,critical,6,5,12,6,1.1941,-12.4576,0.8334,1
PUMP-CRITICAL,2026-01-10T14:15:00,456.04,3648.89,124.77,10.97,112.52,56.8,25.9,93.88,critical,6,5,12,6,-4.069,-5.6312,7.0641,1
PUMP-CRITICAL,2026-01-10T14:20:00,457.51,3606.99,137.88,13.54,97.97,52.43,23.99,88,critical,6,5,12,6,2.5701,13.1053,-14.5506,1
PUMP-CRITICAL,2026-01-10T14:25:00,453.6,3635.56,134.68,15.02,112.1,52.46,23.79,89.3,critical,6,5,12,6,1.4754,-3.1971,14.1351,1
PUMP-CRITICAL,2026-01-10T14:30:00,462.01,3348.46,138.41,11.37,97.89,54.32,25.09,88,critical,6,5,12,6,-3.6473,3.7265,-14.2142,1
PUMP-CRITICAL,2026-01-10T14:35:00,472.18,3476.72,130.62,16.41,120.55,54.84,25.89,88,critical,6,5,12,6,5.0379,-7.7827,22.6633,1
PUMP-CRITICAL,2026-01-10T14:40:00,471.08,3648.5,146.46,16.2,116.58,55.67,26.22,88,critical,6,5,12,6,-0.2033,15.8411,-3.974,1
PUMP-CRITICAL,2026-01-10T14:45:00,454.37,3647.04,140.53,15.15,113.84,54.6,24.81,92.36,critical,6,5,12,6,-1.0575,-5.9314,-2.7411,1
PUMP-CRITICAL,2026-01-10T14:50:00,477.93,3627.26,140.95,10.61,123.68,57.35,27.41,91.76,critical,6,5,12,6,-4.5357,0.4213,9.8445,1
PUMP-CRITICAL,2026-01-10T14:55:00,475.33,3330.57,122.83,11.86,97.41,56.57,26.89,88.68,critical,6,5,12,6,1.2495,-18.1266,-26.2731,1
PUMP-CRITICAL,2026-01-10T15:00:00,480.64,3644.73,137.8,12.29,101.87,57.76,27.76,88,critical,6,5,12,6,0.4273,14.9694,4.4597,1
PUMP-CRITICAL,2026-01-10T15:05:00,474.58,3554.24,123.98,10.22,114.4,56.59,26.86,92.54,critical,6,5,12,6,-2.0633,-13.8185,12.5349,1
PUMP-CRITICAL,2026-01-10T15:10:00,457.75,3571.61,129.78,12.01,123.76,52.66,24.11,88,critical,6,5,12,6,1.7845,5.7976,9.3548,1
PUMP-CRITICAL,2026-01-10T15:15:00,459.01,3587.87,127.33,13.92,115.67,52.61,24.15,88,critical,6,5,12,6,1.9087,-2.4468,-8.0888,1
PUMP-CRITICAL,2026-01-10T15:20:00,464.08,3296.17,137.18,15.48,117.97,53.62,24.88,88.84,critical,6,5,12,6,1.5614,9.8489,2.2985,1
PUMP-CRITICAL,2026-01-10T15:25:00,457.71,3471.1,119.71,9.96,112.95,54.28,24.84,88,critical,6,5,12,6,-5.5161,-17.4712,-5.0145,1
PUMP-CRITICAL,2026-01-10T15:30:00,464.38,3205.11,120.79,11.44,105.88,55.24,25.65,88,critical,6,5,12,6,1.4767,1.0855,-7.07,1
PUMP-CRITICAL,2026-01-10T15:35:00,467.47,3415.88,127.35,12.05,107.09,56.58,26.45,93.56,critical,6,5,12,6,0.6095,6.5622,1.2102,1
PUMP-CRITICAL,2026-01-10T15:40:00,480.66,3265.07,145.9,10.12,107.58,56.7,27.25,96.68,critical,6,5,12,6,-1.9313,18.5467,0.4828,1
PUMP-CRITICAL,2026-01-10T15:45:00,452.4,3299.42,122.97,15.63,103.57,56.47,25.55,95.64,critical,6,5,12,6,5.5099,-22.9327,-4.005,1
PUMP-CRITICAL,2026-01-10T15:50:00,463.67,3628.11,144.19,10.13,120.38,56.86,26.36,100,critical,6,5,12,6,-5.4985,21.2181,16.8081,1
PUMP-CRITICAL,2026-01-10T15:55:00,469.77,3422.91,143.5,10.69,120.2,54.07,25.4,88.32,critical,6,5,12,6,0.5581,-0.6897,-0.1824,1
PUMP-CRITICAL,2026-01-10T16:00:00,466.76,3201.61,128.73,11.56,101.56,54.99,25.67,88,critical,6,5,12,6,0.8723,-14.7686,-18.6399,1
PUMP-CRITICAL,2026-01-10T16:05:00,467.65,3211.11,119.11,9.78,94.42,56.05,26.21,98.65,critical,6,5,12,6,-1.7787,-9.6156,-7.1383,1
PUMP-CRITICAL,2026-01-10T16:10:00,471.19,3663.89,142.28,11.24,94.97,57.12,26.91,97.73,critical,6,5,12,6,1.461,23.164,0.5487,1
PUMP-CRITICAL,2026-01-10T16:15:00,455.98,3244.43,139.66,14.82,113.34,55.76,25.42,99.0,critical,6,5,12,6,3.5779,-2.6197,18.3726,1
PUMP-CRITICAL,2026-01-10T16:20:00,473.86,3207.32,124.26,11.32,109.21,55.75,26.42,96.37,critical,6,5,12,6,-3.5009,-15.3987,-4.1336,1
PUMP-CRITICAL,2026-01-10T16:25:00,462.85,3578.75,122.72,12.07,122.91,56.66,26.23,99.07,critical,6,5,12,6,0.748,-1.5363,13.7024,1
PUMP-CRITICAL,2026-01-10T16:30:00,469.06,3301.56,125.29,15.05,115.98,55.83,26.19,89.88,critical,6,5,12,6,2.9833,2.5689,-6.929,1
PUMP-CRITICAL,2026-01-10T16:35:00,478.44,3538.37,147.41,15.58,118.73,58.64,28.06,93.74,critical,6,5,12,6,0.53,22.1145,2.7494,1
PUMP-CRITICAL,2026-01-10T16:40:00,462.5,3234.07,146.52,10.44,99.6,52.54,24.3,88,critical,6,5,12,6,-5.1408,-0.8857,-19.1276,1
PUMP-CRITICAL,2026-01-10T16:45:00,468.13,3434.23,148.38,16.0,112.82,53.82,25.2,88,critical,6,5,12,6,5.5654,1.8563,13.2153,1
PUMP-CRITICAL,2026-01-10T16:50:00,467.73,3548.41,142.78,12.81,106.51,55.93,26.16,88,critical,6,5,12,6,-3.1906,-5.5993,-6.307,1
PUMP-CRITICAL,2026-01-10T16:55:00,460.39,3491.27,146.25,9.44,101.18,53.46,24.61,88.18,critical,6,5,12,6,-3.3698,3.4693,-5.3265,1
PUMP-CRITICAL,2026-01-10T17:00:00,457.62,3396.48,145.03,12.66,123.72,52.77,24.15,88,critical,6,5,12,6,3.2196,-1.2165,22.5361,1
PUMP-CRITICAL,2026-01-10T17:05:00,460.77,3542.2,127.21,11.34,121.89,51.52,23.74,88,critical,6,5,12,6,-1.3232,-17.8207,-1.824,1
PUMP-CRITICAL,2026-01-10T17:10:00,462.05,3534.48,141.74,10.37,105.89,54.78,25.31,94.9,critical,6,5,12,6,-0.9659,14.5289,-16.0047,1
PUMP-CRITICAL,2026-01-10T17:15:00,465.49,3326.4,134.4,14.16,117.67,54.27,25.26,88,critical,6,5,12,6,3.7819,-7.3388,11.778,1
PUMP-CRITICAL,2026-01-10T17:20:00,462.24,3365.35,125.03,9.62,122.35,54.96,25.4,88,critical,6,5,12,6,-4.5335,-9.3659,4.6805,1
PUMP-CRITICAL,2026-01-10T17:25:00,467.87,3199.57,121.12,14.12,95.77,53.58,25.07,88,critical,6,5,12,6,4.4938,-3.9159,-26.5798,1
PUMP-CRITICAL,2026-01-10T17:30:00,458.81,3544.34,139.21,10.28,96.46,55.98,25.69,93.91,critical,6,5,12,6,-3.8381,18.093,0.6893,1
PUMP-CRITICAL,2026-01-10T17:35:00,465.82,3476.16,124.36,14.28,107.17,51.81,24.14,88,critical,6,5,12,6,4.0036,-14.8463,10.71,1
PUMP-CRITICAL,2026-01-10T17:40:00,469.04,3365.96,142.7,12.04,109.58,57.09,26.78,98.33,critical,6,5,12,6,-2.2417,18.3316,2.4158,1
PUMP-CRITICAL,2026-01-10T17:45:00,478.01,3262.64,131.7,9.84,107.06,54.23,25.92,88,critical,6,5,12,6,-2.1951,-10.9927,-2.5271,1
PUMP-CRITICAL,2026-01-10T17:50:00,472.9,3212.86,127.95,14.37,110.58,56.12,26.54,91.61,critical,6,5,12,6,4.5258,-3.7511,3.525,1
PUMP-CRITICAL,2026-01-10T17:55:00,470.52,3322.71,136.02,15.25,120.91,55.93,26.31,93.0,critical,6,5,12,6,0.8779,8.0651,10.3263,1
PUMP-CRITICAL,2026-01-10T18:00:00,451.99,3618.06,144.75,13.84,115.94,53.39,24.13,94.77,critical,6,5,12,6,-1.4125,8.7293,-4.9697,1
PUMP-CRITICAL,2026-01-10T18:05:00,453.13,3283.17,126.18,12.93,106.85,54.29,24.6,88,critical,6,5,12,6,-0.9089,-18.5627,-9.09,1
PUMP-CRITICAL,2026-01-10T18:10:00,473.25,3219.6,130.36,14.46,95.26,54.54,25.81,88,critical,6,5,12,6,1.5366,4.1815,-11.5916,1
PUMP-CRITICAL,2026-01-10T18:15:00,451.57,3406.98,126.16,13.41,113.9,52.74,23.82,93.41,critical,6,5,12,6,-1.0541,-4.2022,18.6389,1
PUMP-CRITICAL,2026-01-10T18:20:00,467.54,3584.75,146.2,15.96,103.63,57.46,26.86,97.92,critical,6,5,12,6,2.5505,20.0345,-10.2682,1
PUMP-CRITICAL,2026-01-10T18:25:00,470.71,3462.87,125.97,12.04,109.39,54.66,25.73,88,critical,6,5,12,6,-3.921,-20.2284,5.7665,1
PUMP-CRITICAL,2026-01-10T18:30:00,465.62,3360.81,141.36,12.32,122.49,54.62,25.43,88,critical,6,5,12,6,0.2769,15.3912,13.0973,1
PUMP-CRITICAL,2026-01-10T18:35:00,459.07,3302.78,133.46,9.77,117.1,53.95,24.77,92.26,critical,6,5,12,6,-2.5466,-7.9006,-5.3869,1
PUMP-CRITICAL,2026-01-10T18:40:00,458.87,3675.81,127.47,14.52,119.55,57.05,26.18,95.11,critical,6,5,12,6,4.7469,-5.9842,2.4496,1
PUMP-CRITICAL,2026-01-10T18:45:00,461.94,3376.6,130.01,13.3,107.57,50.89,23.51,88,critical,6,5,12,6,-1.2135,2.533,-11.982,1
PUMP-CRITICAL,2026-01-10T18:50:00,459.81,3577.16,120.54,12.64,109.73,57.5,26.44,99.61,critical,6,5,12,6,-0.6597,-9.4706,2.1575,1
PUMP-CRITICAL,2026-01-10T18:55:00,474.79,3213.11,124.61,10.93,113.22,54.86,26.05,88,critical,6,5,12,6,-1.7124,4.077,3.4861,1
PUMP-CRITICAL,2026-01-10T19:00:00,474.71,3656.16,130.64,13.26,102.09,57.33,27.22,96.37,critical,6,5,12,6,2.3322,6.0242,-11.1223,1
PUMP-CRITICAL,2026-01-10T19:05:00,463.68,3686.26,123.25,14.12,108.61,51.77,24.0,88,critical,6,5,12,6,0.8606,-7.3906,6.5211,1
PUMP-CRITICAL,2026-01-10T19:10:00,464.81,3215.94,129.61,9.75,99.85,54.95,25.54,88,critical,6,5,12,6,-4.3787,6.3605,-8.7689,1
PUMP-CRITICAL,2026-01-10T19:15:00,455.35,3592.51,128.11,10.75,98.13,55.01,25.05,93.37,critical,6,5,12,6,1.0085,-1.5015,-1.7162,1
PUMP-CRITICAL,2026-01-10T19:20:00,467.73,3689.29,126.04,15.85,119.62,57.94,27.1,96.08,critical,6,5,12,6,5.1004,-2.064,21.4941,1
PUMP-CRITICAL,2026-01-10T19:25:00,461.31,3212.55,145.84,12.93,93.94,54.02,24.92,88,critical,6,5,12,6,-2.9288,19.7953,-25.686,1
PUMP-CRITICAL,2026-01-10T19:30:00,458.61,3209.31,145.44,9.6,112.14,55.45,25.43,88.19,critical,6,5,12,6,-3.3234,-0.3956,18.2071,1
PUMP-CRITICAL,2026-01-10T19:35:00,455.79,3236.53,119.92,12.24,103.87,51.61,23.52,88,critical,6,5,12,6,2.6374,-25.5187,-8.2712,1
PUMP-CRITICAL,2026-01-10T19:40:00,462.95,3500.02,118.99,15.18,97.0,57.04,26.41,95.48,critical,6,5,12,6,2.9382,-0.9373,-6.8775,1
PUMP-CRITICAL,2026-01-10T19:45:00,458.18,3460.46,147.39,15.66,96.84,55.83,25.58,96.97,critical,6,5,12,6,0.4866,28.4065,-0.1561,1
PUMP-CRITICAL,2026-01-10T19:50:00,472.38,3586.49,142.61,9.64,103.79,55.97,26.44,96.5,critical,6,5,12,6,-6.0259,-4.783,6.9515,1
PUMP-CRITICAL,2026-01-10T19:55:00,462.97,3659.02,129.14,11.26,117.25,57.24,26.5,94.11,critical,6,5,12,6,1.6264,-13.4748,13.4576,1
PUMP-CRITICAL,2026-01-10T20:00:00,455.16,3214.07,142.45,13.89,98.55,52.44,23.87,88,critical,6,5,12,6,2.6305,13.3107,-18.7023,1
PUMP-CRITICAL,2026-01-10T20:05:00,456.41,3438.87,141.5,16.18,103.85,52.6,24.01,88,critical,6,5,12,6,2.2878,-0.9503,5.3046,1
PUMP-CRITICAL,2026-01-10T20:10:00,477.37,3276.02,142.38,14.69,94.01,54.69,26.11,89.89,critical,6,5,12,6,-1.4958,0.8859,-9.8451,1
PUMP-CRITICAL,2026-01-10T20:15:00,467.62,3445.19,128.68,13.12,108.66,55.57,25.98,88,critical,6,5,12,6,-1.5657,-13.7005,14.6572,1
PUMP-CRITICAL,2026-01-10T20:20:00,455.0,3616.07,148.46,14.45,101.75,54.87,24.97,88.16,critical,6,5,12,6,1.3316,19.7779,-6.9104,1
PUMP-CRITICAL,2026-01-10T20:25:00,468.53,3212.42,144.87,14.81,96.11,55.08,25.81,88.35,critical,6,5,12,6,0.3545,-3.5913,-5.6416,1
PUMP-CRITICAL,2026-01-10T20:30:00,453.32,3314.88,142.64,12.98,105.76,54.0,24.48,95.34,critical,6,5,12,6,-1.8238,-2.2301,9.6484,1
PUMP-CRITICAL,2026-01-10T20:35:00,476.98,3377.43,125.81,15.67,93.96,53.26,25.4,88,critical,6,5,12,6,2.6824,-16.8253,-11.7999,1
PUMP-CRITICAL,2026-01-10T20:40:00,462.02,3416.75,125.39,13.47,108.74,50.94,23.54,88,critical,6,5,12,6,-2.1913,-0.4251,14.7782,1
PUMP-CRITICAL,2026-01-10T20:45:00,451.19,3532.23,121.9,14.12,103.99,56.2,25.36,93.66,critical,6,5,12,6,0.6477,-3.4876,-4.7429,1
PUMP-CRITICAL,2026-01-10T20:50:00,456.21,3278.08,132.95,14.28,118.32,54.1,24.68,91.71,critical,6,5,12,6,0.1614,11.0535,14.3265,1
PUMP-CRITICAL,2026-01-10T20:55:00,472.22,3620.47,137.0,13.58,103.72,56.34,26.61,88,critical,6,5,12,6,-0.7071,4.0469,-14.5995,1
PUMP-CRITICAL,2026-01-10T21:00:00,462.54,3282.49,147.68,12.51,94.33,54.8,25.35,96.33,critical,6,5,12,6,-1.0697,10.6816,-9.3962,1
PUMP-CRITICAL,2026-01-10T21:05:00,477.18,3588.38,127.19,14.88,109.67,55.41,26.44,90.56,critical,6,5,12,6,2.3706,-20.493,15.3406,1
PUMP-CRITICAL,2026-01-10T21:10:00,463.55,3543.72,148.68,11.04,110.52,51.76,23.99,88,critical,6,5,12,6,-3.8408,21.4871,0.8512,1
PUMP-CRITICAL,2026-01-10T21:15:00,467.62,3428.62,140.68,12.42,108.55,58.65,27.42,98.76,critical,6,5,12,6,1.3825,-7.994,-1.9703,1
PUMP-CRITICAL,2026-01-10T21:20:00,455.96,3428.5,143.44,11.46,120.94,52.18,23.79,88,critical,6,5,12,6,-0.9636,2.7578,12.3907,1
PUMP-CRITICAL,2026-01-10T21:25:00,472.93,3599.49,144.62,15.34,117.36,53.56,25.33,88,critical,6,5,12,6,3.8886,1.1812,-3.5798,1
PUMP-CRITICAL,2026-01-10T21:30:00,457.09,3576.25,144.81,11.71,109.17,51.7,23.63,88,critical,6,5,12,6,-3.6329,0.1881,-8.1891,1
PUMP-CRITICAL,2026-01-10T21:35:00,466.31,3215.91,119.46,11.85,98.43,51.89,24.2,88,critical,6,5,12,6,0.1352,-25.347,-10.7392,1
PUMP-CRITICAL,2026-01-10T21:40:00,469.86,3404.11,140.53,13.43,102.96,54.92,25.8,88,critical,6,5,12,6,1.5835,21.073,4.5336,1
PUMP-CRITICAL,2026-01-10T21:45:00,451.24,3356.89,129.63,10.2,103.42,53.03,23.93,95.91,critical,6,5,12,6,-3.2267,-10.9085,0.4595,1
PUMP-CRITICAL,2026-01-10T21:50:00,468.16,3532.63,139.85,16.28,107.2,57.03,26.7,100,critical,6,5,12,6,6.08,10.2203,3.7822,1
PUMP-CRITICAL,2026-01-10T21:55:00,457.7,3493.23,142.68,12.35,119.05,53.58,24.52,88,critical,6,5,12,6,-3.9298,2.8305,11.8443,1
PUMP-CRITICAL,2026-01-10T22:00:00,456.29,3322.87,145.85,13.08,122.94,55.36,25.26,88,critical,6,5,12,6,0.7224,3.1731,3.8894,1
PUMP-CRITICAL,2026-01-10T22:05:00,464.18,3572.47,141.88,10.6,114.63,55.16,25.6,97.94,critical,6,5,12,6,-2.4751,-3.9714,-8.3133,1
PUMP-CRITICAL,2026-01-10T22:10:00,453.3,3201.16,132.27,10.02,101.03,50.33,22.81,88,critical,6,5,12,6,-0.5818,-9.6125,-13.5956,1
PUMP-CRITICAL,2026-01-10T22:15:00,476.17,3322.48,134.74,11.24,116.82,54.91,26.15,88,critical,6,5,12,6,1.2172,2.4767,15.7898,1
PUMP-CRITICAL,2026-01-10T22:20:00,456.01,3264.62,143.14,16.07,116.77,56.13,25.6,91.69,critical,6,5,12,6,4.8337,8.395,-0.0514,1
PUMP-CRITICAL,2026-01-10T22:25:00,478.24,3374.55,130.08,10.86,108.26,55.61,26.59,91.78,critical,6,5,12,6,-5.2146,-13.0542,-8.5126,1
PUMP-CRITICAL,2026-01-10T22:30:00,475.12,3311.67,128.48,12.43,109.21,56.68,26.93,96.4,critical,6,5,12,6,1.5771,-1.6054,0.9588,1
PUMP-CRITICAL,2026-01-10T22:35:00,477.61,3341.27,130.15,11.73,110.67,53.39,25.5,88,critical,6,5,12,6,-0.7004,1.6757,1.46,1
PUMP-CRITICAL,2026-01-10T22:40:00,455.55,3487.78,124.57,10.93,121.97,55.23,25.16,88.62,critical,6,5,12,6,-0.7978,-5.581,11.2936,1
PUMP-CRITICAL,2026-01-10T22:45:00,454.38,3290.72,122.83,9.73,106.45,53.77,24.43,93.79,critical,6,5,12,6,-1.2003,-1.7451,-15.5139,1
PUMP-CRITICAL,2026-01-10T22:50:00,460.18,3535.12,127.47,15.66,96.72,52.71,24.26,88,critical,6,5,12,6,5.9253,4.6384,-9.7355,1
PUMP-CRITICAL,2026-01-10T22:55:00,466.14,3512.37,144.55,12.25,105.26,52.53,24.49,88,critical,6,5,12,6,-3.4129,17.08,8.5446,1
PUMP-CRITICAL,2026-01-10T23:00:00,458.29,3492.91,142.35,11.26,108.72,55.34,25.36,97.23,critical,6,5,12,6,-0.9907,-2.1938,3.4551,1
PUMP-CRITICAL,2026-01-10T23:05:00,457.66,3218.16,140.69,15.74,101.55,54.09,24.76,88,critical,6,5,12,6,4.4877,-1.6672,-7.1679,1
PUMP-CRITICAL,2026-01-10T23:10:00,463.05,3598.83,132.49,12.93,97.8,52.91,24.5,88,critical,6,5,12,6,-2.8126,-8.1914,-3.7541,1
PUMP-CRITICAL,2026-01-10T23:15:00,473.07,3291.31,137.69,11.36,123.6,55.14,26.08,91.37,critical,6,5,12,6,-1.5737,5.1965,25.8061,1
PUMP-CRITICAL,2026-01-10T23:20:00,467.53,3245.37,145.75,16.12,122.37,56.82,26.56,91.5,critical,6,5,12,6,4.7612,8.0585,-1.229,1
PUMP-CRITICAL,2026-01-10T23:25:00,469.57,3337.86,129.58,15.33,108.9,56.49,26.52,99.54,critical,6,5,12,6,-0.7848,-16.1667,-13.478,1
PUMP-CRITICAL,2026-01-10T23:30:00,469.59,3617.09,128.18,15.21,104.37,54.73,25.7,88,critical,6,5,12,6,-0.1278,-1.3982,-4.5218,1
PUMP-CRITICAL,2026-01-10T23:35:00,478.88,3641.52,139.48,14.36,113.37,57.24,27.41,94.33,critical,6,5,12,6,-0.8407,11.2993,8.9926,1
PUMP-CRITICAL,2026-01-10T23:40:00,459.37,3671.19,146.1,14.81,104.6,51.89,23.84,88,critical,6,5,12,6,0.4407,6.6153,-8.7619,1
PUMP-CRITICAL,2026-01-10T23:45:00,465.59,3610.11,146.8,13.26,97.09,52.18,24.29,88,critical,6,5,12,6,-1.5494,0.7054,-7.5095,1
PUMP-CRITICAL,2026-01-10T23:50:00,478.46,3406.27,121.15,15.73,121.82,55.65,26.62,91.21,critical,6,5,12,6,2.4741,-25.6515,24.7272,1
PUMP-CRITICAL,2026-01-10T23:55:00,454.79,3600.5,127.03,9.55,109.1,52.32,23.79,88,critical,6,5,12,6,-6.179,5.879,-12.718,1
PUMP-CRITICAL,2026-01-11T00:00:00,458.77,3648.82,135.17,14.84,116.83,51.52,23.63,88,critical,6,5,12,6,5.2928,8.1368,7.7264,1
PUMP-CRITICAL,2026-01-11T00:05:00,458.39,3525.86,143.56,9.71,115.11,54.15,24.82,90.33,critical,6,5,12,6,-5.1303,8.3946,-1.7158,1
PUMP-CRITICAL,2026-01-11T00:10:00,470.45,3685.51,142.64,9.81,109.93,54.57,25.67,88.71,critical,6,5,12,6,0.0941,-0.9225,-5.1857,1
PUMP-CRITICAL,2026-01-11T00:15:00,464.68,3418.15,125.09,12.46,101.52,55.55,25.81,88,critical,6,5,12,6,2.6482,-17.5471,-8.4104,1
PUMP-CRITICAL,2026-01-11T00:20:00,451.76,3689.96,127.24,15.83,113.01,52.87,23.88,88,critical,6,5,12,6,3.3723,2.1511,11.4909,1
PUMP-CRITICAL,2026-01-11T00:25:00,454.66,3505.66,128.28,11.42,104.04,53.24,24.21,91.29,critical,6,5,12,6,-4.4048,1.0355,-8.9652,1
PUMP-CRITICAL,2026-01-11T00:30:00,461.88,3355.8,143.97,9.76,119.1,54.39,25.12,94.95,critical,6,5,12,6,-1.6644,15.6904,15.0582,1
PUMP-CRITICAL,2026-01-11T00:35:00,454.48,3622.81,131.28,15.63,104.66,54.76,24.88,92.7,critical,6,5,12,6,5.8666,-12.6859,-14.4464,1
PUMP-CRITICAL,2026-01-11T00:40:00,471.9,3226.83,124.08,15.27,107.75,54.28,25.61,88,critical,6,5,12,6,-0.359,-7.2082,3.0904,1
PUMP-CRITICAL,2026-01-11T00:45:00,459.3,3275.5,141.92,15.05,106.73,53.75,24.69,88,critical,6,5,12,6,-0.2178,17.8459,-1.0207,1
PUMP-CRITICAL,2026-01-11T00:50:00,456.19,3524.54,130.35,12.07,100.57,55.31,25.23,88,critical,6,5,12,6,-2.9745,-11.5741,-6.1555,1
PUMP-CRITICAL,2026-01-11T00:55:00,476.71,3260.44,144.26,15.82,117.13,53.66,25.58,88,critical,6,5,12,6,3.7457,13.9079,16.5583,1
PUMP-CRITICAL,2026-01-11T01:00:00,464.37,3402.34,136.17,15.19,111.33,56.53,26.25,92.37,critical,6,5,12,6,-0.6324,-8.0884,-5.7998,1
PUMP-CRITICAL,2026-01-11T01:05:00,470.95,3198.54,130.27,10.41,122.02,55.02,25.91,88,critical,6,5,12,6,-4.7822,-5.895,10.6882,1
PUMP-CRITICAL,2026-01-11T01:10:00,461.25,3336.82,142.32,10.01,99.76,54.05,24.93,88,critical,6,5,12,6,-0.395,12.0429,-22.2605,1
PUMP-CRITICAL,2026-01-11T01:15:00,455.17,3405.35,143.81,15.56,96.25,53.18,24.21,88,critical,6,5,12,6,5.5504,1.4976,-3.5094,1
PUMP-CRITICAL,2026-01-11T01:20:00,462.37,3256.98,148.05,10.0,113.15,57.04,26.38,92.3,critical,6,5,12,6,-5.5633,4.2367,16.9013,1
PUMP-CRITICAL,2026-01-11T01:25:00,455.66,3564.17,140.54,14.67,111.07,52.7,24.01,88,critical,6,5,12,6,4.6732,-7.5114,-2.0765,1
PUMP-CRITICAL,2026-01-11T01:30:00,464.58,3428.46,133.66,14.2,119.05,53.68,24.94,91.73,critical,6,5,12,6,-0.4662,-6.883,7.9782,1
PUMP-CRITICAL,2026-01-11T01:35:00,476.02,3472.4,126.33,14.81,119.45,55.36,26.35,90.47,critical,6,5,12,6,0.604,-7.3218,0.3981,1
PUMP-CRITICAL,2026-01-11T01:40:00,468.96,3485.16,119.94,10.8,110.15,57.58,27.0,98.57,critical,6,5,12,6,-4.0088,-6.3927,-9.301,1
PUMP-CRITICAL,2026-01-11T01:45:00,477.14,3648.07,127.67,14.8,110.22,53.65,25.6,88,critical,6,5,12,6,4.0044,7.7265,0.0729,1
PUMP-CRITICAL,2026-01-11T01:50:00,466.84,3386.48,134.56,16.18,107.56,55.43,25.88,89.07,critical,6,5,12,6,1.3727,6.8939,-2.6597,1
PUMP-CRITICAL,2026-01-11T01:55:00,474.23,3380.69,132.67,12.52,121.45,55.61,26.37,88,critical,6,5,12,6,-3.6571,-1.8953,13.8945,1
PUMP-CRITICAL,2026-01-11T02:00:00,473.05,3260.62,123.65,11.59,117.29,58.31,27.58,95.13,critical,6,5,12,6,-0.9312,-9.0183,-4.1633,1
PUMP-CRITICAL,2026-01-11T02:05:00,461.71,3218.18,139.22,11.48,111.8,55.48,25.62,88,critical,6,5,12,6,-0.1058,15.5746,-5.4939,1
PUMP-CRITICAL,2026-01-11T02:10:00,465.7,3656.74,131.79,13.7,107.08,57.43,26.75,93.67,critical,6,5,12,6,2.2145,-7.436,-4.7188,1
PUMP-CRITICAL,2026-01-11T02:15:00,456.81,3653.85,141.31,12.24,106.41,52.71,24.08,90.73,critical,6,5,12,6,-1.4606,9.5205,-0.672,1
PUMP-CRITICAL,2026-01-11T02:20:00,473.83,3477.25,123.45,10.73,115.1,56.75,26.89,95.31,critical,6,5,12,6,-1.5076,-17.8534,8.6952,1
PUMP-CRITICAL,2026-01-11T02:25:00,463.79,3317.26,124.92,12.52,112.58,55.08,25.55,95.2,critical,6,5,12,6,1.7925,1.4635,-2.5243,1
PUMP-CRITICAL,2026-01-11T02:30:00,458.72,3418.87,130.28,15.68,96.6,56.68,26.0,98.07,critical,6,5,12,6,3.1612,5.3609,-15.9792,1
PUMP-CRITICAL,2026-01-11T02:35:00,454.57,3597.05,129.01,15.59,113.31,53.01,24.1,88,critical,6,5,12,6,-0.0925,-1.2655,16.7163,1
PUMP-CRITICAL,2026-01-11T02:40:00,478.22,3292.09,141.72,12.26,94.5,55.42,26.5,90.11,critical,6,5,12,6,-3.3283,12.7093,-18.8168,1
PUMP-CRITICAL,2026-01-11T02:45:00,475.05,3591.44,139.2,14.48,121.79,54.12,25.71,88,critical,6,5,12,6,2.222,-2.5213,27.2901,1
PUMP-CRITICAL,2026-01-11T02:50:00,457.12,3577.97,148.8,13.12,114.05,55.5,25.37,96.18,critical,6,5,12,6,-1.367,9.5955,-7.7394,1
PUMP-CRITICAL,2026-01-11T02:55:00,465.69,3514.69,137.64,16.16,117.09,56.15,26.15,92.72,critical,6,5,12,6,3.0387,-11.1539,3.0424,1
PUMP-CRITICAL,2026-01-11T03:00:00,474.06,3384.17,133.07,11.56,109.14,53.43,25.33,88,critical,6,5,12,6,-4.5918,-4.5711,-7.948,1
PUMP-CRITICAL,2026-01-11T03:05:00,466.14,3203.63,119.59,9.89,114.8,53.43,24.9,88,critical,6,5,12,6,-1.674,-13.4776,5.6583,1
PUMP-CRITICAL,2026-01-11T03:10:00,453.27,3436.39,139.36,15.92,100.22,53.41,24.21,96.88,critical,6,5,12,6,6.0328,19.7716,-14.5785,1
PUMP-CRITICAL,2026-01-11T03:15:00,457.56,3309.56,145.32,13.5,97.63,56.09,25.67,88.73,critical,6,5,12,6,-2.4206,5.9522,-2.5916,1
PUMP-CRITICAL,2026-01-11T03:20:00,466.39,3481.62,129.78,10.58,94.23,52.13,24.31,88,critical,6,5,12,6,-2.9262,-15.5352,-3.4011,1
PUMP-CRITICAL,2026-01-11T03:25:00,451.59,3400.93,120.17,16.27,94.92,51.28,23.16,88,critical,6,5,12,6,5.6935,-9.6114,0.6917,1
PUMP-CRITICAL,2026-01-11T03:30:00,480.09,3526.26,132.21,14.8,110.75,57.01,27.37,88,critical,6,5,12,6,-1.4718,12.0439,15.8262,1
PUMP-CRITICAL,2026-01-11T03:35:00,471.18,3544.75,128.18,12.62,117.48,55.76,26.27,89.09,critical,6,5,12,6,-2.1753,-4.039,6.7333,1
PUMP-CRITICAL,2026-01-11T03:40:00,480.81,3697.63,122.99,14.1,123.89,59.42,28.57,99.68,critical,6,5,12,6,1.4769,-5.1846,6.4094,1
PUMP-CRITICAL,2026-01-11T03:45:00,462.58,3428.64,130.16,13.26,113.19,52.6,24.33,88,critical,6,5,12,6,-0.8369,7.1701,-10.7055,1
PUMP-CRITICAL,2026-01-11T03:50:00,457.49,3425.8,141.56,16.05,102.2,54.2,24.79,96.41,critical,6,5,12,6,2.7845,11.4002,-10.9847,1
PUMP-CRITICAL,2026-01-11T03:55:00,469.07,3353.6,132.93,13.78,95.67,53.82,25.24,88,critical,6,5,12,6,-2.2713,-8.6359,-6.5295,1
PUMP-CRITICAL,2026-01-11T04:00:00,459.89,3509.98,132.0,16.41,122.97,54.26,24.95,88,critical,6,5,12,6,2.6347,-0.9272,27.2996,1
PUMP-CRITICAL,2026-01-11T04:05:00,456.7,3590.77,143.79,11.13,105.62,51.12,23.34,88,critical,6,5,12,6,-5.2816,11.793,-17.3521,1
PUMP-CRITICAL,2026-01-11T04:10:00,458.83,3380.89,142.99,15.93,119.31,55.12,25.29,99.65,critical,6,5,12,6,4.7967,-0.8056,13.6948,1
PUMP-CRITICAL,2026-01-11T04:15:00,454.7,3493.6,148.02,12.2,109.2,57.18,26.0,97.43,critical,6,5,12,6,-3.7294,5.0351,-10.1138,1
PUMP-CRITICAL,2026-01-11T04:20:00,457.65,3540.85,121.63,12.38,122.55,54.08,24.75,88.2,critical,6,5,12,6,0.1887,-26.39,13.348,1
PUMP-CRITICAL,2026-01-11T04:25:00,451.91,3379.46,123.35,13.38,95.49,57.62,26.04,100,critical,6,5,12,6,0.9969,1.7166,-27.0571,1
PUMP-CRITICAL,2026-01-11T04:30:00,459.54,3294.15,148.25,15.74,107.84,53.02,24.36,92.4,critical,6,5,12,6,2.3582,24.9052,12.3501,1
PUMP-CRITICAL,2026-01-11T04:35:00,460.05,3593.04,122.61,13.32,94.37,52.52,24.16,88,critical,6,5,12,6,-2.4208,-25.6397,-13.4725,1
PUMP-CRITICAL,2026-01-11T04:40:00,457.28,3559.09,119.49,11.73,106.36,55.41,25.34,99.05,critical,6,5,12,6,-1.591,-3.1235,11.9883,1
PUMP-CRITICAL,2026-01-11T04:45:00,467.34,3310.97,137.71,16.34,116.64,53.65,25.07,88,critical,6,5,12,6,4.6123,18.2174,10.2804,1
PUMP-CRITICAL,2026-01-11T04:50:00,458.76,3534.04,128.94,10.02,118.89,51.02,23.41,88,critical,6,5,12,6,-6.3159,-8.7657,2.2511,1
PUMP-CRITICAL,2026-01-11T04:55:00,469.63,3324.82,138.51,14.23,119.84,55.39,26.01,88,critical,6,5,12,6,4.21,9.568,0.9566,1
PUMP-CRITICAL,2026-01-11T05:00:00,451.68,3543.95,119.85,11.33,112.23,57.29,25.88,99.52,critical,6,5,12,6,-2.9023,-18.6574,-7.6183,1
PUMP-CRITICAL,2026-01-11T05:05:00,473.35,3209.82,148.88,9.72,107.07,56.7,26.84,88,critical,6,5,12,6,-1.6099,29.0237,-5.153,1
PUMP-CRITICAL,2026-01-11T05:10:00,479.5,3401.83,120.26,13.35,120.7,58.46,28.03,96.52,critical,6,5,12,6,3.6256,-28.6127,13.625,1
PUMP-CRITICAL,2026-01-11T05:15:00,454.54,3230.44,141.73,14.77,123.14,53.91,24.5,88.99,critical,6,5,12,6,1.418,21.4717,2.4371,1
PUMP-CRITICAL,2026-01-11T05:20:00,455.37,3653.89,147.25,13.59,106.82,53.54,24.38,88,critical,6,5,12,6,-1.1715,5.5195,-16.3148,1
PUMP-CRITICAL,2026-01-11T05:25:00,461.2,3281.16,144.3,11.39,112.15,54.59,25.17,88,critical,6,5,12,6,-2.2062,-2.9565,5.327,1
PUMP-CRITICAL,2026-01-11T05:30:00,466.85,3391.09,140.48,14.1,108.08,56.13,26.2,99.08,critical,6,5,12,6,2.7153,-3.8142,-4.0723,1
PUMP-CRITICAL,2026-01-11T05:35:00,473.42,3561.54,130.66,10.57,109.62,57.53,27.24,89.54,critical,6,5,12,6,-3.5347,-9.8269,1.5471,1
PUMP-CRITICAL,2026-01-11T05:40:00,454.04,3583.38,129.58,13.92,94.03,52.74,23.95,89.84,critical,6,5,12,6,3.3505,-1.0793,-15.5932,1
PUMP-CRITICAL,2026-01-11T05:45:00,451.78,3243.84,140.9,11.21,98.33,55.88,25.25,90.82,critical,6,5,12,6,-2.7081,11.3189,4.3018,1
PUMP-CRITICAL,2026-01-11T05:50:00,466.86,3647.61,134.25,15.26,101.44,53.54,25.0,88,critical,6,5,12,6,4.0482,-6.6413,3.1115,1
PUMP-CRITICAL,2026-01-11T05:55:00,466.9,3287.97,125.82,13.79,98.67,51.55,24.07,88,critical,6,5,12,6,-1.4683,-8.4351,-2.7693,1
PUMP-CRITICAL,2026-01-11T06:00:00,454.02,3227.1,132.49,10.96,109.63,53.95,24.49,88,critical,6,5,12,6,-2.8347,6.6743,10.9563,1
PUMP-CRITICAL,2026-01-11T06:05:00,464.37,3568.53,132.67,13.53,98.82,53.98,25.07,88,critical,6,5,12,6,2.5692,0.1723,-10.8059,1
PUMP-CRITICAL,2026-01-11T06:10:00,468.61,3241.11,132.59,13.3,114.1,55.65,26.08,94.16,critical,6,5,12,6,-0.2257,-0.0755,15.2797,1
PUMP-CRITICAL,2026-01-11T06:15:00,452.96,3268.22,124.98,14.48,111.87,54.2,24.55,88,critical,6,5,12,6,1.1766,-7.608,-2.2344,1
PUMP-CRITICAL,2026-01-11T06:20:00,478.46,3350.81,136.02,13.39,120.35,57.71,27.61,91.97,critical,6,5,12,6,-1.0864,11.0346,8.484,1
PUMP-CRITICAL,2026-01-11T06:25:00,480.24,3356.9,142.01,12.66,95.44,55.01,26.42,88.86,critical,6,5,12,6,-0.7264,5.9953,-24.9095,1
PUMP-CRITICAL,2026-01-11T06:30:00,458.2,3436.02,128.33,12.53,113.33,53.25,24.4,88,critical,6,5,12,6,-0.135,-13.6818,17.8837,1
PUMP-CRITICAL,2026-01-11T06:35:00,477.09,3589.81,126.17,15.49,116.39,54.14,25.83,88,critical,6,5,12,6,2.9596,-2.1594,3.0652,1
PUMP-CRITICAL,2026-01-11T06:40:00,460.76,3572.26,125.93,13.03,111.35,54.57,25.14,88,critical,6,5,12,6,-2.4575,-0.2385,-5.0445,1
PUMP-CRITICAL,2026-01-11T06:45:00,475.67,3597.39,127.46,9.67,119.3,55.12,26.22,90.39,critical,6,5,12,6,-3.3599,1.5236,7.95,1
PUMP-CRITICAL,2026-01-11T06:50:00,459.62,3578.09,127.22,10.2,98.37,53.27,24.49,88,critical,6,5,12,6,0.5305,-0.2384,-20.9278,1
PUMP-CRITICAL,2026-01-11T06:55:00,476.03,3694.34,142.02,12.79,96.04,58.27,27.74,97.23,critical,6,5,12,6,2.587,14.8009,-2.3302,1
PUMP-CRITICAL,2026-01-11T07:00:00,451.03,3592.24,128.55,12.81,99.4,53.38,24.08,91.71,critical,6,5,12,6,0.0259,-13.4678,3.3553,1
PUMP-CRITICAL,2026-01-11T07:05:00,465.84,3548.82,130.19,15.42,103.17,54.53,25.4,89.49,critical,6,5,12,6,2.6008,1.6379,3.7703,1
PUMP-CRITICAL,2026-01-11T07:10:00,453.7,3540.63,148.57,13.18,104.42,54.39,24.68,88,critical,6,5,12,6,-2.2331,18.3773,1.253,1
PUMP-CRITICAL,2026-01-11T07:15:00,480.0,3576.42,124.61,13.9,99.71,54.71,26.26,88,critical,6,5,12,6,0.7166,-23.9512,-4.7058,1
PUMP-CRITICAL,2026-01-11T07:20:00,467.19,3234.97,124.03,15.5,112.9,57.16,26.7,98.26,critical,6,5,12,6,1.6021,-0.5802,13.19,1
PUMP-CRITICAL,2026-01-11T07:25:00,468.68,3296.13,140.4,11.04,111.28,55.83,26.17,90.78,critical,6,5,12,6,-4.4638,16.3688,-1.6241,1
PUMP-CRITICAL,2026-01-11T07:30:00,457.94,3298.72,132.87,13.61,114.18,54.52,24.97,88,critical,6,5,12,6,2.5751,-7.5301,2.8972,1
PUMP-CRITICAL,2026-01-11T07:35:00,473.98,3344.95,129.15,15.52,109.43,56.48,26.77,96.63,critical,6,5,12,6,1.9077,-3.7213,-4.7457,1
PUMP-CRITICAL,2026-01-11T07:40:00,464.98,3225.03,123.18,13.46,110.52,55.46,25.79,90.31,critical,6,5,12,6,-2.0583,-5.9757,1.0882,1
PUMP-CRITICAL,2026-01-11T07:45:00,478.38,3394.02,120.87,13.86,106.2,55.59,26.59,88.52,critical,6,5,12,6,0.3992,-2.302,-4.3194,1
PUMP-CRITICAL,2026-01-11T07:50:00,457.01,3574.62,139.49,12.14,115.58,56.75,25.94,94.73,critical,6,5,12,6,-1.7211,18.6135,9.3766,1
PUMP-CRITICAL,2026-01-11T07:55:00,478.41,3568.24,121.27,12.31,94.18,57.11,27.32,100,critical,6,5,12,6,0.1703,-18.2171,-21.3941,1
PUMP-CRITICAL,2026-01-11T08:00:00,475.92,3683.13,139.45,11.47,96.27,56.47,26.88,97.42,critical,6,5,12,6,-0.8383,18.1764,2.0864,1
PUMP-CRITICAL,2026-01-11T08:05:00,461.33,3643.1,122.75,12.1,96.39,54.07,24.94,88,critical,6,5,12,6,0.6268,-16.6979,0.1205,1
PUMP-CRITICAL,2026-01-11T08:10:00,461.65,3307.07,142.48,10.73,95.72,57.51,26.55,95.29,critical,6,5,12,6,-1.3633,19.7318,-0.67,1
PUMP-CRITICAL,2026-01-11T08:15:00,464.94,3371.57,145.79,16.4,105.03,55.22,25.67,92.76,critical,6,5,12,6,5.6659,3.3122,9.3154,1
PUMP-CRITICAL,2026-01-11T08:20:00,472.0,3456.77,138.89,12.95,101.93,51.5,24.31,88,critical,6,5,12,6,-3.4516,-6.9005,-3.0987,1
PUMP-CRITICAL,2026-01-11T08:25:00,456.37,3307.01,146.27,10.04,102.18,52.95,24.17,88,critical,6,5,12,6,-2.9097,7.3758,0.2457,1
PUMP-CRITICAL,2026-01-11T08:30:00,466.72,3419.81,129.95,14.76,123.54,54.73,25.54,88,critical,6,5,12,6,4.7247,-16.3145,21.3586,1
PUMP-CRITICAL,2026-01-11T08:35:00,479.09,3247.89,147.1,15.06,99.52,56.75,27.19,99.94,critical,6,5,12,6,0.3007,17.1433,-24.0195,1
PUMP-CRITICAL,2026-01-11T08:40:00,479.74,3514.06,120.38,16.14,107.17,56.78,27.24,99.59,critical,6,5,12,6,1.0755,-26.7214,7.6475,1
PUMP-CRITICAL,2026-01-11T08:45:00,460.53,3205.59,148.4,9.91,104.65,55.2,25.42,90.3,critical,6,5,12,6,-6.2262,28.0208,-2.5208,1
PUMP-CRITICAL,2026-01-11T08:50:00,480.91,3287.08,141.68,13.61,112.14,59.08,28.41,99.43,critical,6,5,12,6,3.6991,-6.7208,7.4959,1
PUMP-CRITICAL,2026-01-11T08:55:00,454.77,3475.62,142.09,13.12,102.53,54.07,24.59,96.58,critical,6,5,12,6,-0.497,0.413,-9.6072,1
PUMP-CRITICAL,2026-01-11T09:00:00,474.17,3321.9,128.71,13.75,115.09,53.65,25.44,88,critical,6,5,12,6,0.6364,-13.3765,12.5565,1
PUMP-CRITICAL,2026-01-11T09:05:00,459.4,3500.41,128.86,12.05,110.7,55.02,25.27,88,critical,6,5,12,6,-1.7006,0.1475,-4.3943,1
PUMP-CRITICAL,2026-01-11T09:10:00,469.69,3209.24,127.07,10.12,102.17,57.15,26.84,95.15,critical,6,5,12,6,-1.9304,-1.7891,-8.528,1
PUMP-CRITICAL,2026-01-11T09:15:00,469.79,3519.65,120.71,10.14,105.68,54.87,25.78,88,critical,6,5,12,6,0.0222,-6.3637,3.5092,1
PUMP-CRITICAL,2026-01-11T09:20:00,461.39,3595.54,136.11,10.87,114.25,53.05,24.48,88,critical,6,5,12,6,0.7282,15.4059,8.5724,1
PUMP-CRITICAL,2026-01-11T09:25:00,459.46,3664.79,123.76,11.96,113.32,55.49,25.5,99.64,critical,6,5,12,6,1.09,-12.3565,-0.9287,1
PUMP-CRITICAL,2026-01-11T09:30:00,470.32,3244.9,129.08,11.9,105.15,56.31,26.49,91.89,critical,6,5,12,6,-0.0646,5.3282,-8.1692,1
PUMP-CRITICAL,2026-01-11T09:35:00,466.52,3472.02,146.56,11.32,98.57,54.05,25.21,88.57,critical,6,5,12,6,-0.5755,17.4771,-6.5844,1
PUMP-CRITICAL,2026-01-11T09:40:00,455.44,3257.63,128.93,13.51,99.44,54.38,24.77,95.82,critical,6,5,12,6,2.187,-17.6362,0.8694,1
PUMP-CRITICAL,2026-01-11T09:45:00,474.22,3345.78,146.54,16.11,95.02,58.8,27.89,97.21,critical,6,5,12,6,2.6002,17.611,-4.4156,1
PUMP-CRITICAL,2026-01-11T09:50:00,468.13,3203.79,142.13,15.16,109.98,54.27,25.41,93.09,critical,6,5,12,6,-0.9459,-4.4038,14.9544,1
PUMP-CRITICAL,2026-01-11T09:55:00,456.5,3449.12,147.06,13.38,113.18,50.85,23.21,88,critical,6,5,12,6,-1.7867,4.9233,3.2016,1
PUMP-CRITICAL,2026-01-11T10:00:00,461.05,3243.67,126.61,15.21,121.85,55.91,25.78,93.55,critical,6,5,12,6,1.8329,-20.4466,8.6713,1
PUMP-CRITICAL,2026-01-11T10:05:00,453.13,3653.21,139.12,12.71,107.89,54.35,24.63,89.26,critical,6,5,12,6,-2.5026,12.5071,-13.964,1
PUMP-CRITICAL,2026-01-11T10:10:00,474.41,3308.2,129.44,12.49,114.92,56.74,26.92,90.39,critical,6,5,12,6,-0.2192,-9.6782,7.0295,1
PUMP-CRITICAL,2026-01-11T10:15:00,474.3,3297.29,130.52,13.8,97.44,53.74,25.49,88,critical,6,5,12,6,1.3123,1.0827,-17.4745,1
PUMP-CRITICAL,2026-01-11T10:20:00,471.59,3701.77,140.17,11.94,115.13,57.52,27.13,96.87,critical,6,5,12,6,-1.8594,9.6453,17.6926,1
PUMP-CRITICAL,2026-01-11T10:25:00,472.81,3298.52,140.93,10.92,110.59,57.4,27.14,96.62,critical,6,5,12,6,-1.0227,0.7613,-4.5464,1
PUMP-CRITICAL,2026-01-11T10:30:00,478.74,3543.21,129.99,9.77,107.86,54.39,26.04,89.42,critical,6,5,12,6,-1.1509,-10.9337,-2.7229,1
PUMP-CRITICAL,2026-01-11T10:35:00,477.39,3447.68,133.88,10.73,120.88,58.33,27.85,92.97,critical,6,5,12,6,0.9605,3.8885,13.021,1
PUMP-CRITICAL,2026-01-11T10:40:00,468.01,3403.51,142.41,14.94,118.89,53.45,25.01,90.18,critical,6,5,12,6,4.2164,8.5238,-1.9955,1
PUMP-CRITICAL,2026-01-11T10:45:00,461.38,3515.89,145.48,12.69,97.97,54.57,25.18,88,critical,6,5,12,6,-2.2497,3.0774,-20.9193,1
PUMP-CRITICAL,2026-01-11T10:50:00,456.56,3686.65,134.31,13.86,102.95,56.85,25.95,95.72,critical,6,5,12,6,1.1622,-11.1721,4.9752,1
PUMP-CRITICAL,2026-01-11T10:55:00,468.06,3232.73,121.15,11.86,114.85,56.88,26.62,100,critical,6,5,12,6,-1.9993,-13.1618,11.9048,1
PUMP-CRITICAL,2026-01-11T11:00:00,478.8,3568.54,146.49,16.35,108.15,54.93,26.3,88,critical,6,5,12,6,4.4882,25.3375,-6.7003,1
PUMP-CRITICAL,2026-01-11T11:05:00,456.92,3693.0,138.31,16.1,106.21,55.4,25.31,93.37,critical,6,5,12,6,-0.2493,-8.1741,-1.9352,1
PUMP-CRITICAL,2026-01-11T11:10:00,478.56,3455.36,121.44,11.99,106.54,59.22,28.34,96.95,critical,6,5,12,6,-4.1062,-16.8686,0.323,1
PUMP-CRITICAL,2026-01-11T11:15:00,479.18,3425.55,144.49,9.71,106.52,56.17,26.92,98.37,critical,6,5,12,6,-2.2801,23.0467,-0.0207,1
PUMP-CRITICAL,2026-01-11T11:20:00,466.06,3313.13,132.01,16.52,96.07,55.72,25.97,91.43,critical,6,5,12,6,6.8134,-12.4822,-10.446,1
PUMP-CRITICAL,2026-01-11T11:25:00,474.48,3564.13,148.64,14.77,121.9,55.19,26.19,89.57,critical,6,5,12,6,-1.7491,16.6329,25.8282,1
PUMP-CRITICAL,2026-01-11T11:30:00,471.46,3359.4,125.77,9.81,95.11,55.49,26.16,96.5,critical,6,5,12,6,-4.9641,-22.8736,-26.7862,1
PUMP-CRITICAL,2026-01-11T11:35:00,474.55,3243.12,143.13,10.01,122.72,55.63,26.4,88,critical,6,5,12,6,0.1971,17.3589,27.6039,1
PUMP-CRITICAL,2026-01-11T11:40:00,465.89,3581.03,133.57,13.85,121.75,54.2,25.25,92.56,critical,6,5,12,6,3.844,-9.5534,-0.9702,1
PUMP-CRITICAL,2026-01-11T11:45:00,462.47,3625.44,139.8,12.71,108.24,55.0,25.44,88,critical,6,5,12,6,-1.1448,6.2234,-13.5098,1
PUMP-CRITICAL,2026-01-11T11:50:00,461.7,3617.45,139.1,11.76,121.68,54.34,25.09,88.6,critical,6,5,12,6,-0.9508,-0.7007,13.4423,1
PUMP-CRITICAL,2026-01-11T11:55:00,472.81,3295.78,136.8,12.94,98.0,55.48,26.23,93.86,critical,6,5,12,6,1.1831,-2.3006,-23.6779,1
PUMP-CRITICAL,2026-01-11T12:00:00,470.54,3247.74,126.69,14.53,122.58,53.6,25.22,88,critical,6,5,12,6,1.5953,-10.1023,24.5777,1
PUMP-CRITICAL,2026-01-11T12:05:00,466.42,3638.76,140.61,14.33,97.73,54.7,25.51,88,critical,6,5,12,6,-0.2073,13.9174,-24.8451,1
PUMP-CRITICAL,2026-01-11T12:10:00,453.97,3299.13,140.46,9.92,116.93,51.52,23.39,88,critical,6,5,12,6,-4.4068,-0.1496,19.1972,1
PUMP-CRITICAL,2026-01-11T12:15:00,466.07,3384.19,136.85,15.26,122.93,52.72,24.57,88,critical,6,5,12,6,5.3355,-3.6078,5.9974,1
PUMP-CRITICAL,2026-01-11T12:20:00,469.0,3672.04,135.99,10.49,103.45,55.91,26.22,89.1,critical,6,5,12,6,-4.7618,-0.8683,-19.4751,1
PUMP-CRITICAL,2026-01-11T12:25:00,470.65,3316.91,148.85,11.34,115.0,57.2,26.92,96.79,critical,6,5,12,6,0.8502,12.8614,11.5451,1
PUMP-CRITICAL,2026-01-11T12:30:00,457.75,3421.31,145.97,13.05,105.71,56.02,25.64,92.61,critical,6,5,12,6,1.7027,-2.8785,-9.2897,1
PUMP-CRITICAL,2026-01-11T12:35:00,463.99,3639.13,148.72,15.41,122.97,51.75,24.01,88,critical,6,5,12,6,2.3586,2.7486,17.2644,1
PUMP-CRITICAL,2026-01-11T12:40:00,463.55,3646.45,147.28,10.75,96.56,55.21,25.59,88,critical,6,5,12,6,-4.6504,-1.4373,-26.4079,1
PUMP-CRITICAL,2026-01-11T12:45:00,469.99,3435.02,135.82,11.93,101.71,53.17,24.99,88,critical,6,5,12,6,1.1728,-11.4602,5.1485,1
PUMP-CRITICAL,2026-01-11T12:50:00,455.53,3207.82,133.24,14.05,100.27,52.87,24.08,88,critical,6,5,12,6,2.1188,-2.5828,-1.4458,1
PUMP-CRITICAL,2026-01-11T12:55:00,452.47,3415.71,136.28,13.08,101.1,53.23,24.08,97.06,critical,6,5,12,6,-0.9702,3.0476,0.8372,1
PUMP-CRITICAL,2026-01-11T13:00:00,451.97,3306.91,122.4,14.5,100.36,52.23,23.6,89.9,critical,6,5,12,6,1.4207,-13.8865,-0.7469,1
PUMP-CRITICAL,2026-01-11T13:05:00,466.04,3484.45,126.55,16.36,108.02,54.46,25.38,88,critical,6,5,12,6,1.8584,4.1558,7.6611,1
PUMP-CRITICAL,2026-01-11T13:10:00,456.9,3605.12,119.21,9.91,111.22,52.03,23.77,88,critical,6,5,12,6,-6.4458,-7.3468,3.1997,1
PUMP-CRITICAL,2026-01-11T13:15:00,462.74,3327.6,145.86,10.6,110.02,51.1,23.65,88,critical,6,5,12,6,0.6943,26.6488,-1.2028,1
PUMP-CRITICAL,2026-01-11T13:20:00,469.08,3381.1,133.54,13.39,122.29,55.16,25.87,88,critical,6,5,12,6,2.7858,-12.315,12.2788,1
PUMP-CRITICAL,2026-01-11T13:25:00,478.89,3684.66,148.58,16.43,121.68,54.04,25.88,88,critical,6,5,12,6,3.0377,15.0437,-0.619,1
PUMP-CRITICAL,2026-01-11T13:30:00,451.66,3515.18,121.33,10.21,112.73,55.21,24.94,94.54,critical,6,5,12,6,-6.2166,-27.253,-8.9436,1
PUMP-CRITICAL,2026-01-11T13:35:00,458.14,3492.41,121.12,14.15,116.0,56.16,25.73,94.23,critical,6,5,12,6,3.9441,-0.2132,3.2723,1
PUMP-CRITICAL,2026-01-11T13:40:00,479.37,3300.03,148.76,11.23,110.71,56.13,26.91,88.84,critical,6,5,12,6,-2.9253,27.643,-5.2923,1
PUMP-CRITICAL,2026-01-11T13:45:00,452.78,3605.34,136.44,12.96,101.82,56.32,25.5,94.61,critical,6,5,12,6,1.7288,-12.3233,-8.8957,1
PUMP-CRITICAL,2026-01-11T13:50:00,478.79,3327.4,119.92,14.05,108.77,57.73,27.64,94.49,critical,6,5,12,6,1.0889,-16.5194,6.9578,1
PUMP-CRITICAL,2026-01-11T13:55:00,452.97,3385.84,142.5,11.05,118.87,54.15,24.53,90.16,critical,6,5,12,6,-2.9927,22.5862,10.0954,1
PUMP-CRITICAL,2026-01-11T14:00:00,476.73,3661.09,140.5,16.2,101.15,54.55,26.0,89.08,critical,6,5,12,6,5.1464,-2.0082,-17.7157,1
PUMP-CRITICAL,2026-01-11T14:05:00,461.37,3393.49,135.38,9.68,123.47,51.44,23.73,88,critical,6,5,12,6,-6.5242,-5.1184,22.3116,1
PUMP-CRITICAL,2026-01-11T14:10:00,453.66,3218.67,123.67,15.41,123.11,53.77,24.39,92.72,critical,6,5,12,6,5.7352,-11.7116,-0.3548,1
PUMP-CRITICAL,2026-01-11T14:15:00,452.05,3692.35,147.93,10.81,96.86,52.56,23.76,88,critical,6,5,12,6,-4.6026,24.2634,-26.2464,1
PUMP-CRITICAL,2026-01-11T14:20:00,475.73,3301.14,120.22,11.6,102.83,55.98,26.63,88,critical,6,5,12,6,0.7949,-27.7096,5.9616,1
PUMP-CRITICAL,2026-01-11T14:25:00,470.89,3472.09,142.03,11.96,120.54,55.55,26.16,94.48,critical,6,5,12,6,0.3547,21.8076,17.7156,1
PUMP-CRITICAL,2026-01-11T14:30:00,471.37,3609.26,142.27,15.11,115.36,55.26,26.05,93.78,critical,6,5,12,6,3.1515,0.2376,-5.1811,1
PUMP-CRITICAL,2026-01-11T14:35:00,462.49,3290.49,125.6,13.12,122.47,54.13,25.03,95.58,critical,6,5,12,6,-1.9929,-16.6691,7.1088,1
PUMP-CRITICAL,2026-01-11T14:40:00,465.75,3686.95,132.83,11.34,107.17,53.23,24.79,88,critical,6,5,12,6,-1.7744,7.2365,-15.2969,1
PUMP-CRITICAL,2026-01-11T14:45:00,479.64,3616.15,129.72,11.48,105.14,57.88,27.76,98.75,critical,6,5,12,6,0.1369,-3.1159,-2.0273,1
PUMP-CRITICAL,2026-01-11T14:50:00,480.61,3331.05,129.48,11.08,113.88,54.17,26.03,88,critical,6,5,12,6,-0.3957,-0.2368,8.7361,1
PUMP-CRITICAL,2026-01-11T14:55:00,471.17,3373.34,126.51,13.3,108.63,54.26,25.57,88,critical,6,5,12,6,2.2118,-2.9738,-5.248,1
PUMP-CRITICAL,2026-01-11T15:00:00,465.45,3481.19,126.73,14.1,122.92,54.57,25.4,88,critical,6,5,12,6,0.8023,0.2204,14.2904,1
PUMP-CRITICAL,2026-01-11T15:05:00,478.48,3682.96,133.1,11.45,109.8,59.02,28.24,97.69,critical,6,5,12,6,-2.6453,6.3745,-13.1196,1
PUMP-CRITICAL,2026-01-11T15:10:00,463.35,3289.52,120.11,12.44,94.95,53.91,24.98,88.17,critical,6,5,12,6,0.9855,-12.9942,-14.8519,1
PUMP-CRITICAL,2026-01-11T15:15:00,473.63,3701.03,131.52,11.72,100.16,55.46,26.27,88,critical,6,5,12,6,-0.7205,11.4167,5.2051,1
PUMP-CRITICAL,2026-01-11T15:20:00,460.08,3367.67,148.57,13.94,109.77,56.3,25.9,93.56,critical,6,5,12,6,2.2187,17.0477,9.6135,1
PUMP-CRITICAL,2026-01-11T15:25:00,471.74,3631.55,141.95,10.35,124.06,56.04,26.44,94.44,critical,6,5,12,6,-3.5893,-6.6187,14.2907,1
PUMP-CRITICAL,2026-01-11T15:30:00,466.33,3678.71,146.96,15.08,103.38,53.72,25.05,88,critical,6,5,12,6,4.7277,5.0056,-20.6833,1
PUMP-CRITICAL,2026-01-11T15:35:00,471.99,3628.67,127.38,13.23,117.5,58.17,27.46,95.33,critical,6,5,12,6,-1.8419,-19.5824,14.1206,1
PUMP-CRITICAL,2026-01-11T15:40:00,475.34,3703.91,124.63,10.42,100.12,57.29,27.23,94.05,critical,6,5,12,6,-2.8123,-2.7479,-17.3806,1
PUMP-CRITICAL,2026-01-11T15:45:00,463.97,3495.59,139.33,14.88,100.75,55.92,25.94,88.7,critical,6,5,12,6,4.4565,14.699,0.63,1
PUMP-CRITICAL,2026-01-11T15:50:00,473.29,3616.52,132.5,13.16,111.72,54.15,25.63,89.27,critical,6,5,12,6,-1.72,-6.8293,10.968,1
PUMP-CRITICAL,2026-01-11T15:55:00,477.34,3250.33,135.79,10.63,118.18,54.85,26.18,92.27,critical,6,5,12,6,-2.5321,3.2882,6.4675,1
PUMP-CRITICAL,2026-01-11T16:00:00,477.05,3483.53,121.54,12.94,98.38,57.67,27.51,92.61,critical,6,5,12,6,2.3113,-14.2491,-19.8049,1
PUMP-CRITICAL,2026-01-11T16:05:00,467.41,3642.49,146.69,15.31,122.45,55.19,25.8,88,critical,6,5,12,6,2.3776,25.155,24.0702,1
PUMP-CRITICAL,2026-01-11T16:10:00,469.18,3214.01,139.61,10.77,112.33,52.65,24.7,88,critical,6,5,12,6,-4.541,-7.0824,-10.1197,1
PUMP-CRITICAL,2026-01-11T16:15:00,474.0,3231.26,142.89,11.19,105.15,52.43,24.85,88,critical,6,5,12,6,0.4195,3.2844,-7.1822,1
PUMP-CRITICAL,2026-01-11T16:20:00,479.42,3348.88,145.62,10.93,115.76,54.71,26.23,88,critical,6,5,12,6,-0.2619,2.723,10.6131,1
PUMP-CRITICAL,2026-01-11T16:25:00,461.91,3375.8,148.96,14.99,101.62,55.13,25.47,96.98,critical,6,5,12,6,4.0575,3.3396,-14.1371,1
PUMP-CRITICAL,2026-01-11T16:30:00,474.08,3584.83,131.8,11.42,114.21,53.01,25.13,88,critical,6,5,12,6,-3.5691,-17.1515,12.5871,1
PUMP-CRITICAL,2026-01-11T16:35:00,471.2,3527.55,125.69,10.74,107.42,55.81,26.3,93.63,critical,6,5,12,6,-0.6771,-6.1123,-6.7856,1
PUMP-CRITICAL,2026-01-11T16:40:00,474.94,3415.05,130.51,9.58,118.62,56.13,26.66,94.55,critical,6,5,12,6,-1.1637,4.8204,11.1916,1
PUMP-CRITICAL,2026-01-11T16:45:00,461.88,3528.93,122.86,11.59,122.69,56.87,26.27,93.47,critical,6,5,12,6,2.0099,-7.6538,4.0731,1
PUMP-CRITICAL,2026-01-11T16:50:00,457.45,3241.11,138.91,12.54,96.42,55.05,25.18,89.38,critical,6,5,12,6,0.9563,16.0554,-26.2666,1
PUMP-CRITICAL,2026-01-11T16:55:00,473.39,3680.4,144.74,11.3,113.07,56.89,26.93,89.16,critical,6,5,12,6,-1.2445,5.8279,16.6437,1
PUMP-CRITICAL,2026-01-11T17:00:00,463.16,3270.28,142.78,13.85,119.94,57.05,26.42,92.59,critical,6,5,12,6,2.5535,-1.9575,6.8692,1
PUMP-CRITICAL,2026-01-11T17:05:00,472.98,3551.02,142.48,14.19,108.69,57.55,27.22,98.93,critical,6,5,12,6,0.3397,-0.3086,-11.25,1
PUMP-CRITICAL,2026-01-11T17:10:00,456.35,3548.6,121.37,15.39,111.44,55.11,25.15,88.37,critical,6,5,12,6,1.1953,-21.111,2.7537,1
PUMP-CRITICAL,2026-01-11T17:15:00,458.71,3473.03,146.9,11.25,121.49,53.98,24.76,88,critical,6,5,12,6,-4.1385,25.5304,10.0464,1
PUMP-CRITICAL,2026-01-11T17:20:00,464.21,3676.29,131.07,12.79,104.47,57.65,26.76,96.03,critical,6,5,12,6,1.5369,-15.8274,-17.0104,1
PUMP-CRITICAL,2026-01-11T17:25:00,457.06,3470.04,142.5,9.97,97.86,57.02,26.06,95.39,critical,6,5,12,6,-2.8187,11.436,-6.6101,1
PUMP-CRITICAL,2026-01-11T17:30:00,479.34,3608.96,139.7,14.66,116.24,54.05,25.91,88,critical,6,5,12,6,4.688,-2.8027,18.3778,1
PUMP-CRITICAL,2026-01-11T17:35:00,470.77,3356.57,130.96,14.23,117.35,52.81,24.86,88,critical,6,5,12,6,-0.4257,-8.7433,1.1063,1
PUMP-CRITICAL,2026-01-11T17:40:00,461.82,3561.43,143.68,14.65,98.61,53.95,24.91,88,critical,6,5,12,6,0.4184,12.7255,-18.7373,1
PUMP-CRITICAL,2026-01-11T17:45:00,471.46,3446.75,140.88,14.39,107.51,55.64,26.23,88,critical,6,5,12,6,-0.2547,-2.8065,8.8949,1
PUMP-CRITICAL,2026-01-11T17:50:00,459.98,3267.34,128.45,10.17,101.52,56.02,25.77,93.07,critical,6,5,12,6,-4.226,-12.4269,-5.9822,1
PUMP-CRITICAL,2026-01-11T17:55:00,452.68,3377.77,119.63,14.07,111.23,51.48,23.31,88,critical,6,5,12,6,3.905,-8.8161,9.7031,1
PUMP-CRITICAL,2026-01-11T18:00:00,458.56,3283.82,120.46,9.76,98.05,55.27,25.34,88,critical,6,5,12,6,-4.3117,0.8268,-13.1759,1
PUMP-CRITICAL,2026-01-11T18:05:00,451.22,3573.74,145.28,11.2,103.24,53.74,24.25,91.35,critical,6,5,12,6,1.4335,24.8184,5.1861,1
PUMP-CRITICAL,2026-01-11T18:10:00,454.42,3463.0,125.78,15.75,109.74,52.85,24.02,92.44,critical,6,5,12,6,4.5559,-19.4976,6.5059,1
PUMP-CRITICAL,2026-01-11T18:15:00,464.74,3433.48,124.43,14.61,117.38,54.61,25.38,91.0,critical,6,5,12,6,-1.1459,-1.3556,7.6319,1
PUMP-CRITICAL,2026-01-11T18:20:00,469.78,3605.6,126.7,14.22,98.88,56.17,26.39,98.91,critical,6,5,12,6,-0.3838,2.2717,-18.4962,1
PUMP-CRITICAL,2026-01-11T18:25:00,468.22,3424.7,124.22,13.93,122.87,53.11,24.87,88,critical,6,5,12,6,-0.2944,-2.482,23.9924,1
PUMP-CRITICAL,2026-01-11T18:30:00,463.19,3309.62,125.5,11.52,104.26,51.48,23.84,88,critical,6,5,12,6,-2.4114,1.2837,-18.6115,1
PUMP-CRITICAL,2026-01-11T18:35:00,479.69,3674.52,134.35,12.04,101.19,58.27,27.95,99.11,critical,6,5,12,6,0.5244,8.8465,-3.072,1
PUMP-CRITICAL,2026-01-11T18:40:00,472.45,3236.68,137.1,15.35,103.21,54.57,25.78,88,critical,6,5,12,6,3.3062,2.757,2.0262,1
PUMP-CRITICAL,2026-01-11T18:45:00,473.68,3670.48,127.71,12.36,121.96,53.89,25.53,88,critical,6,5,12,6,-2.9857,-9.3899,18.7424,1
PUMP-CRITICAL,2026-01-11T18:50:00,465.19,3352.44,119.95,13.66,113.3,53.76,25.01,88,critical,6,5,12,6,1.3026,-7.7591,-8.6524,1
PUMP-CRITICAL,2026-01-11T18:55:00,470.56,3656.78,145.12,10.66,110.06,52.95,24.91,88,critical,6,5,12,6,-3.0053,25.1707,-3.2463,1
PUMP-CRITICAL,2026-01-11T19:00:00,458.39,3208.23,127.79,15.09,122.14,53.65,24.59,96.31,critical,6,5,12,6,4.4361,-17.337,12.0844,1
PUMP-CRITICAL,2026-01-11T19:05:00,465.54,3257.05,131.37,10.61,116.22,56.63,26.36,99.18,critical,6,5,12,6,-4.488,3.5848,-5.9219,1
PUMP-CRITICAL,2026-01-11T19:10:00,462.06,3476.45,123.42,12.34,121.66,53.59,24.76,88,critical,6,5,12,6,1.7388,-7.9543,5.4396,1
PUMP-CRITICAL,2026-01-11T19:15:00,466.97,3336.49,144.81,12.43,107.47,52.9,24.7,88,critical,6,5,12,6,0.0848,21.3939,-14.1886,1
PUMP-CRITICAL,2026-01-11T19:20:00,464.71,3288.45,147.6,10.7,120.4,52.49,24.39,88,critical,6,5,12,6,-1.7277,2.7864,12.9261,1
PUMP-CRITICAL,2026-01-11T19:25:00,452.01,3304.66,123.96,10.56,99.72,52.73,23.84,89.38,critical,6,5,12,6,-0.141,-23.6374,-20.6725,1
PUMP-CRITICAL,2026-01-11T19:30:00,451.81,3637.92,143.54,14.19,102.61,57.13,25.81,98.66,critical,6,5,12,6,3.634,19.5738,2.8886,1
PUMP-CRITICAL,2026-01-11T19:35:00,466.69,3569.39,133.24,15.66,105.83,55.86,26.07,92.44,critical,6,5,12,6,1.4651,-10.2914,3.2136,1
PUMP-CRITICAL,2026-01-11T19:40:00,474.27,3284.55,134.09,15.71,100.17,54.65,25.92,88.13,critical,6,5,12,6,0.051,0.8512,-5.6526,1
PUMP-CRITICAL,2026-01-11T19:45:00,479.98,3518.51,122.88,12.29,98.08,59.22,28.43,97.74,critical,6,5,12,6,-3.4175,-11.2133,-2.0966,1
PUMP-CRITICAL,2026-01-11T19:50:00,475.32,3588.33,127.5,12.27,107.18,57.44,27.3,91.07,critical,6,5,12,6,-0.0199,4.6196,9.1065,1
PUMP-CRITICAL,2026-01-11T19:55:00,471.28,3391.23,137.05,14.14,104.25,51.58,24.31,88,critical,6,5,12,6,1.8696,9.5519,-2.9384,1
PUMP-CRITICAL,2026-01-11T20:00:00,464.73,3632.62,120.2,13.72,109.03,57.08,26.53,94.41,critical,6,5,12,6,-0.4216,-16.8558,4.7859,1
PUMP-CRITICAL,2026-01-11T20:05:00,460.19,3586.03,138.3,15.02,120.31,55.44,25.52,94.84,critical,6,5,12,6,1.3001,18.1036,11.277,1
PUMP-CRITICAL,2026-01-11T20:10:00,470.66,3307.66,124.09,11.12,110.11,55.24,26.0,88,critical,6,5,12,6,-3.9051,-14.2103,-10.2,1
PUMP-CRITICAL,2026-01-11T20:15:00,460.56,3216.69,119.82,11.18,109.06,52.33,24.1,88,critical,6,5,12,6,0.067,-4.2731,-1.0529,1
PUMP-CRITICAL,2026-01-11T20:20:00,459.34,3603.31,122.1,14.45,122.85,54.31,24.95,88,critical,6,5,12,6,3.2687,2.2864,13.7944,1
PUMP-CRITICAL,2026-01-11T20:25:00,478.44,3455.47,123.97,13.91,109.32,55.75,26.67,88,critical,6,5,12,6,-0.5404,1.8663,-13.5284,1
PUMP-CRITICAL,2026-01-11T20:30:00,474.37,3564.68,145.79,15.33,117.71,54.84,26.01,88,critical,6,5,12,6,1.4168,21.8168,8.3897,1
PUMP-CRITICAL,2026-01-11T20:35:00,468.27,3432.07,141.67,12.53,96.02,53.57,25.08,88,critical,6,5,12,6,-2.7977,-4.1147,-21.692,1
PUMP-CRITICAL,2026-01-11T20:40:00,470.17,3400.59,141.98,14.13,105.24,53.37,25.09,88,critical,6,5,12,6,1.596,0.3051,9.2209,1
PUMP-CRITICAL,2026-01-11T20:45:00,455.89,3596.2,138.08,12.55,108.13,56.12,25.58,97.73,critical,6,5,12,6,-1.5819,-3.8978,2.8937,1
PUMP-CRITICAL,2026-01-11T20:50:00,459.94,3442.59,145.95,16.33,122.47,53.32,24.52,88,critical,6,5,12,6,3.7829,7.8666,14.3357,1
PUMP-CRITICAL,2026-01-11T20:55:00,466.17,3688.8,137.01,12.42,110.17,53.66,25.01,88.08,critical,6,5,12,6,-3.9048,-8.9327,-12.3008,1
PUMP-CRITICAL,2026-01-11T21:00:00,474.3,3701.7,148.27,15.6,113.27,58.78,27.88,98.39,critical,6,5,12,6,3.1746,11.2579,3.0963,1
PUMP-CRITICAL,2026-01-11T21:05:00,461.84,3223.01,147.27,11.82,117.37,55.5,25.63,97.33,critical,6,5,12,6,-3.7807,-1.0001,4.1019,1
PUMP-CRITICAL,2026-01-11T21:10:00,456.05,3538.43,131.83,10.11,105.19,55.18,25.17,93.27,critical,6,5,12,6,-1.7087,-15.4457,-12.1787,1
PUMP-CRITICAL,2026-01-11T21:15:00,479.93,3557.43,123.77,12.46,97.41,55.21,26.5,93.16,critical,6,5,12,6,2.3513,-8.0562,-7.7779,1
PUMP-CRITICAL,2026-01-11T21:20:00,466.23,3661.16,148.75,11.99,120.3,51.97,24.23,88,critical,6,5,12,6,-0.4652,24.9817,22.8922,1
PUMP-CRITICAL,2026-01-11T21:25:00,457.85,3344.87,122.0,14.78,123.28,51.43,23.55,88,critical,6,5,12,6,2.7862,-26.7523,2.9743,1
PUMP-CRITICAL,2026-01-11T21:30:00,469.38,3550.03,139.24,14.59,98.33,52.4,24.6,88,critical,6,5,12,6,-0.194,17.2414,-24.9488,1
PUMP-CRITICAL,2026-01-11T21:35:00,454.29,3488.79,141.92,16.1,110.65,52.36,23.79,88,critical,6,5,12,6,1.5181,2.6844,12.3174,1
PUMP-CRITICAL,2026-01-11T21:40:00,460.67,3337.87,119.28,10.14,123.46,54.15,24.95,88,critical,6,5,12,6,-5.9618,-22.645,12.8162,1
PUMP-CRITICAL,2026-01-11T21:45:00,461.87,3231.06,148.54,11.82,95.17,55.68,25.72,90.57,critical,6,5,12,6,1.6743,29.2555,-28.2877,1
PUMP-CRITICAL,2026-01-11T21:50:00,475.36,3275.95,145.61,13.08,123.47,58.26,27.7,95.15,critical,6,5,12,6,1.2639,-2.9239,28.2967,1
PUMP-CRITICAL,2026-01-11T21:55:00,466.14,3240.19,126.9,14.45,115.65,57.69,26.89,97.13,critical,6,5,12,6,1.3651,-18.7133,-7.8197,1
PUMP-CRITICAL,2026-01-11T22:00:00,452.33,3243.07,134.67,10.43,111.48,53.32,24.12,94.45,critical,6,5,12,6,-4.0176,7.7768,-4.1677,1
PUMP-CRITICAL,2026-01-11T22:05:00,475.4,3325.16,145.62,10.75,98.36,56.96,27.08,90.94,critical,6,5,12,6,0.3252,10.9465,-13.1223,1
PUMP-CRITICAL,2026-01-11T22:10:00,473.07,3349.83,120.82,10.04,115.34,54.72,25.89,88,critical,6,5,12,6,-0.7094,-24.8055,16.9828,1
PUMP-CRITICAL,2026-01-11T22:15:00,468.68,3347.75,149.14,11.18,94.33,52.82,24.76,88,critical,6,5,12,6,1.1392,28.3247,-21.0095,1
PUMP-CRITICAL,2026-01-11T22:20:00,466.61,3376.09,141.32,15.79,109.57,51.64,24.1,88,critical,6,5,12,6,4.6029,-7.823,15.2324,1
PUMP-CRITICAL,2026-01-11T22:25:00,461.49,3398.01,140.28,15.36,115.64,55.43,25.58,99.17,critical,6,5,12,6,-0.4216,-1.0343,6.0753,1
PUMP-CRITICAL,2026-01-11T22:30:00,459.89,3438.42,130.14,15.72,122.19,51.31,23.6,88,critical,6,5,12,6,0.3526,-10.1454,6.5444,1
PUMP-CRITICAL,2026-01-11T22:35:00,454.99,3219.56,136.97,12.7,99.68,50.47,22.96,88,critical,6,5,12,6,-3.0215,6.8319,-22.5021,1
PUMP-CRITICAL,2026-01-11T22:40:00,452.08,3478.22,119.72,10.86,106.94,53.08,24.0,88,critical,6,5,12,6,-1.8387,-17.2524,7.2539,1
PUMP-CRITICAL,2026-01-11T22:45:00,463.73,3458.22,133.66,10.14,117.54,54.74,25.38,94.25,critical,6,5,12,6,-0.7221,13.9434,10.6,1
PUMP-CRITICAL,2026-01-11T22:50:00,463.66,3704.84,135.38,13.25,107.14,53.33,24.73,88,critical,6,5,12,6,3.1103,1.7153,-10.3965,1
PUMP-CRITICAL,2026-01-11T22:55:00,453.7,3577.2,143.44,9.97,123.84,53.88,24.44,88,critical,6,5,12,6,-3.2739,8.0632,16.6957,1
PUMP-CRITICAL,2026-01-11T23:00:00,459.44,3522.66,125.39,15.12,116.32,54.69,25.12,88,critical,6,5,12,6,5.1512,-18.0516,-7.5137,1
PUMP-CRITICAL,2026-01-11T23:05:00,474.3,3244.06,140.61,12.3,106.84,55.56,26.35,88,critical,6,5,12,6,-2.8226,15.2184,-9.4794,1
PUMP-CRITICAL,2026-01-11T23:10:00,471.96,3668.57,132.35,16.36,115.5,55.22,26.06,88,critical,6,5,12,6,4.064,-8.2591,8.657,1
PUMP-CRITICAL,2026-01-11T23:15:00,466.11,3490.41,142.87,11.58,117.97,53.72,25.04,88.06,critical,6,5,12,6,-4.7875,10.5276,2.4709,1
PUMP-CRITICAL,2026-01-11T23:20:00,459.18,3677.81,126.12,15.17,109.47,55.14,25.32,88,critical,6,5,12,6,3.5917,-16.7565,-8.5019,1
PUMP-CRITICAL,2026-01-11T23:25:00,474.15,3586.97,139.73,13.38,106.47,58.57,27.77,97.38,critical,6,5,12,6,-1.7856,13.6165,-2.9959,1
PUMP-CRITICAL,2026-01-11T23:30:00,466.75,3283.62,124.24,10.1,113.72,55.45,25.88,91.84,critical,6,5,12,6,-3.2781,-15.4953,7.2411,1
PUMP-CRITICAL,2026-01-11T23:35:00,475.35,3395.8,145.25,12.43,111.92,53.45,25.41,88,critical,6,5,12,6,2.323,21.008,-1.7981,1
PUMP-CRITICAL,2026-01-11T23:40:00,472.7,3619.79,144.02,12.31,102.89,52.91,25.01,88,critical,6,5,12,6,-0.1181,-1.2311,-9.0318,1
PUMP-CRITICAL,2026-01-11T23:45:00,469.46,3455.35,139.26,14.11,110.06,55.79,26.19,91.98,critical,6,5,12,6,1.7964,-4.7589,7.1782,1
PUMP-CRITICAL,2026-01-11T23:50:00,453.43,3241.13,136.15,15.07,120.05,51.62,23.41,88,critical,6,5,12,6,0.9626,-3.1104,9.9883,1
PUMP-CRITICAL,2026-01-11T23:55:00,473.65,3328.47,138.79,10.27,119.65,56.09,26.57,100,critical,6,5,12,6,-4.796,2.641,-0.4014,1
PUMP-CRITICAL,2026-01-12T00:00:00,452.24,3260.98,134.24,10.84,120.27,54.39,24.6,88,critical,6,5,12,6,0.5663,-4.5446,0.6142,1
PUMP-CRITICAL,2026-01-12T00:05:00,457.53,3426.29,142.18,14.01,102.63,55.08,25.2,97.48,critical,6,5,12,6,3.1752,7.933,-17.6373,1
PUMP-CRITICAL,2026-01-12T00:10:00,461.47,3469.38,142.44,11.61,99.96,57.94,26.74,97.17,critical,6,5,12,6,-2.4053,0.2666,-2.6712,1
PUMP-CRITICAL,2026-01-12T00:15:00,465.47,3423.66,125.56,12.04,121.66,55.25,25.72,88,critical,6,5,12,6,0.4341,-16.8826,21.707,1
PUMP-CRITICAL,2026-01-12T00:20:00,452.58,3418.63,126.69,15.35,120.69,54.57,24.7,88,critical,6,5,12,6,3.3037,1.1301,-0.9707,1
PUMP-CRITICAL,2026-01-12T00:25:00,465.0,3537.75,128.79,11.12,122.21,55.25,25.69,94.85,critical,6,5,12,6,-4.2264,2.0999,1.5175,1
PUMP-CRITICAL,2026-01-12T00:30:00,472.65,3621.19,149.01,11.94,110.96,55.22,26.1,93.2,critical,6,5,12,6,0.8191,20.2195,-11.2513,1
PUMP-CRITICAL,2026-01-12T00:35:00,463.9,3445.71,125.4,15.52,113.06,52.78,24.48,88,critical,6,5,12,6,3.5799,-23.6062,2.1019,1
PUMP-CRITICAL,2026-01-12T00:40:00,461.28,3471.79,128.56,13.59,106.75,56.73,26.17,92.82,critical,6,5,12,6,-1.926,3.1534,-6.3161,1
PUMP-CRITICAL,2026-01-12T00:45:00,476.67,3251.1,137.98,10.79,105.5,56.56,26.96,95.69,critical,6,5,12,6,-2.8036,9.4276,-1.2443,1
PUMP-CRITICAL,2026-01-12T00:50:00,470.99,3664.23,148.98,11.46,94.82,55.58,26.18,88,critical,6,5,12,6,0.6702,10.9989,-10.6776,1
PUMP-CRITICAL,2026-01-12T00:55:00,457.2,3681.28,146.21,13.39,122.01,53.63,24.52,88,critical,6,5,12,6,1.9323,-2.772,27.185,1
PUMP-CRITICAL,2026-01-12T01:00:00,466.12,3548.61,124.14,9.82,95.69,56.74,26.45,96.17,critical,6,5,12,6,-3.5699,-22.0713,-26.314,1
PUMP-CRITICAL,2026-01-12T01:05:00,451.54,3324.75,131.82,13.75,96.41,53.64,24.22,92.18,critical,6,5,12,6,3.925,7.6789,0.7147,1
PUMP-CRITICAL,2026-01-12T01:10:00,479.83,3237.3,133.07,13.31,120.42,54.67,26.23,88,critical,6,5,12,6,-0.4404,1.2544,24.0072,1
PUMP-CRITICAL,2026-01-12T01:15:00,462.18,3555.74,144.69,10.76,99.52,56.43,26.08,99.59,critical,6,5,12,6,-2.5483,11.6213,-20.8992,1
PUMP-CRITICAL,2026-01-12T01:20:00,467.83,3267.23,129.1,15.78,119.51,55.94,26.17,88,critical,6,5,12,6,5.0178,-15.5941,19.9955,1
PUMP-CRITICAL,2026-01-12T01:25:00,455.82,3239.27,135.85,14.03,116.79,53.6,24.43,88,critical,6,5,12,6,-1.75,6.747,-2.718,1
PUMP-CRITICAL,2026-01-12T01:30:00,461.87,3626.48,132.97,12.31,108.21,53.88,24.89,95.91,critical,6,5,12,6,-1.7204,-2.8786,-8.5798,1
PUMP-CRITICAL,2026-01-12T01:35:00,456.42,3665.81,124.78,10.01,106.88,56.66,25.86,94.91,critical,6,5,12,6,-2.2974,-8.186,-1.3384,1
PUMP-CRITICAL,2026-01-12T01:40:00,477.45,3616.27,148.8,9.82,119.68,57.47,27.44,89.07,critical,6,5,12,6,-0.1858,24.013,12.8059,1
PUMP-CRITICAL,2026-01-12T01:45:00,459.01,3622.39,138.79,11.32,102.73,55.42,25.44,98.46,critical,6,5,12,6,1.4956,-10.0051,-16.9537,1
PUMP-CRITICAL,2026-01-12T01:50:00,479.42,3504.53,131.91,9.78,113.15,55.05,26.39,88.89,critical,6,5,12,6,-1.5334,-6.8852,10.419,1
PUMP-CRITICAL,2026-01-12T01:55:00,457.0,3466.91,138.32,11.85,117.67,56.61,25.87,99.09,critical,6,5,12,6,2.0663,6.4098,4.523,1
PUMP-CRITICAL,2026-01-12T02:00:00,454.06,3452.98,123.5,11.43,110.34,54.59,24.79,88,critical,6,5,12,6,-0.4192,-14.8184,-7.3269,1
PUMP-CRITICAL,2026-01-12T02:05:00,460.32,3270.31,146.83,10.66,97.52,54.29,24.99,88,critical,6,5,12,6,-0.7727,23.3306,-12.8198,1
PUMP-CRITICAL,2026-01-12T02:10:00,469.99,3353.22,122.59,9.77,123.98,54.09,25.42,88,critical,6,5,12,6,-0.887,-24.233,26.4541,1
PUMP-CRITICAL,2026-01-12T02:15:00,466.36,3664.88,141.49,13.66,101.32,52.47,24.47,88,critical,6,5,12,6,3.8924,18.8905,-22.6545,1
PUMP-CRITICAL,2026-01-12T02:20:00,464.75,3274.82,136.6,14.5,104.99,55.01,25.57,97.63,critical,6,5,12,6,0.8359,-4.8857,3.6661,1
PUMP-CRITICAL,2026-01-12T02:25:00,458.39,3579.39,120.18,10.08,103.55,52.65,24.13,91.27,critical,6,5,12,6,-4.4236,-16.4212,-1.4423,1
PUMP-CRITICAL,2026-01-12T02:30:00,476.44,3450.45,128.1,14.57,119.34,55.42,26.4,94.79,critical,6,5,12,6,4.4961,7.9178,15.7971,1
PUMP-CRITICAL,2026-01-12T02:35:00,458.3,3420.48,140.1,13.77,108.59,55.87,25.61,91.14,critical,6,5,12,6,-0.8045,12.0022,-10.7502,1
PUMP-CRITICAL,2026-01-12T02:40:00,453.64,3511.97,149.19,11.34,96.2,56.26,25.52,100,critical,6,5,12,6,-2.4322,9.0953,-12.3926,1
PUMP-CRITICAL,2026-01-12T02:45:00,469.31,3312.87,137.05,15.99,99.49,53.3,25.02,88,critical,6,5,12,6,4.6493,-12.1412,3.285,1
PUMP-CRITICAL,2026-01-12T02:50:00,472.42,3571.73,142.99,15.34,100.43,53.25,25.16,88,critical,6,5,12,6,-0.6437,5.9395,0.9454,1
PUMP-CRITICAL,2026-01-12T02:55:00,468.08,3547.12,124.9,11.12,95.66,53.81,25.19,92.51,critical,6,5,12,6,-4.2171,-18.0901,-4.7738,1
PUMP-CRITICAL,2026-01-12T03:00:00,466.23,3569.26,140.83,13.49,109.18,54.83,25.56,88,critical,6,5,12,6,2.3634,15.9296,13.5255,1
PUMP-CRITICAL,2026-01-12T03:05:00,473.36,3279.67,148.06,12.21,106.85,54.7,25.89,88,critical,6,5,12,6,-1.2781,7.2305,-2.3358,1
PUMP-CRITICAL,2026-01-12T03:10:00,462.08,3554.44,137.22,10.71,95.39,52.41,24.22,88,critical,6,5,12,6,-1.498,-10.8445,-11.4577,1
PUMP-CRITICAL,2026-01-12T03:15:00,455.29,3489.38,123.38,16.15,115.96,51.78,23.57,88,critical,6,5,12,6,5.4408,-13.8376,20.5689,1
PUMP-CRITICAL,2026-01-12T03:20:00,470.95,3696.23,122.68,14.39,104.74,57.28,26.98,96.88,critical,6,5,12,6,-1.7674,-0.6995,-11.2164,1
PUMP-CRITICAL,2026-01-12T03:25:00,474.18,3435.66,124.03,9.81,113.23,56.65,26.86,88,critical,6,5,12,6,-4.5723,1.3543,8.487,1
PUMP-CRITICAL,2026-01-12T03:30:00,478.41,3516.91,136.17,12.23,121.36,52.21,24.98,88,critical,6,5,12,6,2.412,12.1393,8.1292,1
PUMP-CRITICAL,2026-01-12T03:35:00,453.76,3293.77,145.07,11.11,104.62,52.75,23.93,88,critical,6,5,12,6,-1.1172,8.9009,-16.7435,1
PUMP-CRITICAL,2026-01-12T03:40:00,478.53,3318.83,130.37,10.25,117.05,57.41,27.47,97.28,critical,6,5,12,6,-0.8583,-14.7003,12.4318,1
PUMP-CRITICAL,2026-01-12T03:45:00,477.43,3529.71,132.73,13.36,106.99,57.11,27.27,92.0,critical,6,5,12,6,3.1052,2.358,-10.0609,1
PUMP-CRITICAL,2026-01-12T03:50:00,454.14,3587.52,134.22,15.61,119.84,54.85,24.91,94.94,critical,6,5,12,6,2.253,1.4908,12.8584,1
PUMP-CRITICAL,2026-01-12T03:55:00,479.91,3221.62,148.08,10.72,121.73,54.24,26.03,88.85,critical,6,5,12,6,-4.8891,13.8586,1.8883,1
PUMP-CRITICAL,2026-01-12T04:00:00,475.99,3618.95,142.5,13.76,104.35,52.32,24.9,88,critical,6,5,12,6,3.041,-5.5859,-17.3864,1
PUMP-CRITICAL,2026-01-12T04:05:00,469.96,3411.24,132.49,10.52,123.1,54.17,25.46,88,critical,6,5,12,6,-3.2397,-10.0063,18.7533,1
PUMP-CRITICAL,2026-01-12T04:10:00,462.41,3381.36,146.79,16.44,97.78,53.18,24.59,88,critical,6,5,12,6,5.9227,14.3017,-25.3155,1
PUMP-CRITICAL,2026-01-12T04:15:00,473.66,3415.49,148.36,11.26,96.78,54.15,25.65,92.4,critical,6,5,12,6,-5.183,1.565,-1.005,1
PUMP-CRITICAL,2026-01-12T04:20:00,470.63,3262.47,143.76,13.18,99.67,56.82,26.74,100,critical,6,5,12,6,1.9173,-4.6002,2.8875,1
PUMP-CRITICAL,2026-01-12T04:25:00,451.39,3518.14,148.9,14.65,98.82,53.09,23.96,95.48,critical,6,5,12,6,1.4754,5.1398,-0.8477,1
PUMP-CRITICAL,2026-01-12T04:30:00,464.14,3476.12,139.71,13.77,114.37,53.62,24.89,93.27,critical,6,5,12,6,-0.8792,-9.1903,15.5502,1
PUMP-CRITICAL,2026-01-12T04:35:00,464.0,3643.6,126.87,12.12,111.66,52.6,24.41,88,critical,6,5,12,6,-1.658,-12.8371,-2.7128,1
PUMP-CRITICAL,2026-01-12T04:40:00,468.11,3311.29,119.64,13.82,105.2,55.04,25.76,88,critical,6,5,12,6,1.7074,-7.232,-6.4549,1
PUMP-CRITICAL,2026-01-12T04:45:00,478.76,3493.14,124.67,11.38,124.1,52.14,24.96,88,critical,6,5,12,6,-2.4427,5.0287,18.8958,1
PUMP-CRITICAL,2026-01-12T04:50:00,465.74,3556.01,137.79,14.89,120.55,53.97,25.13,88,critical,6,5,12,6,3.5141,13.1291,-3.5442,1
PUMP-CRITICAL,2026-01-12T04:55:00,456.21,3212.4,130.85,11.37,100.31,55.91,25.51,91.71,critical,6,5,12,6,-3.5247,-6.9418,-20.247,1
PUMP-CRITICAL,2026-01-12T05:00:00,478.78,3421.2,122.39,12.0,96.5,55.62,26.63,88,critical,6,5,12,6,0.6317,-8.4667,-3.8101,1
PUMP-CRITICAL,2026-01-12T05:05:00,465.21,3559.15,149.12,11.15,117.09,53.04,24.67,88,critical,6,5,12,6,-0.8541,26.7308,20.595,1
PUMP-CRITICAL,2026-01-12T05:10:00,477.48,3482.33,144.95,16.45,113.7,55.55,26.52,89.92,critical,6,5,12,6,5.302,-4.1699,-3.388,1
PUMP-CRITICAL,2026-01-12T05:15:00,460.38,3414.64,135.79,14.42,108.17,56.33,25.93,90.79,critical,6,5,12,6,-2.0282,-9.1564,-5.5314,1
PUMP-CRITICAL,2026-01-12T05:20:00,461.12,3314.66,123.25,14.29,119.7,53.39,24.62,88,critical,6,5,12,6,-0.1279,-12.5412,11.5304,1
PUMP-CRITICAL,2026-01-12T05:25:00,455.84,3672.92,136.03,13.97,104.08,53.5,24.39,88.8,critical,6,5,12,6,-0.3263,12.7804,-15.6203,1
PUMP-CRITICAL,2026-01-12T05:30:00,451.62,3271.22,133.07,12.89,112.65,54.02,24.4,90.98,critical,6,5,12,6,-1.0761,-2.9592,8.5724,1
PUMP-CRITICAL,2026-01-12T05:35:00,453.92,3485.77,138.41,12.15,107.86,57.18,25.96,99.55,critical,6,5,12,6,-0.7428,5.3368,-4.791,1
PUMP-CRITICAL,2026-01-12T05:40:00,477.34,3682.56,130.03,15.34,116.35,59.52,28.41,98.58,critical,6,5,12,6,3.1873,-8.3722,8.4848,1
PUMP-CRITICAL,2026-01-12T05:45:00,467.07,3557.93,136.6,13.7,96.12,54.55,25.48,94.81,critical,6,5,12,6,-1.6367,6.5625,-20.2264,1
PUMP-CRITICAL,2026-01-12T05:50:00,480.18,3609.81,143.76,9.93,102.65,53.39,25.63,88,critical,6,5,12,6,-3.7733,7.1593,6.5298,1
PUMP-CRITICAL,2026-01-12T05:55:00,480.37,3368.81,127.51,10.21,96.49,56.74,27.26,90.59,critical,6,5,12,6,0.282,-16.2448,-6.1564,1
PUMP-CRITICAL,2026-01-12T06:00:00,458.46,3377.19,139.8,15.11,113.94,54.81,25.13,88,critical,6,5,12,6,4.905,12.2888,17.4461,1
PUMP-CRITICAL,2026-01-12T06:05:00,466.48,3384.16,120.05,15.19,106.22,52.92,24.69,88,critical,6,5,12,6,0.078,-19.7541,-7.7238,1
PUMP-CRITICAL,2026-01-12T06:10:00,478.39,3215.84,124.6,14.08,111.51,56.21,26.89,88.97,critical,6,5,12,6,-1.1072,4.5557,5.291,1
PUMP-CRITICAL,2026-01-12T06:15:00,472.88,3264.63,146.44,12.17,103.13,54.04,25.55,91.5,critical,6,5,12,6,-1.9079,21.8349,-8.3754,1
PUMP-CRITICAL,2026-01-12T06:20:00,462.24,3317.13,123.96,10.42,100.18,56.33,26.04,89.11,critical,6,5,12,6,-1.7573,-22.4818,-2.9487,1
PUMP-CRITICAL,2026-01-12T06:25:00,477.01,3554.36,132.81,10.17,104.9,57.56,27.46,91.65,critical,6,5,12,6,-0.2475,8.8557,4.7119,1
PUMP-CRITICAL,2026-01-12T06:30:00,474.83,3503.64,139.52,12.17,122.26,53.43,25.37,88,critical,6,5,12,6,1.9989,6.71,17.3649,1
PUMP-CRITICAL,2026-01-12T06:35:00,459.45,3350.3,137.13,10.81,110.57,51.75,23.77,88,critical,6,5,12,6,-1.3637,-2.3908,-11.691,1
PUMP-CRITICAL,2026-01-12T06:40:00,458.06,3233.94,132.77,15.87,105.01,55.79,25.56,96.97,critical,6,5,12,6,5.0608,-4.3652,-5.5642,1
PUMP-CRITICAL,2026-01-12T06:45:00,473.62,3578.91,139.02,15.77,117.1,57.06,27.02,90.27,critical,6,5,12,6,-0.0989,6.2575,12.095,1
PUMP-CRITICAL,2026-01-12T06:50:00,459.61,3591.57,140.08,12.49,116.91,54.76,25.17,97.63,critical,6,5,12,6,-3.2768,1.0595,-0.1915,1
PUMP-CRITICAL,2026-01-12T06:55:00,476.12,3549.69,145.25,12.93,100.23,55.43,26.39,88,critical,6,5,12,6,0.4423,5.172,-16.6829,1
PUMP-CRITICAL,2026-01-12T07:00:00,464.54,3258.42,125.37,10.21,103.77,55.16,25.62,88,critical,6,5,12,6,-2.7184,-19.8879,3.5401,1
PUMP-CRITICAL,2026-01-12T07:05:00,457.28,3474.83,132.18,16.59,105.17,53.48,24.46,88.2,critical,6,5,12,6,6.3776,6.8116,1.4024,1
PUMP-CRITICAL,2026-01-12T07:10:00,475.72,3451.19,144.73,16.28,103.11,56.07,26.68,88,critical,6,5,12,6,-0.3113,12.5547,-2.0595,1
PUMP-CRITICAL,2026-01-12T07:15:00,468.39,3650.2,123.93,11.06,110.16,55.22,25.86,92.13,critical,6,5,12,6,-5.2239,-20.802,7.0488,1
PUMP-CRITICAL,2026-01-12T07:20:00,462.42,3349.04,134.57,14.12,107.52,53.13,24.57,89.1,critical,6,5,12,6,3.0613,10.6425,-2.6339,1
PUMP-CRITICAL,2026-01-12T07:25:00,473.17,3696.89,122.84,14.82,103.11,54.19,25.64,88,critical,6,5,12,6,0.7052,-11.7321,-4.4104,1
PUMP-CRITICAL,2026-01-12T07:30:00,466.08,3476.12,143.95,11.04,117.84,55.89,26.05,91.64,critical,6,5,12,6,-3.7837,21.1082,14.731,1
PUMP-CRITICAL,2026-01-12T07:35:00,464.15,3656.65,145.47,11.83,108.65,58.0,26.92,99.01,critical,6,5,12,6,0.7952,1.5226,-9.1916,1
PUMP-CRITICAL,2026-01-12T07:40:00,450.77,3586.89,135.55,14.8,97.43,53.53,24.13,88,critical,6,5,12,6,2.9685,-9.9206,-11.2238,1
PUMP-CRITICAL,2026-01-12T07:45:00,452.81,3549.76,128.1,16.47,108.79,53.74,24.33,88,critical,6,5,12,6,1.6716,-7.4484,11.3611,1
PUMP-CRITICAL,2026-01-12T07:50:00,456.62,3327.41,124.05,9.7,118.72,55.36,25.28,98.72,critical,6,5,12,6,-6.7733,-4.055,9.9347,1
PUMP-CRITICAL,2026-01-12T07:55:00,454.56,3499.44,146.52,11.85,112.0,54.51,24.78,88,critical,6,5,12,6,2.1451,22.4714,-6.725,1
PUMP-CRITICAL,2026-01-12T08:00:00,462.65,3476.02,134.99,12.11,111.21,57.17,26.45,95.95,critical,6,5,12,6,0.2623,-11.5244,-0.7867,1
PUMP-CRITICAL,2026-01-12T08:05:00,471.4,3648.23,147.96,16.11,119.3,56.35,26.57,96.19,critical,6,5,12,6,4.0027,12.9617,8.0903,1
PUMP-CRITICAL,2026-01-12T08:10:00,459.06,3611.48,125.63,11.94,102.67,56.13,25.77,100,critical,6,5,12,6,-4.1679,-22.3299,-16.6367,1
PUMP-CRITICAL,2026-01-12T08:15:00,461.69,3402.07,122.73,16.04,103.13,55.08,25.43,88,critical,6,5,12,6,4.0938,-2.9005,0.4586,1
PUMP-CRITICAL,2026-01-12T08:20:00,470.52,3494.41,143.6,16.49,106.41,55.86,26.28,92.36,critical,6,5,12,6,0.4563,20.878,3.2873,1
PUMP-CRITICAL,2026-01-12T08:25:00,479.07,3573.19,138.61,13.49,118.93,56.03,26.84,88,critical,6,5,12,6,-3.0072,-4.9921,12.5161,1
PUMP-CRITICAL,2026-01-12T08:30:00,455.9,3217.89,134.94,11.7,94.56,52.99,24.16,88,critical,6,5,12,6,-1.7846,-3.6744,-24.368,1
PUMP-CRITICAL,2026-01-12T08:35:00,469.21,3431.34,128.92,12.03,115.07,54.99,25.8,97.84,critical,6,5,12,6,0.3326,-6.0165,20.5064,1
PUMP-CRITICAL,2026-01-12T08:40:00,469.64,3665.74,127.8,9.68,118.54,55.94,26.27,88,critical,6,5,12,6,-2.3523,-1.1187,3.4751,1
PUMP-CRITICAL,2026-01-12T08:45:00,454.56,3708.08,133.66,13.33,105.69,54.21,24.64,88,critical,6,5,12,6,3.6454,5.856,-12.8521,1
PUMP-CRITICAL,2026-01-12T08:50:00,470.75,3247.92,148.61,15.2,95.9,55.54,26.14,88.76,critical,6,5,12,6,1.8728,14.9479,-9.7887,1
PUMP-CRITICAL,2026-01-12T08:55:00,472.91,3536.24,129.64,14.94,119.9,57.09,27.0,99.97,critical,6,5,12,6,-0.2644,-18.9649,23.9971,1
PUMP-CRITICAL,2026-01-12T09:00:00,476.55,3475.42,144.27,15.46,95.58,56.43,26.89,95.08,critical,6,5,12,6,0.5251,14.6238,-24.3189,1
PUMP-CRITICAL,2026-01-12T09:05:00,456.82,3433.13,124.16,13.87,122.02,51.08,23.33,88,critical,6,5,12,6,-1.5953,-20.1029,26.4372,1
PUMP-CRITICAL,2026-01-12T09:10:00,451.55,3296.18,147.71,10.6,108.25,56.72,25.61,96.72,critical,6,5,12,6,-3.2627,23.551,-13.7659,1
PUMP-CRITICAL,2026-01-12T09:15:00,473.28,3541.23,136.05,13.98,122.91,56.88,26.92,92.74,critical,6,5,12,6,3.3735,-11.662,14.6636,1
PUMP-CRITICAL,2026-01-12T09:20:00,473.05,3558.83,142.64,15.31,117.84,57.01,26.97,92.7,critical,6,5,12,6,1.3368,6.5865,-5.0737,1
PUMP-CRITICAL,2026-01-12T09:25:00,479.8,3402.15,143.54,12.6,119.09,55.85,26.8,88,critical,6,5,12,6,-2.7143,0.905,1.2447,1
PUMP-CRITICAL,2026-01-12T09:30:00,468.07,3358.36,125.69,15.41,124.19,56.83,26.6,92.82,critical,6,5,12,6,2.8069,-17.8525,5.1006,1
PUMP-CRITICAL,2026-01-12T09:35:00,462.72,3416.68,134.69,14.16,109.87,55.45,25.66,98.56,critical,6,5,12,6,-1.2477,8.9954,-14.3161,1
PUMP-CRITICAL,2026-01-12T09:40:00,469.29,3511.21,134.75,14.71,120.31,54.82,25.73,90.28,critical,6,5,12,6,0.5481,0.0691,10.4429,1
PUMP-CRITICAL,2026-01-12T09:45:00,470.49,3213.21,138.86,14.11,100.02,54.44,25.61,90.77,critical,6,5,12,6,-0.6011,4.1008,-20.2959,1
PUMP-CRITICAL,2026-01-12T09:50:00,461.84,3240.77,140.7,13.79,99.82,55.12,25.46,89.69,critical,6,5,12,6,-0.3132,1.8456,-0.2022,1
PUMP-CRITICAL,2026-01-12T09:55:00,468.47,3412.82,144.78,12.6,102.17,57.78,27.07,97.52,critical,6,5,12,6,-1.1877,4.0745,2.3534,1
PUMP-CRITICAL,2026-01-12T10:00:00,477.33,3290.83,123.45,15.0,116.16,57.61,27.5,98.73,critical,6,5,12,6,2.3974,-21.3219,13.9905,1
PUMP-CRITICAL,2026-01-12T10:05:00,469.28,3696.85,145.57,15.76,99.43,54.9,25.76,97.21,critical,6,5,12,6,0.755,22.1116,-16.7303,1
PUMP-CRITICAL,2026-01-12T10:10:00,472.8,3355.05,146.02,14.36,114.41,54.01,25.54,88,critical,6,5,12,6,-1.4002,0.4528,14.9813,1
PUMP-CRITICAL,2026-01-12T10:15:00,479.18,3490.35,145.3,9.81,110.14,57.92,27.75,91.91,critical,6,5,12,6,-4.5465,-0.7211,-4.2737,1
PUMP-CRITICAL,2026-01-12T10:20:00,466.08,3651.19,129.85,11.09,120.85,55.98,26.09,92.94,critical,6,5,12,6,1.2812,-15.4484,10.7113,1
PUMP-CRITICAL,2026-01-12T10:25:00,471.29,3636.06,130.13,15.08,111.47,53.67,25.29,88,critical,6,5,12,6,3.9882,0.2832,-9.3749,1
PUMP-CRITICAL,2026-01-12T10:30:00,453.36,3476.5,138.15,10.71,117.65,52.49,23.79,88,critical,6,5,12,6,-4.369,8.0209,6.1776,1
PUMP-CRITICAL,2026-01-12T10:35:00,467.0,3313.84,139.84,14.85,107.64,53.79,25.12,88,critical,6,5,12,6,4.1357,1.6874,-10.0088,1
PUMP-CRITICAL,2026-01-12T10:40:00,469.64,3335.57,135.97,15.6,107.07,55.42,26.03,92.34,critical,6,5,12,6,0.7559,-3.8748,-0.5674,1
PUMP-CRITICAL,2026-01-12T10:45:00,451.78,3424.06,147.19,15.82,107.08,55.4,25.03,96.8,critical,6,5,12,6,0.2204,11.2211,0.008,1
PUMP-CRITICAL,2026-01-12T10:50:00,451.26,3618.38,119.78,10.93,123.61,52.32,23.61,88,critical,6,5,12,6,-4.8969,-27.4067,16.5244,1
PUMP-CRITICAL,2026-01-12T10:55:00,457.2,3543.6,140.8,13.44,119.16,57.15,26.13,96.96,critical,6,5,12,6,2.5186,21.0227,-4.4468,1
PUMP-CRITICAL,2026-01-12T11:00:00,462.85,3607.82,133.9,14.83,112.81,52.26,24.19,88,critical,6,5,12,6,1.3854,-6.9044,-6.3477,1
PUMP-CRITICAL,2026-01-12T11:05:00,458.58,3386.73,140.61,15.82,112.99,53.38,24.48,88,critical,6,5,12,6,0.9889,6.716,0.1806,1
PUMP-CRITICAL,2026-01-12T11:10:00,468.49,3683.44,134.02,11.57,96.32,55.41,25.96,88,critical,6,5,12,6,-4.2484,-6.5978,-16.6748,1
PUMP-CRITICAL,2026-01-12T11:15:00,470.58,3372.41,132.34,11.59,120.88,53.5,25.18,88,critical,6,5,12,6,0.0216,-1.678,24.5632,1
PUMP-CRITICAL,2026-01-12T11:20:00,466.85,3699.56,147.49,12.32,96.99,55.51,25.92,89.38,critical,6,5,12,6,0.725,15.15,-23.8919,1
PUMP-CRITICAL,2026-01-12T11:25:00,466.05,3427.9,134.63,12.48,120.54,54.84,25.56,93.72,critical,6,5,12,6,0.1637,-12.8532,23.5531,1
PUMP-CRITICAL,2026-01-12T11:30:00,463.4,3332.02,130.51,14.17,120.05,52.0,24.1,88,critical,6,5,12,6,1.6921,-4.1209,-0.4877,1
PUMP-CRITICAL,2026-01-12T11:35:00,480.25,3330.23,145.93,15.75,124.01,56.79,27.27,97.44,critical,6,5,12,6,1.5819,15.4195,3.9566,1
PUMP-CRITICAL,2026-01-12T11:40:00,475.5,3266.54,125.22,13.35,99.31,55.22,26.26,94.95,critical,6,5,12,6,-2.409,-20.7096,-24.7019,1
PUMP-CRITICAL,2026-01-12T11:45:00,456.29,3299.52,124.14,16.16,98.21,56.66,25.85,98.18,critical,6,5,12,6,2.8159,-1.0876,-1.0981,1
PUMP-CRITICAL,2026-01-12T11:50:00,470.73,3253.93,142.51,12.9,124.04,54.29,25.56,91.02,critical,6,5,12,6,-3.2581,18.371,25.8262,1
PUMP-CRITICAL,2026-01-12T11:55:00,463.69,3321.84,127.42,15.04,119.76,56.08,26.01,92.33,critical,6,5,12,6,2.132,-15.0914,-4.2804,1
PUMP-CRITICAL,2026-01-12T12:00:00,469.78,3226.64,121.33,13.44,110.77,56.44,26.51,88,critical,6,5,12,6,-1.5935,-6.0814,-8.9842,1
PUMP-CRITICAL,2026-01-12T12:05:00,475.22,3580.78,141.12,9.84,105.05,57.23,27.2,90.15,critical,6,5,12,6,-3.5995,19.7841,-5.7223,1
PUMP-CRITICAL,2026-01-12T12:10:00,451.7,3400.26,145.79,12.96,100.96,54.07,24.43,93.06,critical,6,5,12,6,3.1154,4.6708,-4.088,1
PUMP-CRITICAL,2026-01-12T12:15:00,456.07,3392.98,134.9,16.43,106.89,53.53,24.41,88,critical,6,5,12,6,3.4751,-10.8933,5.924,1
PUMP-CRITICAL,2026-01-12T12:20:00,467.51,3581.76,140.6,12.12,115.05,57.3,26.79,98.66,critical,6,5,12,6,-4.3094,5.7007,8.161,1
PUMP-CRITICAL,2026-01-12T12:25:00,465.37,3265.79,124.92,10.31,118.65,54.4,25.32,88,critical,6,5,12,6,-1.8089,-15.6747,3.6029,1
PUMP-CRITICAL,2026-01-12T12:30:00,456.6,3649.29,137.84,12.75,102.05,56.9,25.98,98.0,critical,6,5,12,6,2.4362,12.9176,-16.5974,1
PUMP-CRITICAL,2026-01-12T12:35:00,474.09,3479.6,147.9,14.31,104.87,53.31,25.27,88,critical,6,5,12,6,1.5569,10.0606,2.817,1
PUMP-CRITICAL,2026-01-12T12:40:00,474.34,3442.78,119.76,14.39,123.35,54.57,25.88,88,critical,6,5,12,6,0.0825,-28.1393,18.4833,1
PUMP-CRITICAL,2026-01-12T12:45:00,450.56,3447.6,139.9,11.51,109.02,52.64,23.72,88.21,critical,6,5,12,6,-2.8761,20.1389,-14.3345,1
PUMP-CRITICAL,2026-01-12T12:50:00,455.84,3366.91,136.3,15.68,118.96,55.85,25.46,100,critical,6,5,12,6,4.1691,-3.5967,9.9413,1
PUMP-CRITICAL,2026-01-12T12:55:00,473.98,3267.25,126.52,13.69,95.56,55.3,26.21,92.89,critical,6,5,12,6,-1.9919,-9.7862,-23.4006,1
PUMP-CRITICAL,2026-01-12T13:00:00,456.98,3566.91,132.29,14.46,99.6,54.53,24.92,90.25,critical,6,5,12,6,0.7665,5.7732,4.0442,1
PUMP-CRITICAL,2026-01-12T13:05:00,466.37,3287.9,142.72,14.08,118.1,55.23,25.76,88,critical,6,5,12,6,-0.3747,10.4323,18.4953,1
PUMP-CRITICAL,2026-01-12T13:10:00,474.9,3410.83,127.53,10.32,104.74,58.07,27.58,93.62,critical,6,5,12,6,-3.7628,-15.1939,-13.3589,1
PUMP-CRITICAL,2026-01-12T13:15:00,461.04,3440.7,143.42,12.78,99.72,54.67,25.21,93.63,critical,6,5,12,6,2.4616,15.8883,-5.0186,1
PUMP-CRITICAL,2026-01-12T13:20:00,465.05,3252.14,144.51,10.94,107.79,55.22,25.68,99.95,critical,6,5,12,6,-1.8462,1.0895,8.0655,1
PUMP-CRITICAL,2026-01-12T13:25:00,478.1,3222.15,140.53,12.21,110.38,55.97,26.76,88,critical,6,5,12,6,1.2735,-3.9781,2.5953,1
PUMP-CRITICAL,2026-01-12T13:30:00,467.22,3248.88,130.73,13.32,116.94,58.22,27.2,96.84,critical,6,5,12,6,1.1089,-9.7944,6.5607,1
PUMP-CRITICAL,2026-01-12T13:35:00,470.91,3540.26,137.09,13.87,111.47,55.7,26.23,88,critical,6,5,12,6,0.5516,6.3561,-5.4708,1
PUMP-CRITICAL,2026-01-12T13:40:00,457.83,3332.03,121.51,10.15,100.42,54.17,24.8,88,critical,6,5,12,6,-3.7191,-15.5826,-11.0531,1
PUMP-CRITICAL,2026-01-12T13:45:00,476.13,3664.78,143.5,11.57,113.05,57.0,27.14,95.81,critical,6,5,12,6,1.4239,21.9885,12.631,1
PUMP-CRITICAL,2026-01-12T13:50:00,477.49,3224.05,130.84,15.52,102.2,57.93,27.66,96.47,critical,6,5,12,6,3.9457,-12.6575,-10.8493,1
PUMP-CRITICAL,2026-01-12T13:55:00,470.76,3227.01,144.22,16.11,107.47,56.71,26.7,90.1,critical,6,5,12,6,0.5879,13.3847,5.2674,1
PUMP-CRITICAL,2026-01-12T14:00:00,476.37,3556.43,120.64,10.14,118.36,55.25,26.32,88,critical,6,5,12,6,-5.9648,-23.5867,10.8959,1
PUMP-CRITICAL,2026-01-12T14:05:00,478.65,3215.79,121.88,14.34,95.25,56.74,27.16,88,critical,6,5,12,6,4.1956,1.2469,-23.1167,1
PUMP-CRITICAL,2026-01-12T14:10:00,451.37,3679.14,140.85,15.76,106.91,54.07,24.41,93.28,critical,6,5,12,6,1.4163,18.9633,11.6634,1
PUMP-CRITICAL,2026-01-12T14:15:00,457.28,3326.14,123.5,12.11,114.76,51.56,23.58,88,critical,6,5,12,6,-3.6426,-17.3459,7.8481,1
PUMP-CRITICAL,2026-01-12T14:20:00,461.13,3294.26,121.26,11.16,103.06,55.22,25.46,88,critical,6,5,12,6,-0.9564,-2.2375,-11.6961,1
PUMP-CRITICAL,2026-01-12T14:25:00,478.48,3707.04,126.8,13.67,114.89,58.98,28.22,100,critical,6,5,12,6,2.5169,5.5345,11.8304,1
PUMP-CRITICAL,2026-01-12T14:30:00,461.63,3658.2,146.16,10.8,99.31,55.03,25.4,92.17,critical,6,5,12,6,-2.8763,19.3628,-15.5849,1
PUMP-CRITICAL,2026-01-12T14:35:00,476.7,3562.0,135.75,15.1,104.88,57.07,27.21,89.15,critical,6,5,12,6,4.3032,-10.4133,5.5669,1
PUMP-CRITICAL,2026-01-12T14:40:00,460.31,3617.3,143.47,13.2,98.2,54.9,25.27,94.11,critical,6,5,12,6,-1.9036,7.72,-6.6712,1
PUMP-CRITICAL,2026-01-12T14:45:00,466.81,3604.27,137.33,16.23,112.47,57.85,27.0,94.65,critical,6,5,12,6,3.0342,-6.1332,14.2645,1
PUMP-CRITICAL,2026-01-12T14:50:00,477.21,3509.31,137.06,12.87,108.1,53.95,25.75,88.19,critical,6,5,12,6,-3.357,-0.2734,-4.3695,1
PUMP-CRITICAL,2026-01-12T14:55:00,457.51,3307.6,128.7,12.01,96.49,55.52,25.4,88,critical,6,5,12,6,-0.8646,-8.3621,-11.6138,1
PUMP-CRITICAL,2026-01-12T15:00:00,479.18,3533.67,120.43,10.88,95.36,55.16,26.43,88,critical,6,5,12,6,-1.1278,-8.2684,-1.1207,1
PUMP-CRITICAL,2026-01-12T15:05:00,470.24,3544.65,128.53,14.4,100.32,52.86,24.86,88,critical,6,5,12,6,3.5217,8.0959,4.9584,1
PUMP-CRITICAL,2026-01-12T15:10:00,470.49,3412.77,143.78,14.18,95.77,56.42,26.55,96.97,critical,6,5,12,6,-0.2201,15.2541,-4.557,1
PUMP-CRITICAL,2026-01-12T15:15:00,461.56,3645.87,145.67,16.15,102.57,54.39,25.1,88,critical,6,5,12,6,1.9659,1.8915,6.8051,1
PUMP-CRITICAL,2026-01-12T15:20:00,460.55,3315.88,123.83,10.21,106.25,56.8,26.16,98.35,critical,6,5,12,6,-5.9427,-21.8463,3.6798,1
PUMP-CRITICAL,2026-01-12T15:25:00,464.27,3649.3,134.93,12.69,104.57,56.17,26.08,97.11,critical,6,5,12,6,2.4825,11.1013,-1.6836,1
PUMP-CRITICAL,2026-01-12T15:30:00,473.95,3574.96,148.98,14.55,100.27,57.12,27.07,93.6,critical,6,5,12,6,1.8647,14.0541,-4.3,1
PUMP-CRITICAL,2026-01-12T15:35:00,478.06,3587.79,135.23,11.35,119.79,56.82,27.16,98.77,critical,6,5,12,6,-3.2069,-13.7526,19.5263,1
PUMP-CRITICAL,2026-01-12T15:40:00,451.35,3215.21,138.76,11.74,106.14,53.31,24.06,88.35,critical,6,5,12,6,0.3904,3.5353,-13.6528,1
PUMP-CRITICAL,2026-01-12T15:45:00,467.75,3253.41,138.49,9.9,107.0,55.46,25.94,88,critical,6,5,12,6,-1.835,-0.2762,0.8626,1
PUMP-CRITICAL,2026-01-12T15:50:00,475.67,3247.07,128.16,13.6,103.14,53.64,25.52,88,critical,6,5,12,6,3.7016,-10.3267,-3.859,1
PUMP-CRITICAL,2026-01-12T15:55:00,461.39,3623.02,134.31,16.26,98.61,57.83,26.68,98.33,critical,6,5,12,6,2.6614,6.1496,-4.5335,1
PUMP-CRITICAL,2026-01-12T16:00:00,452.73,3246.72,127.43,10.27,97.39,54.4,24.63,94.07,critical,6,5,12,6,-5.9916,-6.8775,-1.2222,1
PUMP-CRITICAL,2026-01-12T16:05:00,462.91,3561.18,134.64,10.47,96.46,52.99,24.53,88,critical,6,5,12,6,0.1979,7.2093,-0.9324,1
PUMP-CRITICAL,2026-01-12T16:10:00,467.55,3514.01,121.07,9.87,115.74,54.35,25.41,88,critical,6,5,12,6,-0.5976,-13.5739,19.2808,1
PUMP-CRITICAL,2026-01-12T16:15:00,463.69,3351.57,131.82,10.62,113.06,54.7,25.36,93.05,critical,6,5,12,6,0.7509,10.7519,-2.6737,1
PUMP-CRITICAL,2026-01-12T16:20:00,463.23,3460.82,127.12,12.55,114.37,56.69,26.26,93.58,critical,6,5,12,6,1.9236,-4.7015,1.3026,1
PUMP-CRITICAL,2026-01-12T16:25:00,456.97,3329.02,132.1,12.99,116.29,56.05,25.61,95.89,critical,6,5,12,6,0.4406,4.98,1.9203,1
PUMP-CRITICAL,2026-01-12T16:30:00,454.31,3479.55,137.39,14.96,117.71,51.22,23.27,88,critical,6,5,12,6,1.9689,5.2913,1.4213,1
PUMP-CRITICAL,2026-01-12T16:35:00,451.14,3636.91,123.97,15.37,108.16,53.71,24.23,88,critical,6,5,12,6,0.4152,-13.4213,-9.5438,1
PUMP-CRITICAL,2026-01-12T16:40:00,456.94,3225.97,130.3,14.62,121.34,57.56,26.3,97.3,critical,6,5,12,6,-0.7527,6.3341,13.1727,1
PUMP-CRITICAL,2026-01-12T16:45:00,473.54,3653.6,134.11,11.55,115.7,58.65,27.77,97.94,critical,6,5,12,6,-3.0662,3.8036,-5.6371,1
PUMP-CRITICAL,2026-01-12T16:50:00,468.63,3451.96,148.08,15.52,110.91,54.63,25.6,89.28,critical,6,5,12,6,3.9661,13.9738,-4.794,1
PUMP-CRITICAL,2026-01-12T16:55:00,474.4,3468.71,148.56,10.23,113.19,55.79,26.47,96.86,critical,6,5,12,6,-5.2946,0.4825,2.2845,1
PUMP-CRITICAL,2026-01-12T17:00:00,454.81,3656.69,143.71,11.18,100.77,53.34,24.26,94.91,critical,6,5,12,6,0.9551,-4.8525,-12.4217,1
PUMP-CRITICAL,2026-01-12T17:05:00,464.82,3271.65,146.81,14.76,102.65,53.97,25.09,88,critical,6,5,12,6,3.5756,3.1018,1.8849,1
PUMP-CRITICAL,2026-01-12T17:10:00,471.36,3562.24,136.88,14.28,105.33,54.18,25.54,88.4,critical,6,5,12,6,-0.4803,-9.9344,2.6794,1
PUMP-CRITICAL,2026-01-12T17:15:00,459.93,3690.97,142.23,16.51,122.39,52.9,24.33,88,critical,6,5,12,6,2.239,5.3551,17.0572,1
PUMP-CRITICAL,2026-01-12T17:20:00,478.16,3217.62,147.66,14.82,99.25,55.57,26.57,88,critical,6,5,12,6,-1.6908,5.4275,-23.137,1
PUMP-CRITICAL,2026-01-12T17:25:00,452.34,3327.61,141.14,10.18,95.4,54.51,24.66,88,critical,6,5,12,6,-4.6414,-6.5168,-3.8476,1
PUMP-CRITICAL,2026-01-12T17:30:00,457.08,3695.08,137.48,10.09,112.87,53.0,24.22,88,critical,6,5,12,6,-0.0953,-3.6615,17.4631,1
PUMP-CRITICAL,2026-01-12T17:35:00,467.81,3464.6,130.17,14.92,107.36,54.54,25.51,94.74,critical,6,5,12,6,4.8323,-7.3122,-5.5088,1
PUMP-CRITICAL,2026-01-12T17:40:00,475.91,3469.26,137.8,14.81,122.28,54.57,25.97,88,critical,6,5,12,6,-0.1111,7.6281,14.9174,1
PUMP-CRITICAL,2026-01-12T17:45:00,464.85,3340.39,123.5,11.23,97.18,52.47,24.39,88,critical,6,5,12,6,-3.5786,-14.2963,-25.1016,1
PUMP-CRITICAL,2026-01-12T17:50:00,469.09,3495.35,131.09,12.09,97.9,57.43,26.94,93.93,critical,6,5,12,6,0.8605,7.5837,0.7229,1
PUMP-CRITICAL,2026-01-12T17:55:00,466.47,3507.82,130.31,16.27,102.25,57.41,26.78,95.34,critical,6,5,12,6,4.1753,-0.7707,4.3555,1
PUMP-CRITICAL,2026-01-12T18:00:00,462.77,3395.78,124.59,15.27,104.94,53.49,24.75,90.82,critical,6,5,12,6,-0.9915,-5.7213,2.689,1
PUMP-CRITICAL,2026-01-12T18:05:00,463.29,3610.56,129.28,12.48,105.71,54.42,25.21,88.98,critical,6,5,12,6,-2.7952,4.6832,0.7715,1
PUMP-CRITICAL,2026-01-12T18:10:00,467.18,3525.32,138.95,10.99,121.68,53.19,24.85,88,critical,6,5,12,6,-1.4839,9.6743,15.9661,1
PUMP-CRITICAL,2026-01-12T18:15:00,460.7,3425.8,138.34,12.34,108.23,54.88,25.29,96.09,critical,6,5,12,6,1.3493,-0.6081,-13.4484,1
PUMP-CRITICAL,2026-01-12T18:20:00,460.68,3322.2,148.32,10.85,99.59,54.75,25.22,88,critical,6,5,12,6,-1.4958,9.9732,-8.6449,1
PUMP-CRITICAL,2026-01-12T18:25:00,465.51,3367.3,129.47,13.0,109.22,53.76,25.03,91.79,critical,6,5,12,6,2.1565,-18.8502,9.6283,1
PUMP-CRITICAL,2026-01-12T18:30:00,465.76,3516.17,120.34,10.86,107.13,56.38,26.26,89.88,critical,6,5,12,6,-2.1418,-9.1277,-2.0861,1
PUMP-CRITICAL,2026-01-12T18:35:00,463.13,3455.81,141.47,16.04,105.62,56.28,26.07,94.37,critical,6,5,12,6,5.1723,21.1281,-1.509,1
PUMP-CRITICAL,2026-01-12T18:40:00,466.36,3570.16,135.83,9.85,111.93,54.03,25.2,88,critical,6,5,12,6,-6.1846,-5.6408,6.3057,1
PUMP-CRITICAL,2026-01-12T18:45:00,477.75,3608.32,129.39,13.75,119.45,56.37,26.93,92.06,critical,6,5,12,6,3.8955,-6.4406,7.5217,1
PUMP-CRITICAL,2026-01-12T18:50:00,453.86,3244.85,125.48,15.33,103.67,55.81,25.33,96.57,critical,6,5,12,6,1.5796,-3.9061,-15.7783,1
PUMP-CRITICAL,2026-01-12T18:55:00,458.38,3687.96,140.27,13.93,100.56,55.24,25.32,94.31,critical,6,5,12,6,-1.393,14.7913,-3.1107,1
PUMP-CRITICAL,2026-01-12T19:00:00,465.05,3661.8,123.02,10.42,95.79,55.2,25.67,93.95,critical,6,5,12,6,-3.5105,-17.253,-4.7648,1
PUMP-CRITICAL,2026-01-12T19:05:00,453.0,3280.65,139.95,15.82,114.22,54.78,24.82,93.95,critical,6,5,12,6,5.4001,16.9302,18.4272,1
PUMP-CRITICAL,2026-01-12T19:10:00,464.53,3297.19,144.34,12.19,102.52,53.46,24.83,88.51,critical,6,5,12,6,-3.6374,4.3961,-11.698,1
PUMP-CRITICAL,2026-01-12T19:15:00,456.83,3493.59,143.63,12.0,119.89,55.67,25.43,93.57,critical,6,5,12,6,-0.1889,-0.71,17.3642,1
PUMP-CRITICAL,2026-01-12T19:20:00,460.74,3480.42,143.53,16.47,113.51,55.52,25.58,88,critical,6,5,12,6,4.4771,-0.1021,-6.373,1
PUMP-CRITICAL,2026-01-12T19:25:00,454.13,3653.67,121.57,11.34,111.07,55.32,25.12,97.58,critical,6,5,12,6,-5.1305,-21.9627,-2.4449,1
PUMP-CRITICAL,2026-01-12T19:30:00,450.51,3351.89,144.38,10.87,116.88,53.53,24.12,88,critical,6,5,12,6,-0.4774,22.8158,5.8156,1
PUMP-CRITICAL,2026-01-12T19:35:00,471.59,3527.98,139.14,12.87,108.34,54.39,25.65,89.16,critical,6,5,12,6,2.0079,-5.2423,-8.541,1
PUMP-CRITICAL,2026-01-12T19:40:00,450.46,3597.4,128.42,16.3,119.65,55.06,24.8,92.07,critical,6,5,12,6,3.4289,-10.7267,11.3042,1
PUMP-CRITICAL,2026-01-12T19:45:00,457.77,3615.9,137.7,12.07,95.37,56.66,25.94,91.79,critical,6,5,12,6,-4.2296,9.2802,-24.2732,1
PUMP-CRITICAL,2026-01-12T19:50:00,471.26,3578.18,123.77,10.71,103.08,56.17,26.47,97.75,critical,6,5,12,6,-1.3646,-13.9222,7.7099,1
PUMP-CRITICAL,2026-01-12T19:55:00,453.06,3566.09,128.84,12.76,108.51,54.01,24.47,88,critical,6,5,12,6,2.0536,5.0655,5.4303,1
PUMP-CRITICAL,2026-01-12T20:00:00,474.78,3681.64,132.97,11.97,115.75,54.77,26.0,92.53,critical,6,5,12,6,-0.7944,4.1327,7.2347,1
PUMP-CRITICAL,2026-01-12T20:05:00,454.97,3613.6,126.12,9.86,108.56,51.33,23.35,88,critical,6,5,12,6,-2.1052,-6.8526,-7.1898,1
PUMP-CRITICAL,2026-01-12T20:10:00,472.49,3382.96,139.88,13.11,112.47,58.66,27.72,98.57,critical,6,5,12,6,3.2475,13.7561,3.9079,1
PUMP-CRITICAL,2026-01-12T20:15:00,460.31,3291.92,120.08,14.39,94.82,55.82,25.69,95.5,critical,6,5,12,6,1.2799,-19.7974,-17.652,1
PUMP-CRITICAL,2026-01-12T20:20:00,453.34,3685.33,137.28,11.36,105.58,53.39,24.2,89.48,critical,6,5,12,6,-3.0269,17.2002,10.7676,1
PUMP-CRITICAL,2026-01-12T20:25:00,454.27,3543.38,137.13,13.68,101.58,55.96,25.42,92.33,critical,6,5,12,6,2.3156,-0.1434,-4.0081,1
PUMP-CRITICAL,2026-01-12T20:30:00,451.71,3534.22,140.64,13.06,95.21,53.25,24.05,89.3,critical,6,5,12,6,-0.618,3.5066,-6.3653,1
PUMP-CRITICAL,2026-01-12T20:35:00,475.55,3417.35,148.2,13.03,113.18,53.67,25.52,88,critical,6,5,12,6,-0.0329,7.5561,17.972,1
PUMP-CRITICAL,2026-01-12T20:40:00,479.57,3493.22,133.44,15.06,95.07,57.65,27.65,94.97,critical,6,5,12,6,2.0319,-14.7545,-18.1115,1
PUMP-CRITICAL,2026-01-12T20:45:00,470.56,3449.1,131.22,12.79,107.42,55.93,26.32,88,critical,6,5,12,6,-2.274,-2.2211,12.3516,1
PUMP-CRITICAL,2026-01-12T20:50:00,467.81,3387.49,145.12,13.33,98.23,55.88,26.14,97.75,critical,6,5,12,6,0.5487,13.895,-9.1965,1
PUMP-CRITICAL,2026-01-12T20:55:00,463.06,3311.2,134.76,11.92,114.17,57.11,26.44,94.52,critical,6,5,12,6,-1.4185,-10.3538,15.9423,1
PUMP-CRITICAL,2026-01-12T21:00:00,467.23,3691.01,120.12,13.31,100.26,54.94,25.67,98.84,critical,6,5,12,6,1.3937,-14.6405,-13.9045,1
PUMP-CRITICAL,2026-01-12T21:05:00,453.95,3703.75,142.42,14.67,109.38,53.19,24.15,93.24,critical,6,5,12,6,1.3635,22.2935,9.1137,1
PUMP-CRITICAL,2026-01-12T21:10:00,457.36,3622.8,146.37,13.49,98.14,54.12,24.75,90.97,critical,6,5,12,6,-1.1832,3.9517,-11.2361,1
PUMP-CRITICAL,2026-01-12T21:15:00,480.22,3642.75,141.39,11.75,112.95,55.41,26.61,90.66,critical,6,5,12,6,-1.7359,-4.9768,14.8133,1
PUMP-CRITICAL,2026-01-12T21:20:00,462.7,3260.26,129.49,13.48,117.1,57.55,26.63,95.84,critical,6,5,12,6,1.7312,-11.8985,4.1456,1
PUMP-CRITICAL,2026-01-12T21:25:00,455.99,3398.61,141.14,12.57,108.82,52.04,23.73,88,critical,6,5,12,6,-0.9161,11.6451,-8.2825,1
PUMP-CRITICAL,2026-01-12T21:30:00,476.97,3261.65,144.81,11.41,123.62,56.79,27.09,92.68,critical,6,5,12,6,-1.1586,3.6719,14.798,1
PUMP-CRITICAL,2026-01-12T21:35:00,477.42,3241.87,138.12,15.65,108.86,55.16,26.33,88,critical,6,5,12,6,4.2358,-6.6932,-14.7577,1
PUMP-CRITICAL,2026-01-12T21:40:00,475.38,3423.39,133.11,14.99,106.54,52.38,24.9,88,critical,6,5,12,6,-0.6603,-5.0042,-2.3196,1
PUMP-CRITICAL,2026-01-12T21:45:00,472.97,3546.82,133.22,12.71,107.04,55.48,26.24,95.79,critical,6,5,12,6,-2.2709,0.1131,0.4994,1
PUMP-CRITICAL,2026-01-12T21:50:00,461.81,3417.21,127.0,14.26,112.25,53.91,24.89,88,critical,6,5,12,6,1.5479,-6.2225,5.213,1
PUMP-CRITICAL,2026-01-12T21:55:00,464.6,3428.02,122.94,13.91,123.63,56.34,26.17,95.19,critical,6,5,12,6,-0.3529,-4.0629,11.376,1
PUMP-CRITICAL,2026-01-12T22:00:00,476.36,3522.49,127.54,14.65,100.83,58.39,27.81,100,critical,6,5,12,6,0.7388,4.5955,-22.7987,1
PUMP-CRITICAL,2026-01-12T22:05:00,467.15,3276.03,125.47,9.82,104.8,57.55,26.88,93.85,critical,6,5,12,6,-4.8295,-2.0687,3.9689,1
PUMP-CRITICAL,2026-01-12T22:10:00,465.26,3478.41,136.94,12.86,100.09,57.14,26.58,96.09,critical,6,5,12,6,3.0392,11.4737,-4.7109,1
PUMP-CRITICAL,2026-01-12T22:15:00,453.83,3375.83,120.57,15.29,100.22,53.07,24.08,88,critical,6,5,12,6,2.4332,-16.367,0.135,1
PUMP-CRITICAL,2026-01-12T22:20:00,465.63,3553.11,131.13,15.35,108.37,58.36,27.17,99.07,critical,6,5,12,6,0.0584,10.5567,8.1508,1
PUMP-CRITICAL,2026-01-12T22:25:00,456.43,3357.28,136.63,11.53,119.04,57.41,26.21,96.55,critical,6,5,12,6,-3.8178,5.496,10.6674,1
PUMP-CRITICAL,2026-01-12T22:30:00,454.03,3417.97,129.26,12.15,109.19,54.82,24.89,92.92,critical,6,5,12,6,0.6185,-7.3647,-9.8485,1
PUMP-CRITICAL,2026-01-12T22:35:00,476.33,3681.71,123.69,12.16,114.63,58.2,27.72,95.23,critical,6,5,12,6,0.009,-5.574,5.4404,1
PUMP-CRITICAL,2026-01-12T22:40:00,480.16,3447.58,120.38,11.83,106.19,55.77,26.78,92.27,critical,6,5,12,6,-0.326,-3.3085,-8.4395,1
PUMP-CRITICAL,2026-01-12T22:45:00,468.91,3367.13,131.4,15.56,101.28,54.41,25.51,88,critical,6,5,12,6,3.7294,11.0248,-4.9107,1
PUMP-CRITICAL,2026-01-12T22:50:00,476.81,3530.95,146.32,11.79,107.62,57.12,27.24,92.17,critical,6,5,12,6,-3.7757,14.9151,6.3356,1
PUMP-CRITICAL,2026-01-12T22:55:00,479.41,3629.37,142.14,16.55,95.61,56.01,26.85,90.29,critical,6,5,12,6,4.7648,-4.1792,-12.0092,1
PUMP-CRITICAL,2026-01-12T23:00:00,460.16,3280.98,123.1,11.35,109.64,53.23,24.49,88,critical,6,5,12,6,-5.1994,-19.0407,14.0336,1
PUMP-CRITICAL,2026-01-12T23:05:00,462.45,3408.57,136.87,16.04,110.69,55.86,25.83,88.27,critical,6,5,12,6,4.6923,13.7738,1.0483,1
PUMP-CRITICAL,2026-01-12T23:10:00,469.61,3647.94,124.19,10.44,104.83,52.83,24.81,88,critical,6,5,12,6,-5.6095,-12.6841,-5.8627,1
PUMP-CRITICAL,2026-01-12T23:15:00,470.22,3276.21,136.98,15.06,124.02,57.34,26.96,91.64,critical,6,5,12,6,4.6298,12.7874,19.1974,1
PUMP-CRITICAL,2026-01-12T23:20:00,455.02,3363.3,146.82,16.39,110.56,54.54,24.82,92.93,critical,6,5,12,6,1.3298,9.8452,-13.4657,1
PUMP-CRITICAL,2026-01-12T23:25:00,472.99,3698.79,123.16,10.72,121.49,57.25,27.08,95.31,critical,6,5,12,6,-5.6717,-23.6595,10.9362,1
PUMP-CRITICAL,2026-01-12T23:30:00,464.7,3322.84,143.42,11.1,99.39,54.01,25.1,90.71,critical,6,5,12,6,0.3813,20.254,-22.1058,1
PUMP-CRITICAL,2026-01-12T23:35:00,459.03,3705.93,138.85,15.07,95.38,53.18,24.41,90.02,critical,6,5,12,6,3.9673,-4.5638,-4.0093,1
PUMP-CRITICAL,2026-01-12T23:40:00,470.07,3333.21,140.02,12.18,115.42,56.11,26.38,100,critical,6,5,12,6,-2.895,1.1636,20.0378,1
PUMP-CRITICAL,2026-01-12T23:45:00,469.93,3626.16,126.61,11.1,98.83,55.35,26.01,88,critical,6,5,12,6,-1.072,-13.406,-16.5829,1
PUMP-CRITICAL,2026-01-12T23:50:00,474.39,3555.67,132.85,14.68,124.54,53.91,25.57,88,critical,6,5,12,6,3.5722,6.2405,25.7011,1
PUMP-CRITICAL,2026-01-12T23:55:00,451.84,3354.68,135.09,11.75,102.15,52.41,23.68,88,critical,6,5,12,6,-2.9257,2.2427,-22.3837,1
PUMP-CRITICAL,2026-01-13T00:00:00,473.64,3660.65,135.89,10.07,102.28,56.92,26.96,95.44,critical,6,5,12,6,-1.6803,0.7964,0.1258,1
PUMP-CRITICAL,2026-01-13T00:05:00,470.36,3366.98,146.85,15.28,109.09,57.61,27.1,100,critical,6,5,12,6,5.2089,10.9566,6.8138,1
PUMP-CRITICAL,2026-01-13T00:10:00,465.68,3310.79,140.72,13.65,98.5,54.33,25.3,90.32,critical,6,5,12,6,-1.6297,-6.1264,-10.5925,1
PUMP-CRITICAL,2026-01-13T00:15:00,474.23,3328.95,126.53,10.63,98.13,55.79,26.46,89.63,critical,6,5,12,6,-3.0202,-14.1907,-0.3698,1
PUMP-CRITICAL,2026-01-13T00:20:00,479.04,3714.75,125.12,9.78,107.59,54.05,25.89,88,critical,6,5,12,6,-0.8473,-1.4112,9.462,1
PUMP-CRITICAL,2026-01-13T00:25:00,474.45,3274.0,143.41,13.55,113.19,55.32,26.24,88,critical,6,5,12,6,3.7703,18.2955,5.5988,1
PUMP-CRITICAL,2026-01-13T00:30:00,462.91,3662.06,124.44,14.51,101.27,57.73,26.73,96.31,critical,6,5,12,6,0.9618,-18.9768,-11.9228,1
PUMP-CRITICAL,2026-01-13T00:35:00,457.42,3585.6,142.5,16.15,100.23,56.57,25.88,99.81,critical,6,5,12,6,1.6385,18.0677,-1.0337,1
PUMP-CRITICAL,2026-01-13T00:40:00,477.16,3483.87,145.03,10.86,112.61,54.27,25.9,88,critical,6,5,12,6,-5.2923,2.5276,12.377,1
PUMP-CRITICAL,2026-01-13T00:45:00,459.74,3421.98,138.79,10.79,106.59,56.21,25.84,95.4,critical,6,5,12,6,-0.0678,-6.2385,-6.0169,1
PUMP-CRITICAL,2026-01-13T00:50:00,455.26,3587.66,146.8,13.25,102.99,54.57,24.85,94.02,critical,6,5,12,6,2.4614,8.0111,-3.6054,1
PUMP-CRITICAL,2026-01-13T00:55:00,478.6,3559.02,127.07,11.86,108.82,52.5,25.13,88,critical,6,5,12,6,-1.3968,-19.734,5.8316,1
PUMP-CRITICAL,2026-01-13T01:00:00,477.0,3595.69,126.57,10.82,111.59,56.27,26.84,98.79,critical,6,5,12,6,-1.038,-0.4997,2.7683,1
PUMP-CRITICAL,2026-01-13T01:05:00,454.7,3382.29,133.07,16.09,97.77,56.52,25.7,96.7,critical,6,5,12,6,5.2657,6.5044,-13.8137,1
PUMP-CRITICAL,2026-01-13T01:10:00,475.08,3219.32,149.27,9.86,95.86,56.14,26.67,88,critical,6,5,12,6,-6.2261,16.1906,-1.9148,1
PUMP-CRITICAL,2026-01-13T01:15:00,474.34,3659.44,147.41,9.79,100.04,55.27,26.22,93.78,critical,6,5,12,6,-0.0675,-1.8597,4.1821,1
PUMP-CRITICAL,2026-01-13T01:20:00,472.02,3243.12,143.28,11.08,119.64,53.5,25.25,88.31,critical,6,5,12,6,1.2877,-4.1297,19.5993,1
PUMP-CRITICAL,2026-01-13T01:25:00,475.83,3477.75,142.99,16.17,103.88,55.86,26.58,94.49,critical,6,5,12,6,5.0932,-0.2907,-15.7592,1
PUMP-CRITICAL,2026-01-13T01:30:00,453.04,3533.16,121.96,9.98,114.77,56.05,25.39,90.84,critical,6,5,12,6,-6.1946,-21.0239,10.8861,1
PUMP-CRITICAL,2026-01-13T01:35:00,460.13,3310.91,122.62,12.31,113.86,53.41,24.58,88,critical,6,5,12,6,2.3354,0.6585,-0.9067,1
PUMP-CRITICAL,2026-01-13T01:40:00,462.63,3651.57,144.41,11.49,119.66,56.39,26.09,97.51,critical,6,5,12,6,-0.8199,21.7945,5.7979,1
PUMP-CRITICAL,2026-01-13T01:45:00,464.47,3622.02,120.28,9.78,110.21,56.37,26.18,100,critical,6,5,12,6,-1.7113,-24.1341,-9.4516,1
PUMP-CRITICAL,2026-01-13T01:50:00,463.29,3447.74,141.36,14.57,115.78,54.43,25.22,88,critical,6,5,12,6,4.7884,21.0838,5.5744,1
PUMP-CRITICAL,2026-01-13T01:55:00,458.04,3243.15,130.8,12.67,107.0,54.79,25.09,88.7,critical,6,5,12,6,-1.896,-10.5645,-8.7809,1
PUMP-CRITICAL,2026-01-13T02:00:00,455.01,3448.33,129.75,13.68,98.72,54.73,24.91,88,critical,6,5,12,6,1.007,-1.0489,-8.2773,1
PUMP-CRITICAL,2026-01-13T02:05:00,468.43,3695.74,145.52,12.28,98.22,53.63,25.12,88.5,critical,6,5,12,6,-1.4011,15.7723,-0.5035,1
PUMP-CRITICAL,2026-01-13T02:10:00,455.66,3384.6,125.9,13.03,105.92,51.16,23.31,88,critical,6,5,12,6,0.7542,-19.621,7.6969,1
PUMP-CRITICAL,2026-01-13T02:15:00,478.57,3341.95,132.27,10.1,101.84,57.66,27.59,94.21,critical,6,5,12,6,-2.9301,6.3706,-4.0793,1
PUMP-CRITICAL,2026-01-13T02:20:00,462.93,3323.8,148.49,13.82,106.01,57.04,26.41,100,critical,6,5,12,6,3.7111,16.221,4.1742,1
PUMP-CRITICAL,2026-01-13T02:25:00,465.88,3575.83,137.45,10.24,102.07,55.7,25.95,88,critical,6,5,12,6,-3.5715,-11.0461,-3.9409,1
PUMP-CRITICAL,2026-01-13T02:30:00,455.65,3678.66,122.22,15.76,116.31,53.73,24.48,94.81,critical,6,5,12,6,5.5137,-15.2303,14.2432,1
PUMP-CRITICAL,2026-01-13T02:35:00,470.83,3346.15,136.74,9.91,119.07,52.17,24.56,88,critical,6,5,12,6,-5.8494,14.5193,2.7547,1
PUMP-CRITICAL,2026-01-13T02:40:00,474.38,3399.73,145.59,12.43,98.41,55.41,26.29,88,critical,6,5,12,6,2.5175,8.8556,-20.66,1
PUMP-CRITICAL,2026-01-13T02:45:00,461.34,3452.32,126.89,9.96,105.28,52.93,24.42,88,critical,6,5,12,6,-2.4675,-18.7029,6.8723,1
PUMP-CRITICAL,2026-01-13T02:50:00,451.48,3505.26,121.14,15.53,118.65,52.89,23.88,88.73,critical,6,5,12,6,5.569,-5.7517,13.3691,1
PUMP-CRITICAL,2026-01-13T02:55:00,464.69,3649.14,149.09,14.35,118.28,53.37,24.8,88,critical,6,5,12,6,-1.1782,27.9552,-0.3746,1
PUMP-CRITICAL,2026-01-13T03:00:00,450.4,3454.75,136.4,11.06,94.83,53.77,24.22,94.37,critical,6,5,12,6,-3.2863,-12.6966,-23.45,1
PUMP-CRITICAL,2026-01-13T03:05:00,473.79,3316.16,138.62,10.8,115.71,54.55,25.85,88.03,critical,6,5,12,6,-0.2663,2.2255,20.8808,1
PUMP-CRITICAL,2026-01-13T03:10:00,477.6,3597.98,147.04,10.3,124.38,54.14,25.86,90.28,critical,6,5,12,6,-0.4994,8.4235,8.6736,1
PUMP-CRITICAL,2026-01-13T03:15:00,476.55,3251.29,130.38,11.24,111.25,55.17,26.29,88,critical,6,5,12,6,0.9466,-16.6657,-13.1332,1
PUMP-CRITICAL,2026-01-13T03:20:00,453.52,3631.14,144.65,11.06,117.51,52.81,23.95,94.35,critical,6,5,12,6,-0.1824,14.2715,6.2596,1
PUMP-CRITICAL,2026-01-13T03:25:00,460.15,3590.35,137.15,13.23,116.11,55.19,25.4,95.28,critical,6,5,12,6,2.1674,-7.4996,-1.3935,1
PUMP-CRITICAL,2026-01-13T03:30:00,462.2,3314.59,145.69,14.85,95.41,55.7,25.75,96.69,critical,6,5,12,6,1.6208,8.5375,-20.7053,1
PUMP-CRITICAL,2026-01-13T03:35:00,478.32,3280.07,133.59,15.01,101.34,58.75,28.1,100,critical,6,5,12,6,0.1604,-12.0999,5.9312,1
PUMP-CRITICAL,2026-01-13T03:40:00,459.6,3276.4,123.09,11.22,102.3,54.66,25.12,90.07,critical,6,5,12,6,-3.7945,-10.4941,0.9605,1
PUMP-CRITICAL,2026-01-13T03:45:00,469.85,3610.42,127.08,14.95,96.26,56.99,26.78,95.81,critical,6,5,12,6,3.7335,3.985,-6.041,1
PUMP-CRITICAL,2026-01-13T03:50:00,469.01,3334.75,134.83,11.0,110.96,57.09,26.78,95.95,critical,6,5,12,6,-3.9528,7.7523,14.703,1
PUMP-CRITICAL,2026-01-13T03:55:00,471.13,3402.66,143.3,10.41,118.0,54.78,25.81,93.39,critical,6,5,12,6,-0.5817,8.4677,7.0406,1
PUMP-CRITICAL,2026-01-13T04:00:00,464.64,3460.06,138.97,12.94,108.53,55.73,25.89,88,critical,6,5,12,6,2.5257,-4.3248,-9.4694,1
PUMP-CRITICAL,2026-01-13T04:05:00,473.12,3607.93,146.55,11.65,101.7,54.78,25.92,89.94,critical,6,5,12,6,-1.295,7.5772,-6.8311,1
PUMP-CRITICAL,2026-01-13T04:10:00,467.3,3303.37,145.32,12.96,113.08,53.98,25.22,88,critical,6,5,12,6,1.3135,-1.2289,11.3812,1
PUMP-CRITICAL,2026-01-13T04:15:00,476.34,3549.91,130.93,13.85,124.67,53.78,25.62,88,critical,6,5,12,6,0.8887,-14.3936,11.5885,1
PUMP-CRITICAL,2026-01-13T04:20:00,465.23,3458.67,149.25,16.72,102.93,53.67,24.97,88,critical,6,5,12,6,2.8717,18.3212,-21.739,1
PUMP-CRITICAL,2026-01-13T04:25:00,480.22,3550.01,123.4,13.45,106.3,57.95,27.83,89.28,critical,6,5,12,6,-3.2682,-25.8467,3.3727,1
PUMP-CRITICAL,2026-01-13T04:30:00,467.9,3353.28,120.6,10.88,98.39,56.29,26.34,88,critical,6,5,12,6,-2.5734,-2.8071,-7.9164,1
PUMP-CRITICAL,2026-01-13T04:35:00,461.59,3642.72,147.68,14.76,111.32,54.56,25.19,97.41,critical,6,5,12,6,3.8851,27.0866,12.9328,1
PUMP-CRITICAL,2026-01-13T04:40:00,458.57,3645.7,122.59,10.84,100.39,57.01,26.14,96.9,critical,6,5,12,6,-3.9191,-25.0953,-10.9339,1
PUMP-CRITICAL,2026-01-13T04:45:00,465.54,3541.75,120.54,14.67,118.86,52.2,24.3,88,critical,6,5,12,6,3.8271,-2.0513,18.4713,1
PUMP-CRITICAL,2026-01-13T04:50:00,461.61,3314.62,120.05,15.74,103.94,57.47,26.53,100,critical,6,5,12,6,1.0715,-0.4903,-14.9159,1
PUMP-CRITICAL,2026-01-13T04:55:00,463.86,3334.3,128.37,13.26,95.56,51.01,23.66,88,critical,6,5,12,6,-2.4852,8.3207,-8.3836,1
PUMP-CRITICAL,2026-01-13T05:00:00,470.59,3308.57,128.19,15.78,119.62,58.19,27.38,97.42,critical,6,5,12,6,2.5277,-0.1736,24.0624,1
PUMP-CRITICAL,2026-01-13T05:05:00,456.93,3681.75,144.2,15.11,118.67,55.55,25.38,99.53,critical,6,5,12,6,-0.6755,16.0102,-0.9487,1
PUMP-CRITICAL,2026-01-13T05:10:00,475.39,3687.26,139.07,11.24,98.4,53.1,25.24,88,critical,6,5,12,6,-3.8664,-5.1328,-20.2704,1
PUMP-CRITICAL,2026-01-13T05:15:00,471.08,3644.1,130.32,15.59,103.04,56.69,26.71,88.33,critical,6,5,12,6,4.3444,-8.7463,4.6331,1
PUMP-CRITICAL,2026-01-13T05:20:00,455.28,3529.32,143.03,12.27,110.81,53.24,24.24,88,critical,6,5,12,6,-3.3208,12.704,7.7775,1
PUMP-CRITICAL,2026-01-13T05:25:00,455.75,3621.8,119.91,10.26,99.41,56.55,25.77,94.05,critical,6,5,12,6,-2.0063,-23.121,-11.4013,1
PUMP-CRITICAL,2026-01-13T05:30:00,470.38,3429.49,119.81,12.58,98.76,53.14,25.0,88,critical,6,5,12,6,2.32,-0.0956,-0.6546,1
PUMP-CRITICAL,2026-01-13T05:35:00,464.85,3704.64,135.64,15.03,109.49,56.58,26.3,98.25,critical,6,5,12,6,2.45,15.8246,10.7352,1
PUMP-CRITICAL,2026-01-13T05:40:00,463.57,3705.48,136.0,14.16,116.5,56.75,26.31,97.99,critical,6,5,12,6,-0.8667,0.3674,7.0049,1
PUMP-CRITICAL,2026-01-13T05:45:00,473.95,3305.59,134.93,10.76,98.8,57.93,27.45,100,critical,6,5,12,6,-3.4073,-1.0754,-17.6985,1
PUMP-CRITICAL,2026-01-13T05:50:00,453.93,3536.06,135.2,16.04,117.91,55.96,25.4,96.19,critical,6,5,12,6,5.2869,0.272,19.1155,1
PUMP-CRITICAL,2026-01-13T05:55:00,469.23,3265.57,125.2,13.25,113.95,55.56,26.07,98.21,critical,6,5,12,6,-2.7901,-10.0019,-3.9618,1
PUMP-CRITICAL,2026-01-13T06:00:00,471.32,3655.79,146.63,13.54,122.5,54.98,25.91,92.11,critical,6,5,12,6,0.2891,21.4338,8.5465,1
PUMP-CRITICAL,2026-01-13T06:05:00,466.78,3621.21,122.69,11.57,115.22,53.31,24.88,88,critical,6,5,12,6,-1.9678,-23.9376,-7.2774,1
PUMP-CRITICAL,2026-01-13T06:10:00,453.37,3292.47,141.71,13.84,117.83,53.38,24.2,97.22,critical,6,5,12,6,2.2623,19.0148,2.6098,1
PUMP-CRITICAL,2026-01-13T06:15:00,459.56,3381.56,123.47,16.15,99.67,55.93,25.7,99.37,critical,6,5,12,6,2.3176,-18.2366,-18.1572,1
PUMP-CRITICAL,2026-01-13T06:20:00,471.87,3475.91,143.21,15.28,115.53,56.88,26.84,91.95,critical,6,5,12,6,-0.8738,19.732,15.8589,1
PUMP-CRITICAL,2026-01-13T06:25:00,454.46,3592.2,147.82,11.02,113.23,54.67,24.85,99.88,critical,6,5,12,6,-4.2566,4.6106,-2.3033,1
PUMP-CRITICAL,2026-01-13T06:30:00,474.23,3402.81,146.53,16.25,108.29,56.86,26.97,88,critical,6,5,12,6,5.2272,-1.2862,-4.9419,1
PUMP-CRITICAL,2026-01-13T06:35:00,453.47,3236.43,138.42,15.94,109.96,53.87,24.43,89.7,critical,6,5,12,6,-0.312,-8.1055,1.6698,1
PUMP-CRITICAL,2026-01-13T06:40:00,461.57,3369.77,124.01,9.98,96.28,53.31,24.61,88,critical,6,5,12,6,-5.9635,-14.4103,-13.673,1
PUMP-CRITICAL,2026-01-13T06:45:00,458.27,3441.06,147.44,14.58,120.43,54.08,24.78,95.8,critical,6,5,12,6,4.6044,23.4282,24.1499,1
PUMP-CRITICAL,2026-01-13T06:50:00,463.68,3557.75,138.6,11.98,105.63,57.87,26.83,99.69,critical,6,5,12,6,-2.5977,-8.8469,-14.8025,1
PUMP-CRITICAL,2026-01-13T06:55:00,478.95,3587.12,123.87,16.73,122.98,53.51,25.63,88,critical,6,5,12,6,4.7466,-14.7271,17.3528,1
PUMP-CRITICAL,2026-01-13T07:00:00,476.84,3581.69,148.26,13.54,118.05,57.96,27.64,95.43,critical,6,5,12,6,-3.1895,24.3883,-4.9356,1
PUMP-CRITICAL,2026-01-13T07:05:00,473.37,3701.57,138.77,10.89,106.06,57.04,27.0,93.7,critical,6,5,12,6,-2.6511,-9.4891,-11.9934,1
PUMP-CRITICAL,2026-01-13T07:10:00,463.02,3714.3,135.5,15.57,108.85,51.86,24.01,88,critical,6,5,12,6,4.6779,-3.2656,2.7945,1
PUMP-CRITICAL,2026-01-13T07:15:00,474.85,3662.7,121.26,15.87,105.07,55.85,26.52,88,critical,6,5,12,6,0.3056,-14.2426,-3.776,1
PUMP-CRITICAL,2026-01-13T07:20:00,475.46,3317.66,140.72,10.26,114.05,58.37,27.75,95.64,critical,6,5,12,6,-5.6097,19.4616,8.9725,1
PUMP-CRITICAL,2026-01-13T07:25:00,450.58,3682.24,123.75,11.91,103.19,54.14,24.39,94.23,critical,6,5,12,6,1.6527,-16.9728,-10.8533,1
PUMP-CRITICAL,2026-01-13T07:30:00,472.29,3315.84,129.05,14.39,105.6,55.58,26.25,95.56,critical,6,5,12,6,2.4783,5.3025,2.4055,1
PUMP-CRITICAL,2026-01-13T07:35:00,470.42,3373.18,129.96,14.07,117.75,55.35,26.04,88.01,critical,6,5,12,6,-0.3189,0.9101,12.15,1
PUMP-CRITICAL,2026-01-13T07:40:00,459.07,3316.17,140.21,13.86,109.8,54.64,25.09,90.48,critical,6,5,12,6,-0.2131,10.2542,-7.9449,1
PUMP-CRITICAL,2026-01-13T07:45:00,464.85,3310.92,134.65,15.19,122.73,55.68,25.88,88,critical,6,5,12,6,1.3308,-5.5604,12.9299,1
PUMP-CRITICAL,2026-01-13T07:50:00,454.16,3452.28,148.04,12.0,123.32,53.72,24.4,94.3,critical,6,5,12,6,-3.1957,13.3865,0.5889,1
PUMP-CRITICAL,2026-01-13T07:55:00,477.11,3330.61,139.33,15.94,108.62,57.31,27.34,93.73,critical,6,5,12,6,3.9491,-8.71,-14.7008,1
PUMP-CRITICAL,2026-01-13T08:00:00,456.66,3238.62,144.36,12.85,112.65,55.71,25.44,98.21,critical,6,5,12,6,-3.0923,5.0249,4.0266,1
PUMP-CRITICAL,2026-01-13T08:05:00,467.03,3299.32,140.9,11.07,121.08,52.27,24.41,88,critical,6,5,12,6,-1.7827,-3.4558,8.436,1
PUMP-CRITICAL,2026-01-13T08:10:00,460.45,3314.49,145.77,12.69,107.59,54.61,25.15,88,critical,6,5,12,6,1.616,4.874,-13.4929,1
PUMP-CRITICAL,2026-01-13T08:15:00,465.17,3287.78,142.15,11.5,122.98,55.19,25.67,88,critical,6,5,12,6,-1.1857,-3.6228,15.3864,1
PUMP-CRITICAL,2026-01-13T08:20:00,457.91,3352.08,128.81,15.56,106.87,53.82,24.64,92.15,critical,6,5,12,6,4.0573,-13.3447,-16.1101,1
PUMP-CRITICAL,2026-01-13T08:25:00,456.05,3584.45,123.36,16.63,118.46,54.6,24.9,88,critical,6,5,12,6,1.0725,-5.4447,11.5937,1
PUMP-CRITICAL,2026-01-13T08:30:00,451.54,3717.15,140.62,11.01,114.9,56.33,25.43,98.03,critical,6,5,12,6,-5.6206,17.2593,-3.5592,1
PUMP-CRITICAL,2026-01-13T08:35:00,470.61,3606.68,137.3,15.35,104.13,55.89,26.3,88,critical,6,5,12,6,4.3381,-3.3181,-10.7695,1
PUMP-CRITICAL,2026-01-13T08:40:00,480.09,3545.42,121.49,14.84,112.43,57.9,27.8,98.21,critical,6,5,12,6,-0.5028,-15.8106,8.2951,1
PUMP-CRITICAL,2026-01-13T08:45:00,476.7,3569.42,144.69,12.19,121.08,56.55,26.96,90.53,critical,6,5,12,6,-2.6544,23.1956,8.6502,1
PUMP-CRITICAL,2026-01-13T08:50:00,469.75,3602.21,143.35,16.72,119.57,52.36,24.6,88,critical,6,5,12,6,4.5328,-1.3346,-1.5125,1
PUMP-CRITICAL,2026-01-13T08:55:00,475.63,3462.5,148.0,16.67,124.83,53.12,25.26,88,critical,6,5,12,6,-0.0492,4.647,5.2635,1
PUMP-CRITICAL,2026-01-13T09:00:00,464.77,3355.35,130.46,16.74,101.38,56.04,26.05,100,critical,6,5,12,6,0.0703,-17.5402,-23.4511,1
PUMP-CRITICAL,2026-01-13T09:05:00,466.91,3368.95,127.19,12.92,106.22,56.77,26.5,94.03,critical,6,5,12,6,-3.8209,-3.2731,4.8396,1
PUMP-CRITICAL,2026-01-13T09:10:00,457.83,3649.56,127.09,15.57,97.38,54.56,24.98,88,critical,6,5,12,6,2.6462,-0.0963,-8.84,1
PUMP-CRITICAL,2026-01-13T09:15:00,479.63,3646.65,147.14,10.68,105.85,55.12,26.44,93.0,critical,6,5,12,6,-4.8898,20.0453,8.4761,1
PUMP-CRITICAL,2026-01-13T09:20:00,450.77,3447.47,134.06,13.31,108.27,52.27,23.56,88,critical,6,5,12,6,2.6279,-13.0719,2.4214,1
PUMP-CRITICAL,2026-01-13T09:25:00,463.11,3719.48,138.4,12.56,102.14,53.67,24.86,88,critical,6,5,12,6,-0.7521,4.3383,-6.1307,1
PUMP-CRITICAL,2026-01-13T09:30:00,460.68,3397.01,136.02,15.8,120.55,54.95,25.31,96.07,critical,6,5,12,6,3.2487,-2.3872,18.4065,1
PUMP-CRITICAL,2026-01-13T09:35:00,479.41,3536.24,127.55,13.52,123.87,54.34,26.05,89.93,critical,6,5,12,6,-2.2881,-8.4691,3.3235,1
PUMP-CRITICAL,2026-01-13T09:40:00,462.86,3244.6,138.94,16.39,123.65,56.71,26.25,96.09,critical,6,5,12,6,2.878,11.3939,-0.2229,1
PUMP-CRITICAL,2026-01-13T09:45:00,454.29,3359.53,134.8,15.26,104.63,55.01,24.99,88,critical,6,5,12,6,-1.1329,-4.1359,-19.0258,1
PUMP-CRITICAL,2026-01-13T09:50:00,458.34,3284.68,136.41,13.28,108.9,54.12,24.81,93.09,critical,6,5,12,6,-1.9771,1.6092,4.2792,1
PUMP-CRITICAL,2026-01-13T09:55:00,467.39,3468.85,134.94,13.25,116.77,55.33,25.86,89.87,critical,6,5,12,6,-0.032,-1.475,7.8613,1
PUMP-CRITICAL,2026-01-13T10:00:00,476.25,3472.47,134.36,14.82,113.87,57.51,27.39,100,critical,6,5,12,6,1.5686,-0.5775,-2.8929,1
PUMP-CRITICAL,2026-01-13T10:05:00,450.58,3365.97,131.02,15.82,113.27,54.87,24.73,100,critical,6,5,12,6,1.004,-3.3377,-0.6075,1
PUMP-CRITICAL,2026-01-13T10:10:00,462.04,3512.8,149.11,13.5,95.7,51.46,23.78,88,critical,6,5,12,6,-2.3215,18.0835,-17.5608,1
PUMP-CRITICAL,2026-01-13T10:15:00,464.27,3701.92,122.67,13.06,99.47,53.96,25.05,88.22,critical,6,5,12,6,-0.4394,-26.4366,3.7635,1
PUMP-CRITICAL,2026-01-13T10:20:00,471.67,3348.14,143.79,10.82,107.07,52.8,24.9,88,critical,6,5,12,6,-2.2452,21.1182,7.6049,1
PUMP-CRITICAL,2026-01-13T10:25:00,472.93,3611.63,135.55,12.15,96.18,56.04,26.5,88,critical,6,5,12,6,1.3314,-8.2415,-10.8937,1
PUMP-CRITICAL,2026-01-13T10:30:00,456.86,3222.84,130.18,16.58,106.52,54.93,25.1,88,critical,6,5,12,6,4.4325,-5.3715,10.3387,1
PUMP-CRITICAL,2026-01-13T10:35:00,477.1,3262.16,148.24,11.53,105.06,55.76,26.6,96.0,critical,6,5,12,6,-5.0482,18.0654,-1.4624,1
PUMP-CRITICAL,2026-01-13T10:40:00,450.2,3456.01,132.27,14.49,122.35,53.75,24.2,88.49,critical,6,5,12,6,2.9562,-15.97,17.2898,1
PUMP-CRITICAL,2026-01-13T10:45:00,477.95,3399.62,133.78,14.75,106.28,54.73,26.16,88,critical,6,5,12,6,0.258,1.5144,-16.0661,1
PUMP-CRITICAL,2026-01-13T10:50:00,457.87,3373.49,138.45,12.66,96.46,56.47,25.86,92.59,critical,6,5,12,6,-2.0876,4.6614,-9.8185,1
PUMP-CRITICAL,2026-01-13T10:55:00,450.39,3559.51,133.05,11.79,114.24,52.36,23.58,92.13,critical,6,5,12,6,-0.8677,-5.3986,17.7767,1
PUMP-CRITICAL,2026-01-13T11:00:00,477.19,3688.02,143.37,16.62,119.6,54.81,26.15,88,critical,6,5,12,6,4.8278,10.3201,5.3638,1
PUMP-CRITICAL,2026-01-13T11:05:00,455.86,3557.24,140.43,16.63,105.54,52.11,23.75,88,critical,6,5,12,6,0.0064,-2.9411,-14.0647,1
PUMP-CRITICAL,2026-01-13T11:10:00,475.0,3547.17,120.49,16.45,108.07,55.6,26.41,88,critical,6,5,12,6,-0.1746,-19.9364,2.5285,1
PUMP-CRITICAL,2026-01-13T11:15:00,462.21,3559.37,127.83,12.22,122.26,56.28,26.01,88.5,critical,6,5,12,6,-4.2326,7.3411,14.19,1
PUMP-CRITICAL,2026-01-13T11:20:00,476.15,3437.57,127.95,10.17,104.76,54.24,25.83,90.7,critical,6,5,12,6,-2.0553,0.1223,-17.4968,1
PUMP-CRITICAL,2026-01-13T11:25:00,468.1,3301.36,127.44,13.54,110.15,54.69,25.6,94.43,critical,6,5,12,6,3.3756,-0.5156,5.3925,1
PUMP-CRITICAL,2026-01-13T11:30:00,461.59,3389.22,129.52,16.65,104.54,53.2,24.56,88,critical,6,5,12,6,3.1059,2.0818,-5.6144,1
PUMP-CRITICAL,2026-01-13T11:35:00,468.54,3490.86,125.28,14.47,122.93,55.03,25.79,93.98,critical,6,5,12,6,-2.1799,-4.2422,18.3893,1
PUMP-CRITICAL,2026-01-13T11:40:00,470.83,3573.48,121.02,16.57,107.06,56.17,26.45,88,critical,6,5,12,6,2.1036,-4.2532,-15.8646,1
PUMP-CRITICAL,2026-01-13T11:45:00,466.26,3358.0,123.81,11.74,118.09,53.82,25.09,88,critical,6,5,12,6,-4.8258,2.7843,11.0294,1
PUMP-CRITICAL,2026-01-13T11:50:00,451.29,3474.75,146.59,11.91,122.12,56.52,25.51,94.78,critical,6,5,12,6,0.1622,22.7822,4.0322,1
PUMP-CRITICAL,2026-01-13T11:55:00,468.18,3415.17,142.37,15.13,115.58,53.91,25.24,88,critical,6,5,12,6,3.2267,-4.2225,-6.5422,1
PUMP-CRITICAL,2026-01-13T12:00:00,467.39,3238.22,124.52,10.74,115.3,53.47,24.99,88,critical,6,5,12,6,-4.3897,-17.8536,-0.2831,1
PUMP-CRITICAL,2026-01-13T12:05:00,453.99,3477.36,142.6,12.0,98.44,55.5,25.2,93.19,critical,6,5,12,6,1.2582,18.0812,-16.8553,1
PUMP-CRITICAL,2026-01-13T12:10:00,472.99,3642.01,125.22,11.56,121.68,56.7,26.82,90.68,critical,6,5,12,6,-0.4391,-17.3809,23.2407,1
PUMP-CRITICAL,2026-01-13T12:15:00,479.92,3386.49,123.44,13.77,100.01,53.84,25.84,88,critical,6,5,12,6,2.2082,-1.7803,-21.6687,1
PUMP-CRITICAL,2026-01-13T12:20:00,479.44,3304.98,136.22,13.79,102.9,53.14,25.48,88,critical,6,5,12,6,0.0193,12.7812,2.8821,1
PUMP-CRITICAL,2026-01-13T12:25:00,473.7,3334.57,127.09,13.53,118.3,55.07,26.09,91.06,critical,6,5,12,6,-0.2627,-9.1224,15.4007,1
PUMP-CRITICAL,2026-01-13T12:30:00,461.09,3628.43,147.56,15.41,99.96,53.54,24.69,88,critical,6,5,12,6,1.8857,20.469,-18.3376,1
PUMP-CRITICAL,2026-01-13T12:35:00,460.25,3537.18,124.04,12.22,108.13,54.41,25.04,89.94,critical,6,5,12,6,-3.196,-23.5188,8.1748,1
PUMP-CRITICAL,2026-01-13T12:40:00,474.26,3375.15,127.05,16.05,105.41,53.36,25.31,88,critical,6,5,12,6,3.829,3.007,-2.724,1
PUMP-CRITICAL,2026-01-13T12:45:00,478.47,3542.7,129.18,16.56,121.57,52.93,25.33,88,critical,6,5,12,6,0.5099,2.1293,16.1567,1
PUMP-CRITICAL,2026-01-13T12:50:00,451.7,3452.69,135.44,12.56,121.4,54.73,24.72,88,critical,6,5,12,6,-3.9924,6.262,-0.1707,1
PUMP-CRITICAL,2026-01-13T12:55:00,471.28,3408.72,134.95,11.16,111.05,52.93,24.94,88,critical,6,5,12,6,-1.3995,-0.497,-10.3489,1
PUMP-CRITICAL,2026-01-13T13:00:00,465.41,3704.94,128.1,15.52,123.77,57.14,26.59,94.69,critical,6,5,12,6,4.354,-6.8438,12.724,1
PUMP-CRITICAL,2026-01-13T13:05:00,458.88,3315.77,123.54,12.55,111.78,52.85,24.25,89.63,critical,6,5,12,6,-2.9648,-4.5623,-11.9882,1
PUMP-CRITICAL,2026-01-13T13:10:00,453.34,3512.4,125.61,15.68,117.15,56.1,25.43,97.57,critical,6,5,12,6,3.127,2.0723,5.3705,1
PUMP-CRITICAL,2026-01-13T13:15:00,472.21,3370.75,142.85,10.6,119.68,54.44,25.71,92.28,critical,6,5,12,6,-5.0813,17.2343,2.5298,1
PUMP-CRITICAL,2026-01-13T13:20:00,475.2,3269.7,149.48,15.34,111.37,55.49,26.37,88,critical,6,5,12,6,4.7428,6.6352,-8.3143,1
PUMP-CRITICAL,2026-01-13T13:25:00,468.14,3268.04,146.99,15.93,122.96,52.49,24.57,88,critical,6,5,12,6,0.5919,-2.4897,11.5922,1
PUMP-CRITICAL,2026-01-13T13:30:00,466.23,3398.18,125.56,14.94,95.14,56.33,26.26,90.75,critical,6,5,12,6,-0.9986,-21.4333,-27.82,1
PUMP-CRITICAL,2026-01-13T13:35:00,461.46,3386.19,134.25,16.51,120.42,53.25,24.57,88,critical,6,5,12,6,1.5709,8.6957,25.2809,1
PUMP-CRITICAL,2026-01-13T13:40:00,468.26,3429.75,141.91,10.36,118.22,58.16,27.23,99.87,critical,6,5,12,6,-6.1474,7.6563,-2.2032,1
PUMP-CRITICAL,2026-01-13T13:45:00,462.07,3253.99,138.58,11.51,111.08,52.16,24.1,88,critical,6,5,12,6,1.147,-3.328,-7.1398,1
PUMP-CRITICAL,2026-01-13T13:50:00,450.25,3557.37,138.47,13.84,104.05,56.26,25.33,97.66,critical,6,5,12,6,2.3366,-0.1157,-7.0337,1
PUMP-CRITICAL,2026-01-13T13:55:00,473.36,3716.82,124.43,13.77,97.25,56.42,26.71,88,critical,6,5,12,6,-0.0756,-14.0399,-6.7921,1
PUMP-CRITICAL,2026-01-13T14:00:00,462.82,3658.86,124.0,16.19,101.73,56.78,26.28,96.38,critical,6,5,12,6,2.4255,-0.4265,4.4777,1
PUMP-CRITICAL,2026-01-13T14:05:00,476.13,3337.5,142.41,10.65,100.5,56.4,26.85,99.76,critical,6,5,12,6,-5.5439,18.4117,-1.2281,1
PUMP-CRITICAL,2026-01-13T14:10:00,457.78,3429.76,125.03,11.03,97.8,54.09,24.76,97.49,critical,6,5,12,6,0.38,-17.3796,-2.7005,1
PUMP-CRITICAL,2026-01-13T14:15:00,470.77,3639.95,120.97,14.1,119.25,52.96,24.93,88,critical,6,5,12,6,3.0749,-4.0607,21.4447,1
PUMP-CRITICAL,2026-01-13T14:20:00,469.23,3617.66,130.79,11.12,96.51,55.22,25.91,98.95,critical,6,5,12,6,-2.9821,9.8206,-22.7335,1
PUMP-CRITICAL,2026-01-13T14:25:00,451.2,3295.66,140.35,9.98,123.65,53.21,24.01,88,critical,6,5,12,6,-1.1419,9.5579,27.1335,1
PUMP-CRITICAL,2026-01-13T14:30:00,467.83,3565.01,137.36,16.01,123.19,54.87,25.67,88,critical,6,5,12,6,6.03,-2.9859,-0.456,1
PUMP-CRITICAL,2026-01-13T14:35:00,464.75,3387.11,140.72,15.16,118.75,56.19,26.11,93.23,critical,6,5,12,6,-0.8463,3.3574,-4.4443,1
PUMP-CRITICAL,2026-01-13T14:40:00,464.43,3570.18,139.6,16.59,106.83,51.92,24.11,88,critical,6,5,12,6,1.4254,-1.1249,-11.9185,1
PUMP-CRITICAL,2026-01-13T14:45:00,459.52,3543.36,121.34,11.09,97.55,53.98,24.8,88,critical,6,5,12,6,-5.4988,-18.2517,-9.2806,1
PUMP-CRITICAL,2026-01-13T14:50:00,478.93,3592.17,121.45,15.63,115.08,56.57,27.1,88.83,critical,6,5,12,6,4.5378,0.1036,17.5302,1
PUMP-CRITICAL,2026-01-13T14:55:00,465.64,3240.71,136.67,9.88,109.43,56.5,26.31,90.06,critical,6,5,12,6,-5.7454,15.2195,-5.6451,1
PUMP-CRITICAL,2026-01-13T15:00:00,463.05,3523.67,120.99,15.52,102.65,57.22,26.5,97.58,critical,6,5,12,6,5.6335,-15.6821,-6.7822,1
PUMP-CRITICAL,2026-01-13T15:05:00,476.79,3711.98,142.84,15.26,100.8,56.64,27.01,97.05,critical,6,5,12,6,-0.2552,21.8508,-1.8511,1
PUMP-CRITICAL,2026-01-13T15:10:00,463.76,3503.61,145.33,10.81,108.77,54.99,25.5,89.08,critical,6,5,12,6,-4.4508,2.4982,7.9737,1
PUMP-CRITICAL,2026-01-13T15:15:00,455.31,3249.21,138.9,9.97,103.89,54.95,25.02,99.63,critical,6,5,12,6,-0.8428,-6.4386,-4.8841,1
PUMP-CRITICAL,2026-01-13T15:20:00,462.21,3373.68,133.36,11.82,95.16,52.41,24.22,88,critical,6,5,12,6,1.8552,-5.5394,-8.7292,1
PUMP-CRITICAL,2026-01-13T15:25:00,457.4,3493.4,136.55,16.21,118.94,53.95,24.68,89.38,critical,6,5,12,6,4.3856,3.195,23.7824,1
PUMP-CRITICAL,2026-01-13T15:30:00,476.14,3276.49,129.16,16.17,112.93,58.76,27.98,98.78,critical,6,5,12,6,-0.0368,-7.395,-6.0073,1
PUMP-CRITICAL,2026-01-13T15:35:00,477.81,3390.55,127.58,12.01,95.8,55.83,26.68,96.89,critical,6,5,12,6,-4.1561,-1.5766,-17.1346,1
PUMP-CRITICAL,2026-01-13T15:40:00,463.73,3317.81,135.49,14.99,105.33,54.24,25.15,88,critical,6,5,12,6,2.9766,7.9071,9.5318,1
PUMP-CRITICAL,2026-01-13T15:45:00,466.71,3323.23,124.28,13.34,98.78,56.73,26.47,96.11,critical,6,5,12,6,-1.6555,-11.2095,-6.5532,1
PUMP-CRITICAL,2026-01-13T15:50:00,461.83,3655.0,148.85,13.01,117.55,57.02,26.33,100,critical,6,5,12,6,-0.3245,24.5769,18.7733,1
PUMP-CRITICAL,2026-01-13T15:55:00,457.86,3477.9,149.45,14.79,111.82,50.64,23.18,88,critical,6,5,12,6,1.7796,0.5986,-5.7303,1
PUMP-CRITICAL,2026-01-13T16:00:00,478.87,3246.73,121.69,13.16,119.71,54.46,26.08,88,critical,6,5,12,6,-1.6278,-27.765,7.8851,1
PUMP-CRITICAL,2026-01-13T16:05:00,455.88,3647.2,138.36,15.54,112.32,53.65,24.46,89.34,critical,6,5,12,6,2.3741,16.6719,-7.3892,1
PUMP-CRITICAL,2026-01-13T16:10:00,475.55,3340.85,129.74,11.82,107.44,58.26,27.71,94.33,critical,6,5,12,6,-3.717,-8.618,-4.874,1
PUMP-CRITICAL,2026-01-13T16:15:00,464.11,3606.27,149.52,11.82,124.96,57.39,26.64,94.89,critical,6,5,12,6,-0.0041,19.7786,17.5198,1
PUMP-CRITICAL,2026-01-13T16:20:00,460.65,3631.62,126.9,16.08,113.41,52.72,24.29,88,critical,6,5,12,6,4.2645,-22.6221,-11.55,1
PUMP-CRITICAL,2026-01-13T16:25:00,467.83,3577.86,126.9,10.25,115.26,54.5,25.5,92.39,critical,6,5,12,6,-5.8288,0.0017,1.8465,1
PUMP-CRITICAL,2026-01-13T16:30:00,462.83,3379.41,120.24,14.13,95.54,52.7,24.39,88,critical,6,5,12,6,3.8764,-6.6597,-19.7173,1
PUMP-CRITICAL,2026-01-13T16:35:00,464.01,3275.0,124.53,11.92,111.3,54.93,25.49,98.59,critical,6,5,12,6,-2.2087,4.2942,15.7621,1
PUMP-CRITICAL,2026-01-13T16:40:00,455.32,3612.65,124.25,14.24,110.15,54.69,24.9,89.2,critical,6,5,12,6,2.3156,-0.2864,-1.1512,1
PUMP-CRITICAL,2026-01-13T16:45:00,478.56,3624.11,135.94,13.03,107.29,55.33,26.48,88,critical,6,5,12,6,-1.2067,11.6941,-2.8624,1
PUMP-CRITICAL,2026-01-13T16:50:00,458.65,3720.16,144.73,11.45,105.21,55.82,25.6,88,critical,6,5,12,6,-1.5775,8.7927,-2.0842,1
PUMP-CRITICAL,2026-01-13T16:55:00,465.09,3397.51,127.57,12.69,115.84,55.98,26.04,98.68,critical,6,5,12,6,1.2432,-17.1656,10.6332,1
PUMP-CRITICAL,2026-01-13T17:00:00,460.11,3488.06,124.69,16.36,104.29,51.8,23.84,88,critical,6,5,12,6,3.6674,-2.8808,-11.5471,1
PUMP-CRITICAL,2026-01-13T17:05:00,475.14,3258.92,146.66,12.22,101.72,54.2,25.75,88,critical,6,5,12,6,-4.1392,21.9708,-2.5748,1
PUMP-CRITICAL,2026-01-13T17:10:00,476.46,3659.87,140.79,13.25,95.45,53.64,25.56,88,critical,6,5,12,6,1.0236,-5.8713,-6.2707,1
PUMP-CRITICAL,2026-01-13T17:15:00,479.41,3439.38,140.4,11.3,98.27,54.44,26.1,88,critical,6,5,12,6,-1.9451,-0.3846,2.8244,1
PUMP-CRITICAL,2026-01-13T17:20:00,478.38,3236.69,123.68,10.04,104.63,55.55,26.58,88,critical,6,5,12,6,-1.2652,-16.7258,6.3614,1
PUMP-CRITICAL,2026-01-13T17:25:00,458.09,3642.61,124.54,14.91,114.96,55.08,25.23,92.7,critical,6,5,12,6,4.8743,0.8609,10.3216,1
PUMP-CRITICAL,2026-01-13T17:30:00,457.16,3464.98,130.34,14.35,113.88,56.12,25.66,95.59,critical,6,5,12,6,-0.5634,5.8044,-1.0754,1
PUMP-CRITICAL,2026-01-13T17:35:00,471.73,3459.08,120.93,14.88,104.12,56.85,26.82,93.9,critical,6,5,12,6,0.5287,-9.4105,-9.7602,1
PUMP-CRITICAL,2026-01-13T17:40:00,455.47,3658.55,133.26,14.34,108.16,54.94,25.02,89.12,critical,6,5,12,6,-0.5328,12.324,4.0407,1
PUMP-CRITICAL,2026-01-13T17:45:00,472.85,3417.64,123.77,14.45,106.31,54.44,25.74,88.21,critical,6,5,12,6,0.1088,-9.4848,-1.852,1
PUMP-CRITICAL,2026-01-13T17:50:00,469.93,3677.13,148.8,11.96,95.42,54.97,25.83,88.52,critical,6,5,12,6,-2.4889,25.0249,-10.8921,1
PUMP-CRITICAL,2026-01-13T17:55:00,452.31,3685.32,135.32,15.82,122.37,52.99,23.97,88,critical,6,5,12,6,3.8605,-13.4758,26.9562,1
PUMP-CRITICAL,2026-01-13T18:00:00,450.22,3605.39,124.92,13.52,116.19,54.37,24.48,93.43,critical,6,5,12,6,-2.3075,-10.4042,-6.1785,1
PUMP-CRITICAL,2026-01-13T18:05:00,466.93,3309.58,137.02,11.59,97.93,52.7,24.61,88,critical,6,5,12,6,-1.9298,12.1029,-18.2608,1
PUMP-CRITICAL,2026-01-13T18:10:00,451.01,3667.22,135.9,11.5,96.19,53.41,24.09,93.62,critical,6,5,12,6,-0.0868,-1.1239,-1.7462,1
PUMP-CRITICAL,2026-01-13T18:15:00,461.51,3477.37,120.85,11.89,107.61,53.57,24.72,88,critical,6,5,12,6,0.392,-15.0415,11.4255,1
PUMP-CRITICAL,2026-01-13T18:20:00,469.02,3544.88,123.75,15.82,96.28,53.87,25.27,88,critical,6,5,12,6,3.9335,2.8948,-11.3373,1
PUMP-CRITICAL,2026-01-13T18:25:00,473.49,3590.65,146.97,16.1,118.89,54.51,25.81,88,critical,6,5,12,6,0.277,23.2262,22.6139,1
PUMP-CRITICAL,2026-01-13T18:30:00,464.89,3629.76,122.95,12.53,110.64,57.22,26.6,99.42,critical,6,5,12,6,-3.567,-24.0279,-8.2467,1
PUMP-CRITICAL,2026-01-13T18:35:00,470.12,3349.78,139.05,12.89,103.86,54.06,25.41,88.87,critical,6,5,12,6,0.3605,16.0988,-6.7816,1
PUMP-CRITICAL,2026-01-13T18:40:00,450.44,3264.63,148.52,11.08,110.71,50.62,22.8,88,critical,6,5,12,6,-1.8165,9.4769,6.8465,1
PUMP-CRITICAL,2026-01-13T18:45:00,464.12,3453.91,142.76,10.1,120.38,51.91,24.09,88,critical,6,5,12,6,-0.983,-5.7659,9.6735,1
PUMP-CRITICAL,2026-01-13T18:50:00,453.14,3506.67,136.14,15.11,112.02,53.44,24.22,92.46,critical,6,5,12,6,5.0105,-6.6129,-8.3561,1
PUMP-CRITICAL,2026-01-13T18:55:00,465.91,3328.65,148.58,13.02,100.07,56.47,26.31,92.12,critical,6,5,12,6,-2.0875,12.4319,-11.9563,1
PUMP-CRITICAL,2026-01-13T19:00:00,477.53,3236.16,142.07,13.09,107.7,55.28,26.4,88,critical,6,5,12,6,0.0724,-6.5037,7.6335,1
PUMP-CRITICAL,2026-01-13T19:05:00,467.98,3653.24,120.58,15.26,115.26,53.92,25.23,88,critical,6,5,12,6,2.1676,-21.4884,7.5577,1
PUMP-CRITICAL,2026-01-13T19:10:00,470.84,3528.36,129.79,11.58,121.99,57.28,26.97,98.02,critical,6,5,12,6,-3.6742,9.2102,6.7348,1
PUMP-CRITICAL,2026-01-13T19:15:00,471.21,3602.79,129.08,12.78,121.3,53.61,25.26,90.15,critical,6,5,12,6,1.1999,-0.7113,-0.6954,1
PUMP-CRITICAL,2026-01-13T19:20:00,479.02,3629.5,131.4,15.31,108.91,57.04,27.32,100,critical,6,5,12,6,2.5265,2.3183,-12.385,1
PUMP-CRITICAL,2026-01-13T19:25:00,475.53,3508.95,144.24,16.6,109.23,52.69,25.06,88,critical,6,5,12,6,1.2869,12.8358,0.3175,1
PUMP-CRITICAL,2026-01-13T19:30:00,473.35,3467.06,128.67,15.71,121.55,54.4,25.75,91.28,critical,6,5,12,6,-0.8842,-15.5714,12.3171,1
PUMP-CRITICAL,2026-01-13T19:35:00,456.23,3609.2,139.53,10.36,105.58,55.28,25.22,95.59,critical,6,5,12,6,-5.3518,10.8646,-15.9686,1
PUMP-CRITICAL,2026-01-13T19:40:00,459.17,3646.45,133.4,16.48,123.31,54.61,25.07,97.87,critical,6,5,12,6,6.1223,-6.1281,17.7259,1
PUMP-CRITICAL,2026-01-13T19:45:00,460.67,3672.95,141.45,15.31,105.41,54.33,25.03,92.6,critical,6,5,12,6,-1.178,8.0486,-17.8981,1
PUMP-CRITICAL,2026-01-13T19:50:00,464.46,3648.03,121.88,14.56,102.87,55.04,25.56,88,critical,6,5,12,6,-0.7468,-19.5736,-2.5384,1
PUMP-CRITICAL,2026-01-13T19:55:00,466.6,3266.94,143.1,15.77,113.46,57.78,26.96,96.75,critical,6,5,12,6,1.2094,21.2255,10.5869,1
PUMP-CRITICAL,2026-01-13T20:00:00,451.33,3361.65,130.73,15.24,115.48,55.07,24.85,100,critical,6,5,12,6,-0.5242,-12.377,2.0234,1
PUMP-CRITICAL,2026-01-13T20:05:00,463.99,3446.32,142.21,16.2,115.51,56.85,26.38,93.73,critical,6,5,12,6,0.9577,11.4894,0.0309,1
PUMP-CRITICAL,2026-01-13T20:10:00,468.5,3327.86,126.35,11.12,125.02,54.49,25.53,88,critical,6,5,12,6,-5.0817,-15.8689,9.5082,1
PUMP-CRITICAL,2026-01-13T20:15:00,477.0,3656.98,140.77,16.35,120.17,56.0,26.71,93.43,critical,6,5,12,6,5.2276,14.4222,-4.8488,1
PUMP-CRITICAL,2026-01-13T20:20:00,479.01,3554.26,148.94,15.89,119.51,55.54,26.6,88,critical,6,5,12,6,-0.4548,8.1759,-0.663,1
PUMP-CRITICAL,2026-01-13T20:25:00,457.72,3505.38,147.7,14.0,99.49,55.7,25.49,90.16,critical,6,5,12,6,-1.8968,-1.2481,-20.0168,1
PUMP-CRITICAL,2026-01-13T20:30:00,460.99,3658.66,126.15,12.93,104.82,56.24,25.93,89.05,critical,6,5,12,6,-1.0621,-21.5422,5.3267,1
PUMP-CRITICAL,2026-01-13T20:35:00,452.86,3661.33,128.53,15.03,113.68,54.48,24.67,100,critical,6,5,12,6,2.0914,2.3742,8.865,1
PUMP-CRITICAL,2026-01-13T20:40:00,453.71,3470.64,134.37,10.96,113.48,54.17,24.58,88,critical,6,5,12,6,-4.0611,5.8467,-0.2001,1
PUMP-CRITICAL,2026-01-13T20:45:00,458.0,3562.75,131.68,16.55,95.17,52.92,24.24,88,critical,6,5,12,6,5.586,-2.6906,-18.3107,1
PUMP-CRITICAL,2026-01-13T20:50:00,455.97,3339.76,133.42,13.0,113.28,55.72,25.4,94.51,critical,6,5,12,6,-3.5497,1.7404,18.1106,1
PUMP-CRITICAL,2026-01-13T20:55:00,467.79,3699.67,144.37,16.31,95.22,57.38,26.84,92.4,critical,6,5,12,6,3.3105,10.9437,-18.0635,1
PUMP-CRITICAL,2026-01-13T21:00:00,454.46,3345.56,135.32,10.75,117.82,51.36,23.34,88,critical,6,5,12,6,-5.5602,-9.0463,22.6014,1
PUMP-CRITICAL,2026-01-13T21:05:00,462.18,3420.68,125.92,12.03,108.67,53.59,24.77,92.63,critical,6,5,12,6,1.2744,-9.4033,-9.1521,1
PUMP-CRITICAL,2026-01-13T21:10:00,451.3,3624.63,128.33,10.62,104.35,53.82,24.29,88,critical,6,5,12,6,-1.4095,2.4128,-4.3218,1
PUMP-CRITICAL,2026-01-13T21:15:00,478.65,3669.64,144.5,14.39,97.32,59.4,28.43,97.91,critical,6,5,12,6,3.7737,16.1712,-7.0292,1
PUMP-CRITICAL,2026-01-13T21:20:00,473.83,3301.99,129.45,11.86,97.61,53.5,25.35,88,critical,6,5,12,6,-2.5311,-15.0572,0.2919,1
PUMP-CRITICAL,2026-01-13T21:25:00,462.95,3312.3,147.83,15.2,96.59,53.96,24.98,88,critical,6,5,12,6,3.3384,18.3836,-1.0171,1
PUMP-CRITICAL,2026-01-13T21:30:00,476.07,3519.04,134.25,10.41,95.76,57.06,27.17,88,critical,6,5,12,6,-4.7893,-13.5782,-0.8275,1
PUMP-CRITICAL,2026-01-13T21:35:00,462.77,3536.68,131.38,13.14,95.89,57.08,26.41,100,critical,6,5,12,6,2.7342,-2.8666,0.1269,1
PUMP-CRITICAL,2026-01-13T21:40:00,474.57,3355.44,137.52,15.42,112.22,55.7,26.43,96.61,critical,6,5,12,6,2.2804,6.1357,16.3324,1
PUMP-CRITICAL,2026-01-13T21:45:00,475.62,3380.64,137.65,12.4,100.18,59.17,28.14,98.04,critical,6,5,12,6,-3.0196,0.1338,-12.0455,1
PUMP-CRITICAL,2026-01-13T21:50:00,451.68,3286.69,148.28,15.9,119.83,56.73,25.62,100,critical,6,5,12,6,3.5004,10.6305,19.6522,1
PUMP-CRITICAL,2026-01-13T21:55:00,467.47,3273.78,138.57,15.98,103.73,57.27,26.77,96.85,critical,6,5,12,6,0.0788,-9.7157,-16.104,1
PUMP-CRITICAL,2026-01-13T22:00:00,473.33,3664.36,147.01,13.91,99.97,54.82,25.95,88,critical,6,5,12,6,-2.0684,8.4408,-3.7564,1
PUMP-CRITICAL,2026-01-13T22:05:00,453.25,3482.35,120.86,14.22,112.01,56.81,25.75,100,critical,6,5,12,6,0.3048,-26.1532,12.0393,1
PUMP-CRITICAL,2026-01-13T22:10:00,471.43,3662.58,141.35,15.12,117.12,55.68,26.25,88,critical,6,5,12,6,0.8972,20.4956,5.11,1
PUMP-CRITICAL,2026-01-13T22:15:00,455.72,3403.79,135.53,13.81,105.73,54.89,25.01,100,critical,6,5,12,6,-1.3037,-5.821,-11.3931,1
PUMP-CRITICAL,2026-01-13T22:20:00,458.45,3676.53,130.29,14.43,106.04,54.93,25.18,88,critical,6,5,12,6,0.6145,-5.2367,0.3098,1
PUMP-CRITICAL,2026-01-13T22:25:00,470.22,3592.41,120.36,11.25,106.86,53.94,25.37,91.1,critical,6,5,12,6,-3.1718,-9.9344,0.8284,1
PUMP-CRITICAL,2026-01-13T22:30:00,464.39,3460.22,134.24,11.99,100.59,55.01,25.55,95.88,critical,6,5,12,6,0.7356,13.8807,-6.2721,1
PUMP-CRITICAL,2026-01-13T22:35:00,463.7,3357.71,145.46,11.63,116.17,56.72,26.3,99.95,critical,6,5,12,6,-0.3578,11.217,15.5775,1
PUMP-CRITICAL,2026-01-13T22:40:00,472.92,3672.21,124.71,14.03,112.78,52.05,24.61,88,critical,6,5,12,6,2.4008,-20.7479,-3.3867,1
PUMP-CRITICAL,2026-01-13T22:45:00,461.91,3395.06,133.33,15.26,121.85,56.8,26.24,99.18,critical,6,5,12,6,1.2239,8.6191,9.0674,1
PUMP-CRITICAL,2026-01-13T22:50:00,477.35,3532.0,130.36,14.18,98.15,57.21,27.31,97.77,critical,6,5,12,6,-1.0784,-2.964,-23.7033,1
PUMP-CRITICAL,2026-01-13T22:55:00,468.45,3337.25,130.07,16.18,111.07,54.65,25.6,88,critical,6,5,12,6,2.0029,-0.2935,12.9231,1
PUMP-CRITICAL,2026-01-13T23:00:00,471.48,3567.49,137.15,10.37,104.98,56.59,26.68,88.42,critical,6,5,12,6,-5.8125,7.0799,-6.0852,1
PUMP-CRITICAL,2026-01-13T23:05:00,479.04,3227.38,128.83,13.71,118.4,57.05,27.33,93.37,critical,6,5,12,6,3.3413,-8.3242,13.4157,1
PUMP-CRITICAL,2026-01-13T23:10:00,460.3,3304.89,146.22,14.78,113.55,52.67,24.25,88,critical,6,5,12,6,1.0717,17.3903,-4.8536,1
PUMP-CRITICAL,2026-01-13T23:15:00,479.2,3426.39,129.61,12.51,116.93,55.59,26.64,88,critical,6,5,12,6,-2.2721,-16.6055,3.3857,1
PUMP-CRITICAL,2026-01-13T23:20:00,479.76,3578.53,135.56,11.41,120.31,55.37,26.56,88.51,critical,6,5,12,6,-1.0953,5.9505,3.3756,1
PUMP-CRITICAL,2026-01-13T23:25:00,457.95,3432.4,123.08,13.98,119.5,54.21,24.83,89.38,critical,6,5,12,6,2.5638,-12.479,-0.8097,1
PUMP-CRITICAL,2026-01-13T23:30:00,453.76,3322.32,137.54,11.25,98.21,52.18,23.68,89.12,critical,6,5,12,6,-2.7318,14.4528,-21.2867,1
PUMP-CRITICAL,2026-01-13T23:35:00,461.43,3672.17,149.13,16.67,121.15,50.84,23.46,88,critical,6,5,12,6,5.4201,11.5966,22.9344,1
PUMP-CRITICAL,2026-01-13T23:40:00,476.56,3302.22,142.1,16.67,100.3,53.3,25.4,88,critical,6,5,12,6,0.0069,-7.034,-20.8476,1
PUMP-CRITICAL,2026-01-13T23:45:00,467.88,3237.22,121.42,11.83,107.16,53.71,25.13,88,critical,6,5,12,6,-4.8444,-20.6805,6.86,1
PUMP-CRITICAL,2026-01-13T23:50:00,466.76,3484.18,135.52,10.37,117.31,54.7,25.53,88,critical,6,5,12,6,-1.4556,14.1051,10.152,1
PUMP-CRITICAL,2026-01-13T23:55:00,454.68,3359.53,138.52,15.07,96.1,54.71,24.87,99.01,critical,6,5,12,6,4.6967,2.9926,-21.2076,1
PUMP-CRITICAL,2026-01-14T00:00:00,457.17,3297.14,120.17,12.01,100.84,53.39,24.41,88,critical,6,5,12,6,-3.0631,-18.3434,4.7378,1
PUMP-CRITICAL,2026-01-14T00:05:00,469.23,3368.41,140.96,14.13,123.29,55.71,26.14,96.57,critical,6,5,12,6,2.1215,20.7873,22.4537,1
PUMP-CRITICAL,2026-01-14T00:10:00,471.95,3418.99,149.61,12.7,105.12,55.41,26.15,91.35,critical,6,5,12,6,-1.424,8.6482,-18.1748,1
PUMP-CRITICAL,2026-01-14T00:15:00,462.61,3461.04,136.52,12.75,102.31,56.14,25.97,90.25,critical,6,5,12,6,0.0451,-13.0899,-2.8106,1
PUMP-CRITICAL,2026-01-14T00:20:00,460.06,3696.9,143.6,16.55,96.23,51.41,23.65,88,critical,6,5,12,6,3.804,7.0829,-6.0769,1
PUMP-CRITICAL,2026-01-14T00:25:00,460.07,3423.37,122.25,13.9,119.34,55.52,25.54,90.65,critical,6,5,12,6,-2.6517,-21.3486,23.1052,1
PUMP-CRITICAL,2026-01-14T00:30:00,472.58,3641.81,130.89,11.56,106.6,53.16,25.12,88,critical,6,5,12,6,-2.341,8.6339,-12.7379,1
PUMP-CRITICAL,2026-01-14T00:35:00,465.05,3552.42,131.44,10.51,123.53,58.17,27.05,99.42,critical,6,5,12,6,-1.0496,0.552,16.9273,1
PUMP-CRITICAL,2026-01-14T00:40:00,453.78,3651.48,137.16,16.57,97.51,50.58,22.95,88,critical,6,5,12,6,6.0606,5.7195,-26.0158,1
PUMP-CRITICAL,2026-01-14T00:45:00,450.23,3377.57,130.24,11.18,114.31,56.4,25.39,94.97,critical,6,5,12,6,-5.3899,-6.921,16.7998,1
PUMP-CRITICAL,2026-01-14T00:50:00,456.74,3238.01,138.88,15.48,105.01,54.81,25.03,88,critical,6,5,12,6,4.3025,8.641,-9.3,1
PUMP-CRITICAL,2026-01-14T00:55:00,450.1,3474.29,139.04,10.48,104.54,55.66,25.05,95.26,critical,6,5,12,6,-5.0003,0.1586,-0.4692,1
PUMP-CRITICAL,2026-01-14T01:00:00,476.61,3350.0,143.64,10.62,96.33,57.09,27.21,90.64,critical,6,5,12,6,0.1373,4.6023,-8.215,1
PUMP-CRITICAL,2026-01-14T01:05:00,458.48,3334.23,148.23,14.5,101.47,56.54,25.92,99.89,critical,6,5,12,6,3.8746,4.588,5.1398,1
PUMP-CRITICAL,2026-01-14T01:10:00,454.83,3590.71,148.59,15.76,97.05,53.95,24.54,91.89,critical,6,5,12,6,1.2592,0.363,-4.416,1
PUMP-CRITICAL,2026-01-14T01:15:00,450.74,3231.51,146.52,11.68,114.59,53.2,23.98,88,critical,6,5,12,6,-4.0781,-2.0674,17.5433,1
PUMP-CRITICAL,2026-01-14T01:20:00,479.04,3606.01,130.43,14.13,105.93,52.57,25.18,88,critical,6,5,12,6,2.4546,-16.0939,-8.664,1
PUMP-CRITICAL,2026-01-14T01:25:00,478.45,3434.17,139.67,16.56,121.07,57.43,27.48,91.61,critical,6,5,12,6,2.4253,9.2385,15.14,1
PUMP-CRITICAL,2026-01-14T01:30:00,470.99,3376.51,148.67,14.29,103.15,54.11,25.49,88.04,critical,6,5,12,6,-2.2719,9.0068,-17.9222,1
PUMP-CRITICAL,2026-01-14T01:35:00,458.88,3518.15,121.47,12.67,95.63,56.26,25.82,99.71,critical,6,5,12,6,-1.6152,-27.2008,-7.5138,1
PUMP-CRITICAL,2026-01-14T01:40:00,475.91,3589.59,133.05,10.78,108.11,55.48,26.4,91.56,critical,6,5,12,6,-1.8881,11.5731,12.4748,1
PUMP-CRITICAL,2026-01-14T01:45:00,454.58,3299.68,133.37,13.74,123.35,53.37,24.26,88,critical,6,5,12,6,2.9588,0.3279,15.2431,1
PUMP-CRITICAL,2026-01-14T01:50:00,452.92,3400.54,121.7,15.29,106.5,51.76,23.44,88,critical,6,5,12,6,1.5448,-11.6756,-16.8546,1
PUMP-CRITICAL,2026-01-14T01:55:00,461.43,3317.28,122.07,12.64,110.83,56.76,26.19,93.47,critical,6,5,12,6,-2.6407,0.3766,4.3292,1
PUMP-CRITICAL,2026-01-14T02:00:00,463.15,3458.95,121.34,14.87,95.65,54.63,25.3,97.57,critical,6,5,12,6,2.2241,-0.73,-15.1724,1
PUMP-CRITICAL,2026-01-14T02:05:00,459.17,3549.51,142.95,15.3,95.4,54.72,25.12,88,critical,6,5,12,6,0.4301,21.602,-0.2541,1
PUMP-CRITICAL,2026-01-14T02:10:00,473.03,3252.77,125.35,15.3,100.3,56.29,26.62,99.44,critical,6,5,12,6,0.0,-17.6014,4.8962,1
PUMP-CRITICAL,2026-01-14T02:15:00,469.5,3556.0,145.81,14.05,97.74,56.49,26.52,91.15,critical,6,5,12,6,-1.2492,20.4607,-2.5522,1
PUMP-CRITICAL,2026-01-14T02:20:00,450.47,3369.77,130.18,14.49,114.72,53.75,24.21,89.77,critical,6,5,12,6,0.444,-15.6256,16.9808,1
PUMP-CRITICAL,2026-01-14T02:25:00,454.8,3542.9,129.72,13.37,122.4,54.59,24.83,88.61,critical,6,5,12,6,-1.1214,-0.4579,7.6742,1
PUMP-CRITICAL,2026-01-14T02:30:00,450.28,3527.3,142.02,12.45,116.8,56.1,25.26,94.56,critical,6,5,12,6,-0.918,12.2943,-5.5945,1
PUMP-CRITICAL,2026-01-14T02:35:00,476.76,3314.87,149.01,16.85,113.65,56.88,27.12,98.95,critical,6,5,12,6,4.3998,6.9909,-3.1525,1
PUMP-CRITICAL,2026-01-14T02:40:00,474.45,3549.08,146.47,12.37,98.83,58.46,27.74,97.76,critical,6,5,12,6,-4.4806,-2.5409,-14.8178,1
PUMP-CRITICAL,2026-01-14T02:45:00,479.19,3421.95,130.41,15.17,104.9,55.97,26.82,88.96,critical,6,5,12,6,2.8007,-16.0607,6.0667,1
PUMP-CRITICAL,2026-01-14T02:50:00,469.53,3232.33,145.48,16.55,122.81,56.91,26.72,96.17,critical,6,5,12,6,1.3785,15.0772,17.9062,1
PUMP-CRITICAL,2026-01-14T02:55:00,459.47,3621.09,121.95,11.98,120.37,55.85,25.66,97.0,critical,6,5,12,6,-4.5738,-23.5311,-2.4379,1
PUMP-CRITICAL,2026-01-14T03:00:00,466.98,3267.32,149.12,11.29,123.53,54.62,25.5,90.17,critical,6,5,12,6,-0.6917,27.1694,3.164,1
PUMP-CRITICAL,2026-01-14T03:05:00,465.94,3559.82,133.23,15.92,117.77,53.54,24.95,88,critical,6,5,12,6,4.6298,-15.8903,-5.7583,1
PUMP-CRITICAL,2026-01-14T03:10:00,476.45,3689.02,121.86,15.17,119.48,56.25,26.8,88,critical,6,5,12,6,-0.7443,-11.372,1.7026,1
PUMP-CRITICAL,2026-01-14T03:15:00,476.39,3354.19,121.91,13.57,102.58,53.99,25.72,89.48,critical,6,5,12,6,-1.599,0.0506,-16.8923,1
PUMP-CRITICAL,2026-01-14T03:20:00,471.79,3698.33,138.34,13.73,124.12,55.1,26.0,88,critical,6,5,12,6,0.1546,16.4259,21.5332,1
PUMP-CRITICAL,2026-01-14T03:25:00,457.95,3499.69,132.48,16.87,120.94,55.84,25.57,98.44,critical,6,5,12,6,3.142,-5.8597,-3.1789,1
PUMP-CRITICAL,2026-01-14T03:30:00,458.0,3278.47,140.35,10.17,105.13,54.89,25.14,92.78,critical,6,5,12,6,-6.7049,7.8694,-15.8122,1
PUMP-CRITICAL,2026-01-14T03:35:00,462.01,3306.94,124.71,15.61,119.67,56.36,26.04,97.6,critical,6,5,12,6,5.4424,-15.6309,14.5436,1
PUMP-CRITICAL,2026-01-14T03:40:00,472.93,3555.35,135.6,12.88,95.75,54.63,25.84,88,critical,6,5,12,6,-2.7292,10.8881,-23.9151,1
PUMP-CRITICAL,2026-01-14T03:45:00,466.14,3608.69,144.57,12.58,121.82,53.93,25.14,93.42,critical,6,5,12,6,-0.302,8.9715,26.0676,1
PUMP-CRITICAL,2026-01-14T03:50:00,464.45,3480.51,130.39,11.38,110.31,53.26,24.74,91.15,critical,6,5,12,6,-1.1966,-14.1847,-11.5145,1
PUMP-CRITICAL,2026-01-14T03:55:00,450.9,3603.6,132.23,15.4,123.54,51.87,23.39,88,critical,6,5,12,6,4.0213,1.8432,13.2301,1
PUMP-CRITICAL,2026-01-14T04:00:00,465.43,3448.84,129.14,11.75,95.77,52.67,24.51,88,critical,6,5,12,6,-3.6491,-3.0887,-27.7668,1
PUMP-CRITICAL,2026-01-14T04:05:00,455.89,3429.0,149.29,15.11,97.81,51.98,23.7,88,critical,6,5,12,6,3.359,20.1458,2.0405,1
PUMP-CRITICAL,2026-01-14T04:10:00,463.51,3317.01,146.88,13.8,100.9,55.37,25.66,93.62,critical,6,5,12,6,-1.3075,-2.4101,3.0866,1
PUMP-CRITICAL,2026-01-14T04:15:00,462.13,3694.91,122.72,14.19,109.37,55.42,25.61,93.89,critical,6,5,12,6,0.385,-24.1599,8.4755,1
PUMP-CRITICAL,2026-01-14T04:20:00,471.07,3719.19,122.54,16.38,118.17,56.17,26.46,90.26,critical,6,5,12,6,2.1952,-0.1824,8.797,1
PUMP-CRITICAL,2026-01-14T04:25:00,461.79,3712.2,129.22,10.82,97.62,56.46,26.07,89.39,critical,6,5,12,6,-5.5603,6.681,-20.5541,1
PUMP-CRITICAL,2026-01-14T04:30:00,472.98,3615.46,142.32,12.2,113.12,55.48,26.24,88,critical,6,5,12,6,1.3799,13.1046,15.5007,1
PUMP-CRITICAL,2026-01-14T04:35:00,462.36,3296.86,126.86,16.41,102.78,55.6,25.71,100,critical,6,5,12,6,4.211,-15.4609,-10.3412,1
PUMP-CRITICAL,2026-01-14T04:40:00,465.8,3494.47,144.9,10.99,117.33,54.82,25.54,99.76,critical,6,5,12,6,-5.4239,18.0398,14.5513,1
PUMP-CRITICAL,2026-01-14T04:45:00,452.02,3676.91,139.45,15.3,111.22,53.37,24.13,95.3,critical,6,5,12,6,4.3081,-5.4492,-6.1115,1
PUMP-CRITICAL,2026-01-14T04:50:00,474.6,3560.02,122.47,14.17,105.62,58.15,27.6,92.38,critical,6,5,12,6,-1.1252,-16.9778,-5.5931,1
PUMP-CRITICAL,2026-01-14T04:55:00,461.16,3556.21,123.66,13.4,122.72,53.66,24.75,88,critical,6,5,12,6,-0.7709,1.1812,17.0941,1
PUMP-CRITICAL,2026-01-14T05:00:00,463.19,3702.97,123.14,12.95,120.76,56.47,26.15,95.51,critical,6,5,12,6,-0.4541,-0.517,-1.9589,1
PUMP-CRITICAL,2026-01-14T05:05:00,471.77,3416.44,141.53,12.79,98.95,56.24,26.53,91.89,critical,6,5,12,6,-0.1548,18.3872,-21.808,1
PUMP-CRITICAL,2026-01-14T05:10:00,470.92,3453.83,131.19,12.67,98.67,55.04,25.92,88.27,critical,6,5,12,6,-0.1268,-10.3365,-0.2785,1
PUMP-CRITICAL,2026-01-14T05:15:00,459.07,3630.14,144.6,15.42,121.86,55.56,25.51,90.94,critical,6,5,12,6,2.7539,13.4106,23.1906,1
PUMP-CRITICAL,2026-01-14T05:20:00,475.84,3252.17,121.89,14.34,106.57,55.8,26.55,98.35,critical,6,5,12,6,-1.084,-22.7089,-15.294,1
PUMP-CRITICAL,2026-01-14T05:25:00,477.7,3540.97,143.39,13.07,105.75,52.67,25.16,88,critical,6,5,12,6,-1.2633,21.5029,-0.8185,1
PUMP-CRITICAL,2026-01-14T05:30:00,469.15,3501.39,144.75,15.82,104.61,53.97,25.32,88,critical,6,5,12,6,2.7419,1.3557,-1.1368,1
PUMP-CRITICAL,2026-01-14T05:35:00,455.4,3379.5,142.81,15.18,98.85,55.37,25.21,92.57,critical,6,5,12,6,-0.6399,-1.938,-5.7646,1
PUMP-CRITICAL,2026-01-14T05:40:00,468.17,3487.92,144.27,13.91,122.15,52.81,24.72,88,critical,6,5,12,6,-1.2619,1.4559,23.297,1
PUMP-CRITICAL,2026-01-14T05:45:00,473.16,3546.1,135.17,13.45,111.57,53.03,25.09,88,critical,6,5,12,6,-0.4662,-9.0951,-10.573,1
PUMP-CRITICAL,2026-01-14T05:50:00,475.43,3559.37,122.81,12.68,112.45,55.93,26.59,88,critical,6,5,12,6,-0.7646,-12.3645,0.8757,1
PUMP-CRITICAL,2026-01-14T05:55:00,453.62,3336.18,129.28,13.79,105.0,53.69,24.36,94.74,critical,6,5,12,6,1.1105,6.468,-7.443,1
PUMP-CRITICAL,2026-01-14T06:00:00,451.37,3345.52,148.42,11.64,121.59,52.18,23.55,88,critical,6,5,12,6,-2.1528,19.1469,16.5841,1
PUMP-CRITICAL,2026-01-14T06:05:00,464.3,3724.33,147.14,15.94,111.22,51.02,23.69,88,critical,6,5,12,6,4.2983,-1.2849,-10.3666,1
PUMP-CRITICAL,2026-01-14T06:10:00,470.47,3573.05,121.38,14.21,102.62,54.01,25.41,88,critical,6,5,12,6,-1.7247,-25.7537,-8.6019,1
PUMP-CRITICAL,2026-01-14T06:15:00,449.9,3383.03,149.79,14.02,96.56,55.63,25.03,96.0,critical,6,5,12,6,-0.1965,28.4048,-6.0564,1
PUMP-CRITICAL,2026-01-14T06:20:00,470.22,3671.64,125.1,10.42,103.19,57.16,26.88,95.05,critical,6,5,12,6,-3.5984,-24.6853,6.6216,1
PUMP-CRITICAL,2026-01-14T06:25:00,477.17,3305.19,136.19,13.49,96.68,57.51,27.44,93.95,critical,6,5,12,6,3.0677,11.0897,-6.5008,1
PUMP-CRITICAL,2026-01-14T06:30:00,463.36,3717.65,124.66,10.96,100.26,55.67,25.79,97.15,critical,6,5,12,6,-2.5236,-11.531,3.5793,1
PUMP-CRITICAL,2026-01-14T06:35:00,470.96,3298.25,132.58,16.43,120.69,55.87,26.31,88,critical,6,5,12,6,5.4656,7.9133,20.4228,1
PUMP-CRITICAL,2026-01-14T06:40:00,460.54,3323.82,139.37,12.35,117.37,54.47,25.09,88,critical,6,5,12,6,-4.0786,6.7895,-3.3134,1
PUMP-CRITICAL,2026-01-14T06:45:00,460.39,3611.79,123.41,16.95,123.63,53.02,24.41,88.99,critical,6,5,12,6,4.5978,-15.9551,6.2538,1
PUMP-CRITICAL,2026-01-14T06:50:00,461.93,3691.58,124.67,14.64,105.06,53.23,24.59,88,critical,6,5,12,6,-2.3042,1.2587,-18.5654,1
PUMP-CRITICAL,2026-01-14T06:55:00,459.7,3337.27,120.66,15.0,95.63,53.08,24.4,88.12,critical,6,5,12,6,0.358,-4.0079,-9.4359,1
PUMP-CRITICAL,2026-01-14T07:00:00,456.19,3592.96,146.1,12.14,107.37,55.52,25.33,92.76,critical,6,5,12,6,-2.8581,25.4419,11.7395,1
PUMP-CRITICAL,2026-01-14T07:05:00,452.78,3686.6,143.96,14.75,98.87,56.01,25.36,93.79,critical,6,5,12,6,2.6065,-2.1453,-8.4994,1
PUMP-CRITICAL,2026-01-14T07:10:00,458.25,3524.25,132.91,16.75,111.87,54.24,24.85,95.65,critical,6,5,12,6,2.0029,-11.0432,13.0078,1
PUMP-CRITICAL,2026-01-14T07:15:00,460.34,3282.13,123.97,14.34,104.07,54.41,25.05,88,critical,6,5,12,6,-2.4122,-8.9415,-7.7991,1
PUMP-CRITICAL,2026-01-14T07:20:00,475.44,3357.39,141.84,11.82,120.6,54.43,25.88,88,critical,6,5,12,6,-2.5191,17.8655,16.5283,1
PUMP-CRITICAL,2026-01-14T07:25:00,474.26,3271.61,141.9,11.74,100.59,58.21,27.61,100,critical,6,5,12,6,-0.0789,0.0647,-20.0101,1
PUMP-CRITICAL,2026-01-14T07:30:00,460.37,3398.33,145.62,15.99,101.01,53.36,24.56,88,critical,6,5,12,6,4.2479,3.7177,0.4192,1
PUMP-CRITICAL,2026-01-14T07:35:00,474.77,3566.8,141.04,15.9,109.12,58.56,27.8,100,critical,6,5,12,6,-0.0949,-4.5824,8.1107,1
PUMP-CRITICAL,2026-01-14T07:40:00,477.2,3518.83,146.4,15.27,119.63,54.85,26.18,88,critical,6,5,12,6,-0.6248,5.36,10.5094,1
PUMP-CRITICAL,2026-01-14T07:45:00,451.77,3341.11,138.75,14.54,96.75,54.42,24.59,91.87,critical,6,5,12,6,-0.7302,-7.6514,-22.8849,1
PUMP-CRITICAL,2026-01-14T07:50:00,466.89,3481.95,140.47,9.98,113.15,55.72,26.01,88,critical,6,5,12,6,-4.5665,1.7271,16.4025,1
PUMP-CRITICAL,2026-01-14T07:55:00,453.02,3366.85,148.01,10.04,124.09,54.28,24.59,97.38,critical,6,5,12,6,0.0598,7.5329,10.9442,1
PUMP-CRITICAL,2026-01-14T08:00:00,452.9,3577.08,147.74,10.02,114.66,53.75,24.34,88,critical,6,5,12,6,-0.0178,-0.2706,-9.4314,1
PUMP-CRITICAL,2026-01-14T08:05:00,478.2,3325.86,133.64,13.83,102.06,56.28,26.91,89.0,critical,6,5,12,6,3.8103,-14.1003,-12.6065,1
PUMP-CRITICAL,2026-01-14T08:10:00,465.51,3646.06,132.43,16.29,103.33,57.13,26.59,98.26,critical,6,5,12,6,2.4642,-1.204,1.2763,1
PUMP-CRITICAL,2026-01-14T08:15:00,452.85,3572.01,121.36,16.78,95.61,51.8,23.46,88,critical,6,5,12,6,0.4929,-11.07,-7.7235,1
PUMP-CRITICAL,2026-01-14T08:20:00,468.74,3690.6,148.54,13.29,117.61,54.1,25.36,88.84,critical,6,5,12,6,-3.4969,27.1741,21.9992,1
PUMP-CRITICAL,2026-01-14T08:25:00,471.35,3598.82,123.56,10.08,100.82,53.03,25.0,88,critical,6,5,12,6,-3.2057,-24.9787,-16.7846,1
PUMP-CRITICAL,2026-01-14T08:30:00,454.98,3554.45,142.81,10.84,115.01,54.7,24.89,88.69,critical,6,5,12,6,0.7616,19.2511,14.1838,1
PUMP-CRITICAL,2026-01-14T08:35:00,459.79,3303.69,132.06,11.37,120.99,55.73,25.62,100,critical,6,5,12,6,0.5231,-10.7446,5.9859,1
PUMP-CRITICAL,2026-01-14T08:40:00,477.65,3592.64,127.95,16.54,108.1,55.78,26.64,95.04,critical,6,5,12,6,5.1768,-4.1124,-12.897,1
PUMP-CRITICAL,2026-01-14T08:45:00,476.54,3323.49,133.79,11.81,114.05,54.05,25.76,90.42,critical,6,5,12,6,-4.7359,5.8338,5.9519,1
PUMP-CRITICAL,2026-01-14T08:50:00,479.39,3620.05,133.79,13.41,117.09,54.34,26.05,88,critical,6,5,12,6,1.6014,0.007,3.0414,1
PUMP-CRITICAL,2026-01-14T08:55:00,464.01,3511.69,134.24,14.78,120.36,55.13,25.58,90.89,critical,6,5,12,6,1.3678,0.4494,3.2666,1
PUMP-CRITICAL,2026-01-14T09:00:00,454.88,3723.56,136.69,10.34,123.82,52.76,24.0,88,critical,6,5,12,6,-4.4394,2.4499,3.4631,1
PUMP-CRITICAL,2026-01-14T09:05:00,454.24,3673.27,143.24,11.13,106.5,54.41,24.72,88,critical,6,5,12,6,0.7912,6.5493,-17.3217,1
PUMP-CRITICAL,2026-01-14T09:10:00,452.09,3332.96,126.09,15.43,124.94,50.33,22.75,88,critical,6,5,12,6,4.2975,-17.1544,18.4409,1
PUMP-CRITICAL,2026-01-14T09:15:00,473.83,3685.51,129.65,16.94,99.69,55.84,26.46,88,critical,6,5,12,6,1.5093,3.5632,-25.2509,1
PUMP-CRITICAL,2026-01-14T09:20:00,469.27,3495.13,128.5,12.37,103.73,57.13,26.81,93.05,critical,6,5,12,6,-4.5661,-1.1521,4.0384,1
PUMP-CRITICAL,2026-01-14T09:25:00,471.89,3501.93,144.85,13.18,100.94,53.9,25.43,88.4,critical,6,5,12,6,0.8148,16.3536,-2.787,1
PUMP-CRITICAL,2026-01-14T09:30:00,465.7,3595.9,130.56,13.17,108.5,54.82,25.53,90.07,critical,6,5,12,6,-0.0097,-14.2933,7.5604,1
PUMP-CRITICAL,2026-01-14T09:35:00,464.17,3484.32,128.23,16.76,124.49,54.95,25.51,96.55,critical,6,5,12,6,3.5868,-2.3274,15.9901,1
PUMP-CRITICAL,2026-01-14T09:40:00,473.65,3260.2,140.19,10.71,116.14,55.46,26.27,88,critical,6,5,12,6,-6.0465,11.9575,-8.3486,1
PUMP-CRITICAL,2026-01-14T09:45:00,453.68,3294.11,148.86,14.99,100.22,56.68,25.71,97.16,critical,6,5,12,6,4.276,8.6696,-15.9184,1
PUMP-CRITICAL,2026-01-14T09:50:00,478.47,3605.64,129.09,16.81,105.08,55.35,26.48,95.86,critical,6,5,12,6,1.8235,-19.764,4.8575,1
PUMP-CRITICAL,2026-01-14T09:55:00,462.31,3397.24,127.75,11.19,106.25,56.49,26.12,100,critical,6,5,12,6,-5.6207,-1.343,1.1732,1
PUMP-CRITICAL,2026-01-14T10:00:00,457.98,3698.42,142.14,13.78,121.23,52.91,24.23,88,critical,6,5,12,6,2.5816,14.3864,14.9771,1
PUMP-CRITICAL,2026-01-14T10:05:00,473.53,3241.81,127.05,15.28,109.69,56.37,26.69,88,critical,6,5,12,6,1.5064,-15.088,-11.5409,1
PUMP-CRITICAL,2026-01-14T10:10:00,467.83,3611.64,136.02,11.89,104.73,55.17,25.81,88,critical,6,5,12,6,-3.3872,8.9751,-4.9636,1
PUMP-CRITICAL,2026-01-14T10:15:00,464.22,3508.42,145.91,15.75,116.27,52.97,24.59,88,critical,6,5,12,6,3.8566,9.8835,11.548,1
PUMP-CRITICAL,2026-01-14T10:20:00,456.66,3675.92,124.23,13.53,114.82,53.16,24.28,88,critical,6,5,12,6,-2.2253,-21.6825,-1.4494,1
PUMP-CRITICAL,2026-01-14T10:25:00,471.63,3454.35,144.66,14.23,119.08,55.37,26.11,88,critical,6,5,12,6,0.7003,20.4369,4.2539,1
PUMP-CRITICAL,2026-01-14T10:30:00,473.14,3309.35,143.45,12.94,120.87,56.85,26.9,98.75,critical,6,5,12,6,-1.282,-1.216,1.7953,1
PUMP-CRITICAL,2026-01-14T10:35:00,471.52,3495.39,134.95,14.73,98.69,56.5,26.64,89.68,critical,6,5,12,6,1.7901,-8.4961,-22.1826,1
PUMP-CRITICAL,2026-01-14T10:40:00,467.19,3322.28,131.91,10.66,101.56,56.51,26.4,98.08,critical,6,5,12,6,-4.0756,-3.0443,2.8639,1
PUMP-CRITICAL,2026-01-14T10:45:00,453.61,3579.08,144.58,16.24,99.37,54.84,24.88,88.06,critical,6,5,12,6,5.5809,12.6714,-2.1881,1
PUMP-CRITICAL,2026-01-14T10:50:00,460.95,3670.17,124.44,13.06,102.4,55.28,25.48,88,critical,6,5,12,6,-3.1772,-20.1325,3.0307,1
PUMP-CRITICAL,2026-01-14T10:55:00,460.54,3343.38,122.56,16.64,111.81,54.44,25.07,100,critical,6,5,12,6,3.5773,-1.8851,9.4134,1
PUMP-CRITICAL,2026-01-14T11:00:00,459.27,3383.77,120.44,16.46,103.64,56.89,26.13,97.45,critical,6,5,12,6,-0.1798,-2.1229,-8.1751,1
PUMP-CRITICAL,2026-01-14T11:05:00,451.44,3341.31,145.19,13.54,100.2,52.54,23.72,90.99,critical,6,5,12,6,-2.9206,24.7517,-3.439,1
PUMP-CRITICAL,2026-01-14T11:10:00,458.91,3573.67,144.7,12.04,119.93,56.54,25.95,90.99,critical,6,5,12,6,-1.5006,-0.4907,19.7284,1
PUMP-CRITICAL,2026-01-14T11:15:00,457.08,3615.99,130.03,13.4,100.37,53.22,24.33,91.83,critical,6,5,12,6,1.3627,-14.6647,-19.5548,1
PUMP-CRITICAL,2026-01-14T11:20:00,476.72,3378.92,144.14,13.91,120.78,54.46,25.96,88,critical,6,5,12,6,0.5077,14.1113,20.4102,1
PUMP-CRITICAL,2026-01-14T11:25:00,464.82,3561.31,142.83,15.61,102.7,56.72,26.37,96.33,critical,6,5,12,6,1.7001,-1.3145,-18.0769,1
PUMP-CRITICAL,2026-01-14T11:30:00,475.94,3508.09,135.08,13.22,95.61,58.51,27.85,99.27,critical,6,5,12,6,-2.3867,-7.7492,-7.0898,1
PUMP-CRITICAL,2026-01-14T11:35:00,453.01,3635.7,140.46,12.13,109.77,53.81,24.38,88,critical,6,5,12,6,-1.096,5.3816,14.1517,1
PUMP-CRITICAL,2026-01-14T11:40:00,460.37,3578.56,149.87,10.66,113.34,52.82,24.32,88,critical,6,5,12,6,-1.4639,9.4061,3.5784,1
PUMP-CRITICAL,2026-01-14T11:45:00,450.08,3377.04,142.32,10.06,118.04,54.38,24.47,100,critical,6,5,12,6,-0.6019,-7.5452,4.6913,1
PUMP-CRITICAL,2026-01-14T11:50:00,466.52,3467.37,139.33,11.49,114.56,51.75,24.14,88,critical,6,5,12,6,1.4305,-2.9913,-3.475,1
PUMP-CRITICAL,2026-01-14T11:55:00,466.78,3283.15,141.5,10.45,99.73,53.33,24.9,88,critical,6,5,12,6,-1.0364,2.1648,-14.8275,1
PUMP-CRITICAL,2026-01-14T12:00:00,453.61,3570.14,147.04,10.97,120.75,54.86,24.89,88,critical,6,5,12,6,0.5202,5.5405,21.0142,1
PUMP-CRITICAL,2026-01-14T12:05:00,472.08,3662.28,138.43,16.56,120.93,55.64,26.27,94.15,critical,6,5,12,6,5.5868,-8.6084,0.183,1
PUMP-CRITICAL,2026-01-14T12:10:00,470.06,3698.96,141.64,11.8,100.67,57.25,26.91,89.39,critical,6,5,12,6,-4.7593,3.2078,-20.2625,1
PUMP-CRITICAL,2026-01-14T12:15:00,465.5,3695.88,136.62,14.97,115.67,56.79,26.44,90.19,critical,6,5,12,6,3.1684,-5.0154,15.0067,1
PUMP-CRITICAL,2026-01-14T12:20:00,464.55,3479.74,135.3,11.79,113.21,54.26,25.21,96.47,critical,6,5,12,6,-3.1802,-1.3176,-2.4617,1
PUMP-CRITICAL,2026-01-14T12:25:00,454.04,3326.54,143.4,11.59,104.54,53.84,24.45,91.45,critical,6,5,12,6,-0.203,8.0916,-8.6709,1
PUMP-CRITICAL,2026-01-14T12:30:00,450.61,3427.24,134.99,10.15,112.55,51.97,23.42,88,critical,6,5,12,6,-1.441,-8.4064,8.0079,1
PUMP-CRITICAL,2026-01-14T12:35:00,464.64,3392.98,137.15,16.78,96.82,54.36,25.26,89.22,critical,6,5,12,6,6.6338,2.1635,-15.7268,1
PUMP-CRITICAL,2026-01-14T12:40:00,477.65,3637.6,149.65,13.76,100.82,54.0,25.79,88,critical,6,5,12,6,-3.0188,12.4985,3.9964,1
PUMP-CRITICAL,2026-01-14T12:45:00,477.3,3721.39,143.37,14.71,107.49,53.46,25.52,88,critical,6,5,12,6,0.9519,-6.2858,6.6705,1
PUMP-CRITICAL,2026-01-14T12:50:00,477.11,3622.95,149.92,10.59,101.76,55.9,26.67,99.83,critical,6,5,12,6,-4.1282,6.5537,-5.7328,1
PUMP-CRITICAL,2026-01-14T12:55:00,451.03,3601.38,134.48,11.42,122.55,53.21,24.0,88,critical,6,5,12,6,0.8373,-15.4358,20.7952,1
PUMP-CRITICAL,2026-01-14T13:00:00,474.36,3322.33,133.98,10.54,95.83,52.82,25.06,88,critical,6,5,12,6,-0.8868,-0.4999,-26.7184,1
PUMP-CRITICAL,2026-01-14T13:05:00,471.99,3652.96,126.51,16.46,107.62,58.44,27.58,100,critical,6,5,12,6,5.9213,-7.4703,11.7846,1
PUMP-CRITICAL,2026-01-14T13:10:00,476.14,3482.94,147.93,11.75,108.46,55.61,26.48,94.27,critical,6,5,12,6,-4.7112,21.4163,0.8381,1
PUMP-CRITICAL,2026-01-14T13:15:00,478.21,3240.33,122.42,11.5,111.24,57.58,27.54,91.94,critical,6,5,12,6,-0.244,-25.5085,2.7865,1
PUMP-CRITICAL,2026-01-14T13:20:00,464.07,3673.94,138.3,10.34,100.79,53.65,24.9,90.13,critical,6,5,12,6,-1.1614,15.8769,-10.4567,1
PUMP-CRITICAL,2026-01-14T13:25:00,475.54,3293.69,146.56,10.57,100.35,57.81,27.49,93.45,critical,6,5,12,6,0.2331,8.2649,-0.4383,1
PUMP-CRITICAL,2026-01-14T13:30:00,469.46,3262.29,132.74,12.92,112.11,55.31,25.97,96.36,critical,6,5,12,6,2.3419,-13.8205,11.7637,1
PUMP-CRITICAL,2026-01-14T13:35:00,472.71,3627.29,146.8,12.4,99.53,56.79,26.85,88,critical,6,5,12,6,-0.5125,14.0572,-12.5835,1
PUMP-CRITICAL,2026-01-14T13:40:00,462.64,3252.29,140.46,13.26,120.12,55.16,25.52,98.31,critical,6,5,12,6,0.8573,-6.3431,20.59,1
PUMP-CRITICAL,2026-01-14T13:45:00,468.63,3497.6,129.43,13.65,104.22,55.19,25.86,88,critical,6,5,12,6,0.3866,-11.0252,-15.8957,1
PUMP-CRITICAL,2026-01-14T13:50:00,450.01,3599.65,142.43,10.67,114.9,53.19,23.94,88,critical,6,5,12,6,-2.9812,12.9956,10.6817,1
PUMP-CRITICAL,2026-01-14T13:55:00,476.59,3372.74,125.18,15.86,102.23,58.59,27.92,100,critical,6,5,12,6,5.1945,-17.2426,-12.6758,1
PUMP-CRITICAL,2026-01-14T14:00:00,454.45,3536.02,142.17,11.36,116.43,56.08,25.49,91.16,critical,6,5,12,6,-4.5047,16.9872,14.2001,1
PUMP-CRITICAL,2026-01-14T14:05:00,453.15,3357.03,143.95,10.68,121.47,52.51,23.79,88,critical,6,5,12,6,-0.6771,1.7811,5.0445,1
PUMP-CRITICAL,2026-01-14T14:10:00,453.58,3569.71,130.9,14.93,104.24,53.14,24.1,88,critical,6,5,12,6,4.2519,-13.0509,-17.2347,1
PUMP-CRITICAL,2026-01-14T14:15:00,477.95,3591.67,139.87,12.88,119.16,56.56,27.03,88,critical,6,5,12,6,-2.0479,8.9654,14.926,1
PUMP-CRITICAL,2026-01-14T14:20:00,454.57,3697.08,128.19,14.62,115.24,57.01,25.92,97.83,critical,6,5,12,6,1.7423,-11.6776,-3.9249,1
PUMP-CRITICAL,2026-01-14T14:25:00,462.99,3323.47,143.03,14.93,104.69,55.82,25.85,97.13,critical,6,5,12,6,0.3066,14.8444,-10.5463,1
PUMP-CRITICAL,2026-01-14T14:30:00,478.77,3312.46,144.64,13.55,109.15,56.75,27.17,95.04,critical,6,5,12,6,-1.3841,1.6037,4.4577,1
PUMP-CRITICAL,2026-01-14T14:35:00,464.91,3364.33,129.93,15.31,119.02,53.75,24.99,88,critical,6,5,12,6,1.7672,-14.7063,9.8679,1
PUMP-CRITICAL,2026-01-14T14:40:00,452.29,3627.05,126.28,16.82,95.84,53.31,24.11,88,critical,6,5,12,6,1.5027,-3.6468,-23.1755,1
PUMP-CRITICAL,2026-01-14T14:45:00,467.42,3371.52,129.77,15.61,118.18,53.81,25.15,88,critical,6,5,12,6,-1.2112,3.4826,22.3413,1
PUMP-CRITICAL,2026-01-14T14:50:00,476.84,3356.53,135.09,16.2,119.59,58.97,28.12,99.19,critical,6,5,12,6,0.5981,5.3263,1.4101,1
PUMP-CRITICAL,2026-01-14T14:55:00,471.02,3637.65,138.21,12.67,95.45,57.03,26.86,88.3,critical,6,5,12,6,-3.5352,3.1147,-24.1454,1
PUMP-CRITICAL,2026-01-14T15:00:00,479.38,3422.3,142.79,12.06,112.28,56.4,27.03,88,critical,6,5,12,6,-0.6061,4.5851,16.8305,1
PUMP-CRITICAL,2026-01-14T15:05:00,469.37,3517.72,123.95,10.63,112.17,53.13,24.94,88,critical,6,5,12,6,-1.4339,-18.8439,-0.1088,1
PUMP-CRITICAL,2026-01-14T15:10:00,454.63,3570.25,127.18,15.49,108.03,52.7,23.96,90.86,critical,6,5,12,6,4.8581,3.2356,-4.1412,1
PUMP-CRITICAL,2026-01-14T15:15:00,453.71,3297.65,139.05,10.64,102.29,54.15,24.57,88,critical,6,5,12,6,-4.8432,11.8687,-5.7364,1
PUMP-CRITICAL,2026-01-14T15:20:00,476.77,3602.35,138.05,12.63,112.68,56.64,27.01,88,critical,6,5,12,6,1.9814,-1.0048,10.3916,1
PUMP-CRITICAL,2026-01-14T15:25:00,457.03,3344.96,147.84,15.82,95.82,56.07,25.63,93.34,critical,6,5,12,6,3.1913,9.7888,-16.8636,1
PUMP-CRITICAL,2026-01-14T15:30:00,477.8,3459.53,146.68,10.69,123.31,53.57,25.6,88,critical,6,5,12,6,-5.1243,-1.1619,27.4907,1
PUMP-CRITICAL,2026-01-14T15:35:00,457.71,3623.96,122.75,14.76,98.84,56.78,25.99,98.03,critical,6,5,12,6,4.0638,-23.9296,-24.468,1
PUMP-CRITICAL,2026-01-14T15:40:00,474.68,3601.47,123.07,12.72,107.67,55.68,26.43,88,critical,6,5,12,6,-2.0385,0.3201,8.8248,1
PUMP-CRITICAL,2026-01-14T15:45:00,472.29,3579.49,131.17,15.99,98.06,54.35,25.67,92.65,critical,6,5,12,6,3.2708,8.1053,-9.6124,1
PUMP-CRITICAL,2026-01-14T15:50:00,465.89,3660.3,145.6,10.77,99.69,53.78,25.06,88,critical,6,5,12,6,-5.2143,14.4271,1.6341,1
PUMP-CRITICAL,2026-01-14T15:55:00,449.95,3261.64,125.46,10.94,96.96,52.1,23.44,88,critical,6,5,12,6,0.1705,-20.1387,-2.7271,1
PUMP-CRITICAL,2026-01-14T16:00:00,468.94,3278.08,125.87,12.7,118.2,55.83,26.18,93.53,critical,6,5,12,6,1.7601,0.41,21.2324,1
PUMP-CRITICAL,2026-01-14T16:05:00,463.77,3420.41,138.12,15.32,122.49,55.53,25.75,98.56,critical,6,5,12,6,2.6177,12.2539,4.2971,1
PUMP-CRITICAL,2026-01-14T16:10:00,476.97,3597.44,143.02,12.0,112.16,57.11,27.24,88,critical,6,5,12,6,-3.3197,4.8977,-10.3376,1
PUMP-CRITICAL,2026-01-14T16:15:00,458.74,3732.76,134.08,14.45,110.55,55.53,25.48,92.9,critical,6,5,12,6,2.4525,-8.939,-1.6036,1
PUMP-CRITICAL,2026-01-14T16:20:00,452.03,3616.28,135.97,12.97,98.96,54.16,24.48,99.83,critical,6,5,12,6,-1.4873,1.8892,-11.5964,1
PUMP-CRITICAL,2026-01-14T16:25:00,471.86,3579.95,132.23,11.18,108.08,59.18,27.93,99.76,critical,6,5,12,6,-1.7898,-3.7414,9.124,1
PUMP-CRITICAL,2026-01-14T16:30:00,468.76,3567.91,130.96,13.23,99.6,53.28,24.97,88.52,critical,6,5,12,6,2.0539,-1.2687,-8.4765,1
PUMP-CRITICAL,2026-01-14T16:35:00,478.38,3257.39,129.16,10.25,121.11,54.03,25.85,88.49,critical,6,5,12,6,-2.9848,-1.7965,21.5077,1
PUMP-CRITICAL,2026-01-14T16:40:00,473.66,3369.27,141.79,14.11,96.9,55.21,26.15,94.19,critical,6,5,12,6,3.8582,12.6237,-24.2079,1
PUMP-CRITICAL,2026-01-14T16:45:00,463.35,3434.4,144.94,12.64,108.9,55.18,25.57,94.28,critical,6,5,12,6,-1.4642,3.1534,11.994,1
PUMP-CRITICAL,2026-01-14T16:50:00,469.87,3620.61,131.96,16.92,105.71,51.65,24.27,88,critical,6,5,12,6,4.2784,-12.9778,-3.1912,1
PUMP-CRITICAL,2026-01-14T16:55:00,454.79,3681.73,134.52,15.07,120.65,55.65,25.31,99.09,critical,6,5,12,6,-1.853,2.5598,14.9411,1
PUMP-CRITICAL,2026-01-14T17:00:00,462.54,3718.52,139.04,15.44,116.59,56.29,26.04,98.26,critical,6,5,12,6,0.3749,4.516,-4.0541,1
PUMP-CRITICAL,2026-01-14T17:05:00,469.64,3640.55,140.37,15.42,124.46,55.29,25.97,89.87,critical,6,5,12,6,-0.0179,1.3311,7.8672,1
PUMP-CRITICAL,2026-01-14T17:10:00,450.82,3439.32,141.36,12.8,112.74,57.28,25.82,99.03,critical,6,5,12,6,-2.6241,0.993,-11.717,1
PUMP-CRITICAL,2026-01-14T17:15:00,461.98,3368.64,130.42,10.93,110.81,52.13,24.08,88,critical,6,5,12,6,-1.8687,-10.9419,-1.9289,1
PUMP-CRITICAL,2026-01-14T17:20:00,473.5,3662.76,122.88,10.53,97.75,53.13,25.16,88,critical,6,5,12,6,-0.3957,-7.5427,-13.0679,1
PUMP-CRITICAL,2026-01-14T17:25:00,457.42,3556.1,140.21,14.23,115.83,53.8,24.61,88,critical,6,5,12,6,3.6979,17.3313,18.0818,1
PUMP-CRITICAL,2026-01-14T17:30:00,462.8,3617.81,132.81,10.86,121.16,52.32,24.21,88,critical,6,5,12,6,-3.3695,-7.4012,5.3349,1
PUMP-CRITICAL,2026-01-14T17:35:00,477.88,3726.33,149.39,14.19,123.19,55.74,26.64,91.0,critical,6,5,12,6,3.3313,16.5842,2.0274,1
PUMP-CRITICAL,2026-01-14T17:40:00,451.82,3296.56,123.69,13.39,118.8,54.08,24.43,88,critical,6,5,12,6,-0.8018,-25.6991,-4.394,1
PUMP-CRITICAL,2026-01-14T17:45:00,457.37,3451.55,135.4,12.34,121.62,51.33,23.48,88,critical,6,5,12,6,-1.0572,11.7007,2.8284,1
PUMP-CRITICAL,2026-01-14T17:50:00,461.73,3675.18,147.35,11.57,96.18,56.33,26.01,95.92,critical,6,5,12,6,-0.7658,11.9513,-25.4462,1
PUMP-CRITICAL,2026-01-14T17:55:00,461.07,3508.84,127.21,11.33,114.48,52.96,24.42,90.52,critical,6,5,12,6,-0.2428,-20.1384,18.3032,1
PUMP-CRITICAL,2026-01-14T18:00:00,451.96,3480.34,140.5,10.78,104.07,54.1,24.45,88,critical,6,5,12,6,-0.5454,13.2945,-10.416,1
PUMP-CRITICAL,2026-01-14T18:05:00,476.33,3700.73,121.08,15.58,102.13,53.12,25.3,88,critical,6,5,12,6,4.7935,-19.4225,-1.935,1
PUMP-CRITICAL,2026-01-14T18:10:00,454.89,3458.49,127.41,15.36,117.15,51.45,23.4,88,critical,6,5,12,6,-0.2163,6.3301,15.015,1
PUMP-CRITICAL,2026-01-14T18:15:00,453.19,3334.49,140.06,11.22,115.94,54.94,24.9,88.47,critical,6,5,12,6,-4.1345,12.6458,-1.2098,1
PUMP-CRITICAL,2026-01-14T18:20:00,459.37,3716.45,121.6,14.78,98.69,53.78,24.7,88,critical,6,5,12,6,3.5596,-18.4536,-17.2413,1
PUMP-CRITICAL,2026-01-14T18:25:00,467.11,3658.49,148.32,11.86,110.21,57.43,26.83,98.05,critical,6,5,12,6,-2.92,26.7159,11.5195,1
PUMP-CRITICAL,2026-01-14T18:30:00,450.91,3394.13,141.3,10.76,120.36,56.03,25.27,92.97,critical,6,5,12,6,-1.1031,-7.0232,10.1442,1
PUMP-CRITICAL,2026-01-14T18:35:00,467.0,3623.12,120.42,16.75,117.84,52.51,24.52,88,critical,6,5,12,6,5.9855,-20.8743,-2.5224,1
PUMP-CRITICAL,2026-01-14T18:40:00,472.39,3346.96,120.47,16.47,101.52,54.06,25.54,88,critical,6,5,12,6,-0.2767,0.0534,-16.3163,1
PUMP-CRITICAL,2026-01-14T18:45:00,470.57,3459.94,135.44,15.13,120.41,58.11,27.34,100,critical,6,5,12,6,-1.3384,14.97,18.8878,1
PUMP-CRITICAL,2026-01-14T18:50:00,461.03,3246.87,144.4,11.76,113.54,54.45,25.11,88,critical,6,5,12,6,-3.368,8.9575,-6.8709,1
PUMP-CRITICAL,2026-01-14T18:55:00,462.96,3591.78,141.31,15.56,112.83,58.07,26.88,99.06,critical,6,5,12,6,3.7953,-3.095,-0.7034,1
PUMP-CRITICAL,2026-01-14T19:00:00,460.63,3307.69,134.43,15.54,116.14,56.17,25.87,89.83,critical,6,5,12,6,-0.0192,-6.8727,3.3096,1
PUMP-CRITICAL,2026-01-14T19:05:00,465.66,3540.01,141.19,12.27,118.28,53.06,24.71,88,critical,6,5,12,6,-3.2729,6.7524,2.1346,1
PUMP-CRITICAL,2026-01-14T19:10:00,457.31,3449.88,134.51,15.06,122.42,52.21,23.88,88,critical,6,5,12,6,2.7922,-6.6759,4.1403,1
PUMP-CRITICAL,2026-01-14T19:15:00,462.51,3369.94,147.55,14.32,122.84,53.32,24.66,88,critical,6,5,12,6,-0.741,13.0348,0.4258,1
PUMP-CRITICAL,2026-01-14T19:20:00,460.12,3511.41,143.16,10.12,110.7,55.22,25.41,88,critical,6,5,12,6,-4.198,-4.3849,-12.1436,1
PUMP-CRITICAL,2026-01-14T19:25:00,462.14,3386.69,143.56,10.68,111.19,57.94,26.78,98.02,critical,6,5,12,6,0.5564,0.3994,0.4867,1
PUMP-CRITICAL,2026-01-14T19:30:00,456.73,3358.76,126.77,16.14,100.74,53.37,24.38,92.07,critical,6,5,12,6,5.4632,-16.7923,-10.4487,1
PUMP-CRITICAL,2026-01-14T19:35:00,457.32,3500.83,135.23,16.55,103.36,53.25,24.35,88,critical,6,5,12,6,0.4146,8.4603,2.6209,1
PUMP-CRITICAL,2026-01-14T19:40:00,467.51,3343.84,137.98,13.57,99.24,53.89,25.19,88,critical,6,5,12,6,-2.9864,2.7545,-4.1132,1
PUMP-CRITICAL,2026-01-14T19:45:00,457.73,3420.44,129.64,16.38,104.64,52.55,24.05,88,critical,6,5,12,6,2.8122,-8.3381,5.3997,1
PUMP-CRITICAL,2026-01-14T19:50:00,455.0,3368.05,146.04,14.75,116.77,53.64,24.41,88,critical,6,5,12,6,-1.6251,16.3912,12.128,1
PUMP-CRITICAL,2026-01-14T19:55:00,468.71,3404.96,133.26,10.94,109.32,54.82,25.69,90.86,critical,6,5,12,6,-3.8129,-12.778,-7.4513,1
PUMP-CRITICAL,2026-01-14T20:00:00,452.87,3271.24,129.74,15.85,122.89,53.87,24.4,98.98,critical,6,5,12,6,4.9104,-3.521,13.5663,1
PUMP-CRITICAL,2026-01-14T20:05:00,455.43,3464.02,147.61,10.12,103.15,53.01,24.14,88,critical,6,5,12,6,-5.729,17.8783,-19.7376,1
PUMP-CRITICAL,2026-01-14T20:10:00,475.5,3412.08,123.36,13.27,104.81,54.84,26.08,94.31,critical,6,5,12,6,3.1425,-24.2579,1.6568,1
PUMP-CRITICAL,2026-01-14T20:15:00,474.89,3720.7,141.96,11.67,105.14,57.47,27.29,92.79,critical,6,5,12,6,-1.5976,18.6074,0.3286,1
PUMP-CRITICAL,2026-01-14T20:20:00,478.09,3301.47,131.55,15.35,115.41,54.82,26.21,89.89,critical,6,5,12,6,3.6811,-10.4088,10.2783,1
PUMP-CRITICAL,2026-01-14T20:25:00,453.69,3485.6,144.65,12.4,108.89,53.03,24.06,89.22,critical,6,5,12,6,-2.9481,13.0906,-6.5224,1
PUMP-CRITICAL,2026-01-14T20:30:00,459.34,3588.09,142.4,10.95,123.32,54.57,25.06,98.0,critical,6,5,12,6,-1.4521,-2.2447,14.4292,1
PUMP-CRITICAL,2026-01-14T20:35:00,451.55,3248.36,144.52,12.68,107.46,56.35,25.45,93.69,critical,6,5,12,6,1.7271,2.1181,-15.8602,1
PUMP-CRITICAL,2026-01-14T20:40:00,450.66,3700.87,121.59,12.55,98.78,53.53,24.12,95.41,critical,6,5,12,6,-0.1235,-22.929,-8.6773,1
PUMP-CRITICAL,2026-01-14T20:45:00,466.94,3691.17,136.27,16.68,104.24,55.33,25.84,88,critical,6,5,12,6,4.1225,14.6848,5.4612,1
PUMP-CRITICAL,2026-01-14T20:50:00,477.17,3397.0,137.23,11.86,119.58,56.12,26.78,88,critical,6,5,12,6,-4.8181,0.9511,15.3309,1
PUMP-CRITICAL,2026-01-14T20:55:00,454.28,3271.95,126.02,11.82,111.46,54.33,24.68,89.61,critical,6,5,12,6,-0.0412,-11.207,-8.1153,1
PUMP-CRITICAL,2026-01-14T21:00:00,468.45,3437.69,140.62,11.04,116.59,54.82,25.68,88,critical,6,5,12,6,-0.777,14.6017,5.1257,1
PUMP-CRITICAL,2026-01-14T21:05:00,473.16,3414.94,122.04,11.92,111.18,55.03,26.04,93.2,critical,6,5,12,6,0.8786,-18.5838,-5.406,1
PUMP-CRITICAL,2026-01-14T21:10:00,470.97,3700.83,150.1,15.48,109.87,52.73,24.83,88,critical,6,5,12,6,3.5618,28.0589,-1.3114,1
PUMP-CRITICAL,2026-01-14T21:15:00,460.87,3454.16,147.85,12.82,113.43,53.85,24.82,93.75,critical,6,5,12,6,-2.6634,-2.2421,3.557,1
PUMP-CRITICAL,2026-01-14T21:20:00,471.05,3537.6,125.24,13.0,124.43,55.94,26.35,88,critical,6,5,12,6,0.1831,-22.6176,11.0008,1
PUMP-CRITICAL,2026-01-14T21:25:00,462.66,3356.41,149.92,10.56,121.18,52.86,24.46,88,critical,6,5,12,6,-2.4426,24.685,-3.2503,1
PUMP-CRITICAL,2026-01-14T21:30:00,456.91,3304.29,120.82,10.1,111.13,54.44,24.87,88,critical,6,5,12,6,-0.4541,-29.1043,-10.0479,1
PUMP-CRITICAL,2026-01-14T21:35:00,454.67,3461.61,143.35,13.49,106.9,56.08,25.5,95.69,critical,6,5,12,6,3.3858,22.5306,-4.226,1
PUMP-CRITICAL,2026-01-14T21:40:00,464.19,3333.88,132.91,14.25,107.69,55.43,25.73,88,critical,6,5,12,6,0.7667,-10.4369,0.786,1
PUMP-CRITICAL,2026-01-14T21:45:00,449.69,3471.61,129.96,15.6,111.19,54.62,24.56,95.92,critical,6,5,12,6,1.3425,-2.9484,3.5001,1
PUMP-CRITICAL,2026-01-14T21:50:00,472.33,3377.97,125.86,13.93,98.5,51.92,24.52,88,critical,6,5,12,6,-1.6642,-4.1001,-12.6902,1
PUMP-CRITICAL,2026-01-14T21:55:00,455.23,3379.97,122.68,13.73,109.05,54.42,24.77,97.29,critical,6,5,12,6,-0.2012,-3.1829,10.5504,1
PUMP-CRITICAL,2026-01-14T22:00:00,472.43,3438.78,140.81,13.42,119.65,55.24,26.1,95.58,critical,6,5,12,6,-0.3162,18.1315,10.6038,1
PUMP-CRITICAL,2026-01-14T22:05:00,452.62,3642.01,146.5,11.06,96.4,56.6,25.62,98.0,critical,6,5,12,6,-2.3507,5.6851,-23.2558,1
PUMP-CRITICAL,2026-01-14T22:10:00,453.96,3389.48,140.54,11.74,114.95,52.5,23.83,92.32,critical,6,5,12,6,0.6792,-5.9597,18.5538,1
PUMP-CRITICAL,2026-01-14T22:15:00,466.78,3579.95,120.81,15.57,102.59,55.99,26.14,94.62,critical,6,5,12,6,3.827,-19.7271,-12.357,1
PUMP-CRITICAL,2026-01-14T22:20:00,476.4,3307.99,130.1,10.84,115.33,56.55,26.94,88,critical,6,5,12,6,-4.7331,9.2902,12.7339,1
PUMP-CRITICAL,2026-01-14T22:25:00,462.24,3397.72,129.22,12.11,98.54,54.97,25.41,97.24,critical,6,5,12,6,1.2684,-0.8753,-16.79,1
PUMP-CRITICAL,2026-01-14T22:30:00,479.25,3650.69,147.12,12.14,116.36,56.52,27.09,95.8,critical,6,5,12,6,0.0295,17.8945,17.8255,1
PUMP-CRITICAL,2026-01-14T22:35:00,465.51,3733.61,127.27,15.38,103.53,54.51,25.37,88,critical,6,5,12,6,3.2426,-19.8505,-12.8368,1
PUMP-CRITICAL,2026-01-14T22:40:00,479.51,3445.42,127.71,11.38,120.55,58.18,27.9,97.04,critical,6,5,12,6,-3.9996,0.4422,17.0293,1
PUMP-CRITICAL,2026-01-14T22:45:00,458.94,3563.89,145.56,12.88,101.22,54.41,24.97,88,critical,6,5,12,6,1.5027,17.8485,-19.333,1
PUMP-CRITICAL,2026-01-14T22:50:00,455.81,3397.64,142.41,15.58,116.21,53.23,24.26,91.78,critical,6,5,12,6,2.694,-3.148,14.9906,1
PUMP-CRITICAL,2026-01-14T22:55:00,474.98,3733.33,148.51,15.96,100.38,58.72,27.89,96.33,critical,6,5,12,6,0.3809,6.0998,-15.8361,1
PUMP-CRITICAL,2026-01-14T23:00:00,451.95,3422.1,131.4,15.5,108.01,54.06,24.43,88,critical,6,5,12,6,-0.4546,-17.1055,7.6389,1
PUMP-CRITICAL,2026-01-14T23:05:00,471.6,3317.84,145.04,10.87,101.93,54.21,25.56,88,critical,6,5,12,6,-4.6287,13.6341,-6.0879,1
PUMP-CRITICAL,2026-01-14T23:10:00,452.43,3238.62,136.69,16.76,102.17,55.63,25.17,94.21,critical,6,5,12,6,5.8841,-8.3455,0.2399,1
PUMP-CRITICAL,2026-01-14T23:15:00,452.68,3283.88,128.33,14.14,115.73,53.27,24.11,94.0,critical,6,5,12,6,-2.6133,-8.3599,13.5581,1
PUMP-CRITICAL,2026-01-14T23:20:00,462.27,3570.47,149.26,11.89,106.95,54.43,25.16,96.48,critical,6,5,12,6,-2.2514,20.9301,-8.7739,1
PUMP-CRITICAL,2026-01-14T23:25:00,461.75,3542.83,147.75,13.65,122.49,51.81,23.92,88,critical,6,5,12,6,1.7535,-1.5181,15.5426,1
PUMP-CRITICAL,2026-01-14T23:30:00,458.06,3445.74,128.84,11.89,114.72,55.02,25.2,92.88,critical,6,5,12,6,-1.7516,-18.9024,-7.7702,1
PUMP-CRITICAL,2026-01-14T23:35:00,463.73,3471.65,146.29,13.16,109.94,57.05,26.45,96.29,critical,6,5,12,6,1.2605,17.4439,-4.7853,1
PUMP-CRITICAL,2026-01-14T23:40:00,461.7,3348.67,129.45,10.13,125.18,57.61,26.6,99.25,critical,6,5,12,6,-3.0241,-16.833,15.2447,1
PUMP-CRITICAL,2026-01-14T23:45:00,465.54,3543.88,120.55,14.08,99.2,55.84,26.0,88,critical,6,5,12,6,3.9538,-8.9052,-25.9838,1
PUMP-CRITICAL,2026-01-14T23:50:00,476.28,3564.61,143.18,10.31,124.01,57.16,27.22,88,critical,6,5,12,6,-3.7793,22.6329,24.8144,1
PUMP-CRITICAL,2026-01-14T23:55:00,451.46,3636.11,130.79,16.46,123.48,53.65,24.22,92.61,critical,6,5,12,6,6.1528,-12.3902,-0.5315,1
PUMP-CRITICAL,2026-01-15T00:00:00,458.55,3603.25,130.25,11.23,116.82,51.13,23.44,88,critical,6,5,12,6,-5.2329,-0.5392,-6.6627,1
PUMP-CRITICAL,2026-01-15T00:05:00,456.86,3389.87,131.64,15.03,110.02,52.66,24.06,88,critical,6,5,12,6,3.8,1.3843,-6.7958,1
PUMP-CRITICAL,2026-01-15T00:10:00,454.02,3502.32,142.91,11.34,108.31,52.22,23.71,88,critical,6,5,12,6,-3.6829,11.2775,-1.7124,1
PUMP-CRITICAL,2026-01-15T00:15:00,457.42,3564.04,121.71,12.44,98.51,57.16,26.15,97.94,critical,6,5,12,6,1.1008,-21.2084,-9.7985,1
PUMP-CRITICAL,2026-01-15T00:20:00,472.38,3530.88,142.41,12.77,115.41,56.58,26.73,88,critical,6,5,12,6,0.3304,20.6995,16.9003,1
PUMP-CRITICAL,2026-01-15T00:25:00,464.67,3294.75,124.47,11.25,112.24,57.01,26.49,96.2,critical,6,5,12,6,-1.5204,-17.9323,-3.1688,1
PUMP-CRITICAL,2026-01-15T00:30:00,478.84,3414.64,136.29,12.61,106.04,54.51,26.1,91.13,critical,6,5,12,6,1.3562,11.8214,-6.1999,1
PUMP-CRITICAL,2026-01-15T00:35:00,460.86,3680.97,138.78,11.12,95.98,55.03,25.36,95.69,critical,6,5,12,6,-1.4891,2.4815,-10.0633,1
PUMP-CRITICAL,2026-01-15T00:40:00,477.03,3642.26,140.59,10.73,98.28,56.97,27.18,96.59,critical,6,5,12,6,-0.3859,1.8143,2.2967,1
PUMP-CRITICAL,2026-01-15T00:45:00,457.05,3599.17,144.95,10.78,105.08,52.69,24.08,88,critical,6,5,12,6,0.0467,4.3578,6.7997,1
PUMP-CRITICAL,2026-01-15T00:50:00,462.58,3327.96,144.68,10.42,114.19,55.05,25.47,89.25,critical,6,5,12,6,-0.3594,-0.2726,9.1142,1
PUMP-CRITICAL,2026-01-15T00:55:00,473.02,3318.67,149.49,13.51,110.16,58.37,27.61,100,critical,6,5,12,6,3.0839,4.8116,-4.0346,1
PUMP-CRITICAL,2026-01-15T01:00:00,455.98,3634.2,146.17,13.3,124.9,53.47,24.38,88,critical,6,5,12,6,-0.2087,-3.313,14.7476,1
PUMP-CRITICAL,2026-01-15T01:05:00,454.99,3492.99,140.15,16.19,123.03,53.62,24.4,88,critical,6,5,12,6,2.8905,-6.0266,-1.8744,1
PUMP-CRITICAL,2026-01-15T01:10:00,472.01,3593.56,125.51,14.42,103.61,58.62,27.67,97.83,critical,6,5,12,6,-1.7635,-14.6343,-19.4231,1
PUMP-CRITICAL,2026-01-15T01:15:00,463.21,3663.32,124.71,11.07,111.83,55.98,25.93,100,critical,6,5,12,6,-3.3514,-0.8066,8.2274,1
PUMP-CRITICAL,2026-01-15T01:20:00,475.93,3694.89,146.47,14.34,124.73,56.78,27.03,88,critical,6,5,12,6,3.2691,21.7633,12.8918,1
PUMP-CRITICAL,2026-01-15T01:25:00,474.57,3645.23,145.47,11.39,98.64,57.69,27.38,100,critical,6,5,12,6,-2.9533,-0.9954,-26.0871,1
PUMP-CRITICAL,2026-01-15T01:30:00,477.19,3509.82,132.47,14.87,99.94,53.81,25.68,88,critical,6,5,12,6,3.486,-13.003,1.3052,1
PUMP-CRITICAL,2026-01-15T01:35:00,463.51,3615.75,123.26,11.81,95.62,52.96,24.55,89.41,critical,6,5,12,6,-3.0633,-9.2101,-4.3233,1
PUMP-CRITICAL,2026-01-15T01:40:00,469.25,3503.51,123.63,16.76,104.69,53.86,25.27,88,critical,6,5,12,6,4.9485,0.3729,9.0728,1
PUMP-CRITICAL,2026-01-15T01:45:00,467.58,3700.74,149.21,16.77,106.64,52.67,24.63,88,critical,6,5,12,6,0.0121,25.5797,1.9424,1
PUMP-CRITICAL,2026-01-15T01:50:00,452.25,3630.18,132.58,11.82,112.49,53.99,24.42,88,critical,6,5,12,6,-4.9538,-16.6379,5.8536,1
PUMP-CRITICAL,2026-01-15T01:55:00,465.02,3595.25,126.66,15.64,99.51,57.18,26.59,98.39,critical,6,5,12,6,3.8263,-5.9187,-12.9778,1
PUMP-CRITICAL,2026-01-15T02:00:00,472.76,3422.37,148.25,16.19,115.51,54.33,25.68,92.31,critical,6,5,12,6,0.5493,21.5952,15.9942,1
PUMP-CRITICAL,2026-01-15T02:05:00,472.08,3659.47,145.87,16.48,111.56,52.3,24.69,88,critical,6,5,12,6,0.2838,-2.3849,-3.9508,1
PUMP-CRITICAL,2026-01-15T02:10:00,468.68,3463.35,128.68,11.68,115.37,55.9,26.2,88,critical,6,5,12,6,-4.7995,-17.1893,3.8135,1
PUMP-CRITICAL,2026-01-15T02:15:00,464.73,3736.02,137.39,15.15,122.24,58.35,27.12,99.65,critical,6,5,12,6,3.4754,8.7153,6.8725,1
PUMP-CRITICAL,2026-01-15T02:20:00,460.87,3619.53,134.07,11.2,120.93,55.44,25.55,95.63,critical,6,5,12,6,-3.9493,-3.3276,-1.3161,1
PUMP-CRITICAL,2026-01-15T02:25:00,468.5,3587.02,133.33,13.42,120.79,55.97,26.22,95.01,critical,6,5,12,6,2.2205,-0.7322,-0.1338,1
PUMP-CRITICAL,2026-01-15T02:30:00,450.43,3599.64,138.92,10.22,120.37,55.56,25.02,96.99,critical,6,5,12,6,-3.2081,5.5904,-0.4262,1
PUMP-CRITICAL,2026-01-15T02:35:00,465.1,3314.87,144.98,13.53,112.96,52.25,24.3,88,critical,6,5,12,6,3.3133,6.0576,-7.4013,1
PUMP-CRITICAL,2026-01-15T02:40:00,477.46,3338.72,122.27,16.8,125.1,55.58,26.54,88,critical,6,5,12,6,3.2738,-22.7112,12.1388,1
PUMP-CRITICAL,2026-01-15T02:45:00,454.49,3266.84,135.76,15.94,117.62,55.11,25.05,89.91,critical,6,5,12,6,-0.8655,13.4927,-7.4793,1
PUMP-CRITICAL,2026-01-15T02:50:00,467.9,3352.1,136.87,13.63,122.02,52.77,24.69,88,critical,6,5,12,6,-2.3093,1.1091,4.3976,1
PUMP-CRITICAL,2026-01-15T02:55:00,469.71,3444.38,137.31,15.0,98.09,55.36,26.0,88,critical,6,5,12,6,1.3681,0.4373,-23.9353,1
PUMP-CRITICAL,2026-01-15T03:00:00,478.65,3343.26,123.64,16.48,100.63,56.86,27.21,88,critical,6,5,12,6,1.487,-13.6684,2.5475,1
PUMP-CRITICAL,2026-01-15T03:05:00,459.83,3660.19,141.78,14.66,118.97,57.41,26.4,99.18,critical,6,5,12,6,-1.8259,18.1412,18.3411,1
PUMP-CRITICAL,2026-01-15T03:10:00,452.03,3467.51,138.39,11.32,109.74,52.3,23.64,88,critical,6,5,12,6,-3.3381,-3.3924,-9.231,1
PUMP-CRITICAL,2026-01-15T03:15:00,469.3,3496.39,148.22,12.45,109.43,54.71,25.67,88,critical,6,5,12,6,1.1257,9.8309,-0.3182,1
PUMP-CRITICAL,2026-01-15T03:20:00,461.02,3585.7,132.87,10.97,122.22,53.96,24.88,88,critical,6,5,12,6,-1.475,-15.3484,12.7932,1
PUMP-CRITICAL,2026-01-15T03:25:00,472.41,3670.09,131.53,11.12,103.1,55.79,26.35,100,critical,6,5,12,6,0.1545,-1.3381,-19.1231,1
PUMP-CRITICAL,2026-01-15T03:30:00,458.77,3559.26,138.99,11.28,109.41,56.15,25.76,90.12,critical,6,5,12,6,0.1564,7.46,6.3175,1
PUMP-CRITICAL,2026-01-15T03:35:00,465.97,3596.09,143.43,12.19,114.98,53.59,24.97,88,critical,6,5,12,6,0.91,4.4377,5.5658,1
PUMP-CRITICAL,2026-01-15T03:40:00,460.34,3632.26,122.19,11.71,106.66,52.89,24.35,90.44,critical,6,5,12,6,-0.4821,-21.2465,-8.3177,1
PUMP-CRITICAL,2026-01-15T03:45:00,462.4,3471.09,129.93,15.09,112.26,54.75,25.32,89.56,critical,6,5,12,6,3.3827,7.7473,5.5972,1
PUMP-CRITICAL,2026-01-15T03:50:00,457.52,3352.98,138.34,16.99,118.82,52.88,24.19,88,critical,6,5,12,6,1.9004,8.4099,6.5577,1
PUMP-CRITICAL,2026-01-15T03:55:00,464.19,3424.09,124.87,13.18,114.04,55.42,25.72,88,critical,6,5,12,6,-3.8087,-13.468,-4.7774,1
PUMP-CRITICAL,2026-01-15T04:00:00,458.94,3306.36,128.36,14.65,117.57,50.69,23.26,88,critical,6,5,12,6,1.4676,3.4864,3.5291,1
PUMP-CRITICAL,2026-01-15T04:05:00,474.33,3488.7,146.97,10.64,99.14,56.02,26.57,94.07,critical,6,5,12,6,-4.0126,18.6124,-18.4314,1
PUMP-CRITICAL,2026-01-15T04:10:00,460.57,3565.95,149.15,12.8,115.81,53.72,24.74,88,critical,6,5,12,6,2.1581,2.1791,16.6727,1
PUMP-CRITICAL,2026-01-15T04:15:00,472.5,3629.66,140.47,13.97,120.43,58.96,27.86,100,critical,6,5,12,6,1.1751,-8.6788,4.619,1
PUMP-CRITICAL,2026-01-15T04:20:00,470.03,3635.15,132.94,14.42,107.55,54.41,25.57,90.26,critical,6,5,12,6,0.4466,-7.531,-12.8744,1
PUMP-CRITICAL,2026-01-15T04:25:00,473.85,3478.31,137.77,11.72,110.65,55.5,26.3,97.91,critical,6,5,12,6,-2.7001,4.8304,3.0971,1
PUMP-CRITICAL,2026-01-15T04:30:00,457.0,3688.86,136.48,16.97,99.14,57.56,26.31,99.06,critical,6,5,12,6,5.2553,-1.297,-11.5117,1
PUMP-CRITICAL,2026-01-15T04:35:00,451.54,3406.59,140.75,15.51,112.46,52.72,23.81,91.35,critical,6,5,12,6,-1.4617,4.2698,13.325,1
PUMP-CRITICAL,2026-01-15T04:40:00,453.58,3552.52,148.87,10.79,114.09,54.49,24.71,90.73,critical,6,5,12,6,-4.7264,8.1241,1.6215,1
PUMP-CRITICAL,2026-01-15T04:45:00,449.44,3707.74,136.82,13.07,101.29,56.64,25.46,97.67,critical,6,5,12,6,2.281,-12.0461,-12.7913,1
PUMP-CRITICAL,2026-01-15T04:50:00,469.27,3596.34,138.58,11.42,98.53,52.9,24.82,88,critical,6,5,12,6,-1.645,1.7569,-2.7631,1
PUMP-CRITICAL,2026-01-15T04:55:00,474.79,3614.15,137.52,13.91,113.05,57.77,27.43,92.08,critical,6,5,12,6,2.4892,-1.0639,14.5232,1
PUMP-CRITICAL,2026-01-15T05:00:00,462.48,3343.67,128.34,16.06,111.14,57.3,26.5,93.39,critical,6,5,12,6,2.1524,-9.1788,-1.9179,1
PUMP-CRITICAL,2026-01-15T05:05:00,471.77,3638.16,136.4,12.56,108.83,55.8,26.33,88,critical,6,5,12,6,-3.5038,8.058,-2.3086,1
PUMP-CRITICAL,2026-01-15T05:10:00,456.2,3259.91,137.29,16.95,111.13,53.93,24.6,90.4,critical,6,5,12,6,4.3882,0.8892,2.3023,1
PUMP-CRITICAL,2026-01-15T05:15:00,470.37,3411.19,144.24,12.35,101.86,56.72,26.68,88,critical,6,5,12,6,-4.5923,6.9533,-9.2703,1
PUMP-CRITICAL,2026-01-15T05:20:00,473.83,3539.66,133.41,15.9,121.84,55.8,26.44,92.41,critical,6,5,12,6,3.5428,-10.8323,19.9783,1
PUMP-CRITICAL,2026-01-15T05:25:00,470.11,3398.94,140.53,11.05,108.46,58.07,27.3,100,critical,6,5,12,6,-4.8471,7.1253,-13.3765,1
PUMP-CRITICAL,2026-01-15T05:30:00,473.41,3560.65,134.8,13.63,124.32,52.65,24.92,88,critical,6,5,12,6,2.5768,-5.728,15.8628,1
PUMP-CRITICAL,2026-01-15T05:35:00,460.95,3618.06,138.11,10.71,110.57,55.89,25.76,88,critical,6,5,12,6,-2.9178,3.3054,-13.7507,1
PUMP-CRITICAL,2026-01-15T05:40:00,473.84,3471.84,136.95,11.75,116.53,55.01,26.07,88,critical,6,5,12,6,1.045,-1.1632,5.9522,1
PUMP-CRITICAL,2026-01-15T05:45:00,462.94,3628.2,128.48,16.55,119.67,55.43,25.66,92.94,critical,6,5,12,6,4.7919,-8.4645,3.1488,1
PUMP-CRITICAL,2026-01-15T05:50:00,475.45,3489.94,149.65,13.48,103.04,57.96,27.56,98.51,critical,6,5,12,6,-3.0642,21.1671,-16.639,1
PUMP-CRITICAL,2026-01-15T05:55:00,478.87,3297.36,126.53,16.37,111.08,55.41,26.53,88.86,critical,6,5,12,6,2.883,-23.1185,8.044,1
PUMP-CRITICAL,2026-01-15T06:00:00,456.96,3400.15,140.9,15.93,99.62,52.16,23.83,88,critical,6,5,12,6,-0.4386,14.3701,-11.4551,1
PUMP-CRITICAL,2026-01-15T06:05:00,462.88,3308.94,133.63,13.51,108.04,52.79,24.43,88,critical,6,5,12,6,-2.4126,-7.2737,8.42,1
PUMP-CRITICAL,2026-01-15T06:10:00,462.7,3282.11,134.99,15.23,109.87,55.64,25.75,93.42,critical,6,5,12,6,1.715,1.3632,1.828,1
PUMP-CRITICAL,2026-01-15T06:15:00,463.24,3666.3,144.97,15.03,107.58,53.73,24.89,88,critical,6,5,12,6,-0.2011,9.982,-2.2974,1
PUMP-CRITICAL,2026-01-15T06:20:00,459.34,3308.06,126.02,11.81,121.78,53.19,24.43,88,critical,6,5,12,6,-3.2196,-18.9525,14.2028,1
PUMP-CRITICAL,2026-01-15T06:25:00,478.1,3469.6,148.28,12.89,104.3,55.43,26.5,88,critical,6,5,12,6,1.0833,22.2636,-17.4735,1
PUMP-CRITICAL,2026-01-15T06:30:00,469.45,3634.25,120.69,10.72,97.74,53.87,25.29,88,critical,6,5,12,6,-2.1708,-27.5909,-6.5599,1
PUMP-CRITICAL,2026-01-15T06:35:00,475.49,3487.78,142.15,13.27,112.09,56.46,26.85,88,critical,6,5,12,6,2.5456,21.4535,14.3455,1
PUMP-CRITICAL,2026-01-15T06:40:00,452.87,3694.06,125.52,11.24,125.37,55.3,25.05,98.35,critical,6,5,12,6,-2.0297,-16.6205,13.2785,1
PUMP-CRITICAL,2026-01-15T06:45:00,464.98,3559.77,139.21,12.59,99.53,53.96,25.09,92.95,critical,6,5,12,6,1.3512,13.6805,-25.8432,1
PUMP-CRITICAL,2026-01-15T06:50:00,455.29,3518.65,146.33,10.66,120.77,53.21,24.22,94.32,critical,6,5,12,6,-1.9238,7.1224,21.247,1
PUMP-CRITICAL,2026-01-15T06:55:00,456.49,3607.4,142.27,15.48,100.51,55.25,25.22,91.18,critical,6,5,12,6,4.8181,-4.0565,-20.2586,1
PUMP-CRITICAL,2026-01-15T07:00:00,463.05,3679.47,146.32,14.48,96.45,56.85,26.32,91.05,critical,6,5,12,6,-1.0024,4.0501,-4.0643,1
PUMP-CRITICAL,2026-01-15T07:05:00,461.42,3425.02,138.67,10.38,116.06,54.9,25.33,88.32,critical,6,5,12,6,-4.0968,-7.6509,19.6151,1
PUMP-CRITICAL,2026-01-15T07:10:00,449.45,3393.65,149.63,10.65,123.5,51.55,23.17,88.69,critical,6,5,12,6,0.2665,10.9572,7.4338,1
PUMP-CRITICAL,2026-01-15T07:15:00,451.71,3486.35,143.6,12.54,121.06,55.55,25.09,91.3,critical,6,5,12,6,1.8865,-6.0287,-2.4381,1
PUMP-CRITICAL,2026-01-15T07:20:00,465.27,3674.78,125.24,12.22,125.18,51.91,24.15,88,critical,6,5,12,6,-0.3175,-18.3631,4.1149,1
PUMP-CRITICAL,2026-01-15T07:25:00,451.41,3318.38,144.8,10.24,120.14,52.67,23.78,89.16,critical,6,5,12,6,-1.9755,19.5666,-5.0347,1
PUMP-CRITICAL,2026-01-15T07:30:00,459.08,3617.0,140.14,12.56,121.46,56.64,26.0,95.55,critical,6,5,12,6,2.3195,-4.6614,1.3241,1
PUMP-CRITICAL,2026-01-15T07:35:00,469.57,3254.43,143.69,15.01,123.77,52.47,24.64,88,critical,6,5,12,6,2.4454,3.5464,2.3033,1
PUMP-CRITICAL,2026-01-15T07:40:00,478.53,3727.96,136.61,15.58,99.03,55.98,26.79,88,critical,6,5,12,6,0.5718,-7.0766,-24.7356,1
PUMP-CRITICAL,2026-01-15T07:45:00,473.69,3394.2,145.96,16.37,119.31,56.58,26.8,94.54,critical,6,5,12,6,0.7862,9.3546,20.2789,1
PUMP-CRITICAL,2026-01-15T07:50:00,475.62,3467.9,123.67,12.74,111.41,59.16,28.14,97.49,critical,6,5,12,6,-3.6286,-22.2978,-7.901,1
PUMP-CRITICAL,2026-01-15T07:55:00,449.43,3307.53,123.97,10.77,107.32,55.04,24.74,97.69,critical,6,5,12,6,-1.9655,0.3036,-4.0924,1
PUMP-CRITICAL,2026-01-15T08:00:00,475.11,3351.81,140.38,14.92,123.31,55.35,26.3,88,critical,6,5,12,6,4.1468,16.4115,15.9968,1
PUMP-CRITICAL,2026-01-15T08:05:00,470.25,3326.08,137.41,13.89,98.37,54.56,25.66,88,critical,6,5,12,6,-1.0336,-2.977,-24.9484,1
PUMP-CRITICAL,2026-01-15T08:10:00,470.47,3481.0,122.4,12.26,106.23,57.19,26.9,92.28,critical,6,5,12,6,-1.625,-15.0041,7.864,1
PUMP-CRITICAL,2026-01-15T08:15:00,455.39,3315.51,137.2,12.37,104.64,56.03,25.51,100,critical,6,5,12,6,0.1047,14.8034,-1.5925,1
PUMP-CRITICAL,2026-01-15T08:20:00,457.27,3425.7,129.62,13.99,108.31,54.95,25.13,98.1,critical,6,5,12,6,1.621,-7.5887,3.6754,1
PUMP-CRITICAL,2026-01-15T08:25:00,464.41,3306.23,143.12,10.81,118.42,52.28,24.28,88,critical,6,5,12,6,-3.1718,13.501,10.1083,1
PUMP-CRITICAL,2026-01-15T08:30:00,460.56,3498.08,145.37,11.41,114.88,52.1,23.99,88,critical,6,5,12,6,0.5909,2.2536,-3.5447,1
PUMP-CRITICAL,2026-01-15T08:35:00,461.28,3374.97,145.08,15.69,96.1,55.61,25.65,97.57,critical,6,5,12,6,4.2856,-0.294,-18.7725,1
PUMP-CRITICAL,2026-01-15T08:40:00,470.06,3395.84,133.26,12.37,103.77,54.14,25.45,89.71,critical,6,5,12,6,-3.3228,-11.8182,7.6697,1
PUMP-CRITICAL,2026-01-15T08:45:00,470.47,3448.46,146.58,13.18,113.62,54.25,25.52,93.18,critical,6,5,12,6,0.8121,13.3233,9.8473,1
PUMP-CRITICAL,2026-01-15T08:50:00,461.62,3325.39,127.47,15.62,119.43,52.39,24.18,88,critical,6,5,12,6,2.4445,-19.1144,5.8084,1
PUMP-CRITICAL,2026-01-15T08:55:00,472.53,3443.38,125.87,12.26,106.82,53.73,25.39,90.66,critical,6,5,12,6,-3.3611,-1.5959,-12.6127,1
PUMP-CRITICAL,2026-01-15T09:00:00,452.07,3371.96,133.36,11.7,122.63,55.34,25.02,100,critical,6,5,12,6,-0.5608,7.4874,15.8156,1
PUMP-CRITICAL,2026-01-15T09:05:00,479.21,3409.97,139.39,14.16,117.68,55.95,26.81,88,critical,6,5,12,6,2.46,6.0271,-4.9523,1
PUMP-CRITICAL,2026-01-15T09:10:00,455.89,3512.15,144.43,13.49,119.88,54.89,25.03,96.64,critical,6,5,12,6,-0.6742,5.0457,2.1983,1
PUMP-CRITICAL,2026-01-15T09:15:00,457.52,3551.88,139.56,15.82,124.49,54.65,25.0,94.71,critical,6,5,12,6,2.3351,-4.8751,4.6141,1
PUMP-CRITICAL,2026-01-15T09:20:00,464.82,3578.05,140.82,11.64,122.0,52.71,24.5,88,critical,6,5,12,6,-4.1797,1.2605,-2.489,1
PUMP-CRITICAL,2026-01-15T09:25:00,449.55,3343.45,123.03,13.97,110.11,54.19,24.36,88,critical,6,5,12,6,2.3232,-17.7862,-11.8929,1
PUMP-CRITICAL,2026-01-15T09:30:00,453.54,3693.1,139.93,15.09,124.65,55.89,25.35,89.97,critical,6,5,12,6,1.119,16.902,14.5365,1
PUMP-CRITICAL,2026-01-15T09:35:00,461.15,3496.29,121.95,15.62,118.92,52.27,24.1,88,critical,6,5,12,6,0.5326,-17.9778,-5.7239,1
PUMP-CRITICAL,2026-01-15T09:40:00,478.23,3651.1,134.55,15.54,118.19,54.66,26.14,88,critical,6,5,12,6,-0.0739,12.5904,-0.7378,1
PUMP-CRITICAL,2026-01-15T09:45:00,478.85,3244.76,147.59,15.14,101.89,56.66,27.13,96.82,critical,6,5,12,6,-0.4078,13.0429,-16.2976,1
PUMP-CRITICAL,2026-01-15T09:50:00,471.09,3721.4,147.16,12.36,124.39,55.97,26.37,88,critical,6,5,12,6,-2.7806,-0.424,22.5006,1
PUMP-CRITICAL,2026-01-15T09:55:00,461.22,3420.19,124.98,11.27,119.43,53.62,24.73,88,critical,6,5,12,6,-1.0838,-22.1793,-4.9599,1
PUMP-CRITICAL,2026-01-15T10:00:00,467.57,3525.31,141.32,13.63,111.92,54.79,25.62,88,critical,6,5,12,6,2.3579,16.3338,-7.5114,1
PUMP-CRITICAL,2026-01-15T10:05:00,475.82,3700.18,139.57,15.4,100.24,55.67,26.49,88,critical,6,5,12,6,1.7725,-1.748,-11.6779,1
PUMP-CRITICAL,2026-01-15T10:10:00,461.47,3563.3,140.4,14.54,120.95,53.65,24.76,88,critical,6,5,12,6,-0.8644,0.8298,20.7148,1
PUMP-CRITICAL,2026-01-15T10:15:00,474.34,3586.61,124.58,16.32,107.82,54.8,25.99,88,critical,6,5,12,6,1.7836,-15.8238,-13.1383,1
PUMP-CRITICAL,2026-01-15T10:20:00,458.05,3310.79,124.4,15.14,115.84,55.73,25.53,98.81,critical,6,5,12,6,-1.1831,-0.1742,8.0199,1
PUMP-CRITICAL,2026-01-15T10:25:00,476.29,3435.31,122.26,14.73,101.63,55.7,26.53,88,critical,6,5,12,6,-0.4047,-2.145,-14.2079,1
PUMP-CRITICAL,2026-01-15T10:30:00,470.48,3678.39,124.01,13.52,96.44,56.31,26.49,95.55,critical,6,5,12,6,-1.2155,1.7534,-5.1918,1
PUMP-CRITICAL,2026-01-15T10:35:00,458.62,3499.31,141.96,13.85,106.5,57.26,26.26,98.0,critical,6,5,12,6,0.3338,17.9491,10.0649,1
PUMP-CRITICAL,2026-01-15T10:40:00,471.64,3259.12,145.21,12.57,118.53,57.12,26.94,100,critical,6,5,12,6,-1.2827,3.2482,12.0316,1
PUMP-CRITICAL,2026-01-15T10:45:00,457.01,3558.02,131.22,12.14,102.3,51.74,23.64,88,critical,6,5,12,6,-0.4314,-13.9912,-16.2304,1
PUMP-CRITICAL,2026-01-15T10:50:00,474.83,3367.21,135.8,11.8,116.75,54.18,25.73,88,critical,6,5,12,6,-0.3363,4.5855,14.4452,1
PUMP-CRITICAL,2026-01-15T10:55:00,450.96,3625.81,130.29,11.98,115.4,54.01,24.36,97.45,critical,6,5,12,6,0.1774,-5.5134,-1.3432,1
PUMP-CRITICAL,2026-01-15T11:00:00,453.28,3617.16,126.71,15.39,107.03,52.09,23.61,88,critical,6,5,12,6,3.4082,-3.576,-8.3738,1
PUMP-CRITICAL,2026-01-15T11:05:00,455.25,3395.71,141.23,10.41,97.19,53.04,24.15,90.3,critical,6,5,12,6,-4.981,14.5214,-9.8384,1
PUMP-CRITICAL,2026-01-15T11:10:00,456.51,3448.61,142.11,15.46,109.54,57.64,26.31,98.89,critical,6,5,12,6,5.0558,0.8806,12.3431,1
PUMP-CRITICAL,2026-01-15T11:15:00,466.32,3510.53,125.48,15.88,123.9,52.18,24.33,88,critical,6,5,12,6,0.4184,-16.6334,14.3693,1
PUMP-CRITICAL,2026-01-15T11:20:00,468.6,3411.96,134.96,11.24,99.21,56.33,26.4,88,critical,6,5,12,6,-4.6368,9.4809,-24.6961,1
PUMP-CRITICAL,2026-01-15T11:25:00,450.4,3501.99,122.43,11.26,119.58,53.95,24.3,88.87,critical,6,5,12,6,0.0143,-12.5369,20.3726,1
PUMP-CRITICAL,2026-01-15T11:30:00,467.08,3440.45,138.67,16.34,112.59,54.82,25.61,91.6,critical,6,5,12,6,5.077,16.2398,-6.9941,1
PUMP-CRITICAL,2026-01-15T11:35:00,475.2,3428.23,140.96,14.06,103.88,54.47,25.89,88,critical,6,5,12,6,-2.2752,2.2916,-8.7033,1
PUMP-CRITICAL,2026-01-15T11:40:00,451.34,3655.81,135.86,11.5,110.57,54.08,24.41,92.06,critical,6,5,12,6,-2.5613,-5.1015,6.6819,1
PUMP-CRITICAL,2026-01-15T11:45:00,460.76,3563.97,128.36,15.37,111.62,55.7,25.66,96.72,critical,6,5,12,6,3.8741,-7.4942,1.0523,1
PUMP-CRITICAL,2026-01-15T11:50:00,471.64,3304.5,135.1,15.78,104.27,55.31,26.09,88,critical,6,5,12,6,0.4028,6.7421,-7.3497,1
PUMP-CRITICAL,2026-01-15T11:55:00,453.91,3392.66,138.64,10.88,97.71,56.24,25.53,99.27,critical,6,5,12,6,-4.9006,3.5333,-6.562,1
PUMP-CRITICAL,2026-01-15T12:00:00,462.3,3725.74,144.24,11.68,98.59,52.42,24.23,88,critical,6,5,12,6,0.8035,5.6039,0.8877,1
PUMP-CRITICAL,2026-01-15T12:05:00,460.43,3569.17,132.5,16.76,97.36,55.61,25.61,88,critical,6,5,12,6,5.0782,-11.7387,-1.2291,1
PUMP-CRITICAL,2026-01-15T12:10:00,475.2,3415.01,126.49,10.36,108.04,53.17,25.27,88,critical,6,5,12,6,-6.4011,-6.0097,10.6738,1
PUMP-CRITICAL,2026-01-15T12:15:00,458.98,3449.99,135.74,14.44,108.82,54.05,24.81,93.7,critical,6,5,12,6,4.0862,9.2488,0.7775,1
PUMP-CRITICAL,2026-01-15T12:20:00,474.97,3697.55,127.76,12.41,121.55,53.81,25.56,88,critical,6,5,12,6,-2.037,-7.9777,12.7385,1
PUMP-CRITICAL,2026-01-15T12:25:00,466.84,3405.31,137.26,15.68,124.91,55.03,25.69,88.4,critical,6,5,12,6,3.2739,9.4931,3.3597,1
PUMP-CRITICAL,2026-01-15T12:30:00,478.29,3737.16,136.5,14.27,98.95,58.74,28.09,95.12,critical,6,5,12,6,-1.406,-0.7579,-25.966,1
PUMP-CRITICAL,2026-01-15T12:35:00,478.31,3659.28,136.0,13.0,115.1,53.97,25.82,88,critical,6,5,12,6,-1.2705,-0.5028,16.1485,1
PUMP-CRITICAL,2026-01-15T12:40:00,471.24,3561.06,134.59,10.25,106.95,54.91,25.88,97.99,critical,6,5,12,6,-2.7517,-1.4101,-8.1458,1
PUMP-CRITICAL,2026-01-15T12:45:00,454.9,3597.64,134.34,11.36,107.78,51.56,23.46,88,critical,6,5,12,6,1.1054,-0.2468,0.8254,1
PUMP-CRITICAL,2026-01-15T12:50:00,454.02,3349.19,142.3,15.02,112.01,55.08,25.01,90.58,critical,6,5,12,6,3.6626,7.9653,4.2319,1
PUMP-CRITICAL,2026-01-15T12:55:00,473.13,3662.15,146.0,11.87,115.05,58.29,27.58,98.5,critical,6,5,12,6,-3.1481,3.6993,3.0438,1
PUMP-CRITICAL,2026-01-15T13:00:00,457.76,3366.87,135.22,10.99,115.41,55.32,25.32,96.49,critical,6,5,12,6,-0.8765,-10.7858,0.3554,1
PUMP-CRITICAL,2026-01-15T13:05:00,471.47,3674.59,135.3,13.84,104.64,52.41,24.71,88,critical,6,5,12,6,2.8505,0.0774,-10.7667,1
PUMP-CRITICAL,2026-01-15T13:10:00,463.19,3723.88,124.02,14.4,109.46,54.37,25.19,88,critical,6,5,12,6,0.5596,-11.2797,4.8177,1
PUMP-CRITICAL,2026-01-15T13:15:00,450.65,3607.91,135.09,15.29,112.07,50.46,22.74,88,critical,6,5,12,6,0.8895,11.0794,2.6079,1
PUMP-CRITICAL,2026-01-15T13:20:00,478.91,3371.47,144.61,13.23,115.27,57.22,27.4,88,critical,6,5,12,6,-2.0668,9.5157,3.203,1
PUMP-CRITICAL,2026-01-15T13:25:00,452.18,3454.92,143.79,12.38,98.9,55.65,25.16,92.9,critical,6,5,12,6,-0.8516,-0.8169,-16.3698,1
PUMP-CRITICAL,2026-01-15T13:30:00,465.08,3461.67,123.06,10.94,99.78,51.54,23.97,88,critical,6,5,12,6,-1.4401,-20.7288,0.883,1
PUMP-CRITICAL,2026-01-15T13:35:00,468.22,3257.88,143.85,10.89,110.75,57.22,26.79,94.18,critical,6,5,12,6,-0.0445,20.7849,10.9645,1
PUMP-CRITICAL,2026-01-15T13:40:00,475.4,3604.97,147.31,14.7,123.5,55.51,26.39,88,critical,6,5,12,6,3.8097,3.4554,12.7536,1
PUMP-CRITICAL,2026-01-15T13:45:00,472.98,3697.52,125.57,13.01,109.46,57.49,27.19,100,critical,6,5,12,6,-1.6923,-21.7354,-14.0423,1
PUMP-CRITICAL,2026-01-15T13:50:00,467.24,3505.76,130.37,16.13,107.32,56.9,26.59,96.07,critical,6,5,12,6,3.1238,4.7971,-2.1402,1
PUMP-CRITICAL,2026-01-15T13:55:00,471.61,3497.79,130.87,16.41,121.24,54.13,25.53,88,critical,6,5,12,6,0.2772,0.5019,13.918,1
PUMP-CRITICAL,2026-01-15T14:00:00,469.34,3626.96,139.46,12.06,117.07,54.18,25.43,89.6,critical,6,5,12,6,-4.3452,8.5863,-4.1663,1
PUMP-CRITICAL,2026-01-15T14:05:00,463.63,3576.02,146.72,16.48,105.23,57.66,26.73,97.67,critical,6,5,12,6,4.4157,7.2637,-11.8418,1
PUMP-CRITICAL,2026-01-15T14:10:00,462.97,3555.03,138.12,14.03,103.88,52.5,24.3,88,critical,6,5,12,6,-2.4458,-8.594,-1.3501,1
PUMP-CRITICAL,2026-01-15T14:15:00,454.8,3312.44,137.27,13.16,98.58,51.14,23.26,88,critical,6,5,12,6,-0.8722,-0.8516,-5.2979,1
PUMP-CRITICAL,2026-01-15T14:20:00,455.51,3738.58,135.12,16.49,102.25,53.93,24.56,92.49,critical,6,5,12,6,3.3271,-2.156,3.6745,1
PUMP-CRITICAL,2026-01-15T14:25:00,458.96,3639.21,133.7,11.27,115.31,53.78,24.68,96.1,critical,6,5,12,6,-5.2232,-1.4152,13.0558,1
PUMP-CRITICAL,2026-01-15T14:30:00,462.57,3520.9,138.01,16.05,107.16,52.82,24.43,88,critical,6,5,12,6,4.7847,4.3056,-8.1484,1
PUMP-CRITICAL,2026-01-15T14:35:00,470.64,3626.62,150.3,14.59,117.6,55.11,25.94,88,critical,6,5,12,6,-1.4642,12.2905,10.4408,1
PUMP-CRITICAL,2026-01-15T14:40:00,453.72,3648.27,134.11,15.48,101.14,54.72,24.83,88,critical,6,5,12,6,0.889,-16.1836,-16.463,1
PUMP-CRITICAL,2026-01-15T14:45:00,449.76,3406.32,128.3,13.2,121.19,54.65,24.58,88,critical,6,5,12,6,-2.2779,-5.8133,20.054,1
PUMP-CRITICAL,2026-01-15T14:50:00,462.42,3644.96,142.84,16.64,124.95,55.72,25.77,88.35,critical,6,5,12,6,3.4432,14.5416,3.7578,1
PUMP-CRITICAL,2026-01-15T14:55:00,450.3,3583.19,149.31,14.3,105.94,56.98,25.66,97.89,critical,6,5,12,6,-2.3398,6.4635,-19.0128,1
PUMP-CRITICAL,2026-01-15T15:00:00,467.14,3605.78,124.97,11.67,119.23,55.83,26.08,100,critical,6,5,12,6,-2.6332,-24.3385,13.2967,1
PUMP-CRITICAL,2026-01-15T15:05:00,457.77,3285.51,140.53,11.28,103.26,54.46,24.93,92.76,critical,6,5,12,6,-0.3843,15.5588,-15.9795,1
PUMP-CRITICAL,2026-01-15T15:10:00,455.73,3530.96,133.96,12.35,109.24,55.75,25.41,91.92,critical,6,5,12,6,1.062,-6.5697,5.9796,1
PUMP-CRITICAL,2026-01-15T15:15:00,461.8,3666.12,141.45,16.83,107.91,54.91,25.36,100,critical,6,5,12,6,4.481,7.4934,-1.3216,1
PUMP-CRITICAL,2026-01-15T15:20:00,452.42,3599.85,133.67,11.19,102.55,52.01,23.53,88,critical,6,5,12,6,-5.6389,-7.7787,-5.3602,1
PUMP-CRITICAL,2026-01-15T15:25:00,477.68,3474.25,129.92,15.51,103.34,58.21,27.8,91.51,critical,6,5,12,6,4.3178,-3.7549,0.79,1
PUMP-CRITICAL,2026-01-15T15:30:00,474.0,3284.14,140.94,12.49,116.0,57.66,27.33,94.21,critical,6,5,12,6,-3.0124,11.0226,12.6565,1
PUMP-CRITICAL,2026-01-15T15:35:00,453.32,3556.83,129.6,15.34,111.15,54.27,24.6,95.06,critical,6,5,12,6,2.8479,-11.3397,-4.8514,1
PUMP-CRITICAL,2026-01-15T15:40:00,451.56,3520.2,134.74,12.57,114.97,53.25,24.05,89.21,critical,6,5,12,6,-2.7671,5.1357,3.8204,1
PUMP-CRITICAL,2026-01-15T15:45:00,455.04,3524.37,121.08,17.04,110.94,52.43,23.86,89.65,critical,6,5,12,6,4.4656,-13.6524,-4.0258,1
PUMP-CRITICAL,2026-01-15T15:50:00,469.63,3339.65,126.71,14.39,116.63,54.12,25.42,93.43,critical,6,5,12,6,-2.6539,5.6224,5.6875,1
PUMP-CRITICAL,2026-01-15T15:55:00,455.56,3668.35,131.29,12.99,123.11,54.95,25.03,95.22,critical,6,5,12,6,-1.3965,4.5896,6.484,1
PUMP-CRITICAL,2026-01-15T16:00:00,451.09,3359.19,144.89,14.21,109.17,54.29,24.49,93.43,critical,6,5,12,6,1.2192,13.5995,-13.9475,1
PUMP-CRITICAL,2026-01-15T16:05:00,466.52,3444.64,149.84,13.24,122.25,55.66,25.97,93.37,critical,6,5,12,6,-0.9631,4.95,13.0865,1
PUMP-CRITICAL,2026-01-15T16:10:00,459.84,3442.98,147.36,10.34,120.56,52.92,24.33,88,critical,6,5,12,6,-2.9046,-2.4852,-1.691,1
PUMP-CRITICAL,2026-01-15T16:15:00,465.08,3570.06,133.99,10.81,121.08,53.94,25.09,92.3,critical,6,5,12,6,0.4721,-13.3712,0.5161,1
PUMP-CRITICAL,2026-01-15T16:20:00,478.14,3715.8,149.77,12.71,101.89,56.49,27.01,88,critical,6,5,12,6,1.8983,15.7866,-19.1855,1
PUMP-CRITICAL,2026-01-15T16:25:00,449.41,3544.24,127.8,15.94,96.07,51.36,23.08,88,critical,6,5,12,6,3.2258,-21.9734,-5.8259,1
PUMP-CRITICAL,2026-01-15T16:30:00,479.09,3521.7,145.48,14.86,106.93,56.16,26.91,88,critical,6,5,12,6,-1.0725,17.6789,10.862,1
PUMP-CRITICAL,2026-01-15T16:35:00,458.8,3299.71,137.26,15.53,108.52,53.63,24.6,88,critical,6,5,12,6,0.6687,-8.2212,1.594,1
PUMP-CRITICAL,2026-01-15T16:40:00,471.13,3447.16,145.06,17.01,122.85,57.81,27.24,92.68,critical,6,5,12,6,1.4805,7.8002,14.3233,1
PUMP-CRITICAL,2026-01-15T16:45:00,478.65,3490.02,148.19,10.31,112.73,55.15,26.4,88,critical,6,5,12,6,-6.701,3.1299,-10.1183,1
PUMP-CRITICAL,2026-01-15T16:50:00,462.72,3352.61,134.4,11.57,118.54,54.59,25.26,88,critical,6,5,12,6,1.2612,-13.784,5.8132,1
PUMP-CRITICAL,2026-01-15T16:55:00,473.47,3648.06,143.25,13.0,106.61,57.3,27.13,99.67,critical,6,5,12,6,1.4233,8.8434,-11.9304,1
PUMP-CRITICAL,2026-01-15T17:00:00,462.67,3332.71,149.93,10.44,96.84,51.92,24.02,88,critical,6,5,12,6,-2.5559,6.6785,-9.7721,1
PUMP-CRITICAL,2026-01-15T17:05:00,474.58,3323.22,132.9,14.45,124.39,55.03,26.12,93.36,critical,6,5,12,6,4.0074,-17.0283,27.5553,1
PUMP-CRITICAL,2026-01-15T17:10:00,466.6,3640.32,143.07,12.58,104.33,54.97,25.65,88,critical,6,5,12,6,-1.8726,10.1727,-20.062,1
PUMP-CRITICAL,2026-01-15T17:15:00,460.73,3461.63,143.96,14.23,115.38,55.68,25.65,93.85,critical,6,5,12,6,1.6577,0.8913,11.052,1
PUMP-CRITICAL,2026-01-15T17:20:00,472.29,3650.17,148.0,16.93,123.31,59.12,27.92,100,critical,6,5,12,6,2.6943,4.041,7.9208,1
PUMP-CRITICAL,2026-01-15T17:25:00,473.34,3332.42,127.54,15.83,107.82,55.36,26.2,88.42,critical,6,5,12,6,-1.1021,-20.4621,-15.4868,1
PUMP-CRITICAL,2026-01-15T17:30:00,466.83,3500.22,124.4,11.12,104.27,53.16,24.82,88.05,critical,6,5,12,6,-4.7011,-3.1389,-3.5496,1
PUMP-CRITICAL,2026-01-15T17:35:00,471.0,3320.55,124.29,15.98,122.87,54.94,25.88,88,critical,6,5,12,6,4.8592,-0.109,18.6063,1
PUMP-CRITICAL,2026-01-15T17:40:00,458.71,3474.32,150.09,13.62,111.41,55.72,25.56,99.57,critical,6,5,12,6,-2.3616,25.7954,-11.4643,1
PUMP-CRITICAL,2026-01-15T17:45:00,455.29,3397.56,125.88,13.97,116.58,53.37,24.3,95.89,critical,6,5,12,6,0.3466,-24.2079,5.1678,1
PUMP-CRITICAL,2026-01-15T17:50:00,467.19,3696.92,143.38,11.25,120.23,54.94,25.67,88,critical,6,5,12,6,-2.7135,17.4949,3.6507,1
PUMP-CRITICAL,2026-01-15T17:55:00,462.89,3530.58,127.38,12.86,124.75,55.65,25.76,88,critical,6,5,12,6,1.6097,-15.9939,4.5173,1
PUMP-CRITICAL,2026-01-15T18:00:00,452.68,3454.63,145.34,17.16,103.93,57.54,26.05,100,critical,6,5,12,6,4.2914,17.9593,-20.8198,1
PUMP-CRITICAL,2026-01-15T18:05:00,475.75,3376.43,149.65,16.56,110.59,53.8,25.6,88,critical,6,5,12,6,-0.5918,4.3048,6.6633,1
PUMP-CRITICAL,2026-01-15T18:10:00,450.46,3438.02,147.4,10.88,109.33,51.6,23.24,88,critical,6,5,12,6,-5.6826,-2.2502,-1.2575,1
PUMP-CRITICAL,2026-01-15T18:15:00,470.91,3313.69,129.02,16.82,101.89,55.99,26.36,95.51,critical,6,5,12,6,5.94,-18.3753,-7.4425,1
PUMP-CRITICAL,2026-01-15T18:20:00,465.83,3620.95,145.75,16.18,99.76,53.31,24.83,88,critical,6,5,12,6,-0.6374,16.7288,-2.1348,1
PUMP-CRITICAL,2026-01-15T18:25:00,463.93,3260.2,126.34,12.77,118.03,51.59,23.94,88,critical,6,5,12,6,-3.4134,-19.4112,18.2792,1
PUMP-CRITICAL,2026-01-15T18:30:00,456.89,3469.12,126.61,13.4,117.71,54.67,24.98,91.62,critical,6,5,12,6,0.6294,0.2755,-0.3273,1
PUMP-CRITICAL,2026-01-15T18:35:00,463.65,3283.22,132.17,10.23,120.92,53.1,24.62,88,critical,6,5,12,6,-3.1683,5.5568,3.2097,1
PUMP-CRITICAL,2026-01-15T18:40:00,462.67,3280.61,147.96,16.61,106.96,55.04,25.47,89.45,critical,6,5,12,6,6.3799,15.7908,-13.9521,1
PUMP-CRITICAL,2026-01-15T18:45:00,470.15,3730.65,145.92,15.92,118.82,55.72,26.2,90.47,critical,6,5,12,6,-0.6962,-2.0389,11.8535,1
PUMP-CRITICAL,2026-01-15T18:50:00,470.66,3534.37,140.44,16.29,106.75,55.66,26.19,94.66,critical,6,5,12,6,0.3783,-5.4836,-12.0729,1
PUMP-CRITICAL,2026-01-15T18:55:00,477.31,3561.69,130.67,13.2,102.4,53.22,25.4,88,critical,6,5,12,6,-3.0969,-9.7676,-4.3405,1
PUMP-CRITICAL,2026-01-15T19:00:00,461.5,3722.52,141.44,11.16,115.58,56.49,26.07,92.27,critical,6,5,12,6,-2.035,10.7699,13.1736,1
PUMP-CRITICAL,2026-01-15T19:05:00,459.39,3664.77,135.26,13.92,120.2,53.73,24.68,88,critical,6,5,12,6,2.7594,-6.1816,4.6261,1
PUMP-CRITICAL,2026-01-15T19:10:00,467.81,3348.94,150.39,13.86,116.24,55.13,25.79,93.4,critical,6,5,12,6,-0.0622,15.1355,-3.9645,1
PUMP-CRITICAL,2026-01-15T19:15:00,463.17,3401.28,134.72,15.21,119.67,56.65,26.24,92.35,critical,6,5,12,6,1.3541,-15.6757,3.4257,1
PUMP-CRITICAL,2026-01-15T19:20:00,460.34,3544.55,129.15,15.02,112.07,55.13,25.38,99.0,critical,6,5,12,6,-0.1952,-5.5665,-7.5962,1
PUMP-CRITICAL,2026-01-15T19:25:00,475.79,3662.56,147.22,14.58,110.52,52.67,25.06,88,critical,6,5,12,6,-0.4424,18.063,-1.5536,1
PUMP-CRITICAL,2026-01-15T19:30:00,472.55,3618.49,125.31,16.39,112.24,56.68,26.79,92.06,critical,6,5,12,6,1.8121,-21.904,1.7201,1
PUMP-CRITICAL,2026-01-15T19:35:00,474.54,3715.06,126.81,12.62,103.22,55.1,26.15,88,critical,6,5,12,6,-3.763,1.5034,-9.0135,1
PUMP-CRITICAL,2026-01-15T19:40:00,468.72,3304.11,135.2,12.44,121.03,54.01,25.31,88,critical,6,5,12,6,-0.181,8.3895,17.8109,1
PUMP-CRITICAL,2026-01-15T19:45:00,452.12,3364.46,141.8,14.19,116.12,51.66,23.36,88,critical,6,5,12,6,1.7496,6.5947,-4.9164,1
PUMP-CRITICAL,2026-01-15T19:50:00,450.65,3656.42,130.88,14.73,117.17,50.26,22.65,88,critical,6,5,12,6,0.5339,-10.9239,1.0503,1
PUMP-CRITICAL,2026-01-15T19:55:00,469.52,3515.72,146.16,13.7,124.89,57.43,26.97,99.02,critical,6,5,12,6,-1.0245,15.2851,7.7198,1
PUMP-CRITICAL,2026-01-15T20:00:00,466.73,3654.27,130.36,11.1,118.94,56.73,26.48,90.14,critical,6,5,12,6,-2.605,-15.7957,-5.9461,1
PUMP-CRITICAL,2026-01-15T20:05:00,470.56,3742.04,126.45,12.11,116.73,54.72,25.75,88,critical,6,5,12,6,1.016,-3.912,-2.2082,1
PUMP-CRITICAL,2026-01-15T20:10:00,460.83,3589.27,134.75,11.57,122.41,51.79,23.87,88,critical,6,5,12,6,-0.5476,8.3009,5.6773,1
PUMP-CRITICAL,2026-01-15T20:15:00,458.82,3318.35,121.25,15.11,98.69,51.87,23.8,88,critical,6,5,12,6,3.5469,-13.5033,-23.7221,1
PUMP-CRITICAL,2026-01-15T20:20:00,477.08,3522.26,140.17,15.94,112.93,58.8,28.05,96.35,critical,6,5,12,6,0.8313,18.9153,14.2457,1
PUMP-CRITICAL,2026-01-15T20:25:00,469.82,3540.46,133.92,14.94,124.59,54.43,25.57,88,critical,6,5,12,6,-1.0022,-6.2478,11.6555,1
PUMP-CRITICAL,2026-01-15T20:30:00,464.59,3573.63,130.33,10.2,96.7,54.39,25.27,96.0,critical,6,5,12,6,-4.7387,-3.5842,-27.8874,1
PUMP-CRITICAL,2026-01-15T20:35:00,459.8,3398.13,130.31,16.52,118.91,55.46,25.5,91.22,critical,6,5,12,6,6.32,-0.0185,22.2104,1
PUMP-CRITICAL,2026-01-15T20:40:00,476.07,3462.21,129.14,16.07,116.75,54.89,26.13,88.3,critical,6,5,12,6,-0.4568,-1.1786,-2.1631,1
PUMP-CRITICAL,2026-01-15T20:45:00,467.13,3385.42,148.23,11.98,118.87,56.88,26.57,91.58,critical,6,5,12,6,-4.0885,19.0947,2.1189,1
PUMP-CRITICAL,2026-01-15T20:50:00,457.43,3688.45,145.11,10.75,119.28,55.02,25.17,88.42,critical,6,5,12,6,-1.2318,-3.1195,0.4079,1
PUMP-CRITICAL,2026-01-15T20:55:00,453.5,3602.43,124.99,16.09,101.57,50.94,23.1,88,critical,6,5,12,6,5.3433,-20.1183,-17.7049,1
PUMP-CRITICAL,2026-01-15T21:00:00,468.44,3475.43,128.96,15.75,114.36,55.86,26.17,98.9,critical,6,5,12,6,-0.339,3.9652,12.7847,1
PUMP-CRITICAL,2026-01-15T21:05:00,469.88,3553.39,132.13,14.95,123.84,52.11,24.48,88,critical,6,5,12,6,-0.7959,3.1702,9.4815,1
PUMP-CRITICAL,2026-01-15T21:10:00,457.27,3728.53,142.46,10.46,111.22,52.7,24.1,88,critical,6,5,12,6,-4.4913,10.328,-12.613,1
PUMP-CRITICAL,2026-01-15T21:15:00,463.36,3388.13,143.05,15.05,122.63,57.01,26.42,94.3,critical,6,5,12,6,4.5897,0.5918,11.4062,1
PUMP-CRITICAL,2026-01-15T21:20:00,473.81,3684.39,126.08,11.15,119.52,55.29,26.2,96.82,critical,6,5,12,6,-3.906,-16.972,-3.1056,1
PUMP-CRITICAL,2026-01-15T21:25:00,473.59,3576.88,145.43,14.1,97.56,57.49,27.23,96.44,critical,6,5,12,6,2.9499,19.3568,-21.9689,1
PUMP-CRITICAL,2026-01-15T21:30:00,463.92,3318.97,133.2,16.94,123.94,54.4,25.24,93.53,critical,6,5,12,6,2.8408,-12.234,26.388,1
PUMP-CRITICAL,2026-01-15T21:35:00,464.67,3306.87,133.99,13.84,122.97,54.54,25.34,96.74,critical,6,5,12,6,-3.0952,0.7914,-0.9785,1
PUMP-CRITICAL,2026-01-15T21:40:00,469.08,3388.94,141.56,11.67,109.45,54.77,25.69,88,critical,6,5,12,6,-2.1741,7.571,-13.5188,1
PUMP-CRITICAL,2026-01-15T21:45:00,474.65,3324.14,146.02,15.35,105.71,56.51,26.82,88,critical,6,5,12,6,3.6771,4.4557,-3.7374,1
PUMP-CRITICAL,2026-01-15T21:50:00,466.49,3624.48,150.34,15.0,103.34,57.2,26.68,93.33,critical,6,5,12,6,-0.3422,4.324,-2.3663,1
PUMP-CRITICAL,2026-01-15T21:55:00,455.98,3260.67,120.95,15.21,120.26,55.47,25.29,88.67,critical,6,5,12,6,0.2059,-29.3893,16.9157,1
PUMP-CRITICAL,2026-01-15T22:00:00,468.96,3600.92,121.66,10.35,118.35,54.81,25.7,97.03,critical,6,5,12,6,-4.8618,0.711,-1.904,1
PUMP-CRITICAL,2026-01-15T22:05:00,463.16,3617.97,131.98,12.83,109.3,53.72,24.88,92.01,critical,6,5,12,6,2.4808,10.3173,-9.055,1
PUMP-CRITICAL,2026-01-15T22:10:00,477.34,3257.23,131.38,13.97,123.2,54.31,25.92,91.77,critical,6,5,12,6,1.1461,-0.6047,13.9009,1
PUMP-CRITICAL,2026-01-15T22:15:00,456.15,3360.82,129.57,15.22,100.82,51.79,23.62,88,critical,6,5,12,6,1.2441,-1.8038,-22.3763,1
PUMP-CRITICAL,2026-01-15T22:20:00,453.73,3397.5,132.15,15.49,116.41,55.18,25.04,89.09,critical,6,5,12,6,0.2739,2.583,15.5833,1
PUMP-CRITICAL,2026-01-15T22:25:00,459.9,3491.66,137.61,16.58,103.87,52.72,24.24,88,critical,6,5,12,6,1.0848,5.4563,-12.5367,1
PUMP-CRITICAL,2026-01-15T22:30:00,467.25,3488.39,148.59,15.72,121.1,53.75,25.12,88,critical,6,5,12,6,-0.8525,10.9821,17.2253,1
PUMP-CRITICAL,2026-01-15T22:35:00,464.78,3647.28,150.55,10.2,104.79,53.77,24.99,89.18,critical,6,5,12,6,-5.5218,1.9569,-16.3094,1
PUMP-CRITICAL,2026-01-15T22:40:00,452.15,3622.53,129.05,16.52,109.23,54.34,24.57,99.55,critical,6,5,12,6,6.3171,-21.502,4.4446,1
PUMP-CRITICAL,2026-01-15T22:45:00,475.94,3596.44,141.67,10.32,115.38,56.69,26.98,88,critical,6,5,12,6,-6.2037,12.6222,6.1489,1
PUMP-CRITICAL,2026-01-15T22:50:00,467.33,3472.22,143.35,10.99,100.01,54.43,25.44,94.21,critical,6,5,12,6,0.6778,1.6823,-15.3727,1
PUMP-CRITICAL,2026-01-15T22:55:00,457.51,3475.47,140.04,11.78,113.47,54.07,24.74,94.22,critical,6,5,12,6,0.7833,-3.3114,13.4575,1
PUMP-CRITICAL,2026-01-15T23:00:00,456.57,3343.9,125.63,13.21,115.0,52.79,24.1,88,critical,6,5,12,6,1.4375,-14.4147,1.5308,1
PUMP-CRITICAL,2026-01-15T23:05:00,461.68,3449.52,132.6,10.64,104.55,54.23,25.04,88,critical,6,5,12,6,-2.5753,6.9704,-10.45,1
PUMP-CRITICAL,2026-01-15T23:10:00,465.69,3591.49,143.56,12.0,108.04,54.78,25.51,93.09,critical,6,5,12,6,1.3615,10.9683,3.4976,1
PUMP-CRITICAL,2026-01-15T23:15:00,475.81,3715.5,130.91,12.82,109.89,56.64,26.95,90.3,critical,6,5,12,6,0.8141,-12.6522,1.8498,1
PUMP-CRITICAL,2026-01-15T23:20:00,449.72,3635.1,141.24,16.17,120.46,52.8,23.74,95.62,critical,6,5,12,6,3.3557,10.3301,10.565,1
PUMP-CRITICAL,2026-01-15T23:25:00,462.75,3712.97,143.4,15.58,106.51,51.56,23.86,88,critical,6,5,12,6,-0.5885,2.1572,-13.9533,1
PUMP-CRITICAL,2026-01-15T23:30:00,469.93,3575.35,128.15,14.29,125.73,54.68,25.7,92.1,critical,6,5,12,6,-1.2964,-15.2463,19.2256,1
PUMP-CRITICAL,2026-01-15T23:35:00,472.88,3270.13,133.04,16.52,122.08,54.34,25.7,88,critical,6,5,12,6,2.2331,4.8881,-3.6472,1
PUMP-CRITICAL,2026-01-15T23:40:00,461.84,3497.98,127.32,16.1,122.24,56.13,25.93,90.4,critical,6,5,12,6,-0.4164,-5.7188,0.1525,1
PUMP-CRITICAL,2026-01-15T23:45:00,472.51,3567.82,134.81,16.87,111.52,57.54,27.19,96.14,critical,6,5,12,6,0.7716,7.4893,-10.7115,1
PUMP-CRITICAL,2026-01-15T23:50:00,449.98,3595.69,122.65,16.22,107.36,53.82,24.22,98.36,critical,6,5,12,6,-0.6545,-12.1613,-4.1688,1
PUMP-CRITICAL,2026-01-15T23:55:00,457.85,3661.68,144.65,14.89,120.21,55.69,25.5,98.88,critical,6,5,12,6,-1.3272,21.9983,12.8573,1
PUMP-CRITICAL,2026-01-16T00:00:00,456.38,3643.31,137.77,14.08,122.92,53.31,24.33,94.31,critical,6,5,12,6,-0.8101,-6.8833,2.7024,1
PUMP-CRITICAL,2026-01-16T00:05:00,461.02,3429.21,143.87,13.82,111.65,54.48,25.11,93.12,critical,6,5,12,6,-0.2598,6.1043,-11.2684,1
PUMP-CRITICAL,2026-01-16T00:10:00,451.95,3526.09,122.67,11.44,99.0,51.34,23.2,88,critical,6,5,12,6,-2.3824,-21.2021,-12.6454,1
PUMP-CRITICAL,2026-01-16T00:15:00,470.25,3603.34,129.51,11.53,108.11,53.32,25.07,88,critical,6,5,12,6,0.0859,6.8428,9.1081,1
PUMP-CRITICAL,2026-01-16T00:20:00,463.3,3472.66,136.59,11.57,117.09,55.91,25.9,88,critical,6,5,12,6,0.046,7.0793,8.9822,1
PUMP-CRITICAL,2026-01-16T00:25:00,467.21,3287.3,129.95,16.14,120.64,55.4,25.89,98.65,critical,6,5,12,6,4.5632,-6.6379,3.5452,1
PUMP-CRITICAL,2026-01-16T00:30:00,465.56,3612.49,122.06,12.65,105.75,54.76,25.49,93.9,critical,6,5,12,6,-3.4838,-7.8944,-14.8916,1
PUMP-CRITICAL,2026-01-16T00:35:00,464.51,3513.43,127.0,16.59,125.64,51.11,23.74,88,critical,6,5,12,6,3.9396,4.9421,19.8952,1
PUMP-CRITICAL,2026-01-16T00:40:00,457.06,3619.11,147.77,13.02,125.29,52.62,24.05,88,critical,6,5,12,6,-3.5758,20.7727,-0.355,1
PUMP-CRITICAL,2026-01-16T00:45:00,463.08,3682.03,143.82,13.16,117.19,56.53,26.18,92.18,critical,6,5,12,6,0.1454,-3.9567,-8.0932,1
PUMP-CRITICAL,2026-01-16T00:50:00,457.4,3701.27,140.41,10.39,121.95,54.77,25.05,88,critical,6,5,12,6,-2.7681,-3.4039,4.7581,1
PUMP-CRITICAL,2026-01-16T00:55:00,476.43,3389.58,127.12,16.09,115.41,55.96,26.66,100,critical,6,5,12,6,5.698,-13.2967,-6.5454,1
PUMP-CRITICAL,2026-01-16T01:00:00,476.4,3480.57,121.24,14.37,101.73,58.57,27.9,94.75,critical,6,5,12,6,-1.7216,-5.874,-13.6749,1
PUMP-CRITICAL,2026-01-16T01:05:00,452.13,3339.17,121.58,14.35,99.86,54.81,24.78,88,critical,6,5,12,6,-0.0216,0.3426,-1.874,1
PUMP-CRITICAL,2026-01-16T01:10:00,476.4,3390.5,142.2,15.35,103.49,58.96,28.09,100,critical,6,5,12,6,1.0026,20.6157,3.637,1
PUMP-CRITICAL,2026-01-16T01:15:00,450.82,3360.5,133.19,14.96,121.82,54.63,24.63,97.81,critical,6,5,12,6,-0.3873,-9.007,18.3293,1
PUMP-CRITICAL,2026-01-16T01:20:00,456.39,3305.63,122.38,12.24,98.8,53.86,24.58,88,critical,6,5,12,6,-2.7274,-10.8154,-23.025,1
PUMP-CRITICAL,2026-01-16T01:25:00,457.68,3401.74,148.06,14.54,111.85,58.06,26.57,99.61,critical,6,5,12,6,2.3024,25.6847,13.0539,1
PUMP-CRITICAL,2026-01-16T01:30:00,474.34,3671.96,125.17,13.16,117.12,53.66,25.45,88,critical,6,5,12,6,-1.3807,-22.8936,5.2668,1
PUMP-CRITICAL,2026-01-16T01:35:00,458.63,3294.48,124.17,11.49,104.8,54.7,25.09,96.68,critical,6,5,12,6,-1.6637,-0.9989,-12.315,1
PUMP-CRITICAL,2026-01-16T01:40:00,470.87,3717.17,129.0,10.43,104.05,53.96,25.41,88,critical,6,5,12,6,-1.0643,4.8305,-0.7512,1
PUMP-CRITICAL,2026-01-16T01:45:00,449.56,3369.82,133.39,15.7,119.63,53.77,24.17,88,critical,6,5,12,6,5.2725,4.3924,15.5781,1
PUMP-CRITICAL,2026-01-16T01:50:00,472.63,3410.31,149.77,15.81,111.7,57.77,27.3,92.1,critical,6,5,12,6,0.1075,16.3731,-7.9287,1
PUMP-CRITICAL,2026-01-16T01:55:00,466.58,3554.46,141.7,13.41,111.54,51.94,24.23,88,critical,6,5,12,6,-2.3958,-8.0642,-0.1658,1
PUMP-CRITICAL,2026-01-16T02:00:00,466.81,3295.11,121.7,13.82,122.46,57.14,26.67,91.43,critical,6,5,12,6,0.4112,-20.0014,10.9235,1
PUMP-CRITICAL,2026-01-16T02:05:00,477.88,3718.21,136.57,13.84,108.52,58.14,27.78,93.19,critical,6,5,12,6,0.0203,14.8703,-13.9364,1
PUMP-CRITICAL,2026-01-16T02:10:00,458.15,3613.28,134.68,14.47,110.35,54.21,24.84,98.73,critical,6,5,12,6,0.6239,-1.8916,1.8294,1
PUMP-CRITICAL,2026-01-16T02:15:00,470.2,3477.74,127.88,16.07,112.04,58.68,27.59,97.25,critical,6,5,12,6,1.603,-6.7971,1.69,1
PUMP-CRITICAL,2026-01-16T02:20:00,470.76,3510.0,146.77,11.63,125.8,55.39,26.07,88,critical,6,5,12,6,-4.4434,18.8902,13.7535,1
PUMP-CRITICAL,2026-01-16T02:25:00,457.95,3502.92,141.47,11.52,116.1,55.89,25.59,96.43,critical,6,5,12,6,-0.1077,-5.2999,-9.6919,1
PUMP-CRITICAL,2026-01-16T02:30:00,452.68,3632.9,146.74,11.13,110.81,52.35,23.7,88,critical,6,5,12,6,-0.3924,5.2666,-5.2946,1
PUMP-CRITICAL,2026-01-16T02:35:00,475.58,3650.56,129.6,10.23,118.86,52.99,25.2,88,critical,6,5,12,6,-0.8946,-17.1393,8.0477,1
PUMP-CRITICAL,2026-01-16T02:40:00,449.34,3336.69,146.05,14.7,100.52,52.04,23.38,88,critical,6,5,12,6,4.4642,16.4549,-18.3337,1
PUMP-CRITICAL,2026-01-16T02:45:00,450.2,3736.4,134.89,11.73,112.85,55.7,25.07,90.5,critical,6,5,12,6,-2.9651,-11.1636,12.328,1
PUMP-CRITICAL,2026-01-16T02:50:00,463.4,3440.9,150.47,12.51,100.41,55.38,25.66,98.64,critical,6,5,12,6,0.7798,15.584,-12.4397,1
PUMP-CRITICAL,2026-01-16T02:55:00,466.24,3272.72,138.48,17.12,120.55,54.08,25.22,88,critical,6,5,12,6,4.6068,-11.9976,20.1339,1
PUMP-CRITICAL,2026-01-16T03:00:00,473.56,3278.43,148.36,11.21,107.2,54.48,25.8,91.96,critical,6,5,12,6,-5.9099,9.8874,-13.3437,1
PUMP-CRITICAL,2026-01-16T03:05:00,471.19,3630.36,124.52,10.6,110.96,57.31,27.0,95.42,critical,6,5,12,6,-0.6092,-23.847,3.7627,1
PUMP-CRITICAL,2026-01-16T03:10:00,455.18,3518.2,129.39,14.52,124.04,53.44,24.32,91.45,critical,6,5,12,6,3.9177,4.8744,13.0714,1
PUMP-CRITICAL,2026-01-16T03:15:00,454.14,3713.37,126.46,14.97,104.87,53.29,24.2,89.73,critical,6,5,12,6,0.4564,-2.9318,-19.1702,1
PUMP-CRITICAL,2026-01-16T03:20:00,472.93,3249.24,145.93,12.57,111.55,55.79,26.38,88,critical,6,5,12,6,-2.409,19.4742,6.6877,1
PUMP-CRITICAL,2026-01-16T03:25:00,452.64,3602.85,138.32,15.38,112.68,54.76,24.79,88,critical,6,5,12,6,2.8115,-7.6158,1.1228,1
PUMP-CRITICAL,2026-01-16T03:30:00,458.62,3445.59,142.77,13.34,118.51,55.86,25.62,100,critical,6,5,12,6,-2.0394,4.4529,5.8334,1
PUMP-CRITICAL,2026-01-16T03:35:00,465.37,3454.39,126.22,10.39,96.28,56.11,26.11,88,critical,6,5,12,6,-2.9451,-16.5552,-22.2247,1
PUMP-CRITICAL,2026-01-16T03:40:00,449.78,3565.37,148.9,11.57,114.12,52.17,23.46,88,critical,6,5,12,6,1.179,22.6869,17.8306,1
PUMP-CRITICAL,2026-01-16T03:45:00,473.53,3349.08,124.47,13.83,114.68,54.4,25.76,88,critical,6,5,12,6,2.2544,-24.4308,0.5607,1
PUMP-CRITICAL,2026-01-16T03:50:00,471.14,3266.16,142.31,10.97,110.88,55.23,26.02,96.65,critical,6,5,12,6,-2.8571,17.8361,-3.7926,1
PUMP-CRITICAL,2026-01-16T03:55:00,466.86,3618.45,125.63,11.92,118.34,56.22,26.24,88,critical,6,5,12,6,0.9554,-16.677,7.46,1
PUMP-CRITICAL,2026-01-16T04:00:00,465.31,3566.14,141.87,14.92,96.43,56.18,26.14,91.23,critical,6,5,12,6,2.9912,16.2387,-21.9121,1
PUMP-CRITICAL,2026-01-16T04:05:00,460.71,3278.21,143.24,15.99,120.67,56.09,25.84,97.38,critical,6,5,12,6,1.0793,1.37,24.2341,1
PUMP-CRITICAL,2026-01-16T04:10:00,457.72,3389.39,133.48,12.18,119.48,53.55,24.51,88,critical,6,5,12,6,-3.8117,-9.7636,-1.185,1
PUMP-CRITICAL,2026-01-16T04:15:00,474.23,3506.52,135.29,11.36,99.45,53.32,25.29,88,critical,6,5,12,6,-0.8262,1.8141,-20.0352,1
PUMP-CRITICAL,2026-01-16T04:20:00,476.27,3335.96,147.87,14.02,115.7,54.64,26.02,88,critical,6,5,12,6,2.6624,12.5759,16.2543,1
PUMP-CRITICAL,2026-01-16T04:25:00,466.95,3408.57,131.96,13.92,105.96,56.81,26.53,88.61,critical,6,5,12,6,-0.1005,-15.9067,-9.7366,1
PUMP-CRITICAL,2026-01-16T04:30:00,461.57,3427.53,150.34,15.08,112.77,55.68,25.7,89.55,critical,6,5,12,6,1.1665,18.3776,6.8041,1
PUMP-CRITICAL,2026-01-16T04:35:00,462.59,3297.83,141.65,15.86,97.96,54.18,25.06,93.93,critical,6,5,12,6,0.7736,-8.6916,-14.8109,1
PUMP-CRITICAL,2026-01-16T04:40:00,459.56,3306.08,140.27,13.62,108.74,55.24,25.39,88,critical,6,5,12,6,-2.2369,-1.3765,10.7866,1
PUMP-CRITICAL,2026-01-16T04:45:00,472.19,3303.22,136.26,11.28,123.4,55.29,26.11,88,critical,6,5,12,6,-2.3372,-4.0049,14.6568,1
PUMP-CRITICAL,2026-01-16T04:50:00,457.88,3338.48,133.43,12.66,121.19,53.13,24.33,88,critical,6,5,12,6,1.3806,-2.8352,-2.2092,1
PUMP-CRITICAL,2026-01-16T04:55:00,464.2,3531.79,128.53,16.64,116.41,56.26,26.12,90.3,critical,6,5,12,6,3.9759,-4.896,-4.7817,1
PUMP-CRITICAL,2026-01-16T05:00:00,471.79,3619.08,138.04,11.71,110.59,55.33,26.1,92.37,critical,6,5,12,6,-4.9324,9.5066,-5.823,1
PUMP-CRITICAL,2026-01-16T05:05:00,457.8,3560.25,145.23,10.65,118.24,54.83,25.1,97.49,critical,6,5,12,6,-1.0599,7.1855,7.6578,1
PUMP-CRITICAL,2026-01-16T05:10:00,473.03,3498.65,146.6,14.98,99.19,55.37,26.19,97.17,critical,6,5,12,6,4.3272,1.3734,-19.0574,1
PUMP-CRITICAL,2026-01-16T05:15:00,453.36,3270.69,136.32,14.88,119.33,57.49,26.06,98.79,critical,6,5,12,6,-0.0943,-10.279,20.1473,1
PUMP-CRITICAL,2026-01-16T05:20:00,477.98,3501.55,145.95,11.02,115.36,55.18,26.37,94.2,critical,6,5,12,6,-3.8633,9.6338,-3.9699,1
PUMP-CRITICAL,2026-01-16T05:25:00,464.14,3316.36,131.58,10.49,109.76,54.32,25.21,88,critical,6,5,12,6,-0.5287,-14.3774,-5.6063,1
PUMP-CRITICAL,2026-01-16T05:30:00,456.59,3519.06,130.26,13.85,121.82,52.52,23.98,88,critical,6,5,12,6,3.3633,-1.3163,12.0653,1
PUMP-CRITICAL,2026-01-16T05:35:00,462.09,3522.43,147.02,15.94,123.45,53.13,24.55,88,critical,6,5,12,6,2.089,16.7589,1.6279,1
PUMP-CRITICAL,2026-01-16T05:40:00,451.21,3380.37,124.57,11.17,124.04,51.95,23.44,88,critical,6,5,12,6,-4.7692,-22.4535,0.5916,1
PUMP-CRITICAL,2026-01-16T05:45:00,465.42,3487.75,128.84,11.8,110.23,55.26,25.72,93.41,critical,6,5,12,6,0.6232,4.2763,-13.8077,1
PUMP-CRITICAL,2026-01-16T05:50:00,472.73,3629.22,123.01,14.41,98.25,55.92,26.44,88,critical,6,5,12,6,2.6175,-5.833,-11.9807,1
PUMP-CRITICAL,2026-01-16T05:55:00,450.62,3434.55,132.15,10.88,104.14,51.57,23.24,88,critical,6,5,12,6,-3.5302,9.1443,5.8825,1
PUMP-CRITICAL,2026-01-16T06:00:00,458.79,3478.78,146.85,12.27,116.43,55.21,25.33,100,critical,6,5,12,6,1.3857,14.6936,12.298,1
PUMP-CRITICAL,2026-01-16T06:05:00,462.74,3448.84,148.47,12.78,106.63,55.39,25.63,92.42,critical,6,5,12,6,0.5089,1.6246,-9.8051,1
PUMP-CRITICAL,2026-01-16T06:10:00,456.66,3326.57,138.47,11.18,97.19,51.45,23.5,88,critical,6,5,12,6,-1.5968,-9.9971,-9.4416,1
PUMP-CRITICAL,2026-01-16T06:15:00,468.87,3546.91,148.69,14.62,96.35,56.09,26.3,98.05,critical,6,5,12,6,3.4415,10.2148,-0.8406,1
PUMP-CRITICAL,2026-01-16T06:20:00,457.45,3558.05,140.03,12.35,105.47,57.39,26.25,97.91,critical,6,5,12,6,-2.2744,-8.657,9.1189,1
PUMP-CRITICAL,2026-01-16T06:25:00,457.73,3422.94,121.57,12.92,96.85,54.8,25.08,88,critical,6,5,12,6,0.5727,-18.4571,-8.6189,1
PUMP-CRITICAL,2026-01-16T06:30:00,464.75,3631.61,133.01,11.8,112.49,57.75,26.84,100,critical,6,5,12,6,-1.1224,11.4345,15.6443,1
PUMP-CRITICAL,2026-01-16T06:35:00,467.4,3401.86,123.04,15.6,101.81,53.35,24.93,88,critical,6,5,12,6,3.8006,-9.9657,-10.6796,1
PUMP-CRITICAL,2026-01-16T06:40:00,473.72,3619.98,134.08,14.14,116.82,54.79,25.95,89.2,critical,6,5,12,6,-1.4569,11.0334,15.0038,1
PUMP-CRITICAL,2026-01-16T06:45:00,463.89,3688.84,148.46,17.21,101.18,54.26,25.17,88,critical,6,5,12,6,3.0684,14.379,-15.6375,1
PUMP-CRITICAL,2026-01-16T06:50:00,464.61,3564.14,131.79,16.56,98.87,55.1,25.6,88,critical,6,5,12,6,-0.6532,-16.6662,-2.3034,1
PUMP-CRITICAL,2026-01-16T06:55:00,452.66,3278.82,140.56,11.33,116.73,51.74,23.42,88,critical,6,5,12,6,-5.2269,8.7751,17.8591,1
PUMP-CRITICAL,2026-01-16T07:00:00,466.3,3366.95,135.82,14.44,113.35,53.19,24.8,88,critical,6,5,12,6,3.1124,-4.7491,-3.384,1
PUMP-CRITICAL,2026-01-16T07:05:00,473.45,3645.53,146.35,13.45,119.32,55.0,26.04,88.92,critical,6,5,12,6,-0.9953,10.5374,5.9701,1
PUMP-CRITICAL,2026-01-16T07:10:00,468.24,3448.22,126.21,12.31,121.09,52.17,24.43,88,critical,6,5,12,6,-1.1404,-20.1442,1.768,1
PUMP-CRITICAL,2026-01-16T07:15:00,466.56,3494.95,139.42,14.31,122.02,53.52,24.97,88,critical,6,5,12,6,2.0011,13.2131,0.9274,1
PUMP-CRITICAL,2026-01-16T07:20:00,470.47,3521.64,133.37,16.7,105.56,53.08,24.97,88,critical,6,5,12,6,2.3901,-6.0529,-16.4578,1
PUMP-CRITICAL,2026-01-16T07:25:00,466.54,3694.26,140.64,16.02,123.41,51.17,23.87,88,critical,6,5,12,6,-0.6765,7.2696,17.8527,1
PUMP-CRITICAL,2026-01-16T07:30:00,466.0,3532.97,124.02,14.91,100.45,55.92,26.06,95.67,critical,6,5,12,6,-1.1121,-16.6207,-22.9634,1
PUMP-CRITICAL,2026-01-16T07:35:00,475.4,3586.89,129.43,12.99,110.07,58.05,27.6,97.79,critical,6,5,12,6,-1.9147,5.4085,9.622,1
PUMP-CRITICAL,2026-01-16T07:40:00,451.0,3610.12,150.65,15.75,105.79,52.98,23.9,88,critical,6,5,12,6,2.7554,21.2229,-4.2833,1
PUMP-CRITICAL,2026-01-16T07:45:00,468.48,3511.28,133.24,10.62,124.36,54.98,25.76,88,critical,6,5,12,6,-5.1266,-17.4141,18.5699,1
PUMP-CRITICAL,2026-01-16T07:50:00,474.46,3340.62,147.08,14.44,111.27,55.77,26.46,97.94,critical,6,5,12,6,3.8139,13.8409,-13.0875,1
PUMP-CRITICAL,2026-01-16T07:55:00,453.19,3620.04,136.68,12.84,121.74,56.05,25.4,96.99,critical,6,5,12,6,-1.5943,-10.3986,10.4766,1
PUMP-CRITICAL,2026-01-16T08:00:00,465.12,3580.48,127.78,12.91,114.21,54.96,25.56,99.66,critical,6,5,12,6,0.0699,-8.8955,-7.5352,1
PUMP-CRITICAL,2026-01-16T08:05:00,450.38,3707.56,124.93,13.78,97.92,54.91,24.73,88,critical,6,5,12,6,0.8663,-2.8534,-16.292,1
PUMP-CRITICAL,2026-01-16T08:10:00,478.02,3442.28,128.28,15.65,114.29,58.18,27.81,93.18,critical,6,5,12,6,1.8675,3.3559,16.3737,1
PUMP-CRITICAL,2026-01-16T08:15:00,463.75,3309.96,121.07,14.83,124.31,55.29,25.64,95.59,critical,6,5,12,6,-0.8208,-7.2192,10.021,1
PUMP-CRITICAL,2026-01-16T08:20:00,461.99,3435.75,149.52,15.29,104.71,55.41,25.6,91.91,critical,6,5,12,6,0.4632,28.4585,-19.6062,1
PUMP-CRITICAL,2026-01-16T08:25:00,472.83,3591.21,135.84,11.82,119.81,54.06,25.56,88,critical,6,5,12,6,-3.474,-13.6821,15.1,1
PUMP-CRITICAL,2026-01-16T08:30:00,470.33,3539.48,132.01,17.18,101.17,55.88,26.28,88,critical,6,5,12,6,5.3684,-3.8294,-18.6394,1
PUMP-CRITICAL,2026-01-16T08:35:00,461.93,3581.82,134.77,12.5,122.0,54.59,25.21,100,critical,6,5,12,6,-4.6799,2.7611,20.8303,1
PUMP-CRITICAL,2026-01-16T08:40:00,472.18,3484.86,137.08,15.51,114.03,55.19,26.06,88.57,critical,6,5,12,6,3.0079,2.3019,-7.9623,1
PUMP-CRITICAL,2026-01-16T08:45:00,457.04,3428.8,122.74,16.49,112.99,54.15,24.75,88,critical,6,5,12,6,0.976,-14.3341,-1.0409,1
PUMP-CRITICAL,2026-01-16T08:50:00,475.64,3380.41,139.08,11.02,111.13,55.74,26.51,100,critical,6,5,12,6,-5.467,16.3423,-1.8661,1
PUMP-CRITICAL,2026-01-16T08:55:00,477.63,3339.16,146.19,15.22,105.35,56.59,27.03,88.13,critical,6,5,12,6,4.2029,7.1101,-5.7819,1
PUMP-CRITICAL,2026-01-16T09:00:00,471.65,3733.92,129.72,15.88,114.34,57.51,27.12,95.36,critical,6,5,12,6,0.6598,-16.4732,8.9902,1
PUMP-CRITICAL,2026-01-16T09:05:00,478.68,3718.54,124.3,11.5,108.5,53.23,25.48,88,critical,6,5,12,6,-4.3838,-5.4184,-5.8324,1
PUMP-CRITICAL,2026-01-16T09:10:00,460.9,3280.65,140.22,11.38,120.95,55.04,25.37,91.95,critical,6,5,12,6,-0.117,15.9201,12.4433,1
PUMP-CRITICAL,2026-01-16T09:15:00,472.4,3662.64,122.64,17.19,102.09,53.64,25.34,88,critical,6,5,12,6,5.804,-17.5796,-18.8557,1
PUMP-CRITICAL,2026-01-16T09:20:00,469.49,3304.12,135.46,17.16,113.5,53.46,25.1,88.12,critical,6,5,12,6,-0.029,12.8198,11.4075,1
PUMP-CRITICAL,2026-01-16T09:25:00,450.72,3377.1,122.61,16.12,117.16,54.34,24.49,92.63,critical,6,5,12,6,-1.0382,-12.8559,3.6597,1
PUMP-CRITICAL,2026-01-16T09:30:00,457.69,3298.13,147.31,10.83,116.35,53.24,24.37,88.1,critical,6,5,12,6,-5.2908,24.701,-0.8109,1
PUMP-CRITICAL,2026-01-16T09:35:00,462.59,3649.05,149.71,14.85,112.53,53.59,24.79,91.87,critical,6,5,12,6,4.0235,2.4029,-3.8183,1
PUMP-CRITICAL,2026-01-16T09:40:00,475.04,3648.33,143.02,11.15,96.61,55.19,26.22,88,critical,6,5,12,6,-3.7044,-6.6906,-15.9227,1
PUMP-CRITICAL,2026-01-16T09:45:00,458.13,3359.71,132.22,13.76,122.28,56.56,25.91,95.66,critical,6,5,12,6,2.613,-10.7978,25.6711,1
PUMP-CRITICAL,2026-01-16T09:50:00,469.86,3469.09,135.59,11.02,123.28,52.36,24.6,88,critical,6,5,12,6,-2.7403,3.3673,1.0016,1
PUMP-CRITICAL,2026-01-16T09:55:00,468.7,3442.09,148.76,12.1,109.85,56.62,26.54,97.8,critical,6,5,12,6,1.0829,13.169,-13.4335,1
PUMP-CRITICAL,2026-01-16T10:00:00,474.01,3613.62,148.31,11.5,118.13,56.75,26.9,93.61,critical,6,5,12,6,-0.6035,-0.444,8.2858,1
PUMP-CRITICAL,2026-01-16T10:05:00,473.35,3583.7,121.19,13.06,113.11,57.68,27.3,90.58,critical,6,5,12,6,1.5598,-27.122,-5.0233,1
PUMP-CRITICAL,2026-01-16T10:10:00,469.57,3729.24,132.83,13.92,96.71,57.71,27.1,98.14,critical,6,5,12,6,0.862,11.639,-16.3987,1
PUMP-CRITICAL,2026-01-16T10:15:00,468.18,3659.57,144.36,16.55,101.42,53.4,25.0,88.74,critical,6,5,12,6,2.6238,11.5317,4.7082,1
PUMP-CRITICAL,2026-01-16T10:20:00,456.29,3618.45,141.74,15.31,124.37,55.02,25.11,94.34,critical,6,5,12,6,-1.2336,-2.6217,22.9497,1
PUMP-CRITICAL,2026-01-16T10:25:00,463.27,3276.27,133.6,13.1,116.18,53.4,24.74,88,critical,6,5,12,6,-2.2101,-8.1403,-8.1857,1
PUMP-CRITICAL,2026-01-16T10:30:00,475.33,3620.23,144.76,15.23,98.56,55.76,26.51,95.28,critical,6,5,12,6,2.1306,11.1628,-17.624,1
PUMP-CRITICAL,2026-01-16T10:35:00,466.11,3507.78,122.33,12.94,96.5,53.79,25.07,88,critical,6,5,12,6,-2.2914,-22.4298,-2.062,1
PUMP-CRITICAL,2026-01-16T10:40:00,454.57,3288.44,128.05,15.0,110.58,54.36,24.71,90.97,critical,6,5,12,6,2.0561,5.7133,14.0798,1
PUMP-CRITICAL,2026-01-16T10:45:00,461.34,3264.73,129.95,15.64,112.23,51.91,23.95,88,critical,6,5,12,6,0.6448,1.9016,1.6499,1
PUMP-CRITICAL,2026-01-16T10:50:00,467.12,3412.42,138.43,12.82,109.26,56.87,26.57,89.66,critical,6,5,12,6,-2.825,8.4845,-2.9691,1
PUMP-CRITICAL,2026-01-16T10:55:00,457.71,3382.07,145.22,17.06,98.92,54.36,24.88,88,critical,6,5,12,6,4.242,6.7875,-10.3317,1
PUMP-CRITICAL,2026-01-16T11:00:00,477.76,3560.33,146.68,14.92,125.52,54.87,26.21,88,critical,6,5,12,6,-2.1427,1.4556,26.5928,1
PUMP-CRITICAL,2026-01-16T11:05:00,472.22,3256.77,130.88,15.09,102.49,56.51,26.68,88,critical,6,5,12,6,0.1784,-15.7997,-23.0239,1
PUMP-CRITICAL,2026-01-16T11:10:00,455.49,3460.18,129.7,11.04,116.39,56.1,25.55,98.25,critical,6,5,12,6,-4.0501,-1.1787,13.8954,1
PUMP-CRITICAL,2026-01-16T11:15:00,465.29,3745.72,127.16,13.09,96.65,55.22,25.69,100,critical,6,5,12,6,2.0497,-2.5369,-19.7434,1
PUMP-CRITICAL,2026-01-16T11:20:00,473.29,3257.64,127.21,16.48,114.57,58.96,27.91,100,critical,6,5,12,6,3.3811,0.0449,17.926,1
PUMP-CRITICAL,2026-01-16T11:25:00,474.28,3373.52,124.63,10.34,121.89,56.0,26.56,89.6,critical,6,5,12,6,-6.133,-2.5774,7.3218,1
PUMP-CRITICAL,2026-01-16T11:30:00,452.45,3408.09,122.76,11.1,104.91,53.25,24.09,88,critical,6,5,12,6,0.7599,-1.8682,-16.9823,1
PUMP-CRITICAL,2026-01-16T11:35:00,456.71,3531.87,128.54,11.36,122.66,54.66,24.96,88,critical,6,5,12,6,0.2541,5.7767,17.7507,1
PUMP-CRITICAL,2026-01-16T11:40:00,477.27,3645.92,121.53,10.52,124.67,57.07,27.24,100,critical,6,5,12,6,-0.8384,-7.0102,2.0051,1
PUMP-CRITICAL,2026-01-16T11:45:00,455.45,3413.45,136.9,15.54,122.2,53.69,24.45,88,critical,6,5,12,6,5.0214,15.3772,-2.4636,1
PUMP-CRITICAL,2026-01-16T11:50:00,471.75,3535.64,128.79,11.88,113.84,52.95,24.98,88,critical,6,5,12,6,-3.6615,-8.1169,-8.3598,1
PUMP-CRITICAL,2026-01-16T11:55:00,469.02,3361.18,148.46,14.46,123.36,54.48,25.55,88,critical,6,5,12,6,2.5833,19.6762,9.5211,1
PUMP-CRITICAL,2026-01-16T12:00:00,453.62,3348.87,144.21,12.82,109.63,55.65,25.24,100,critical,6,5,12,6,-1.6447,-4.2536,-13.7377,1
PUMP-CRITICAL,2026-01-16T12:05:00,466.87,3378.26,121.75,11.08,116.6,54.61,25.49,92.42,critical,6,5,12,6,-1.7378,-22.4583,6.9766,1
PUMP-CRITICAL,2026-01-16T12:10:00,452.97,3639.62,133.24,14.55,114.29,51.37,23.27,88,critical,6,5,12,6,3.4713,11.4914,-2.3161,1
PUMP-CRITICAL,2026-01-16T12:15:00,455.19,3677.07,132.69,10.67,96.51,54.7,24.9,88,critical,6,5,12,6,-3.88,-0.5572,-17.7791,1
PUMP-CRITICAL,2026-01-16T12:20:00,459.31,3601.36,122.39,11.33,107.5,52.88,24.29,88,critical,6,5,12,6,0.6621,-10.2938,10.9876,1
PUMP-CRITICAL,2026-01-16T12:25:00,460.4,3545.11,134.77,13.78,114.16,52.77,24.3,88,critical,6,5,12,6,2.4487,12.3736,6.6622,1
PUMP-CRITICAL,2026-01-16T12:30:00,475.23,3465.98,139.06,15.97,116.75,55.82,26.53,88.27,critical,6,5,12,6,2.1934,4.2959,2.5919,1
PUMP-CRITICAL,2026-01-16T12:35:00,461.62,3690.38,129.46,15.04,103.52,55.25,25.51,88,critical,6,5,12,6,-0.9371,-9.605,-13.2279,1
PUMP-CRITICAL,2026-01-16T12:40:00,473.35,3485.38,129.76,12.26,96.74,55.02,26.04,88,critical,6,5,12,6,-2.7759,0.3036,-6.7816,1
PUMP-CRITICAL,2026-01-16T12:45:00,477.62,3382.88,125.2,12.46,113.46,55.49,26.5,88,critical,6,5,12,6,0.1997,-4.5579,16.724,1
PUMP-CRITICAL,2026-01-16T12:50:00,453.76,3329.6,124.04,10.94,103.05,54.32,24.65,88,critical,6,5,12,6,-1.5247,-1.1616,-10.4106,1
PUMP-CRITICAL,2026-01-16T12:55:00,450.21,3446.65,127.13,11.2,125.11,55.8,25.12,94.32,critical,6,5,12,6,0.264,3.087,22.0603,1
PUMP-CRITICAL,2026-01-16T13:00:00,464.95,3442.72,133.69,13.64,116.92,53.83,25.03,88,critical,6,5,12,6,2.4393,6.5643,-8.1947,1
PUMP-CRITICAL,2026-01-16T13:05:00,474.45,3679.43,137.75,14.95,104.5,54.87,26.03,93.71,critical,6,5,12,6,1.3065,4.0533,-12.4236,1
PUMP-CRITICAL,2026-01-16T13:10:00,453.25,3305.6,124.54,16.8,112.51,52.54,23.82,88,critical,6,5,12,6,1.85,-13.2029,8.011,1
PUMP-CRITICAL,2026-01-16T13:15:00,478.9,3654.61,147.74,16.16,117.31,55.98,26.81,100,critical,6,5,12,6,-0.6343,23.2014,4.8034,1
PUMP-CRITICAL,2026-01-16T13:20:00,452.29,3595.11,147.5,15.64,107.71,51.85,23.45,88,critical,6,5,12,6,-0.5166,-0.2409,-9.6002,1
PUMP-CRITICAL,2026-01-16T13:25:00,458.22,3473.36,130.49,14.87,113.04,54.9,25.16,92.37,critical,6,5,12,6,-0.7748,-17.0105,5.3275,1
PUMP-CRITICAL,2026-01-16T13:30:00,476.31,3607.81,140.26,13.46,100.76,55.88,26.62,88,critical,6,5,12,6,-1.4113,9.7644,-12.2743,1
PUMP-CRITICAL,2026-01-16T13:35:00,456.29,3725.59,121.69,11.94,105.78,53.68,24.5,92.99,critical,6,5,12,6,-1.5138,-18.5645,5.017,1
PUMP-CRITICAL,2026-01-16T13:40:00,454.04,3739.35,122.27,14.07,126.09,55.46,25.18,93.84,critical,6,5,12,6,2.1286,0.5817,20.309,1
PUMP-CRITICAL,2026-01-16T13:45:00,462.91,3610.93,147.17,11.62,119.8,51.65,23.91,88,critical,6,5,12,6,-2.4532,24.8988,-6.2885,1
PUMP-CRITICAL,2026-01-16T13:50:00,452.84,3575.88,129.01,12.07,118.6,56.31,25.5,94.66,critical,6,5,12,6,0.4485,-18.1592,-1.2051,1
PUMP-CRITICAL,2026-01-16T13:55:00,477.79,3308.26,140.09,11.7,99.42,53.89,25.75,88,critical,6,5,12,6,-0.3724,11.0724,-19.1789,1
PUMP-CRITICAL,2026-01-16T14:00:00,450.25,3728.55,142.84,13.17,120.03,52.99,23.86,91.74,critical,6,5,12,6,1.4756,2.7583,20.6178,1
PUMP-CRITICAL,2026-01-16T14:05:00,476.26,3314.57,150.68,15.57,114.44,55.14,26.26,88,critical,6,5,12,6,2.3947,7.834,-5.5964,1
PUMP-CRITICAL,2026-01-16T14:10:00,476.1,3408.3,140.58,11.14,107.72,54.9,26.14,88,critical,6,5,12,6,-4.4243,-10.1029,-6.7199,1
PUMP-CRITICAL,2026-01-16T14:15:00,459.0,3523.17,127.31,11.86,123.67,55.12,25.3,95.56,critical,6,5,12,6,0.7196,-13.264,15.951,1
PUMP-CRITICAL,2026-01-16T14:20:00,472.43,3738.34,145.52,14.88,116.24,54.82,25.9,94.3,critical,6,5,12,6,3.0173,18.2106,-7.4318,1
PUMP-CRITICAL,2026-01-16T14:25:00,461.85,3658.13,149.15,11.86,97.96,55.59,25.68,92.27,critical,6,5,12,6,-3.0153,3.6276,-18.2787,1
PUMP-CRITICAL,2026-01-16T14:30:00,471.52,3693.95,146.33,11.35,121.11,54.04,25.48,88.0,critical,6,5,12,6,-0.5137,-2.8213,23.1489,1
PUMP-CRITICAL,2026-01-16T14:35:00,477.26,3668.54,149.84,15.37,105.95,57.14,27.27,96.38,critical,6,5,12,6,4.0232,3.5122,-15.1567,1
PUMP-CRITICAL,2026-01-16T14:40:00,449.03,3369.67,136.25,11.23,105.34,54.35,24.4,88,critical,6,5,12,6,-4.1447,-13.5932,-0.6132,1
PUMP-CRITICAL,2026-01-16T14:45:00,452.58,3664.05,133.26,12.47,114.0,52.18,23.62,89.27,critical,6,5,12,6,1.2364,-2.9842,8.6627,1
PUMP-CRITICAL,2026-01-16T14:50:00,451.43,3658.28,121.42,10.75,115.34,53.6,24.2,88,critical,6,5,12,6,-1.7191,-11.8417,1.3355,1
PUMP-CRITICAL,2026-01-16T14:55:00,478.38,3296.54,130.32,12.44,111.12,55.9,26.74,88.64,critical,6,5,12,6,1.6966,8.9021,-4.2152,1
PUMP-CRITICAL,2026-01-16T15:00:00,467.95,3539.4,145.04,16.54,104.64,52.68,24.65,88,critical,6,5,12,6,4.0955,14.7204,-6.4847,1
PUMP-CRITICAL,2026-01-16T15:05:00,459.52,3495.74,132.74,10.75,115.5,56.56,25.99,100,critical,6,5,12,6,-5.7834,-12.308,10.8647,1
PUMP-CRITICAL,2026-01-16T15:10:00,460.46,3376.14,131.98,16.99,104.87,53.62,24.69,94.03,critical,6,5,12,6,6.2385,-0.7529,-10.6301,1
PUMP-CRITICAL,2026-01-16T15:15:00,477.94,3580.8,142.91,12.91,117.75,54.7,26.14,88,critical,6,5,12,6,-4.0881,10.9284,12.881,1
PUMP-CRITICAL,2026-01-16T15:20:00,467.83,3527.2,150.04,12.47,124.26,54.51,25.5,88,critical,6,5,12,6,-0.4336,7.1239,6.5126,1
PUMP-CRITICAL,2026-01-16T15:25:00,464.35,3265.21,140.72,11.42,125.96,57.06,26.5,98.41,critical,6,5,12,6,-1.0506,-9.3124,1.6968,1
PUMP-CRITICAL,2026-01-16T15:30:00,477.26,3519.87,138.71,10.89,97.56,56.13,26.79,93.76,critical,6,5,12,6,-0.532,-2.015,-28.4008,1
PUMP-CRITICAL,2026-01-16T15:35:00,478.22,3738.71,124.22,11.81,112.31,55.45,26.52,88,critical,6,5,12,6,0.9222,-14.4892,14.7474,1
PUMP-CRITICAL,2026-01-16T15:40:00,468.01,3466.44,132.91,10.83,106.5,51.67,24.18,88,critical,6,5,12,6,-0.9798,8.6908,-5.8089,1
PUMP-CRITICAL,2026-01-16T15:45:00,458.58,3750.37,142.42,14.75,105.75,57.66,26.44,98.15,critical,6,5,12,6,3.9215,9.5108,-0.7489,1
PUMP-CRITICAL,2026-01-16T15:50:00,460.13,3299.87,149.29,14.78,107.88,54.43,25.05,88,critical,6,5,12,6,0.026,6.8731,2.1322,1
PUMP-CRITICAL,2026-01-16T15:55:00,464.62,3453.94,121.24,13.06,99.4,55.84,25.94,88,critical,6,5,12,6,-1.7206,-28.0503,-8.4826,1
PUMP-CRITICAL,2026-01-16T16:00:00,452.82,3396.55,130.55,12.19,116.38,53.77,24.35,99.08,critical,6,5,12,6,-0.8668,9.3115,16.9839,1
PUMP-CRITICAL,2026-01-16T16:05:00,456.0,3545.9,148.55,12.53,125.58,54.84,25.01,88,critical,6,5,12,6,0.3414,17.9929,9.1962,1
PUMP-CRITICAL,2026-01-16T16:10:00,457.04,3387.46,149.86,16.08,98.22,55.74,25.47,92.12,critical,6,5,12,6,3.5481,1.3138,-27.3579,1
PUMP-CRITICAL,2026-01-16T16:15:00,461.78,3595.67,149.06,12.36,109.89,55.87,25.8,92.8,critical,6,5,12,6,-3.7245,-0.8024,11.6732,1
PUMP-CRITICAL,2026-01-16T16:20:00,449.93,3471.45,145.72,16.44,114.12,55.52,24.98,91.76,critical,6,5,12,6,4.0864,-3.3416,4.2297,1
PUMP-CRITICAL,2026-01-16T16:25:00,476.39,3387.89,122.25,10.82,114.65,55.77,26.57,92.94,critical,6,5,12,6,-5.6199,-23.4676,0.5266,1
PUMP-CRITICAL,2026-01-16T16:30:00,472.35,3399.74,129.97,12.4,122.39,53.11,25.09,88,critical,6,5,12,6,1.5799,7.7193,7.7441,1
PUMP-CRITICAL,2026-01-16T16:35:00,455.55,3439.07,142.49,15.91,113.98,53.69,24.46,88,critical,6,5,12,6,3.5117,12.5224,-8.412,1
PUMP-CRITICAL,2026-01-16T16:40:00,462.97,3686.33,126.95,15.73,99.21,51.97,24.06,88,critical,6,5,12,6,-0.1823,-15.5401,-14.7695,1
PUMP-CRITICAL,2026-01-16T16:45:00,454.04,3403.68,137.17,11.79,97.79,57.01,25.89,98.69,critical,6,5,12,6,-3.9448,10.2157,-1.4206,1
PUMP-CRITICAL,2026-01-16T16:50:00,469.04,3277.34,124.73,13.58,123.85,57.8,27.11,98.11,critical,6,5,12,6,1.7897,-12.4373,26.0607,1
PUMP-CRITICAL,2026-01-16T16:55:00,466.07,3492.84,142.53,11.51,110.7,53.64,25.0,88,critical,6,5,12,6,-2.0638,17.7977,-13.1582,1
PUMP-CRITICAL,2026-01-16T17:00:00,453.71,3391.18,137.58,14.03,112.94,54.34,24.65,98.66,critical,6,5,12,6,2.5212,-4.9429,2.2489,1
PUMP-CRITICAL,2026-01-16T17:05:00,463.38,3291.05,143.65,14.6,115.51,54.81,25.4,98.36,critical,6,5,12,6,0.561,6.0677,2.5689,1
PUMP-CRITICAL,2026-01-16T17:10:00,469.99,3446.3,125.95,15.13,104.3,54.02,25.39,88,critical,6,5,12,6,0.5306,-17.7033,-11.2131,1
PUMP-CRITICAL,2026-01-16T17:15:00,464.24,3514.47,150.79,14.0,103.19,53.41,24.79,88.82,critical,6,5,12,6,-1.1269,24.8415,-1.107,1
PUMP-CRITICAL,2026-01-16T17:20:00,474.13,3481.82,148.07,13.33,115.54,57.86,27.43,97.02,critical,6,5,12,6,-0.6722,-2.7193,12.3474,1
PUMP-CRITICAL,2026-01-16T17:25:00,472.0,3628.48,148.86,16.78,124.56,53.92,25.45,88,critical,6,5,12,6,3.4511,0.7861,9.0169,1
PUMP-CRITICAL,2026-01-16T17:30:00,470.61,3446.92,122.84,14.28,124.0,56.73,26.7,100,critical,6,5,12,6,-2.5024,-26.0165,-0.56,1
PUMP-CRITICAL,2026-01-16T17:35:00,471.02,3577.06,137.05,17.04,99.94,56.88,26.79,97.28,critical,6,5,12,6,2.7654,14.2088,-24.0562,1
PUMP-CRITICAL,2026-01-16T17:40:00,457.33,3575.1,126.49,14.16,103.03,52.15,23.85,88,critical,6,5,12,6,-2.8836,-10.5636,3.0934,1
PUMP-CRITICAL,2026-01-16T17:45:00,466.83,3736.61,133.81,12.09,107.79,53.12,24.8,89.85,critical,6,5,12,6,-2.0725,7.32,4.7509,1
PUMP-CRITICAL,2026-01-16T17:50:00,467.06,3718.11,134.62,13.29,113.5,53.64,25.05,90.4,critical,6,5,12,6,1.2,0.8125,5.7107,1
PUMP-CRITICAL,2026-01-16T17:55:00,460.99,3419.03,145.23,15.01,113.84,56.56,26.07,93.56,critical,6,5,12,6,1.7216,10.6082,0.3422,1
PUMP-CRITICAL,2026-01-16T18:00:00,464.32,3512.63,126.82,15.08,112.73,55.46,25.75,96.65,critical,6,5,12,6,0.0759,-18.4022,-1.1038,1
PUMP-CRITICAL,2026-01-16T18:05:00,478.56,3420.72,136.61,17.04,112.78,56.53,27.05,92.14,critical,6,5,12,6,1.9585,9.7869,0.0475,1
PUMP-CRITICAL,2026-01-16T18:10:00,463.82,3640.83,137.02,16.54,122.65,53.7,24.91,88,critical,6,5,12,6,-0.4978,0.4089,9.8676,1
PUMP-CRITICAL,2026-01-16T18:15:00,460.67,3472.51,133.54,12.88,113.71,53.6,24.69,93.42,critical,6,5,12,6,-3.6683,-3.4814,-8.939,1
PUMP-CRITICAL,2026-01-16T18:20:00,454.12,3493.75,121.83,16.95,116.18,51.49,23.38,88,critical,6,5,12,6,4.073,-11.7131,2.4671,1
PUMP-CRITICAL,2026-01-16T18:25:00,475.67,3547.09,149.81,11.81,97.28,54.99,26.16,88,critical,6,5,12,6,-5.1406,27.985,-18.8939,1
PUMP-CRITICAL,2026-01-16T18:30:00,457.83,3304.63,131.13,15.76,117.73,56.51,25.87,95.47,critical,6,5,12,6,3.9544,-18.6814,20.4428,1
PUMP-CRITICAL,2026-01-16T18:35:00,461.18,3304.72,128.27,15.22,115.68,53.24,24.55,88,critical,6,5,12,6,-0.5393,-2.8623,-2.0507,1
PUMP-CRITICAL,2026-01-16T18:40:00,461.98,3361.11,140.0,16.61,125.28,55.09,25.45,88,critical,6,5,12,6,1.3897,11.733,9.6055,1
PUMP-CRITICAL,2026-01-16T18:45:00,472.26,3546.58,131.46,11.2,96.41,57.6,27.2,99.11,critical,6,5,12,6,-5.4157,-8.539,-28.8758,1
PUMP-CRITICAL,2026-01-16T18:50:00,470.66,3391.14,143.21,13.03,111.02,55.3,26.03,88,critical,6,5,12,6,1.8332,11.7507,14.6189,1
PUMP-CRITICAL,2026-01-16T18:55:00,466.95,3378.63,150.68,10.49,116.12,56.49,26.38,98.77,critical,6,5,12,6,-2.5431,7.4708,5.0981,1
PUMP-CRITICAL,2026-01-16T19:00:00,450.47,3639.21,141.63,14.09,104.07,53.83,24.25,96.67,critical,6,5,12,6,3.6022,-9.0506,-12.0507,1
PUMP-CRITICAL,2026-01-16T19:05:00,475.3,3458.32,141.63,16.08,105.15,53.78,25.56,88,critical,6,5,12,6,1.9902,-0.001,1.0791,1
PUMP-CRITICAL,2026-01-16T19:10:00,472.7,3320.43,145.77,15.0,100.85,54.63,25.82,88,critical,6,5,12,6,-1.075,4.1406,-4.3012,1
PUMP-CRITICAL,2026-01-16T19:15:00,451.19,3714.18,124.15,17.28,121.41,51.66,23.31,88,critical,6,5,12,6,2.2785,-21.6231,20.5581,1
PUMP-CRITICAL,2026-01-16T19:20:00,476.81,3401.5,123.72,12.22,125.41,57.06,27.2,88,critical,6,5,12,6,-5.0593,-0.4237,3.9981,1
PUMP-CRITICAL,2026-01-16T19:25:00,467.15,3266.48,135.91,14.14,120.48,56.67,26.47,92.79,critical,6,5,12,6,1.9214,12.1898,-4.9243,1
PUMP-CRITICAL,2026-01-16T19:30:00,450.28,3280.21,140.18,11.07,99.56,54.63,24.6,100,critical,6,5,12,6,-3.0757,4.2678,-20.9227,1
PUMP-CRITICAL,2026-01-16T19:35:00,468.63,3697.35,138.19,14.75,119.1,55.98,26.24,88.75,critical,6,5,12,6,3.6766,-1.9926,19.543,1
PUMP-CRITICAL,2026-01-16T19:40:00,463.09,3620.92,144.0,14.04,124.38,52.86,24.48,88,critical,6,5,12,6,-0.7068,5.8149,5.2734,1
PUMP-CRITICAL,2026-01-16T19:45:00,472.65,3592.11,121.81,17.17,108.15,54.04,25.54,88.14,critical,6,5,12,6,3.1336,-22.193,-16.2292,1
PUMP-CRITICAL,2026-01-16T19:50:00,470.96,3392.47,139.25,14.85,124.99,52.22,24.6,88,critical,6,5,12,6,-2.3261,17.4382,16.8441,1
PUMP-CRITICAL,2026-01-16T19:55:00,458.77,3671.64,130.8,11.93,103.6,54.76,25.12,88,critical,6,5,12,6,-2.9191,-8.4485,-21.3922,1
PUMP-CRITICAL,2026-01-16T20:00:00,452.23,3313.4,123.38,16.36,111.52,56.01,25.33,95.17,critical,6,5,12,6,4.4343,-7.4167,7.9271,1
PUMP-CRITICAL,2026-01-16T20:05:00,456.65,3456.63,133.32,11.12,112.85,57.74,26.37,99.48,critical,6,5,12,6,-5.2378,9.9314,1.3242,1
PUMP-CRITICAL,2026-01-16T20:10:00,456.03,3322.77,147.5,17.12,100.01,53.55,24.42,88,critical,6,5,12,6,5.9953,14.1863,-12.8375,1
PUMP-CRITICAL,2026-01-16T20:15:00,459.37,3658.09,134.68,14.99,101.84,55.37,25.44,88,critical,6,5,12,6,-2.1333,-12.8173,1.8282,1
PUMP-CRITICAL,2026-01-16T20:20:00,458.59,3662.22,132.12,14.39,121.31,56.08,25.72,99.41,critical,6,5,12,6,-0.5995,-2.5664,19.4737,1
PUMP-CRITICAL,2026-01-16T20:25:00,461.45,3323.59,137.02,16.01,104.86,57.91,26.72,98.03,critical,6,5,12,6,1.6232,4.9026,-16.452,1
PUMP-CRITICAL,2026-01-16T20:30:00,472.54,3511.42,138.89,11.45,120.35,58.51,27.65,95.41,critical,6,5,12,6,-4.5551,1.867,15.4844,1
PUMP-CRITICAL,2026-01-16T20:35:00,470.92,3557.83,144.02,11.39,98.64,54.23,25.54,88,critical,6,5,12,6,-0.0615,5.1334,-21.7019,1
PUMP-CRITICAL,2026-01-16T20:40:00,451.62,3283.65,144.43,14.34,118.77,56.58,25.55,98.65,critical,6,5,12,6,2.9423,0.4064,20.1248,1
PUMP-CRITICAL,2026-01-16T20:45:00,472.51,3383.56,127.08,13.5,110.79,53.81,25.42,88.46,critical,6,5,12,6,-0.8306,-17.3465,-7.9828,1
PUMP-CRITICAL,2026-01-16T20:50:00,460.96,3647.19,142.07,12.66,105.05,52.76,24.32,88,critical,6,5,12,6,-0.8446,14.9906,-5.7405,1
PUMP-CRITICAL,2026-01-16T20:55:00,452.97,3607.09,125.44,16.14,110.99,55.68,25.22,98.94,critical,6,5,12,6,3.4784,-16.633,5.9446,1
PUMP-CRITICAL,2026-01-16T21:00:00,465.3,3258.12,146.02,10.75,111.58,52.95,24.64,88,critical,6,5,12,6,-5.3853,20.5831,0.587,1
PUMP-CRITICAL,2026-01-16T21:05:00,462.44,3660.62,143.91,15.5,120.07,53.6,24.79,92.23,critical,6,5,12,6,4.7434,-2.108,8.4922,1
PUMP-CRITICAL,2026-01-16T21:10:00,450.01,3641.49,136.2,12.82,109.9,50.69,22.81,88,critical,6,5,12,6,-2.673,-7.709,-10.1691,1
PUMP-CRITICAL,2026-01-16T21:15:00,464.93,3387.85,141.44,14.04,120.8,54.32,25.25,88.54,critical,6,5,12,6,1.2206,5.2371,10.8973,1
PUMP-CRITICAL,2026-01-16T21:20:00,462.95,3704.09,133.74,16.04,98.34,54.75,25.35,88,critical,6,5,12,6,1.9923,-7.7059,-22.4537,1
PUMP-CRITICAL,2026-01-16T21:25:00,473.02,3459.0,123.28,11.76,121.53,54.87,25.95,88,critical,6,5,12,6,-4.277,-10.4515,23.1857,1
PUMP-CRITICAL,2026-01-16T21:30:00,471.62,3571.08,150.35,13.69,112.93,56.79,26.78,88,critical,6,5,12,6,1.9326,27.0607,-8.6037,1
PUMP-CRITICAL,2026-01-16T21:35:00,478.45,3258.58,140.62,16.38,117.08,55.27,26.45,93.58,critical,6,5,12,6,2.6904,-9.7223,4.1555,1
PUMP-CRITICAL,2026-01-16T21:40:00,459.86,3456.06,141.32,13.63,113.58,56.8,26.12,94.81,critical,6,5,12,6,-2.7508,0.6959,-3.4991,1
PUMP-CRITICAL,2026-01-16T21:45:00,465.01,3663.34,132.13,15.87,107.04,57.9,26.92,98.01,critical,6,5,12,6,2.2427,-9.1858,-6.5449,1
PUMP-CRITICAL,2026-01-16T21:50:00,454.28,3576.93,143.66,15.19,108.54,53.71,24.4,88,critical,6,5,12,6,-0.6805,11.5243,1.4996,1
PUMP-CRITICAL,2026-01-16T21:55:00,473.8,3305.35,126.65,16.36,120.27,54.22,25.69,88,critical,6,5,12,6,1.1617,-17.0081,11.7309,1
PUMP-CRITICAL,2026-01-16T22:00:00,475.95,3624.33,149.85,11.15,118.83,56.31,26.8,94.19,critical,6,5,12,6,-5.2023,23.199,-1.4403,1
PUMP-CRITICAL,2026-01-16T22:05:00,461.02,3334.61,144.4,12.17,126.15,55.54,25.6,99.29,critical,6,5,12,6,1.0123,-5.4451,7.3199,1
PUMP-CRITICAL,2026-01-16T22:10:00,463.34,3467.87,139.52,15.6,119.82,56.77,26.31,91.09,critical,6,5,12,6,3.4388,-4.8852,-6.3263,1
PUMP-CRITICAL,2026-01-16T22:15:00,457.19,3408.36,144.4,12.41,118.02,54.12,24.74,97.97,critical,6,5,12,6,-3.1915,4.8865,-1.7976,1
PUMP-CRITICAL,2026-01-16T22:20:00,466.44,3394.76,139.56,16.03,125.32,55.07,25.69,88,critical,6,5,12,6,3.619,-4.8437,7.2957,1
PUMP-CRITICAL,2026-01-16T22:25:00,473.73,3471.37,137.37,16.63,104.46,56.72,26.87,91.02,critical,6,5,12,6,0.5976,-2.1957,-20.8566,1
PUMP-CRITICAL,2026-01-16T22:30:00,474.6,3582.85,145.27,13.06,116.64,57.67,27.37,94.71,critical,6,5,12,6,-3.5688,7.9054,12.1742,1
PUMP-CRITICAL,2026-01-16T22:35:00,467.57,3309.32,148.54,12.05,111.63,55.79,26.09,93.98,critical,6,5,12,6,-1.0124,3.2651,-5.0074,1
PUMP-CRITICAL,2026-01-16T22:40:00,477.62,3537.88,147.29,17.02,118.81,58.79,28.08,97.51,critical,6,5,12,6,4.9705,-1.2442,7.1767,1
PUMP-CRITICAL,2026-01-16T22:45:00,462.17,3297.21,130.57,12.7,101.05,55.93,25.85,94.42,critical,6,5,12,6,-4.316,-16.7176,-17.7557,1
PUMP-CRITICAL,2026-01-16T22:50:00,455.09,3442.99,138.24,11.38,118.24,55.48,25.25,94.63,critical,6,5,12,6,-1.3246,7.6704,17.1916,1
PUMP-CRITICAL,2026-01-16T22:55:00,450.41,3600.43,136.97,13.23,125.94,52.69,23.73,88,critical,6,5,12,6,1.8567,-1.2744,7.6949,1
PUMP-CRITICAL,2026-01-16T23:00:00,459.03,3516.66,149.82,13.0,112.2,55.18,25.33,100,critical,6,5,12,6,-0.2317,12.8524,-13.7417,1
PUMP-CRITICAL,2026-01-16T23:05:00,459.42,3404.65,123.27,17.19,115.95,54.42,25.0,95.38,critical,6,5,12,6,4.1908,-26.5541,3.7546,1
PUMP-CRITICAL,2026-01-16T23:10:00,450.63,3706.0,145.82,15.1,109.71,53.49,24.1,88,critical,6,5,12,6,-2.0929,22.5552,-6.2428,1
PUMP-CRITICAL,2026-01-16T23:15:00,477.3,3415.47,143.64,11.96,111.91,58.95,28.14,97.0,critical,6,5,12,6,-3.1437,-2.1811,2.1985,1
PUMP-CRITICAL,2026-01-16T23:20:00,478.64,3473.19,135.37,14.46,96.66,54.32,26.0,88,critical,6,5,12,6,2.5059,-8.2762,-15.2465,1
PUMP-CRITICAL,2026-01-16T23:25:00,456.92,3711.64,150.87,17.08,115.65,54.77,25.03,88,critical,6,5,12,6,2.617,15.5047,18.9928,1
PUMP-CRITICAL,2026-01-16T23:30:00,473.0,3371.87,128.9,16.19,122.42,55.91,26.44,93.89,critical,6,5,12,6,-0.8891,-21.9672,6.7689,1
PUMP-CRITICAL,2026-01-16T23:35:00,467.69,3516.9,130.94,16.58,96.87,56.53,26.44,98.41,critical,6,5,12,6,0.3921,2.0364,-25.5561,1
PUMP-CRITICAL,2026-01-16T23:40:00,471.45,3666.79,129.56,15.89,99.81,55.96,26.38,100,critical,6,5,12,6,-0.6911,-1.3755,2.9492,1
PUMP-CRITICAL,2026-01-16T23:45:00,450.95,3510.39,142.35,15.32,117.03,53.13,23.96,92.02,critical,6,5,12,6,-0.5705,12.7906,17.2189,1
PUMP-CRITICAL,2026-01-16T23:50:00,448.79,3467.24,130.44,16.6,96.37,52.87,23.73,91.07,critical,6,5,12,6,1.2741,-11.9198,-20.6584,1
PUMP-CRITICAL,2026-01-16T23:55:00,466.6,3294.28,143.28,14.49,125.27,55.56,25.93,99.98,critical,6,5,12,6,-2.11,12.8399,28.8926,1
PUMP-CRITICAL,2026-01-17T00:00:00,467.03,3395.56,145.35,12.06,116.29,54.69,25.54,96.46,critical,6,5,12,6,-2.4268,2.0761,-8.9743,1
PUMP-CRITICAL,2026-01-17T00:05:00,460.0,3663.23,143.6,15.68,119.78,56.47,25.97,96.98,critical,6,5,12,6,3.624,-1.7527,3.4851,1
PUMP-CRITICAL,2026-01-17T00:10:00,458.0,3560.93,125.56,15.54,99.21,57.89,26.51,99.55,critical,6,5,12,6,-0.14,-18.0374,-20.5685,1
PUMP-CRITICAL,2026-01-17T00:15:00,464.81,3257.74,124.9,12.82,111.85,53.57,24.9,88,critical,6,5,12,6,-2.7259,-0.6632,12.6431,1
PUMP-CRITICAL,2026-01-17T00:20:00,475.99,3445.58,138.93,11.54,100.72,58.04,27.63,96.82,critical,6,5,12,6,-1.2738,14.0338,-11.1373,1
PUMP-CRITICAL,2026-01-17T00:25:00,467.67,3319.74,150.74,15.13,98.87,55.76,26.08,88,critical,6,5,12,6,3.5838,11.8098,-1.8462,1
PUMP-CRITICAL,2026-01-17T00:30:00,452.04,3733.07,146.14,16.98,109.52,53.48,24.18,88,critical,6,5,12,6,1.8537,-4.601,10.6515,1
PUMP-CRITICAL,2026-01-17T00:35:00,468.65,3509.83,134.71,17.03,108.93,53.41,25.03,88,critical,6,5,12,6,0.0461,-11.4332,-0.5892,1
PUMP-CRITICAL,2026-01-17T00:40:00,477.2,3314.0,135.21,14.24,96.4,58.54,27.94,97.91,critical,6,5,12,6,-2.7905,0.5001,-12.5277,1
PUMP-CRITICAL,2026-01-17T00:45:00,463.17,3493.75,137.83,16.26,103.4,57.48,26.62,100,critical,6,5,12,6,2.0281,2.6195,6.9982,1
PUMP-CRITICAL,2026-01-17T00:50:00,470.5,3575.13,133.76,11.17,105.44,55.24,25.99,93.38,critical,6,5,12,6,-5.0905,-4.0683,2.0382,1
PUMP-CRITICAL,2026-01-17T00:55:00,449.66,3323.29,149.72,10.57,106.41,54.23,24.38,99.78,critical,6,5,12,6,-0.6024,15.9599,0.9683,1
PUMP-CRITICAL,2026-01-17T01:00:00,449.4,3276.46,149.74,15.03,110.58,52.12,23.42,88,critical,6,5,12,6,4.4547,0.018,4.1728,1
PUMP-CRITICAL,2026-01-17T01:05:00,469.43,3586.16,141.44,11.02,97.37,51.72,24.28,88,critical,6,5,12,6,-4.0045,-8.2947,-13.2111,1
PUMP-CRITICAL,2026-01-17T01:10:00,463.24,3318.51,132.77,11.4,111.23,54.02,25.02,88.27,critical,6,5,12,6,0.3813,-8.6719,13.8605,1
PUMP-CRITICAL,2026-01-17T01:15:00,465.22,3310.24,139.41,14.29,114.67,55.34,25.75,99.08,critical,6,5,12,6,2.8885,6.6364,3.4426,1
PUMP-CRITICAL,2026-01-17T01:20:00,469.71,3674.17,150.52,12.97,120.11,57.46,26.99,92.36,critical,6,5,12,6,-1.3245,11.1125,5.4346,1
PUMP-CRITICAL,2026-01-17T01:25:00,472.37,3684.82,145.24,16.32,114.96,57.7,27.26,95.47,critical,6,5,12,6,3.3529,-5.2807,-5.1519,1
PUMP-CRITICAL,2026-01-17T01:30:00,451.01,3629.33,150.97,16.1,123.92,50.67,22.85,88,critical,6,5,12,6,-0.2204,5.7278,8.9672,1
PUMP-CRITICAL,2026-01-17T01:35:00,467.58,3348.29,148.91,10.88,114.93,57.08,26.69,93.3,critical,6,5,12,6,-5.2201,-2.0518,-8.9943,1
PUMP-CRITICAL,2026-01-17T01:40:00,458.5,3372.1,144.94,17.24,108.62,55.18,25.3,97.07,critical,6,5,12,6,6.3635,-3.9744,-6.3131,1
PUMP-CRITICAL,2026-01-17T01:45:00,465.84,3496.15,144.38,15.05,121.77,55.11,25.67,100,critical,6,5,12,6,-2.1929,-0.5554,13.1499,1
PUMP-CRITICAL,2026-01-17T01:50:00,463.51,3572.77,141.24,16.33,103.96,55.74,25.84,96.98,critical,6,5,12,6,1.2823,-3.1458,-17.8029,1
PUMP-CRITICAL,2026-01-17T01:55:00,458.63,3692.97,140.11,11.61,111.69,54.26,24.89,92.67,critical,6,5,12,6,-4.719,-1.1262,7.73,1
PUMP-CRITICAL,2026-01-17T02:00:00,471.45,3624.81,144.24,16.4,108.38,54.46,25.68,88,critical,6,5,12,6,4.7864,4.1326,-3.3085,1
PUMP-CRITICAL,2026-01-17T02:05:00,451.36,3688.33,131.6,16.72,97.74,55.81,25.19,98.55,critical,6,5,12,6,0.3228,-12.6428,-10.6396,1
PUMP-CRITICAL,2026-01-17T02:10:00,459.38,3298.58,140.02,12.82,98.67,54.51,25.04,96.17,critical,6,5,12,6,-3.8973,8.4183,0.9247,1
PUMP-CRITICAL,2026-01-17T02:15:00,452.14,3511.23,145.71,13.28,110.86,53.09,24.0,94.46,critical,6,5,12,6,0.4546,5.6919,12.1862,1
PUMP-CRITICAL,2026-01-17T02:20:00,475.01,3742.85,122.43,11.54,123.99,56.17,26.68,88,critical,6,5,12,6,-1.7415,-23.2791,13.1343,1
PUMP-CRITICAL,2026-01-17T02:25:00,452.48,3382.76,123.27,16.46,124.87,54.89,24.84,92.62,critical,6,5,12,6,4.9204,0.8396,0.8817,1
PUMP-CRITICAL,2026-01-17T02:30:00,468.1,3524.93,122.34,13.75,111.72,55.6,26.03,88,critical,6,5,12,6,-2.7042,-0.933,-13.149,1
PUMP-CRITICAL,2026-01-17T02:35:00,458.64,3649.28,140.45,11.86,99.75,53.28,24.44,90.14,critical,6,5,12,6,-1.8897,18.1128,-11.9685,1
PUMP-CRITICAL,2026-01-17T02:40:00,459.8,3716.77,140.68,13.32,106.69,50.99,23.45,88,critical,6,5,12,6,1.4576,0.2263,6.9347,1
PUMP-CRITICAL,2026-01-17T02:45:00,455.11,3362.59,129.83,15.19,120.06,54.42,24.77,100,critical,6,5,12,6,1.8658,-10.8442,13.3709,1
PUMP-CRITICAL,2026-01-17T02:50:00,452.79,3633.85,145.92,15.53,125.21,51.53,23.33,88,critical,6,5,12,6,0.3416,16.0898,5.1458,1
PUMP-CRITICAL,2026-01-17T02:55:00,455.32,3713.02,121.52,14.19,104.54,54.53,24.83,90.21,critical,6,5,12,6,-1.3439,-24.4039,-20.6689,1
PUMP-CRITICAL,2026-01-17T03:00:00,458.39,3685.77,137.86,15.51,106.83,54.76,25.1,92.19,critical,6,5,12,6,1.3292,16.3364,2.2916,1
PUMP-CRITICAL,2026-01-17T03:05:00,474.21,3285.67,146.7,16.53,106.95,56.56,26.82,97.95,critical,6,5,12,6,1.0144,8.845,0.1192,1
PUMP-CRITICAL,2026-01-17T03:10:00,465.0,3606.04,144.2,13.39,112.27,56.34,26.2,100,critical,6,5,12,6,-3.1435,-2.5035,5.3242,1
PUMP-CRITICAL,2026-01-17T03:15:00,471.97,3645.55,133.7,16.23,117.44,55.76,26.32,93.77,critical,6,5,12,6,2.846,-10.5002,5.1705,1
PUMP-CRITICAL,2026-01-17T03:20:00,461.81,3527.99,126.81,12.65,106.9,57.24,26.43,94.76,critical,6,5,12,6,-3.5829,-6.8836,-10.5436,1
PUMP-CRITICAL,2026-01-17T03:25:00,463.21,3265.26,126.28,14.29,99.46,56.12,26.0,92.62,critical,6,5,12,6,1.6409,-0.5334,-7.4432,1
PUMP-CRITICAL,2026-01-17T03:30:00,467.95,3528.62,133.59,13.57,123.29,54.82,25.65,98.44,critical,6,5,12,6,-0.7191,7.3068,23.8378,1
PUMP-CRITICAL,2026-01-17T03:35:00,460.5,3607.63,127.08,16.82,97.94,53.04,24.43,88,critical,6,5,12,6,3.249,-6.5086,-25.3568,1
PUMP-CRITICAL,2026-01-17T03:40:00,476.54,3500.63,151.16,16.94,126.32,55.95,26.66,97.74,critical,6,5,12,6,0.1211,24.0854,28.3845,1
PUMP-CRITICAL,2026-01-17T03:45:00,456.26,3319.79,130.66,15.67,99.31,56.08,25.59,96.76,critical,6,5,12,6,-1.2728,-20.5089,-27.0074,1
PUMP-CRITICAL,2026-01-17T03:50:00,448.87,3343.97,141.21,15.74,102.62,55.27,24.81,95.04,critical,6,5,12,6,0.0729,10.5539,3.3062,1
PUMP-CRITICAL,2026-01-17T03:55:00,469.05,3342.21,145.06,15.25,100.78,55.63,26.09,100,critical,6,5,12,6,-0.4949,3.8527,-1.8412,1
PUMP-CRITICAL,2026-01-17T04:00:00,469.05,3593.05,142.54,10.74,107.19,55.67,26.11,88,critical,6,5,12,6,-4.5064,-2.5248,6.4132,1
PUMP-CRITICAL,2026-01-17T04:05:00,460.34,3706.63,133.04,12.52,105.88,57.97,26.69,100,critical,6,5,12,6,1.7856,-9.4951,-1.3153,1
PUMP-CRITICAL,2026-01-17T04:10:00,454.85,3492.73,145.08,16.82,124.58,54.98,25.01,88,critical,6,5,12,6,4.2922,12.0378,18.7066,1
PUMP-CRITICAL,2026-01-17T04:15:00,466.11,3339.92,139.87,11.61,101.18,53.12,24.76,88.99,critical,6,5,12,6,-5.2089,-5.2075,-23.408,1
PUMP-CRITICAL,2026-01-17T04:20:00,473.7,3288.17,139.36,10.94,125.02,56.21,26.63,99.99,critical,6,5,12,6,-0.6664,-0.5151,23.8405,1
PUMP-CRITICAL,2026-01-17T04:25:00,453.62,3319.75,123.76,15.08,120.04,55.52,25.19,94.49,critical,6,5,12,6,4.1426,-15.5998,-4.9785,1
PUMP-CRITICAL,2026-01-17T04:30:00,477.06,3542.65,150.43,11.15,102.32,56.58,26.99,98.54,critical,6,5,12,6,-3.9325,26.6762,-17.7208,1
PUMP-CRITICAL,2026-01-17T04:35:00,477.81,3342.11,138.83,11.38,120.26,58.14,27.78,99.94,critical,6,5,12,6,0.2232,-11.6065,17.948,1
PUMP-CRITICAL,2026-01-17T04:40:00,474.23,3448.97,136.04,14.48,123.63,53.64,25.44,88,critical,6,5,12,6,3.1071,-2.7913,3.3692,1
PUMP-CRITICAL,2026-01-17T04:45:00,475.92,3351.56,133.29,10.41,111.83,54.07,25.73,88,critical,6,5,12,6,-4.069,-2.7501,-11.7997,1
PUMP-CRITICAL,2026-01-17T04:50:00,450.93,3311.6,131.39,12.46,113.04,54.57,24.61,88,critical,6,5,12,6,2.0501,-1.8978,1.2049,1
PUMP-CRITICAL,2026-01-17T04:55:00,463.02,3615.48,122.54,13.7,119.4,52.78,24.44,88,critical,6,5,12,6,1.2381,-8.8467,6.3575,1
PUMP-CRITICAL,2026-01-17T05:00:00,465.49,3428.79,128.81,13.5,117.91,55.39,25.78,92.17,critical,6,5,12,6,-0.1965,6.2693,-1.4913,1
PUMP-CRITICAL,2026-01-17T05:05:00,449.24,3259.66,134.36,15.02,126.27,53.72,24.13,90.85,critical,6,5,12,6,1.5154,5.5485,8.3651,1
PUMP-CRITICAL,2026-01-17T05:10:00,458.33,3351.89,148.93,11.46,122.94,53.06,24.32,88,critical,6,5,12,6,-3.5632,14.568,-3.335,1
PUMP-CRITICAL,2026-01-17T05:15:00,469.55,3466.67,126.41,11.81,102.59,53.11,24.94,88,critical,6,5,12,6,0.3552,-22.5215,-20.3406,1
PUMP-CRITICAL,2026-01-17T05:20:00,464.65,3493.28,126.8,11.22,111.14,53.52,24.87,88,critical,6,5,12,6,-0.594,0.3922,8.5439,1
PUMP-CRITICAL,2026-01-17T05:25:00,458.84,3745.0,150.04,15.33,111.4,54.95,25.21,88,critical,6,5,12,6,4.1106,23.2415,0.2595,1
PUMP-CRITICAL,2026-01-17T05:30:00,449.82,3421.05,148.91,14.34,100.45,54.06,24.32,99.87,critical,6,5,12,6,-0.9919,-1.1333,-10.945,1
PUMP-CRITICAL,2026-01-17T05:35:00,468.32,3456.33,145.63,12.06,97.32,58.5,27.4,99.23,critical,6,5,12,6,-2.2792,-3.277,-3.1352,1
PUMP-CRITICAL,2026-01-17T05:40:00,458.12,3421.8,133.04,13.76,125.67,54.93,25.17,88,critical,6,5,12,6,1.704,-12.5888,28.3548,1
PUMP-CRITICAL,2026-01-17T05:45:00,472.52,3620.26,145.74,12.89,108.64,55.0,25.99,88,critical,6,5,12,6,-0.8725,12.6996,-17.0288,1
PUMP-CRITICAL,2026-01-17T05:50:00,466.39,3679.93,128.43,17.09,119.77,54.58,25.45,88,critical,6,5,12,6,4.1967,-17.3135,11.1304,1
PUMP-CRITICAL,2026-01-17T05:55:00,452.42,3307.63,125.85,11.24,109.93,55.48,25.1,98.74,critical,6,5,12,6,-5.8488,-2.5758,-9.8408,1
PUMP-CRITICAL,2026-01-17T06:00:00,449.81,3565.32,150.97,15.86,108.58,56.85,25.57,99.98,critical,6,5,12,6,4.6261,25.1216,-1.3565,1
PUMP-CRITICAL,2026-01-17T06:05:00,472.96,3613.92,141.89,15.15,125.91,55.67,26.33,88,critical,6,5,12,6,-0.7091,-9.0782,17.337,1
PUMP-CRITICAL,2026-01-17T06:10:00,452.08,3281.05,130.89,16.14,99.31,54.71,24.73,88.02,critical,6,5,12,6,0.9836,-11.0065,-26.6,1
PUMP-CRITICAL,2026-01-17T06:15:00,448.75,3318.87,135.93,13.33,97.88,55.99,25.13,92.42,critical,6,5,12,6,-2.8098,5.0379,-1.4355,1
PUMP-CRITICAL,2026-01-17T06:20:00,452.78,3297.25,143.86,15.41,118.04,54.01,24.46,88,critical,6,5,12,6,2.083,7.9341,20.1592,1
PUMP-CRITICAL,2026-01-17T06:25:00,455.91,3432.78,135.02,10.94,120.19,57.27,26.11,97.96,critical,6,5,12,6,-4.4699,-8.8434,2.1569,1
PUMP-CRITICAL,2026-01-17T06:30:00,478.44,3667.55,145.0,16.69,116.67,57.67,27.59,93.66,critical,6,5,12,6,5.7471,9.9837,-3.5293,1
PUMP-CRITICAL,2026-01-17T06:35:00,464.83,3606.19,146.51,14.58,119.59,56.61,26.31,100,critical,6,5,12,6,-2.1042,1.5088,2.9228,1
PUMP-CRITICAL,2026-01-17T06:40:00,471.88,3440.78,139.56,15.85,96.73,53.3,25.15,88,critical,6,5,12,6,1.2705,-6.948,-22.8562,1
PUMP-CRITICAL,2026-01-17T06:45:00,457.38,3417.51,147.86,16.07,99.11,55.05,25.18,96.16,critical,6,5,12,6,0.2138,8.2976,2.3817,1
PUMP-CRITICAL,2026-01-17T06:50:00,475.78,3656.32,148.49,13.19,97.89,56.93,27.09,90.63,critical,6,5,12,6,-2.8831,0.6343,-1.225,1
PUMP-CRITICAL,2026-01-17T06:55:00,469.13,3538.05,133.57,13.88,98.81,54.43,25.54,88.04,critical,6,5,12,6,0.6942,-14.9231,0.9191,1
PUMP-CRITICAL,2026-01-17T07:00:00,461.62,3542.27,124.58,12.61,116.11,55.19,25.48,88,critical,6,5,12,6,-1.2702,-8.9917,17.2991,1
PUMP-CRITICAL,2026-01-17T07:05:00,468.69,3309.83,123.81,14.14,115.27,54.44,25.52,88,critical,6,5,12,6,1.5353,-0.7668,-0.8371,1
PUMP-CRITICAL,2026-01-17T07:10:00,467.28,3409.86,128.71,14.32,100.72,55.07,25.73,98.24,critical,6,5,12,6,0.172,4.9023,-14.5535,1
PUMP-CRITICAL,2026-01-17T07:15:00,457.3,3375.97,143.8,11.17,101.24,50.64,23.16,88,critical,6,5,12,6,-3.1461,15.082,0.5197,1
PUMP-CRITICAL,2026-01-17T07:20:00,448.76,3306.8,136.13,14.23,106.78,52.83,23.71,88,critical,6,5,12,6,3.0592,-7.6648,5.5479,1
PUMP-CRITICAL,2026-01-17T07:25:00,452.47,3574.23,135.7,12.18,104.92,54.37,24.6,99.0,critical,6,5,12,6,-2.0513,-0.4353,-1.8595,1
PUMP-CRITICAL,2026-01-17T07:30:00,452.14,3640.55,130.38,13.03,111.39,53.94,24.39,96.53,critical,6,5,12,6,0.851,-5.3158,6.4665,1
PUMP-CRITICAL,2026-01-17T07:35:00,457.88,3344.23,142.99,15.63,124.54,55.67,25.49,94.4,critical,6,5,12,6,2.6053,12.6075,13.1507,1
PUMP-CRITICAL,2026-01-17T07:40:00,464.85,3335.4,122.93,15.56,98.93,57.35,26.66,97.85,critical,6,5,12,6,-0.0751,-20.0547,-25.6092,1
PUMP-CRITICAL,2026-01-17T07:45:00,461.94,3515.93,134.55,13.06,97.3,54.46,25.16,88,critical,6,5,12,6,-2.502,11.6147,-1.6283,1
PUMP-CRITICAL,2026-01-17T07:50:00,476.12,3273.67,123.16,17.3,103.64,55.96,26.65,90.66,critical,6,5,12,6,4.2407,-11.3918,6.3382,1
PUMP-CRITICAL,2026-01-17T07:55:00,463.11,3664.78,126.22,17.21,122.87,55.95,25.91,95.79,critical,6,5,12,6,-0.0875,3.0678,19.2238,1
PUMP-CRITICAL,2026-01-17T08:00:00,463.11,3703.99,135.97,14.96,122.41,57.54,26.65,96.48,critical,6,5,12,6,-2.254,9.7423,-0.4517,1
PUMP-CRITICAL,2026-01-17T08:05:00,471.18,3511.44,129.91,13.77,117.97,56.16,26.46,89.02,critical,6,5,12,6,-1.1851,-6.0533,-4.4405,1
PUMP-CRITICAL,2026-01-17T08:10:00,464.41,3535.5,141.66,12.18,101.59,53.13,24.67,88,critical,6,5,12,6,-1.5904,11.7431,-16.384,1
PUMP-CRITICAL,2026-01-17T08:15:00,475.58,3561.41,130.82,15.28,102.27,56.5,26.87,88.47,critical,6,5,12,6,3.0977,-10.8365,0.684,1
PUMP-CRITICAL,2026-01-17T08:20:00,457.42,3267.53,139.44,11.16,111.01,53.3,24.38,88,critical,6,5,12,6,-4.1196,8.6176,8.7353,1
PUMP-CRITICAL,2026-01-17T08:25:00,474.0,3446.65,131.43,11.67,99.52,53.19,25.21,88,critical,6,5,12,6,0.5118,-8.0082,-11.4897,1
PUMP-CRITICAL,2026-01-17T08:30:00,452.58,3744.25,122.72,12.21,123.45,53.35,24.14,93.54,critical,6,5,12,6,0.5372,-8.7097,23.9274,1
PUMP-CRITICAL,2026-01-17T08:35:00,471.39,3418.6,123.69,11.7,105.07,53.99,25.45,88,critical,6,5,12,6,-0.5126,0.9667,-18.3716,1
PUMP-CRITICAL,2026-01-17T08:40:00,459.93,3591.17,129.78,11.59,112.18,56.85,26.15,100,critical,6,5,12,6,-0.1016,6.0993,7.1084,1
PUMP-CRITICAL,2026-01-17T08:45:00,451.3,3715.67,143.6,16.0,104.3,52.96,23.9,91.83,critical,6,5,12,6,4.4019,13.8175,-7.8831,1
PUMP-CRITICAL,2026-01-17T08:50:00,454.14,3533.45,143.44,12.16,112.06,53.43,24.26,90.47,critical,6,5,12,6,-3.8378,-0.1659,7.7601,1
PUMP-CRITICAL,2026-01-17T08:55:00,461.63,3390.41,133.32,10.58,111.96,52.34,24.16,88,critical,6,5,12,6,-1.5833,-10.1154,-0.0978,1
PUMP-CRITICAL,2026-01-17T09:00:00,469.89,3629.37,127.89,10.95,106.68,55.61,26.13,97.1,critical,6,5,12,6,0.3776,-5.4284,-5.2779,1
PUMP-CRITICAL,2026-01-17T09:05:00,463.58,3418.15,134.82,14.11,97.17,54.59,25.31,89.11,critical,6,5,12,6,3.1575,6.9297,-9.519,1
PUMP-CRITICAL,2026-01-17T09:10:00,451.72,3680.24,132.41,16.9,100.23,53.74,24.28,88,critical,6,5,12,6,2.7885,-2.4119,3.0622,1
PUMP-CRITICAL,2026-01-17T09:15:00,469.93,3639.99,126.28,14.84,126.2,56.94,26.76,100,critical,6,5,12,6,-2.0542,-6.1279,25.9733,1
PUMP-CRITICAL,2026-01-17T09:20:00,457.04,3406.22,136.4,16.32,109.43,54.9,25.09,95.23,critical,6,5,12,6,1.473,10.1168,-16.7746,1
PUMP-CRITICAL,2026-01-17T09:25:00,452.32,3736.64,126.08,11.61,103.31,52.4,23.7,88,critical,6,5,12,6,-4.7028,-10.3143,-6.1186,1
PUMP-CRITICAL,2026-01-17T09:30:00,462.16,3352.19,146.54,11.16,103.55,55.96,25.86,88,critical,6,5,12,6,-0.4544,20.4507,0.2413,1
PUMP-CRITICAL,2026-01-17T09:35:00,451.37,3554.41,131.36,12.16,121.37,55.04,24.84,93.75,critical,6,5,12,6,1.0004,-15.1737,17.8177,1
PUMP-CRITICAL,2026-01-17T09:40:00,472.16,3586.55,150.2,17.32,123.51,52.02,24.56,88,critical,6,5,12,6,5.1568,18.8408,2.1453,1
PUMP-CRITICAL,2026-01-17T09:45:00,448.7,3544.84,151.38,15.6,100.72,56.17,25.2,94.34,critical,6,5,12,6,-1.7144,1.1775,-22.7896,1
PUMP-CRITICAL,2026-01-17T09:50:00,452.69,3288.18,125.55,12.98,124.81,53.65,24.28,97.4,critical,6,5,12,6,-2.6269,-25.8281,24.0906,1
PUMP-CRITICAL,2026-01-17T09:55:00,474.61,3645.16,140.38,12.24,105.43,57.85,27.46,96.87,critical,6,5,12,6,-0.7323,14.8324,-19.3813,1
PUMP-CRITICAL,2026-01-17T10:00:00,458.54,3674.2,129.17,12.89,120.2,53.7,24.62,88.01,critical,6,5,12,6,0.642,-11.2152,14.7685,1
PUMP-CRITICAL,2026-01-17T10:05:00,456.56,3378.9,139.76,13.24,114.32,54.38,24.83,88,critical,6,5,12,6,0.3554,10.5892,-5.885,1
PUMP-CRITICAL,2026-01-17T10:10:00,468.22,3618.02,135.16,15.77,109.42,55.62,26.04,88.88,critical,6,5,12,6,2.5256,-4.6024,-4.8939,1
PUMP-CRITICAL,2026-01-17T10:15:00,459.13,3333.74,132.19,13.53,101.29,52.96,24.32,88,critical,6,5,12,6,-2.24,-2.9706,-8.1358,1
PUMP-CRITICAL,2026-01-17T10:20:00,461.25,3740.53,125.91,13.61,108.28,54.91,25.33,88,critical,6,5,12,6,0.0816,-6.2709,6.9987,1
PUMP-CRITICAL,2026-01-17T10:25:00,460.92,3717.55,144.47,14.22,124.59,53.97,24.88,88,critical,6,5,12,6,0.6151,18.5525,16.3036,1
PUMP-CRITICAL,2026-01-17T10:30:00,467.29,3523.02,136.26,12.91,102.77,56.94,26.61,100,critical,6,5,12,6,-1.3106,-8.2061,-21.814,1
PUMP-CRITICAL,2026-01-17T10:35:00,457.48,3554.49,142.2,14.93,112.19,55.88,25.57,98.02,critical,6,5,12,6,2.0161,5.936,9.4188,1
PUMP-CRITICAL,2026-01-17T10:40:00,456.32,3319.04,138.41,10.74,113.89,53.66,24.49,88,critical,6,5,12,6,-4.1846,-3.7823,1.6947,1
PUMP-CRITICAL,2026-01-17T10:45:00,471.9,3663.23,150.58,15.77,114.86,57.71,27.23,93.67,critical,6,5,12,6,5.0297,12.1611,0.9693,1
PUMP-CRITICAL,2026-01-17T10:50:00,462.85,3669.23,148.53,12.85,105.86,54.67,25.3,88,critical,6,5,12,6,-2.9285,-2.0445,-8.9949,1
PUMP-CRITICAL,2026-01-17T10:55:00,462.4,3277.73,139.45,15.01,126.18,53.24,24.62,88,critical,6,5,12,6,2.1688,-9.0778,20.3227,1
PUMP-CRITICAL,2026-01-17T11:00:00,456.92,3261.61,124.85,11.34,117.59,57.94,26.48,100,critical,6,5,12,6,-3.6699,-14.6055,-8.5971,1
PUMP-CRITICAL,2026-01-17T11:05:00,472.82,3624.21,131.19,14.87,100.86,59.29,28.03,100,critical,6,5,12,6,3.5242,6.3446,-16.7225,1
PUMP-CRITICAL,2026-01-17T11:10:00,458.5,3560.48,143.62,12.93,125.45,53.32,24.45,88,critical,6,5,12,6,-1.9358,12.4311,24.5842,1
PUMP-CRITICAL,2026-01-17T11:15:00,452.37,3612.27,136.23,10.54,126.15,56.1,25.38,99.68,critical,6,5,12,6,-2.3942,-7.3975,0.701,1
PUMP-CRITICAL,2026-01-17T11:20:00,449.66,3748.11,141.59,14.51,120.35,54.14,24.34,99.85,critical,6,5,12,6,3.9727,5.3649,-5.7969,1
PUMP-CRITICAL,2026-01-17T11:25:00,468.02,3333.15,141.67,16.33,113.57,54.65,25.58,88,critical,6,5,12,6,1.8177,0.0765,-6.7837,1
PUMP-CRITICAL,2026-01-17T11:30:00,453.46,3577.62,138.94,16.49,112.2,54.15,24.55,88.75,critical,6,5,12,6,0.1634,-2.7272,-1.3651,1
PUMP-CRITICAL,2026-01-17T11:35:00,477.79,3522.79,145.31,12.51,117.51,59.11,28.24,100,critical,6,5,12,6,-3.9827,6.3726,5.3098,1
PUMP-CRITICAL,2026-01-17T11:40:00,465.73,3431.07,144.64,12.94,100.73,52.7,24.54,88,critical,6,5,12,6,0.4259,-0.6709,-16.7805,1
PUMP-CRITICAL,2026-01-17T11:45:00,474.64,3736.32,127.19,16.82,125.45,56.99,27.05,90.18,critical,6,5,12,6,3.8868,-17.4486,24.7151,1
PUMP-CRITICAL,2026-01-17T11:50:00,477.52,3470.47,126.88,13.07,106.01,54.1,25.83,90.33,critical,6,5,12,6,-3.7483,-0.312,-19.4354,1
PUMP-CRITICAL,2026-01-17T11:55:00,469.42,3319.87,143.87,15.85,96.97,53.81,25.26,88,critical,6,5,12,6,2.78,16.9855,-9.0383,1
PUMP-CRITICAL,2026-01-17T12:00:00,449.58,3280.79,150.57,14.82,104.93,53.23,23.93,88,critical,6,5,12,6,-1.0305,6.7063,7.9554,1
PUMP-CRITICAL,2026-01-17T12:05:00,470.24,3517.84,124.56,15.27,105.31,55.58,26.14,88,critical,6,5,12,6,0.4446,-26.0109,0.3845,1
PUMP-CRITICAL,2026-01-17T12:10:00,467.68,3731.37,150.66,11.56,120.68,55.14,25.79,91.17,critical,6,5,12,6,-3.7072,26.1003,15.3696,1
PUMP-CRITICAL,2026-01-17T12:15:00,476.55,3715.25,132.62,15.75,117.4,55.06,26.24,88,critical,6,5,12,6,4.1898,-18.0467,-3.2799,1
PUMP-CRITICAL,2026-01-17T12:20:00,453.83,3530.24,148.57,14.81,102.71,54.14,24.57,88,critical,6,5,12,6,-0.9391,15.9546,-14.6993,1
PUMP-CRITICAL,2026-01-17T12:25:00,460.38,3532.3,138.31,11.01,98.35,56.6,26.06,95.35,critical,6,5,12,6,-3.8011,-10.2568,-4.3518,1
PUMP-CRITICAL,2026-01-17T12:30:00,468.86,3532.53,133.11,11.17,115.88,56.07,26.29,88,critical,6,5,12,6,0.1586,-5.2089,17.5218,1
PUMP-CRITICAL,2026-01-17T12:35:00,463.89,3399.75,130.2,11.94,105.82,54.99,25.51,99.95,critical,6,5,12,6,0.7684,-2.9038,-10.0526,1
PUMP-CRITICAL,2026-01-17T12:40:00,450.56,3648.46,139.71,17.32,105.07,53.8,24.24,100,critical,6,5,12,6,5.3861,9.5124,-0.7547,1
PUMP-CRITICAL,2026-01-17T12:45:00,460.44,3597.1,132.13,15.07,103.48,57.54,26.49,97.57,critical,6,5,12,6,-2.2561,-7.588,-1.5844,1
PUMP-CRITICAL,2026-01-17T12:50:00,474.12,3600.11,134.27,15.59,102.81,56.08,26.59,88,critical,6,5,12,6,0.5211,2.1479,-0.6691,1
PUMP-CRITICAL,2026-01-17T12:55:00,469.79,3525.32,137.52,12.91,115.73,55.47,26.06,88.03,critical,6,5,12,6,-2.6826,3.2419,12.9119,1
PUMP-CRITICAL,2026-01-17T13:00:00,455.7,3566.43,139.52,14.46,113.76,54.5,24.84,91.81,critical,6,5,12,6,1.5543,2.0063,-1.9668,1
PUMP-CRITICAL,2026-01-17T13:05:00,455.8,3740.65,146.31,11.88,111.79,53.87,24.56,88,critical,6,5,12,6,-2.583,6.7921,-1.9663,1
PUMP-CRITICAL,2026-01-17T13:10:00,474.67,3291.25,151.26,16.78,104.59,55.49,26.34,94.05,critical,6,5,12,6,4.8994,4.942,-7.2026,1
PUMP-CRITICAL,2026-01-17T13:15:00,477.14,3343.21,137.5,11.63,119.55,55.45,26.46,88,critical,6,5,12,6,-5.1479,-13.7553,14.9552,1
PUMP-CRITICAL,2026-01-17T13:20:00,471.21,3572.08,127.65,12.52,109.04,55.69,26.24,88,critical,6,5,12,6,0.8938,-9.8555,-10.5101,1
PUMP-CRITICAL,2026-01-17T13:25:00,450.88,3634.07,132.62,10.82,102.81,56.53,25.49,100,critical,6,5,12,6,-1.7059,4.9732,-6.2309,1
PUMP-CRITICAL,2026-01-17T13:30:00,477.11,3322.18,142.08,12.05,105.35,56.08,26.76,93.35,critical,6,5,12,6,1.2372,9.4604,2.5419,1
PUMP-CRITICAL,2026-01-17T13:35:00,453.68,3283.68,122.47,13.04,115.61,55.33,25.1,98.04,critical,6,5,12,6,0.9842,-19.6086,10.2632,1
PUMP-CRITICAL,2026-01-17T13:40:00,453.27,3351.74,132.58,15.34,119.15,51.84,23.5,88,critical,6,5,12,6,2.3051,10.1073,3.5442,1
PUMP-CRITICAL,2026-01-17T13:45:00,462.85,3635.45,147.14,16.94,102.81,51.73,23.94,88,critical,6,5,12,6,1.5931,14.5668,-16.3439,1
PUMP-CRITICAL,2026-01-17T13:50:00,461.72,3688.12,130.04,11.61,114.76,53.62,24.76,88,critical,6,5,12,6,-5.33,-17.1034,11.9511,1
PUMP-CRITICAL,2026-01-17T13:55:00,466.69,3294.78,121.53,16.65,115.32,53.63,25.03,88,critical,6,5,12,6,5.0391,-8.5136,0.5633,1
PUMP-CRITICAL,2026-01-17T14:00:00,468.18,3434.02,134.38,16.38,105.07,55.18,25.84,88,critical,6,5,12,6,-0.2622,12.8531,-10.2578,1
PUMP-CRITICAL,2026-01-17T14:05:00,456.08,3458.98,147.44,14.23,100.76,55.02,25.1,94.73,critical,6,5,12,6,-2.1586,13.063,-4.3037,1
PUMP-CRITICAL,2026-01-17T14:10:00,466.13,3489.73,133.83,10.55,100.61,51.5,24.01,88,critical,6,5,12,6,-3.678,-13.616,-0.1544,1
PUMP-CRITICAL,2026-01-17T14:15:00,478.08,3429.48,147.07,12.51,113.11,54.08,25.85,88,critical,6,5,12,6,1.9638,13.2448,12.5023,1
PUMP-CRITICAL,2026-01-17T14:20:00,466.93,3467.7,147.39,15.24,113.28,54.85,25.61,91.99,critical,6,5,12,6,2.7339,0.3147,0.1686,1
PUMP-CRITICAL,2026-01-17T14:25:00,468.85,3492.83,136.02,11.48,100.11,55.22,25.89,88,critical,6,5,12,6,-3.7629,-11.3625,-13.1697,1
PUMP-CRITICAL,2026-01-17T14:30:00,462.29,3328.7,127.02,11.01,98.88,56.21,25.98,100,critical,6,5,12,6,-0.4692,-9.0015,-1.2291,1
PUMP-CRITICAL,2026-01-17T14:35:00,450.43,3509.63,145.79,15.53,97.84,53.2,23.96,88,critical,6,5,12,6,4.5141,18.7676,-1.0399,1
PUMP-CRITICAL,2026-01-17T14:40:00,461.86,3442.53,136.5,16.07,117.93,55.04,25.42,88,critical,6,5,12,6,0.5465,-9.2874,20.0929,1
PUMP-CRITICAL,2026-01-17T14:45:00,471.54,3606.56,140.02,11.66,99.39,58.55,27.61,99.73,critical,6,5,12,6,-4.4119,3.5191,-18.5449,1
PUMP-CRITICAL,2026-01-17T14:50:00,465.76,3444.95,126.94,14.19,97.42,55.12,25.67,88,critical,6,5,12,6,2.532,-13.0787,-1.9656,1
PUMP-CRITICAL,2026-01-17T14:55:00,474.1,3747.42,129.76,16.3,110.24,52.26,24.77,88,critical,6,5,12,6,2.1099,2.8115,12.8165,1
PUMP-CRITICAL,2026-01-17T15:00:00,469.37,3624.97,132.4,17.0,107.97,54.95,25.79,88,critical,6,5,12,6,0.701,2.6445,-2.265,1
PUMP-CRITICAL,2026-01-17T15:05:00,451.31,3751.62,137.32,13.4,109.43,56.53,25.51,97.15,critical,6,5,12,6,-3.6001,4.9215,1.4575,1
PUMP-CRITICAL,2026-01-17T15:10:00,449.54,3352.44,133.12,11.63,98.75,52.7,23.69,88,critical,6,5,12,6,-1.7705,-4.2013,-10.681,1
PUMP-CRITICAL,2026-01-17T15:15:00,456.16,3511.41,136.66,17.02,119.02,54.38,24.81,93.39,critical,6,5,12,6,5.3879,3.5354,20.2702,1
PUMP-CRITICAL,2026-01-17T15:20:00,455.36,3275.08,124.58,15.08,110.54,57.08,25.99,97.12,critical,6,5,12,6,-1.9461,-12.0774,-8.4819,1
PUMP-CRITICAL,2026-01-17T15:25:00,471.88,3617.89,123.57,11.37,120.04,55.96,26.41,89.82,critical,6,5,12,6,-3.7089,-1.006,9.4963,1
PUMP-CRITICAL,2026-01-17T15:30:00,472.51,3380.03,122.97,13.28,120.42,58.27,27.53,97.56,critical,6,5,12,6,1.9088,-0.5977,0.3887,1
PUMP-CRITICAL,2026-01-17T15:35:00,471.87,3666.42,125.79,14.58,101.5,54.39,25.67,92.98,critical,6,5,12,6,1.3031,2.8191,-18.9291,1
PUMP-CRITICAL,2026-01-17T15:40:00,449.85,3713.26,139.93,14.33,100.06,54.62,24.57,96.35,critical,6,5,12,6,-0.2466,14.1349,-1.4397,1
PUMP-CRITICAL,2026-01-17T15:45:00,453.92,3407.8,135.96,14.89,125.24,51.75,23.49,88,critical,6,5,12,6,0.5583,-3.9647,25.1869,1
PUMP-CRITICAL,2026-01-17T15:50:00,466.42,3266.37,145.05,16.68,108.31,57.35,26.75,92.98,critical,6,5,12,6,1.7872,9.0882,-16.9312,1
PUMP-CRITICAL,2026-01-17T15:55:00,467.3,3479.15,145.12,10.62,124.01,53.9,25.19,88,critical,6,5,12,6,-6.0559,0.0708,15.6968,1
PUMP-CRITICAL,2026-01-17T16:00:00,456.62,3707.07,150.72,10.91,115.67,56.07,25.6,98.1,critical,6,5,12,6,0.2885,5.5951,-8.3425,1
PUMP-CRITICAL,2026-01-17T16:05:00,472.29,3721.51,123.36,16.14,113.02,55.86,26.38,99.92,critical,6,5,12,6,5.2312,-27.3609,-2.6456,1
PUMP-CRITICAL,2026-01-17T16:10:00,454.88,3524.01,143.21,11.2,103.81,53.72,24.44,88,critical,6,5,12,6,-4.9385,19.8547,-9.2149,1
PUMP-CRITICAL,2026-01-17T16:15:00,475.71,3632.88,138.39,17.28,120.27,53.86,25.62,89.76,critical,6,5,12,6,6.0818,-4.8201,16.4624,1
PUMP-CRITICAL,2026-01-17T16:20:00,453.3,3315.06,129.02,16.7,121.71,51.48,23.34,88,critical,6,5,12,6,-0.5835,-9.3698,1.4385,1
PUMP-CRITICAL,2026-01-17T16:25:00,469.22,3634.83,145.19,15.67,96.58,54.52,25.58,93.91,critical,6,5,12,6,-1.0275,16.1656,-25.1289,1
PUMP-CRITICAL,2026-01-17T16:30:00,475.46,3713.47,125.18,12.85,103.24,54.43,25.88,88,critical,6,5,12,6,-2.827,-20.0042,6.6644,1
PUMP-CRITICAL,2026-01-17T16:35:00,465.77,3583.67,123.56,17.25,115.17,52.37,24.39,88,critical,6,5,12,6,4.4031,-1.624,11.9326,1
PUMP-CRITICAL,2026-01-17T16:40:00,467.79,3296.55,138.99,12.29,111.27,55.63,26.02,94.08,critical,6,5,12,6,-4.9586,15.427,-3.906,1
PUMP-CRITICAL,2026-01-17T16:45:00,450.74,3292.81,123.57,14.92,114.83,53.14,23.95,88,critical,6,5,12,6,2.6246,-15.4174,3.5572,1
PUMP-CRITICAL,2026-01-17T16:50:00,450.3,3328.44,122.77,16.99,119.09,50.94,22.94,88,critical,6,5,12,6,2.0747,-0.7944,4.2613,1
PUMP-CRITICAL,2026-01-17T16:55:00,455.59,3710.8,147.92,16.73,107.73,53.08,24.18,95.04,critical,6,5,12,6,-0.2613,25.1461,-11.3547,1
PUMP-CRITICAL,2026-01-17T17:00:00,473.6,3752.05,128.79,11.2,119.39,53.57,25.37,88,critical,6,5,12,6,-5.5269,-19.1302,11.6529,1
PUMP-CRITICAL,2026-01-17T17:05:00,453.52,3469.82,151.14,13.57,118.14,53.44,24.24,88,critical,6,5,12,6,2.3705,22.3483,-1.2422,1
PUMP-CRITICAL,2026-01-17T17:10:00,472.04,3641.79,123.32,14.59,110.64,56.91,26.87,89.95,critical,6,5,12,6,1.0165,-27.8138,-7.4995,1
PUMP-CRITICAL,2026-01-17T17:15:00,455.89,3316.09,126.43,13.06,109.09,50.46,23.0,88,critical,6,5,12,6,-1.5264,3.1055,-1.5567,1
PUMP-CRITICAL,2026-01-17T17:20:00,466.75,3615.94,148.2,16.98,106.61,54.3,25.34,89.84,critical,6,5,12,6,3.9215,21.769,-2.4719,1
PUMP-CRITICAL,2026-01-17T17:25:00,464.29,3729.56,122.13,11.02,120.59,52.28,24.27,88,critical,6,5,12,6,-5.9615,-26.0674,13.9796,1
PUMP-CRITICAL,2026-01-17T17:30:00,476.48,3583.88,135.58,15.84,104.23,57.93,27.6,93.77,critical,6,5,12,6,4.8156,13.446,-16.3628,1
PUMP-CRITICAL,2026-01-17T17:35:00,462.51,3518.59,123.53,11.66,121.37,53.08,24.55,88,critical,6,5,12,6,-4.1809,-12.0487,17.1355,1
PUMP-CRITICAL,2026-01-17T17:40:00,466.57,3687.97,151.15,13.14,109.48,55.71,25.99,95.48,critical,6,5,12,6,1.485,27.6248,-11.8879,1
PUMP-CRITICAL,2026-01-17T17:45:00,465.89,3357.55,134.78,15.35,122.11,57.3,26.69,100,critical,6,5,12,6,2.2076,-16.3736,12.6275,1
PUMP-CRITICAL,2026-01-17T17:50:00,460.13,3396.61,148.51,11.43,124.54,52.7,24.25,88,critical,6,5,12,6,-3.9243,13.7306,2.4292,1
PUMP-CRITICAL,2026-01-17T17:55:00,475.22,3464.49,124.04,16.81,103.6,54.9,26.09,93.41,critical,6,5,12,6,5.381,-24.4658,-20.939,1
PUMP-CRITICAL,2026-01-17T18:00:00,449.38,3416.09,143.39,15.33,104.58,51.83,23.29,88,critical,6,5,12,6,-1.481,19.3426,0.9843,1
PUMP-CRITICAL,2026-01-17T18:05:00,448.6,3513.19,135.11,15.37,105.14,52.06,23.35,88,critical,6,5,12,6,0.0478,-8.2726,0.5556,1
PUMP-CRITICAL,2026-01-17T18:10:00,449.39,3434.4,141.46,14.21,106.65,56.16,25.24,93.04,critical,6,5,12,6,-1.1654,6.3468,1.5161,1
PUMP-CRITICAL,2026-01-17T18:15:00,469.81,3271.32,148.4,14.94,107.29,54.9,25.79,94.55,critical,6,5,12,6,0.7275,6.9375,0.6385,1
PUMP-CRITICAL,2026-01-17T18:20:00,460.88,3479.57,147.53,17.2,122.06,54.63,25.18,100,critical,6,5,12,6,2.2602,-0.8726,14.7723,1
PUMP-CRITICAL,2026-01-17T18:25:00,460.86,3654.38,126.9,12.56,123.9,55.47,25.57,95.62,critical,6,5,12,6,-4.6323,-20.6299,1.8397,1
PUMP-CRITICAL,2026-01-17T18:30:00,450.86,3475.25,124.68,15.89,97.48,52.0,23.44,88,critical,6,5,12,6,3.3261,-2.2154,-26.424,1
PUMP-CRITICAL,2026-01-17T18:35:00,470.15,3290.72,145.73,14.32,119.34,53.82,25.3,88,critical,6,5,12,6,-1.5737,21.0473,21.8607,1
PUMP-CRITICAL,2026-01-17T18:40:00,458.62,3497.1,151.46,13.97,108.21,53.91,24.72,88.42,critical,6,5,12,6,-0.3471,5.7316,-11.1274,1
PUMP-CRITICAL,2026-01-17T18:45:00,452.95,3340.59,140.85,15.05,113.7,56.38,25.54,93.28,critical,6,5,12,6,1.0833,-10.6059,5.4913,1
PUMP-CRITICAL,2026-01-17T18:50:00,474.33,3371.43,147.3,15.79,106.44,57.3,27.18,100,critical,6,5,12,6,0.7331,6.4414,-7.2614,1
PUMP-CRITICAL,2026-01-17T18:55:00,451.77,3356.69,144.39,15.59,116.34,55.54,25.09,94.28,critical,6,5,12,6,-0.1917,-2.9041,9.9009,1
PUMP-CRITICAL,2026-01-17T19:00:00,475.61,3431.55,144.66,14.03,102.05,58.26,27.71,98.85,critical,6,5,12,6,-1.5618,0.2693,-14.2936,1
PUMP-CRITICAL,2026-01-17T19:05:00,471.38,3555.19,134.1,16.12,119.9,52.7,24.84,88,critical,6,5,12,6,2.0904,-10.5651,17.8479,1
PUMP-CRITICAL,2026-01-17T19:10:00,467.11,3379.04,135.88,12.87,125.5,54.64,25.52,88,critical,6,5,12,6,-3.2533,1.7885,5.6058,1
PUMP-CRITICAL,2026-01-17T19:15:00,472.09,3460.87,126.96,11.71,111.84,56.29,26.58,97.58,critical,6,5,12,6,-1.1625,-8.9202,-13.66,1
PUMP-CRITICAL,2026-01-17T19:20:00,475.36,3720.8,133.58,13.07,116.51,57.37,27.27,93.84,critical,6,5,12,6,1.3639,6.6145,4.6641,1
PUMP-CRITICAL,2026-01-17T19:25:00,458.97,3722.57,138.5,14.35,100.51,52.81,24.24,88,critical,6,5,12,6,1.28,4.9237,-16.0019,1
PUMP-CRITICAL,2026-01-17T19:30:00,469.59,3486.91,150.4,13.61,123.1,54.19,25.45,91.55,critical,6,5,12,6,-0.7399,11.8963,22.5899,1
PUMP-CRITICAL,2026-01-17T19:35:00,459.02,3566.31,134.56,14.89,122.4,50.81,23.32,88,critical,6,5,12,6,1.275,-15.8381,-0.6913,1
PUMP-CRITICAL,2026-01-17T19:40:00,472.57,3733.21,126.26,14.95,116.39,58.56,27.68,98.61,critical,6,5,12,6,0.0656,-8.2994,-6.0181,1
PUMP-CRITICAL,2026-01-17T19:45:00,464.0,3391.51,145.27,12.37,101.76,54.88,25.46,93.5,critical,6,5,12,6,-2.5847,19.0129,-14.6268,1
PUMP-CRITICAL,2026-01-17T19:50:00,473.56,3386.65,151.48,17.2,115.95,52.93,25.06,88,critical,6,5,12,6,4.8346,6.2112,14.193,1
PUMP-CRITICAL,2026-01-17T19:55:00,465.7,3281.59,124.89,17.1,125.29,55.44,25.82,95.81,critical,6,5,12,6,-0.1036,-26.5947,9.3361,1
PUMP-CRITICAL,2026-01-17T20:00:00,475.83,3436.31,123.65,11.64,124.24,56.67,26.96,91.6,critical,6,5,12,6,-5.4547,-1.2438,-1.0459,1
PUMP-CRITICAL,2026-01-17T20:05:00,469.46,3565.51,142.86,16.42,123.46,57.54,27.01,92.1,critical,6,5,12,6,4.7773,19.2143,-0.7795,1
PUMP-CRITICAL,2026-01-17T20:10:00,449.73,3283.62,127.36,15.72,122.98,56.38,25.36,94.2,critical,6,5,12,6,-0.6961,-15.5002,-0.4785,1
PUMP-CRITICAL,2026-01-17T20:15:00,453.89,3338.37,142.93,16.66,96.73,51.11,23.2,88,critical,6,5,12,6,0.932,15.5722,-26.2523,1
PUMP-CRITICAL,2026-01-17T20:20:00,458.02,3320.94,141.66,16.4,119.14,54.6,25.01,100,critical,6,5,12,6,-0.2566,-1.2718,22.4055,1
PUMP-CRITICAL,2026-01-17T20:25:00,473.83,3267.08,123.98,12.5,104.66,52.65,24.95,88,critical,6,5,12,6,-3.8947,-17.6796,-14.4744,1
PUMP-CRITICAL,2026-01-17T20:30:00,477.52,3763.72,141.38,13.43,100.71,58.78,28.07,100,critical,6,5,12,6,0.9289,17.3991,-3.9574,1
PUMP-CRITICAL,2026-01-17T20:35:00,462.8,3529.63,150.0,12.25,108.44,51.67,23.91,88,critical,6,5,12,6,-1.1853,8.6171,7.7352,1
PUMP-CRITICAL,2026-01-17T20:40:00,462.46,3519.8,146.49,13.74,111.21,54.27,25.1,96.48,critical,6,5,12,6,1.4957,-3.5083,2.7659,1
PUMP-CRITICAL,2026-01-17T20:45:00,451.66,3276.51,132.01,17.47,123.36,56.94,25.72,96.3,critical,6,5,12,6,3.7279,-14.4793,12.1554,1
PUMP-CRITICAL,2026-01-17T20:50:00,474.7,3551.75,139.58,14.31,118.82,55.69,26.44,88,critical,6,5,12,6,-3.1579,7.5703,-4.5421,1
PUMP-CRITICAL,2026-01-17T20:55:00,469.67,3509.35,126.8,16.42,123.87,54.63,25.66,89.95,critical,6,5,12,6,2.1032,-12.7789,5.0529,1
PUMP-CRITICAL,2026-01-17T21:00:00,472.98,3505.98,143.43,12.21,97.7,54.73,25.89,88,critical,6,5,12,6,-4.2058,16.6328,-26.1719,1
PUMP-CRITICAL,2026-01-17T21:05:00,474.41,3553.26,128.56,15.31,112.69,58.61,27.81,95.03,critical,6,5,12,6,3.1015,-14.8729,14.9903,1
PUMP-CRITICAL,2026-01-17T21:10:00,451.81,3667.07,133.82,13.41,96.65,54.26,24.52,88,critical,6,5,12,6,-1.9006,5.2601,-16.0403,1
PUMP-CRITICAL,2026-01-17T21:15:00,459.36,3346.94,135.95,13.93,99.07,50.98,23.42,88,critical,6,5,12,6,0.5166,2.1293,2.4188,1
PUMP-CRITICAL,2026-01-17T21:20:00,474.93,3417.93,129.7,12.06,111.34,57.57,27.34,100,critical,6,5,12,6,-1.8668,-6.2506,12.2679,1
PUMP-CRITICAL,2026-01-17T21:25:00,453.34,3700.13,147.5,15.98,121.23,55.65,25.23,96.08,critical,6,5,12,6,3.9208,17.7954,9.8904,1
PUMP-CRITICAL,2026-01-17T21:30:00,469.93,3715.71,128.96,15.78,115.38,52.15,24.51,88,critical,6,5,12,6,-0.2049,-18.5337,-5.8469,1
PUMP-CRITICAL,2026-01-17T21:35:00,477.39,3454.33,138.01,13.17,100.63,59.0,28.17,99.85,critical,6,5,12,6,-2.6097,9.0519,-14.7473,1
PUMP-CRITICAL,2026-01-17T21:40:00,453.41,3286.38,151.43,15.57,106.41,54.87,24.88,91.64,critical,6,5,12,6,2.3988,13.4186,5.7796,1
PUMP-CRITICAL,2026-01-17T21:45:00,474.84,3350.66,137.8,12.86,104.9,56.08,26.63,88,critical,6,5,12,6,-2.7026,-13.6358,-1.509,1
PUMP-CRITICAL,2026-01-17T21:50:00,475.86,3760.86,143.21,13.89,122.13,55.79,26.55,97.12,critical,6,5,12,6,1.0274,5.4115,17.2291,1
PUMP-CRITICAL,2026-01-17T21:55:00,468.54,3668.7,122.27,13.12,119.89,53.28,24.96,88,critical,6,5,12,6,-0.772,-20.934,-2.2466,1
PUMP-CRITICAL,2026-01-17T22:00:00,451.07,3453.1,142.1,17.12,116.29,52.8,23.82,89.51,critical,6,5,12,6,3.998,19.8247,-3.598,1
PUMP-CRITICAL,2026-01-17T22:05:00,460.9,3648.7,143.35,15.33,126.46,53.86,24.82,88,critical,6,5,12,6,-1.7842,1.2539,10.1668,1
PUMP-CRITICAL,2026-01-17T22:10:00,458.18,3657.02,131.32,15.56,101.93,50.85,23.3,88,critical,6,5,12,6,0.2216,-12.0274,-24.5267,1
PUMP-CRITICAL,2026-01-17T22:15:00,473.32,3588.23,129.93,12.46,100.17,57.77,27.34,98.63,critical,6,5,12,6,-3.0988,-1.392,-1.7562,1
PUMP-CRITICAL,2026-01-17T22:20:00,448.84,3572.29,143.64,14.77,99.72,53.99,24.23,92.66,critical,6,5,12,6,2.3085,13.7035,-0.4533,1
PUMP-CRITICAL,2026-01-17T22:25:00,472.77,3403.51,127.45,12.07,101.64,54.85,25.93,93.54,critical,6,5,12,6,-2.6994,-16.1888,1.9171,1
PUMP-CRITICAL,2026-01-17T22:30:00,460.68,3732.58,126.69,12.89,101.6,53.8,24.78,88,critical,6,5,12,6,0.8217,-0.7608,-0.0354,1
PUMP-CRITICAL,2026-01-17T22:35:00,454.56,3364.8,131.05,16.17,120.46,54.79,24.91,94.28,critical,6,5,12,6,3.2806,4.367,18.855,1
PUMP-CRITICAL,2026-01-17T22:40:00,461.94,3462.51,146.32,11.01,99.85,53.67,24.79,90.38,critical,6,5,12,6,-5.1605,15.2666,-20.6041,1
PUMP-CRITICAL,2026-01-17T22:45:00,460.77,3452.51,136.9,17.41,100.6,58.17,26.8,99.37,critical,6,5,12,6,6.404,-9.4185,0.7426,1
PUMP-CRITICAL,2026-01-17T22:50:00,461.5,3448.57,126.03,15.87,110.98,53.51,24.69,88,critical,6,5,12,6,-1.5439,-10.8715,10.3812,1
PUMP-CRITICAL,2026-01-17T22:55:00,454.28,3355.55,148.15,16.52,108.77,53.5,24.3,95.66,critical,6,5,12,6,0.6556,22.1201,-2.2069,1
PUMP-CRITICAL,2026-01-17T23:00:00,476.77,3524.12,147.53,10.52,121.53,55.02,26.23,88,critical,6,5,12,6,-6.0042,-0.6162,12.7602,1
PUMP-CRITICAL,2026-01-17T23:05:00,471.38,3523.05,124.59,13.9,117.17,56.68,26.72,99.23,critical,6,5,12,6,3.3785,-22.9467,-4.3605,1
PUMP-CRITICAL,2026-01-17T23:10:00,476.66,3497.39,136.88,11.54,108.76,58.04,27.67,100,critical,6,5,12,6,-2.3539,12.2909,-8.4069,1
PUMP-CRITICAL,2026-01-17T23:15:00,461.46,3598.99,146.3,12.16,98.98,53.37,24.63,88,critical,6,5,12,6,0.6171,9.4234,-9.7873,1
PUMP-CRITICAL,2026-01-17T23:20:00,464.06,3479.88,137.09,13.77,97.38,53.29,24.73,88,critical,6,5,12,6,1.6131,-9.2107,-1.5995,1
PUMP-CRITICAL,2026-01-17T23:25:00,472.2,3565.32,128.48,11.72,98.76,56.12,26.5,88,critical,6,5,12,6,-2.0492,-8.6139,1.3829,1
PUMP-CRITICAL,2026-01-17T23:30:00,473.29,3570.85,146.01,13.65,116.65,58.55,27.71,100,critical,6,5,12,6,1.9296,17.533,17.8867,1
PUMP-CRITICAL,2026-01-17T23:35:00,451.29,3558.11,122.31,10.52,113.72,54.61,24.64,97.54,critical,6,5,12,6,-3.1377,-23.7015,-2.924,1
PUMP-CRITICAL,2026-01-17T23:40:00,454.43,3608.66,143.17,15.62,123.31,52.77,23.98,90.99,critical,6,5,12,6,5.1061,20.8658,9.5877,1
PUMP-CRITICAL,2026-01-17T23:45:00,448.43,3594.34,145.22,16.23,98.91,56.76,25.45,98.1,critical,6,5,12,6,0.6045,2.0405,-24.3949,1
PUMP-CRITICAL,2026-01-17T23:50:00,459.81,3648.13,135.79,15.0,124.25,57.09,26.25,100,critical,6,5,12,6,-1.2235,-9.4282,25.3338,1
PUMP-CRITICAL,2026-01-17T23:55:00,464.04,3453.4,137.37,16.26,106.51,58.19,27.0,99.15,critical,6,5,12,6,1.2602,1.5804,-17.7423,1
PUMP-CRITICAL,2026-01-18T00:00:00,466.52,3742.05,141.75,16.69,106.43,56.66,26.43,94.03,critical,6,5,12,6,0.4287,4.3857,-0.0779,1
PUMP-CRITICAL,2026-01-18T00:05:00,450.03,3751.12,151.33,10.82,97.36,53.46,24.06,95.35,critical,6,5,12,6,-5.8768,9.5803,-9.0652,1
PUMP-CRITICAL,2026-01-18T00:10:00,468.18,3300.73,142.18,13.21,119.5,56.41,26.41,91.21,critical,6,5,12,6,2.3966,-9.1553,22.1368,1
PUMP-CRITICAL,2026-01-18T00:15:00,470.05,3561.8,150.46,12.82,111.87,52.66,24.75,88,critical,6,5,12,6,-0.3898,8.2847,-7.627,1
PUMP-CRITICAL,2026-01-18T00:20:00,468.98,3694.96,135.85,12.59,103.21,52.95,24.83,88,critical,6,5,12,6,-0.2352,-14.6149,-8.6624,1
PUMP-CRITICAL,2026-01-18T00:25:00,478.01,3727.82,125.06,17.21,120.29,55.49,26.52,88,critical,6,5,12,6,4.6238,-10.7889,17.0759,1
PUMP-CRITICAL,2026-01-18T00:30:00,475.4,3406.79,132.06,14.03,101.7,55.93,26.59,100,critical,6,5,12,6,-3.1786,7.0014,-18.5892,1
PUMP-CRITICAL,2026-01-18T00:35:00,468.42,3557.53,124.0,15.59,108.22,55.29,25.9,88,critical,6,5,12,6,1.5569,-8.0614,6.5263,1
PUMP-CRITICAL,2026-01-18T00:40:00,451.76,3551.19,132.26,16.78,111.25,51.54,23.28,88,critical,6,5,12,6,1.1936,8.2621,3.0303,1
PUMP-CRITICAL,2026-01-18T00:45:00,455.81,3505.29,144.36,12.89,97.41,53.04,24.18,88,critical,6,5,12,6,-3.8888,12.095,-13.8453,1
PUMP-CRITICAL,2026-01-18T00:50:00,465.36,3443.13,149.9,14.8,116.81,56.48,26.28,96.67,critical,6,5,12,6,1.9064,5.544,19.4029,1
PUMP-CRITICAL,2026-01-18T00:55:00,456.44,3345.03,137.04,12.33,109.42,55.5,25.33,98.81,critical,6,5,12,6,-2.4745,-12.856,-7.3871,1
PUMP-CRITICAL,2026-01-18T01:00:00,451.03,3665.35,130.22,15.68,111.21,54.09,24.39,95.24,critical,6,5,12,6,3.3517,-6.8247,1.7855,1
PUMP-CRITICAL,2026-01-18T01:05:00,467.22,3518.15,122.33,11.72,117.14,58.63,27.39,98.62,critical,6,5,12,6,-3.9606,-7.8925,5.9288,1
PUMP-CRITICAL,2026-01-18T01:10:00,469.45,3294.34,135.47,15.95,98.27,54.73,25.69,88,critical,6,5,12,6,4.23,13.1477,-18.8708,1
PUMP-CRITICAL,2026-01-18T01:15:00,458.62,3757.42,142.85,16.64,103.85,57.15,26.21,99.74,critical,6,5,12,6,0.6901,7.3725,5.5845,1
PUMP-CRITICAL,2026-01-18T01:20:00,473.69,3751.41,150.4,11.28,101.06,55.71,26.39,98.79,critical,6,5,12,6,-5.3534,7.5524,-2.7887,1
PUMP-CRITICAL,2026-01-18T01:25:00,468.88,3654.71,129.2,14.77,112.52,54.69,25.64,92.4,critical,6,5,12,6,3.4887,-21.1978,11.4604,1
PUMP-CRITICAL,2026-01-18T01:30:00,473.03,3324.69,130.1,13.06,113.0,54.33,25.7,88,critical,6,5,12,6,-1.7134,0.8948,0.4772,1
PUMP-CRITICAL,2026-01-18T01:35:00,449.03,3480.32,148.39,14.82,122.3,53.33,23.95,88,critical,6,5,12,6,1.7565,18.2912,9.304,1
PUMP-CRITICAL,2026-01-18T01:40:00,459.0,3354.23,148.93,12.97,114.65,53.33,24.48,88,critical,6,5,12,6,-1.8472,0.5373,-7.6521,1
PUMP-CRITICAL,2026-01-18T01:45:00,470.8,3632.32,142.5,13.93,116.54,54.03,25.44,88,critical,6,5,12,6,0.9647,-6.4285,1.8902,1
PUMP-CRITICAL,2026-01-18T01:50:00,470.76,3461.15,150.43,13.59,114.8,56.48,26.59,91.33,critical,6,5,12,6,-0.3422,7.9332,-1.7415,1
PUMP-CRITICAL,2026-01-18T01:55:00,463.58,3540.18,122.67,12.0,121.55,55.21,25.6,92.7,critical,6,5,12,6,-1.5957,-27.7579,6.7481,1
PUMP-CRITICAL,2026-01-18T02:00:00,455.43,3453.49,144.86,16.45,119.83,55.66,25.35,91.91,critical,6,5,12,6,4.4508,22.1838,-1.7229,1
PUMP-CRITICAL,2026-01-18T02:05:00,459.07,3504.17,129.74,13.64,106.43,57.25,26.28,95.73,critical,6,5,12,6,-2.8095,-15.1144,-13.4007,1
PUMP-CRITICAL,2026-01-18T02:10:00,449.31,3737.3,129.57,16.48,124.88,53.89,24.21,91.18,critical,6,5,12,6,2.8383,-0.1718,18.4506,1
PUMP-CRITICAL,2026-01-18T02:15:00,459.12,3637.25,149.57,14.19,101.07,54.66,25.1,100,critical,6,5,12,6,-2.2827,19.9978,-23.8102,1
PUMP-CRITICAL,2026-01-18T02:20:00,451.5,3682.21,135.04,17.46,119.99,54.68,24.69,100,critical,6,5,12,6,3.272,-14.5234,18.926,1
PUMP-CRITICAL,2026-01-18T02:25:00,460.69,3668.37,126.77,16.09,108.02,56.31,25.94,96.39,critical,6,5,12,6,-1.3727,-8.2729,-11.9685,1
PUMP-CRITICAL,2026-01-18T02:30:00,464.6,3402.46,141.95,11.05,111.9,53.67,24.94,88,critical,6,5,12,6,-5.0383,15.1834,3.8813,1
PUMP-CRITICAL,2026-01-18T02:35:00,466.54,3680.75,132.16,14.21,109.96,54.04,25.21,88,critical,6,5,12,6,3.1534,-9.7948,-1.9427,1
PUMP-CRITICAL,2026-01-18T02:40:00,454.82,3394.69,123.75,16.92,112.48,53.16,24.18,88.46,critical,6,5,12,6,2.7163,-8.4107,2.5232,1
PUMP-CRITICAL,2026-01-18T02:45:00,460.31,3530.13,141.31,11.03,109.36,54.48,25.08,99.7,critical,6,5,12,6,-5.8956,17.5628,-3.1225,1
PUMP-CRITICAL,2026-01-18T02:50:00,450.26,3664.38,150.1,13.04,113.48,53.7,24.18,90.75,critical,6,5,12,6,2.0138,8.7858,4.1174,1
PUMP-CRITICAL,2026-01-18T02:55:00,451.25,3448.14,147.19,11.63,110.85,55.29,24.95,88,critical,6,5,12,6,-1.4162,-2.9076,-2.6271,1
PUMP-CRITICAL,2026-01-18T03:00:00,455.76,3618.15,138.43,15.97,99.89,52.85,24.09,88,critical,6,5,12,6,4.3457,-8.758,-10.9627,1
PUMP-CRITICAL,2026-01-18T03:05:00,458.81,3666.36,121.85,14.49,118.31,53.21,24.41,88,critical,6,5,12,6,-1.4814,-16.578,18.4179,1
PUMP-CRITICAL,2026-01-18T03:10:00,476.26,3567.77,123.38,12.1,100.44,56.54,26.93,99.15,critical,6,5,12,6,-2.3936,1.5283,-17.871,1
PUMP-CRITICAL,2026-01-18T03:15:00,464.52,3678.0,122.2,14.39,125.46,52.0,24.16,88,critical,6,5,12,6,2.2895,-1.1784,25.0264,1
PUMP-CRITICAL,2026-01-18T03:20:00,471.46,3729.24,123.56,14.78,112.98,55.46,26.15,98.91,critical,6,5,12,6,0.3968,1.3527,-12.4869,1
PUMP-CRITICAL,2026-01-18T03:25:00,477.35,3498.29,141.42,16.99,120.63,55.41,26.45,91.36,critical,6,5,12,6,2.2049,17.8623,7.6535,1
PUMP-CRITICAL,2026-01-18T03:30:00,469.25,3474.95,136.58,11.84,113.02,57.72,27.09,97.4,critical,6,5,12,6,-5.1434,-4.8425,-7.6106,1
PUMP-CRITICAL,2026-01-18T03:35:00,470.26,3524.62,122.86,16.54,110.92,55.31,26.01,88.22,critical,6,5,12,6,4.7006,-13.7132,-2.0953,1
PUMP-CRITICAL,2026-01-18T03:40:00,471.89,3342.1,139.77,11.28,113.7,56.97,26.88,88.73,critical,6,5,12,6,-5.2621,16.9057,2.7773,1
PUMP-CRITICAL,2026-01-18T03:45:00,458.67,3442.06,134.79,14.17,118.74,54.05,24.79,97.83,critical,6,5,12,6,2.8901,-4.9741,5.0431,1
PUMP-CRITICAL,2026-01-18T03:50:00,468.82,3484.39,123.12,13.56,117.04,58.0,27.19,97.34,critical,6,5,12,6,-0.6107,-11.6757,-1.7072,1
PUMP-CRITICAL,2026-01-18T03:55:00,461.68,3574.61,150.61,15.92,116.9,57.82,26.7,98.14,critical,6,5,12,6,2.3552,27.4891,-0.1421,1
PUMP-CRITICAL,2026-01-18T04:00:00,477.79,3314.4,151.0,14.12,98.13,52.92,25.29,88,critical,6,5,12,6,-1.8018,0.3869,-18.7613,1
PUMP-CRITICAL,2026-01-18T04:05:00,457.78,3482.9,135.34,12.55,114.73,53.85,24.65,88,critical,6,5,12,6,-1.5697,-15.6556,16.5919,1
PUMP-CRITICAL,2026-01-18T04:10:00,477.78,3511.31,140.71,13.45,120.02,55.89,26.7,94.13,critical,6,5,12,6,0.9074,5.3723,5.2947,1
PUMP-CRITICAL,2026-01-18T04:15:00,473.53,3500.77,131.94,12.48,107.75,55.67,26.36,88,critical,6,5,12,6,-0.974,-8.7758,-12.2719,1
PUMP-CRITICAL,2026-01-18T04:20:00,457.4,3582.49,147.69,13.37,115.59,53.73,24.58,88,critical,6,5,12,6,0.89,15.7549,7.8372,1
PUMP-CRITICAL,2026-01-18T04:25:00,474.89,3303.45,131.56,12.26,114.45,57.69,27.4,100,critical,6,5,12,6,-1.1058,-16.135,-1.1367,1
PUMP-CRITICAL,2026-01-18T04:30:00,462.74,3268.63,134.49,14.67,120.91,55.17,25.53,98.14,critical,6,5,12,6,2.4096,2.9294,6.463,1
PUMP-CRITICAL,2026-01-18T04:35:00,458.19,3684.9,146.13,13.66,119.97,52.34,23.98,88,critical,6,5,12,6,-1.0117,11.6497,-0.9446,1
PUMP-CRITICAL,2026-01-18T04:40:00,476.68,3663.29,143.96,14.67,123.36,57.26,27.29,100,critical,6,5,12,6,1.0099,-2.1704,3.3895,1
PUMP-CRITICAL,2026-01-18T04:45:00,452.51,3538.94,122.02,15.75,125.14,51.06,23.11,88,critical,6,5,12,6,1.0748,-21.9462,1.7873,1
PUMP-CRITICAL,2026-01-18T04:50:00,455.72,3633.72,135.01,12.68,118.56,52.98,24.14,88.25,critical,6,5,12,6,-3.0638,12.991,-6.5818,1
PUMP-CRITICAL,2026-01-18T04:55:00,452.8,3370.39,132.75,15.87,120.31,56.62,25.64,98.93,critical,6,5,12,6,3.1928,-2.2551,1.7517,1
PUMP-CRITICAL,2026-01-18T05:00:00,464.92,3683.57,143.62,17.47,101.51,55.12,25.62,92.92,critical,6,5,12,6,1.5957,10.868,-18.8053,1
PUMP-CRITICAL,2026-01-18T05:05:00,473.55,3341.4,144.95,11.43,109.0,57.76,27.35,98.91,critical,6,5,12,6,-6.045,1.3244,7.4905,1
PUMP-CRITICAL,2026-01-18T05:10:00,472.2,3498.25,133.36,13.25,124.01,56.04,26.46,88,critical,6,5,12,6,1.8255,-11.5886,15.0091,1
PUMP-CRITICAL,2026-01-18T05:15:00,451.44,3296.63,142.87,13.55,118.62,52.95,23.91,93.65,critical,6,5,12,6,0.298,9.5083,-5.3897,1
PUMP-CRITICAL,2026-01-18T05:20:00,462.36,3423.48,125.42,14.69,125.04,54.8,25.34,88,critical,6,5,12,6,1.1397,-17.4491,6.424,1
PUMP-CRITICAL,2026-01-18T05:25:00,450.6,3489.68,130.77,11.66,105.37,56.54,25.48,100,critical,6,5,12,6,-3.0237,5.3533,-19.6704,1
PUMP-CRITICAL,2026-01-18T05:30:00,468.03,3311.09,125.56,13.56,122.7,54.75,25.62,94.41,critical,6,5,12,6,1.8939,-5.214,17.3249,1
PUMP-CRITICAL,2026-01-18T05:35:00,477.64,3577.35,126.34,10.67,116.83,53.76,25.68,88,critical,6,5,12,6,-2.8906,0.7843,-5.8719,1
PUMP-CRITICAL,2026-01-18T05:40:00,477.23,3686.87,122.93,17.08,105.81,56.13,26.79,88,critical,6,5,12,6,6.411,-3.41,-11.0163,1
PUMP-CRITICAL,2026-01-18T05:45:00,455.01,3697.37,134.94,17.22,105.54,57.15,26.0,96.38,critical,6,5,12,6,0.1373,12.008,-0.2657,1
PUMP-CRITICAL,2026-01-18T05:50:00,457.23,3464.4,126.55,14.87,98.38,53.47,24.45,96.18,critical,6,5,12,6,-2.3495,-8.3896,-7.1624,1
PUMP-CRITICAL,2026-01-18T05:55:00,452.32,3583.0,133.03,12.4,102.57,52.46,23.73,88,critical,6,5,12,6,-2.4703,6.4859,4.1937,1
PUMP-CRITICAL,2026-01-18T06:00:00,463.62,3585.84,138.44,15.12,125.25,53.17,24.65,90.0,critical,6,5,12,6,2.7192,5.4093,22.6761,1
PUMP-CRITICAL,2026-01-18T06:05:00,460.98,3422.48,141.35,13.43,102.63,55.83,25.73,88,critical,6,5,12,6,-1.6858,2.9086,-22.6239,1
PUMP-CRITICAL,2026-01-18T06:10:00,472.26,3418.04,142.52,16.81,125.75,55.52,26.22,88,critical,6,5,12,6,3.3787,1.1671,23.1221,1
PUMP-CRITICAL,2026-01-18T06:15:00,453.07,3286.32,139.0,17.24,109.75,55.39,25.1,94.78,critical,6,5,12,6,0.4322,-3.5156,-15.995,1
PUMP-CRITICAL,2026-01-18T06:20:00,451.03,3398.44,141.49,13.69,121.4,53.34,24.06,88,critical,6,5,12,6,-3.5523,2.4869,11.6419,1
PUMP-CRITICAL,2026-01-18T06:25:00,458.53,3379.72,146.92,13.73,103.87,55.96,25.66,100,critical,6,5,12,6,0.0405,5.4259,-17.5218,1
PUMP-CRITICAL,2026-01-18T06:30:00,458.3,3718.64,124.84,15.33,118.62,54.88,25.15,92.4,critical,6,5,12,6,1.5991,-22.0751,14.7443,1
PUMP-CRITICAL,2026-01-18T06:35:00,472.44,3515.25,147.01,15.72,107.81,55.44,26.19,88.98,critical,6,5,12,6,0.3895,22.1659,-10.8105,1
PUMP-CRITICAL,2026-01-18T06:40:00,473.31,3274.72,138.29,14.82,121.7,56.82,26.89,89.86,critical,6,5,12,6,-0.9014,-8.72,13.8881,1
PUMP-CRITICAL,2026-01-18T06:45:00,464.95,3299.05,134.07,15.74,118.59,57.44,26.71,97.19,critical,6,5,12,6,0.9259,-4.2193,-3.1018,1
PUMP-CRITICAL,2026-01-18T06:50:00,464.61,3758.75,138.49,17.14,106.54,57.2,26.58,100,critical,6,5,12,6,1.4009,4.4222,-12.0531,1
PUMP-CRITICAL,2026-01-18T06:55:00,470.97,3641.32,147.9,15.83,98.33,56.34,26.53,97.45,critical,6,5,12,6,-1.3091,9.4046,-8.2091,1
PUMP-CRITICAL,2026-01-18T07:00:00,449.79,3574.0,137.41,12.93,99.76,53.28,23.97,97.9,critical,6,5,12,6,-2.9016,-10.4876,1.4299,1
PUMP-CRITICAL,2026-01-18T07:05:00,476.06,3338.02,134.26,16.7,97.22,57.47,27.36,97.22,critical,6,5,12,6,3.7654,-3.1439,-2.5404,1
PUMP-CRITICAL,2026-01-18T07:10:00,456.15,3570.65,129.96,12.92,108.32,53.98,24.62,95.52,critical,6,5,12,6,-3.7819,-4.3044,11.0957,1
PUMP-CRITICAL,2026-01-18T07:15:00,454.97,3730.17,129.94,17.21,122.44,54.51,24.8,95.98,critical,6,5,12,6,4.2903,-0.0198,14.118,1
PUMP-CRITICAL,2026-01-18T07:20:00,476.8,3287.17,145.28,17.49,102.65,56.42,26.9,88,critical,6,5,12,6,0.2805,15.3369,-19.788,1
PUMP-CRITICAL,2026-01-18T07:25:00,463.96,3418.53,134.32,11.3,125.4,55.62,25.81,94.61,critical,6,5,12,6,-6.1884,-10.9529,22.7542,1
PUMP-CRITICAL,2026-01-18T07:30:00,472.47,3449.14,122.36,16.77,112.27,54.22,25.62,88,critical,6,5,12,6,5.4726,-11.9602,-13.1337,1
PUMP-CRITICAL,2026-01-18T07:35:00,459.07,3360.46,136.17,12.52,97.23,57.92,26.59,98.93,critical,6,5,12,6,-4.2526,13.8017,-15.0405,1
PUMP-CRITICAL,2026-01-18T07:40:00,467.88,3642.71,151.47,11.65,108.82,55.19,25.82,100,critical,6,5,12,6,-0.8653,15.3076,11.5976,1
PUMP-CRITICAL,2026-01-18T07:45:00,475.84,3501.16,137.17,14.81,120.99,55.71,26.51,88,critical,6,5,12,6,3.1611,-14.2998,12.162,1
PUMP-CRITICAL,2026-01-18T07:50:00,449.73,3491.23,142.72,10.84,98.71,54.69,24.6,91.65,critical,6,5,12,6,-3.9744,5.5495,-22.2807,1
PUMP-CRITICAL,2026-01-18T07:55:00,460.97,3520.53,142.06,12.12,102.51,57.13,26.34,97.91,critical,6,5,12,6,1.2832,-0.6581,3.8028,1
PUMP-CRITICAL,2026-01-18T08:00:00,475.13,3672.62,135.63,11.17,103.76,56.01,26.61,88,critical,6,5,12,6,-0.9578,-6.4357,1.2525,1
PUMP-CRITICAL,2026-01-18T08:05:00,464.93,3669.07,135.03,11.97,97.07,53.21,24.74,88,critical,6,5,12,6,0.8056,-0.5978,-6.6937,1
PUMP-CRITICAL,2026-01-18T08:10:00,464.69,3711.51,132.74,16.33,116.44,54.32,25.24,88,critical,6,5,12,6,4.3565,-2.2919,19.3773,1
PUMP-CRITICAL,2026-01-18T08:15:00,465.48,3626.24,132.28,16.52,102.56,56.39,26.25,93.8,critical,6,5,12,6,0.1884,-0.4552,-13.8867,1
PUMP-CRITICAL,2026-01-18T08:20:00,464.44,3293.49,121.88,15.54,107.4,56.72,26.35,97.94,critical,6,5,12,6,-0.976,-10.3999,4.8418,1
PUMP-CRITICAL,2026-01-18T08:25:00,471.04,3375.39,123.71,13.44,112.59,54.35,25.6,88.31,critical,6,5,12,6,-2.0995,1.8233,5.1882,1
PUMP-CRITICAL,2026-01-18T08:30:00,473.97,3628.38,143.94,11.18,100.91,56.6,26.83,88,critical,6,5,12,6,-2.262,20.2283,-11.6753,1
PUMP-CRITICAL,2026-01-18T08:35:00,454.52,3492.69,135.63,11.54,109.54,52.96,24.07,88,critical,6,5,12,6,0.3629,-8.3048,8.6277,1
PUMP-CRITICAL,2026-01-18 08:40:00,465.78,3259.43,128.06,10.42,103.56,54.36,25.32,88.0,critical,6,5,12,6,-1.1155,-7.5727,-5.9765,1
PUMP-CRITICAL,2026-01-18 08:45:00,479.28,3265.52,122.29,15.65,118.41,53.95,25.86,88.0,critical,6,5,12,6,5.233,-5.7697,14.8504,1
PUMP-CRITICAL,2026-01-18 08:50:00,473.55,3256.02,126.96,12.73,119.6,54.27,25.7,90.2,critical,6,5,12,6,-2.9198,4.6666,1.1943,1
PUMP-CRITICAL,2026-01-18 08:50:00,468.24,3226.23,126.63,10.18,103.03,54.36,25.45,92.55,critical,6,5,12,6,-5.4659,4.342,-15.3794,1
PUMP-CRITICAL,2026-01-18 08:55:00,479.04,3214.26,121.6,13.1,107.53,55.81,26.73,88.0,critical,6,9,12,6,2.9229,-5.029,4.5039,1
PUMP-CRITICAL,2026-01-18 09:00:00,468.19,3335.2,128.89,13.21,112.34,57.66,26.99,92.74,critical,6,9,12,6,0.1062,7.2933,4.8092,1
PUMP-CRITICAL,2026-01-18 09:05:00,472.82,3262.39,129.4,15.45,100.38,57.05,26.97,97.6,critical,6,9,12,6,2.2366,0.5115,-11.9617,1
PUMP-CRITICAL,2026-01-18 09:10:00,471.78,3164.16,128.48,10.75,110.65,54.4,25.67,88.0,critical,6,7,12,6,-4.7004,-0.9155,10.265,1
PUMP-CRITICAL,2026-01-18 09:15:00,477.98,3229.34,123.88,10.86,110.86,57.95,27.7,95.23,critical,6,5,12,6,0.1118,-4.6029,0.2136,1
PUMP-CRITICAL,2026-01-18 09:20:00,472.48,3190.15,126.08,11.01,114.24,53.59,25.32,88.0,critical,6,8,12,6,0.1476,2.2028,3.381,1
PUMP-CRITICAL,2026-01-18 09:25:00,469.5,3255.63,125.1,10.06,111.85,57.44,26.97,96.72,critical,6,5,12,6,-0.948,-0.9769,-2.3919,1
PUMP-CRITICAL,2026-01-18 09:30:00,475.65,3275.49,128.46,10.99,120.36,54.46,25.9,88.0,critical,6,6,12,6,0.9297,3.3565,8.5056,1
PUMP-CRITICAL,2026-01-18 09:35:00,475.55,3208.68,122.24,10.8,113.96,55.07,26.19,88.0,critical,6,5,12,6,-0.1904,-6.2166,-6.398,1
PUMP-CRITICAL,2026-01-18 09:40:00,472.22,3203.93,123.15,14.48,119.94,53.72,25.37,88.58,critical,6,6,12,6,3.6795,0.9115,5.9768,1
PUMP-CRITICAL,2026-01-18 09:45:00,469.6,3318.82,122.17,11.34,104.22,56.14,26.37,96.87,critical,6,6,12,6,-3.1381,-0.9833,-15.7236,1
PUMP-CRITICAL,2026-01-18 09:50:00,462.96,3330.71,124.91,14.23,115.01,53.96,24.98,95.28,critical,6,7,12,6,2.892,2.74,10.7855,1
PUMP-CRITICAL,2026-01-18 09:55:00,462.69,3280.17,121.64,11.13,116.91,53.04,24.54,88.0,critical,6,8,12,6,-3.1023,-3.2695,1.8997,1
PUMP-CRITICAL,2026-01-18 10:00:00,477.48,3192.22,121.12,13.46,111.07,58.05,27.72,96.39,critical,6,8,12,6,2.3323,-0.5178,-5.8426,1
PUMP-CRITICAL,2026-01-18 10:05:00,462.32,3151.95,129.51,15.36,122.73,56.56,26.15,92.24,critical,6,5,12,6,1.8954,8.3933,11.6598,1
PUMP-CRITICAL,2026-01-18 10:10:00,469.68,3191.29,120.18,14.51,107.99,55.96,26.28,88.0,critical,6,8,12,6,-0.8536,-9.3344,-14.735,1
PUMP-CRITICAL,2026-01-18 10:15:00,470.47,3206.39,121.39,11.1,118.74,57.22,26.92,97.42,critical,6,5,12,6,-3.4145,1.2121,10.7495,1
PUMP-CRITICAL,2026-01-18 10:20:00,474.94,3154.82,121.96,10.86,121.56,57.3,27.22,96.47,critical,6,7,12,6,-0.2351,0.5703,2.8222,1
PUMP-CRITICAL,2026-01-18 10:25:00,472.67,3180.4,127.22,11.19,114.2,54.86,25.93,93.46,critical,6,5,12,6,0.326,5.2618,-7.3557,1
PUMP-CRITICAL,2026-01-18 10:30:00,463.72,3192.84,127.15,12.8,109.95,56.33,26.12,97.14,critical,6,7,12,6,1.6076,-0.0663,-4.2467,1
PUMP-CRITICAL,2026-01-18 10:35:00,478.3,3224.59,122.1,10.06,112.74,55.27,26.43,96.2,critical,6,7,12,6,-2.7446,-5.054,2.7854,1
PUMP-CRITICAL,2026-01-18 10:40:00,471.82,3233.87,120.2,15.05,117.07,53.97,25.46,91.36,critical,6,6,12,6,4.9852,-1.9022,4.3257,1
PUMP-CRITICAL,2026-01-18 10:45:00,470.9,3209.05,125.41,15.74,111.71,57.15,26.91,97.73,critical,6,7,12,6,0.6926,5.2103,-5.3586,1
PUMP-CRITICAL,2026-01-18 10:50:00,466.28,3211.21,121.71,11.68,104.6,55.17,25.72,94.64,critical,6,9,12,6,-4.0635,-3.6951,-7.1091,1
PUMP-CRITICAL,2026-01-18 10:55:00,466.64,3176.42,122.85,14.55,118.17,56.3,26.27,92.1,critical,6,7,12,6,2.867,1.1447,13.5673,1
PUMP-CRITICAL,2026-01-18 11:00:00,474.26,3194.25,126.6,10.93,118.14,58.13,27.57,95.04,critical,6,5,12,6,-3.6244,3.75,-0.0298,1
PUMP-CRITICAL,2026-01-18 11:05:00,478.37,3319.72,123.49,13.13,107.94,54.58,26.11,88.73,critical,6,5,12,6,2.2008,-3.1058,-10.1994,1
PUMP-CRITICAL,2026-01-18 11:10:00,462.31,3304.81,122.89,10.25,113.36,57.32,26.5,95.5,critical,6,5,12,6,-2.8752,-0.5983,5.4212,1
PUMP-CRITICAL,2026-01-18 11:15:00,475.32,3256.75,121.13,10.05,119.99,58.06,27.6,97.22,critical,6,9,12,6,-0.2023,-1.7563,6.6327,1
PUMP-CRITICAL,2026-01-18 11:20:00,479.93,3208.34,126.04,12.07,109.61,57.31,27.5,94.17,critical,6,5,12,6,2.0163,4.9104,-10.3787,1
PUMP-CRITICAL,2026-01-18 11:25:00,481.87,3253.42,125.24,12.48,107.35,55.82,26.9,93.84,critical,6,7,12,6,0.4096,-0.8022,-2.2568,1
PUMP-CRITICAL,2026-01-18 11:30:00,476.55,3293.76,129.93,13.4,101.61,56.81,27.07,88.0,critical,6,8,12,6,0.9232,4.6908,-5.7399,1
PUMP-CRITICAL,2026-01-18 11:35:00,479.59,3254.92,124.31,13.0,117.29,58.73,28.17,97.92,critical,6,9,12,6,-0.4025,-5.6197,15.6786,1
PUMP-CRITICAL,2026-01-18 11:40:00,472.11,3217.18,121.11,15.12,116.84,56.25,26.56,88.0,critical,6,5,12,6,2.1213,-3.2015,-0.4497,1
PUMP-CRITICAL,2026-01-18 11:45:00,478.84,3165.24,121.11,10.51,106.79,55.24,26.45,88.0,critical,6,8,12,6,-4.6056,-0.0036,-10.0525,1
PUMP-CRITICAL,2026-01-18 11:50:00,472.65,3215.37,121.05,14.19,105.17,55.47,26.22,97.96,critical,6,5,12,6,3.6784,-0.0598,-1.6181,1
PUMP-CRITICAL,2026-01-18 11:55:00,463.75,3331.83,124.31,12.45,111.33,57.37,26.6,93.27,critical,6,5,12,6,-1.7432,3.2647,6.156,1
PUMP-CRITICAL,2026-01-18 12:00:00,462.86,3310.44,129.94,13.78,111.7,54.44,25.2,88.3,critical,6,8,12,6,1.3272,5.6257,0.3678,1
PUMP-CRITICAL,2026-01-18 12:05:00,473.42,3304.71,129.91,14.52,112.62,56.53,26.76,90.9,critical,6,7,12,6,0.7402,-0.0325,0.9247,1
PUMP-CRITICAL,2026-01-18 12:10:00,464.91,3349.0,129.96,13.15,103.86,55.16,25.64,92.82,critical,6,9,12,6,-1.3732,0.0523,-8.7638,1
PUMP-CRITICAL,2026-01-18 12:15:00,469.66,3204.8,125.59,11.6,122.29,54.81,25.74,89.51,critical,6,8,12,6,-1.5464,-4.3652,18.4275,1
PUMP-CRITICAL,2026-01-18 12:20:00,474.7,3247.12,126.52,14.27,106.27,55.17,26.19,94.01,critical,6,7,12,6,2.672,0.9344,-16.0202,1
PUMP-CRITICAL,2026-01-18 12:25:00,478.56,3342.17,122.74,14.75,107.33,57.83,27.67,93.65,critical,6,9,12,6,0.4818,-3.7827,1.0595,1
PUMP-CRITICAL,2026-01-18 12:30:00,467.29,3218.54,129.93,14.46,107.74,55.31,25.85,92.64,critical,6,6,12,6,-0.294,7.1886,0.4075,1
PUMP-CRITICAL,2026-01-18 12:35:00,481.4,3286.42,126.28,10.02,113.52,55.28,26.61,88.0,critical,6,5,12,6,-4.4447,-3.6469,5.7773,1
PUMP-CRITICAL,2026-01-18 12:40:00,477.54,3257.06,121.02,15.92,111.58,56.92,27.18,88.23,critical,6,6,12,6,5.9017,-5.2567,-1.9422,1
PUMP-CRITICAL,2026-01-18 12:45:00,481.98,3162.71,124.52,12.68,112.9,56.43,27.2,96.83,critical,6,8,12,6,-3.2366,3.4968,1.3185,1
PUMP-CRITICAL,2026-01-18 12:50:00,479.49,3328.97,128.58,10.57,105.35,56.98,27.32,95.9,critical,6,6,12,6,-2.11,4.0647,-7.554,1
PUMP-CRITICAL,2026-01-18 12:55:00,480.39,3157.77,121.94,15.71,105.61,56.75,27.26,92.11,critical,6,5,12,6,5.1369,-6.6446,0.255,1
PUMP-CRITICAL,2026-01-18 13:00:00,480.62,3260.57,124.91,12.73,115.62,55.25,26.55,89.69,critical,6,8,12,6,-2.9812,2.9725,10.0111,1
PUMP-CRITICAL,2026-01-18 13:05:00,471.9,3283.17,123.02,15.3,118.82,53.99,25.48,91.94,critical,6,9,12,6,2.5685,-1.8948,3.2047,1
PUMP-CRITICAL,2026-01-18 13:10:00,479.18,3173.97,123.56,12.75,107.9,56.43,27.04,96.52,critical,6,7,12,6,-2.5481,0.5418,-10.9222,1
PUMP-CRITICAL,2026-01-18 13:15:00,467.81,3334.49,123.27,15.28,111.62,53.1,24.84,88.0,critical,6,6,12,6,2.5347,-0.2947,3.7173,1
PUMP-CRITICAL,2026-01-18 13:20:00,471.77,3223.14,127.96,10.37,111.79,56.05,26.44,93.57,critical,6,5,12,6,-4.9143,4.6916,0.1738,1
PUMP-CRITICAL,2026-01-18 13:25:00,479.44,3191.0,121.74,10.39,122.92,54.21,25.99,88.0,critical,6,7,12,6,0.0236,-6.2175,11.1312,1
PUMP-CRITICAL,2026-01-18 13:30:00,475.97,3172.64,127.95,14.05,101.69,55.32,26.33,95.45,critical,6,9,12,6,3.6602,6.2109,-21.2255,1
PUMP-CRITICAL,2026-01-18 13:35:00,476.78,3236.12,126.57,11.1,113.32,58.11,27.71,96.14,critical,6,9,12,6,-2.9491,-1.3778,11.6325,1
PUMP-CRITICAL,2026-01-18 13:40:00,476.79,3175.71,123.22,13.51,119.67,54.21,25.85,88.0,critical,6,7,12,6,2.4139,-3.3456,6.3485,1
PUMP-CRITICAL,2026-01-18 13:45:00,463.31,3160.28,126.76,10.91,120.19,53.57,24.82,93.02,critical,6,9,12,6,-2.6036,3.5379,0.5212,1
PUMP-CRITICAL,2026-01-18 13:50:00,473.16,3153.32,129.65,14.98,106.2,56.91,26.93,88.0,critical,6,7,12,6,4.0731,2.888,-13.9919,1
PUMP-CRITICAL,2026-01-18 13:55:00,479.45,3217.06,121.16,10.67,100.09,57.59,27.61,88.0,critical,6,6,12,6,-4.3059,-8.4872,-6.107,1
PUMP-CRITICAL,2026-01-18 14:00:00,481.87,3221.36,122.77,14.43,120.57,55.88,26.93,88.79,critical,6,6,12,6,3.7582,1.6065,20.4844,1
PUMP-CRITICAL,2026-01-18 14:05:00,481.39,3319.33,124.76,14.92,118.18,56.97,27.42,88.0,critical,6,7,12,6,0.4923,1.9879,-2.3927,1
PUMP-CRITICAL,2026-01-18 14:10:00,472.95,3175.47,128.74,10.45,110.68,56.35,26.65,89.27,critical,6,6,12,6,-4.4682,3.9769,-7.4953,1
PUMP-CRITICAL,2026-01-18 14:15:00,481.07,3263.47,127.07,12.48,120.64,56.99,27.41,89.74,critical,6,8,12,6,2.0304,-1.6679,9.9626,1
PUMP-CRITICAL,2026-01-18 14:20:00,475.32,3321.73,122.16,12.21,111.66,57.05,27.12,88.0,critical,6,7,12,6,-0.2746,-4.9121,-8.9773,1
PUMP-CRITICAL,2026-01-18 14:25:00,481.04,3342.76,129.53,13.81,103.13,56.6,27.23,88.0,critical,6,9,12,6,1.5986,7.3699,-8.5314,1
PUMP-CRITICAL,2026-01-18 14:30:00,478.3,3156.89,123.75,15.05,116.74,56.75,27.14,93.28,critical,6,6,12,6,1.2374,-5.7815,13.6056,1
PUMP-CRITICAL,2026-01-18 14:35:00,474.92,3250.06,120.97,14.26,112.9,53.82,25.56,88.0,critical,6,9,12,6,-0.7876,-2.7759,-3.8374,1
PUMP-CRITICAL,2026-01-18 14:40:00,479.76,3290.69,120.56,15.47,103.67,56.3,27.01,88.82,critical,6,9,12,6,1.208,-0.4093,-9.231,1
PUMP-CRITICAL,2026-01-18 14:45:00,478.28,3234.36,127.19,15.41,109.58,54.43,26.03,88.0,critical,6,7,12,6,-0.0621,6.6321,5.9097,1
