machine_id,timestamp,voltage,rpm,pressure_psi,vibration_mm_s,temperature_c,current,power_kw,load_pct,operating_state,maintenance_count,error_count_24h,error_count_7d,age,vibration_delta,pressure_delta,temperature_delta,failure
PUMP-HEALTHY,2026-01-01T00:00:00,475.25,2977.5,99.56,2.47,66.77,48.27,22.94,57.3,running,1,0,1,12,0.0,0.0,0.0,0
PUMP-HEALTHY,2026-01-01T00:05:00,477.33,3010.2,101.93,2.43,67.01,47.76,22.8,45.49,running,1,0,1,12,-0.0409,2.3662,0.2463,0
PUMP-HEALTHY,2026-01-01T00:10:00,481.98,2984.03,99.09,2.91,63.37,45.27,21.82,37.32,running,1,0,0,12,0.4824,-2.8404,-3.6473,0
PUMP-HEALTHY,2026-01-01T00:15:00,482.3,3003.62,104.81,1.76,65.52,50.7,24.45,55.74,running,1,0,0,12,-1.1574,5.7235,2.1545,0
PUMP-HEALTHY,2026-01-01T00:20:00,475.46,2972.79,100.03,1.16,62.33,45.49,21.63,37.53,running,1,0,2,12,-0.5975,-4.7861,-3.1925,0
PUMP-HEALTHY,2026-01-01T00:25:00,478.55,3017.02,102.91,2.37,60.71,49.17,23.53,50.87,running,1,0,2,12,1.2075,2.887,-1.6139,0
PUMP-HEALTHY,2026-01-01T00:30:00,484.9,3014.0,101.9,2.37,68.43,49.12,23.82,54.4,running,1,0,2,12,0.0021,-1.0141,7.7145,0
PUMP-HEALTHY,2026-01-01T00:35:00,475.66,3041.31,101.97,2.44,62.13,49.72,23.65,47.48,running,1,0,1,12,0.0666,0.0716,-6.3023,0
PUMP-HEALTHY,2026-01-01T00:40:00,477.47,3006.14,99.84,2.17,68.98,46.76,22.33,44.99,running,1,0,0,12,-0.2667,-2.1311,6.852,0
PUMP-HEALTHY,2026-01-01T00:45:00,482.56,3036.11,99.07,1.32,66.8,48.74,23.52,49.91,running,1,0,2,12,-0.8492,-0.7693,-2.1734,0
PUMP-HEALTHY,2026-01-01T00:50:00,484.71,3036.08,98.08,2.44,66.82,48.18,23.35,48.42,running,1,0,3,12,1.1215,-0.9895,0.0123,0
PUMP-HEALTHY,2026-01-01T00:55:00,476.58,2950.32,103.05,2.44,69.72,49.47,23.58,54.05,running,1,0,4,12,-0.0021,4.9743,2.9018,0
PUMP-HEALTHY,2026-01-01T01:00:00,481.09,2965.28,103.34,2.08,67.79,46.78,22.51,48.26,running,1,0,2,12,-0.3606,0.2829,-1.9326,0
PUMP-HEALTHY,2026-01-01T01:05:00,483.79,3033.17,100.15,1.12,68.78,49.22,23.81,58.67,running,1,0,4,12,-0.9629,-3.185,0.9938,0
PUMP-HEALTHY,2026-01-01T01:10:00,482.66,2962.84,101.33,2.1,62.65,50.14,24.2,56.81,running,1,0,1,12,0.9838,1.1744,-6.1295,0
PUMP-HEALTHY,2026-01-01T01:15:00,482.13,2989.9,102.7,1.75,69.0,47.5,22.9,46.29,running,1,0,4,12,-0.3528,1.3748,6.3456,0
PUMP-HEALTHY,2026-01-01T01:20:00,477.3,2972.02,98.5,2.26,62.29,51.59,24.62,57.64,running,1,0,3,12,0.5154,-4.2049,-6.7067,0
PUMP-HEALTHY,2026-01-01T01:25:00,477.14,2963.23,104.55,2.14,64.73,50.82,24.25,54.62,running,1,0,3,12,-0.1201,6.0516,2.4373,0
PUMP-HEALTHY,2026-01-01T01:30:00,478.54,2991.11,104.05,1.11,66.53,47.33,22.65,51.15,running,1,0,0,12,-1.0337,-0.5017,1.8078,0
PUMP-HEALTHY,2026-01-01T01:35:00,477.49,2969.02,101.14,1.84,62.79,48.91,23.35,41.25,running,1,0,4,12,0.7354,-2.9066,-3.7491,0
PUMP-HEALTHY,2026-01-01T01:40:00,475.98,3015.21,101.78,1.03,60.93,48.3,22.99,53.84,running,1,0,3,12,-0.8142,0.6438,-1.8528,0
PUMP-HEALTHY,2026-01-01T01:45:00,484.02,2966.46,98.02,1.78,69.27,49.31,23.87,54.63,running,1,0,4,12,0.7513,-3.769,8.3326,0
PUMP-HEALTHY,2026-01-01T01:50:00,481.62,2998.67,99.33,1.44,60.58,47.99,23.11,53.39,running,1,0,3,12,-0.3454,1.3142,-8.6803,0
PUMP-HEALTHY,2026-01-01T01:55:00,480.03,3035.27,99.1,2.92,60.8,47.52,22.81,39.65,running,1,0,0,12,1.4862,-0.2273,0.2163,0
PUMP-HEALTHY,2026-01-01T02:00:00,484.42,3006.97,102.05,1.08,60.82,49.89,24.17,51.43,running,1,0,2,12,-1.8421,2.9504,0.0187,0
PUMP-HEALTHY,2026-01-01T02:05:00,477.39,2989.58,102.7,1.6,63.16,47.76,22.8,53.8,running,1,0,0,12,0.5205,0.6494,2.3419,0
PUMP-HEALTHY,2026-01-01T02:10:00,475.73,2971.32,99.86,2.87,68.81,49.38,23.49,56.98,running,1,0,2,12,1.2665,-2.8454,5.6469,0
PUMP-HEALTHY,2026-01-01T02:15:00,481.12,3048.72,102.58,1.02,68.17,48.39,23.28,42.48,running,1,0,0,12,-1.8509,2.7214,-0.6376,0
PUMP-HEALTHY,2026-01-01T02:20:00,483.9,3024.24,99.09,1.56,62.11,48.92,23.67,43.57,running,1,0,2,12,0.5479,-3.4897,-6.0647,0
PUMP-HEALTHY,2026-01-01T02:25:00,484.05,3034.61,98.65,1.85,62.77,47.74,23.11,35.09,running,1,0,3,12,0.2836,-0.442,0.6605,0
PUMP-HEALTHY,2026-01-01T02:30:00,480.52,2992.77,98.07,1.15,68.83,50.59,24.31,57.6,running,1,0,1,12,-0.6967,-0.5784,6.0643,0
PUMP-HEALTHY,2026-01-01T02:35:00,479.3,2954.18,100.55,2.87,69.72,45.85,21.98,36.0,running,1,0,2,12,1.7157,2.4849,0.8909,0
PUMP-HEALTHY,2026-01-01T02:40:00,482.8,3038.41,100.84,2.24,61.55,52.18,25.19,58.25,running,1,0,3,12,-0.6249,0.2921,-8.1764,0
PUMP-HEALTHY,2026-01-01T02:45:00,475.25,3023.66,100.33,2.86,68.02,51.04,24.25,56.6,running,1,0,0,12,0.6203,-0.5193,6.4768,0
PUMP-HEALTHY,2026-01-01T02:50:00,478.83,2953.87,101.29,1.4,69.18,49.06,23.49,43.74,running,1,0,1,12,-1.4625,0.9695,1.1622,0
PUMP-HEALTHY,2026-01-01T02:55:00,478.98,2977.86,98.49,2.55,63.51,49.23,23.58,47.74,running,1,0,0,12,1.1475,-2.8089,-5.6731,0
PUMP-HEALTHY,2026-01-01T03:00:00,476.15,3047.04,99.25,2.93,62.65,46.21,22.0,37.71,running,1,0,4,12,0.3784,0.764,-0.8568,0
PUMP-HEALTHY,2026-01-01T03:05:00,484.84,2961.56,104.3,1.38,60.44,48.75,23.63,45.9,running,1,0,1,12,-1.5449,5.0466,-2.2108,0
PUMP-HEALTHY,2026-01-01T03:10:00,478.64,2957.0,102.65,1.66,63.14,50.88,24.35,56.2,running,1,0,3,12,0.2802,-1.6469,2.6953,0
PUMP-HEALTHY,2026-01-01T03:15:00,478.26,3019.72,101.88,1.38,66.65,48.85,23.36,44.48,running,1,0,3,12,-0.2767,-0.7688,3.5101,0
PUMP-HEALTHY,2026-01-01T03:20:00,480.48,2950.04,100.01,1.86,65.8,49.15,23.61,51.37,running,1,0,3,12,0.4761,-1.8725,-0.8494,0
PUMP-HEALTHY,2026-01-01T03:25:00,482.94,3045.98,103.15,2.32,62.84,50.01,24.15,51.6,running,1,0,1,12,0.4579,3.1433,-2.962,0
PUMP-HEALTHY,2026-01-01T03:30:00,481.73,2972.46,99.39,1.05,62.45,49.98,24.08,46.88,running,1,0,4,12,-1.2689,-3.7578,-0.3894,0
PUMP-HEALTHY,2026-01-01T03:35:00,476.94,3019.64,101.46,1.49,66.56,47.07,22.45,35.14,running,1,0,3,12,0.4391,2.0667,4.1122,0
PUMP-HEALTHY,2026-01-01T03:40:00,477.19,3030.41,102.87,1.93,65.57,48.68,23.23,57.94,running,1,0,4,12,0.4411,1.4107,-0.9865,0
PUMP-HEALTHY,2026-01-01T03:45:00,484.88,3009.55,104.65,2.78,66.13,49.96,24.23,52.98,running,1,0,1,12,0.8538,1.7789,0.5525,0
PUMP-HEALTHY,2026-01-01T03:50:00,482.44,2997.47,99.81,1.49,66.38,50.03,24.14,54.15,running,1,0,0,12,-1.2884,-4.8359,0.2501,0
PUMP-HEALTHY,2026-01-01T03:55:00,482.14,2973.45,100.35,2.79,60.81,46.69,22.51,38.77,running,1,0,3,12,1.2916,0.5366,-5.5708,0
PUMP-HEALTHY,2026-01-01T04:00:00,479.08,3004.26,100.91,1.41,64.2,50.63,24.26,57.62,running,1,0,4,12,-1.3724,0.5595,3.3957,0
PUMP-HEALTHY,2026-01-01T04:05:00,478.8,2950.59,100.46,2.51,68.53,50.17,24.02,58.84,running,1,0,4,12,1.0933,-0.4481,4.333,0
PUMP-HEALTHY,2026-01-01T04:10:00,483.98,2998.82,99.91,1.97,63.89,50.83,24.6,51.72,running,1,0,1,12,-0.5357,-0.5518,-4.6459,0
PUMP-HEALTHY,2026-01-01T04:15:00,484.81,3003.41,104.35,2.18,66.63,46.79,22.69,37.1,running,1,0,2,12,0.2125,4.438,2.7414,0
PUMP-HEALTHY,2026-01-01T04:20:00,478.79,2971.17,100.29,2.52,63.79,50.91,24.38,53.8,running,1,0,0,12,0.3387,-4.0606,-2.8387,0
PUMP-HEALTHY,2026-01-01T04:25:00,482.49,2955.21,104.66,1.45,60.69,48.98,23.63,58.93,running,1,0,0,12,-1.074,4.3755,-3.1051,0
PUMP-HEALTHY,2026-01-01T04:30:00,481.21,2973.85,101.31,1.23,69.48,47.52,22.87,46.63,running,1,0,0,12,-0.2197,-3.3485,8.7914,0
PUMP-HEALTHY,2026-01-01T04:35:00,482.78,2966.38,100.18,2.16,69.29,50.75,24.5,49.39,running,1,0,1,12,0.9286,-1.1377,-0.1887,0
PUMP-HEALTHY,2026-01-01T04:40:00,475.76,3019.06,102.39,1.2,67.72,50.17,23.87,56.26,running,1,0,0,12,-0.9536,2.2134,-1.5641,0
PUMP-HEALTHY,2026-01-01T04:45:00,478.47,2992.84,100.59,2.01,63.41,51.29,24.54,56.24,running,1,0,3,12,0.8081,-1.7967,-4.3125,0
PUMP-HEALTHY,2026-01-01T04:50:00,482.07,2993.55,103.14,2.93,62.7,50.26,24.23,55.2,running,1,0,4,12,0.919,2.5426,-0.7115,0
PUMP-HEALTHY,2026-01-01T04:55:00,477.68,3035.17,103.82,1.17,68.82,47.06,22.48,41.1,running,1,0,0,12,-1.7576,0.6786,6.1155,0
PUMP-HEALTHY,2026-01-01T05:00:00,479.94,2982.5,101.41,1.71,62.58,47.94,23.01,41.99,running,1,0,4,12,0.5363,-2.4023,-6.2328,0
PUMP-HEALTHY,2026-01-01T05:05:00,484.48,2958.56,103.04,1.98,67.58,50.36,24.4,52.27,running,1,0,0,12,0.2675,1.6277,4.9981,0
PUMP-HEALTHY,2026-01-01T05:10:00,477.94,2990.44,99.7,2.33,63.69,47.99,22.94,48.84,running,1,0,2,12,0.3508,-3.3374,-3.8914,0
PUMP-HEALTHY,2026-01-01T05:15:00,482.03,2977.09,99.76,1.24,61.93,47.15,22.73,37.99,running,1,0,1,12,-1.0866,0.0567,-1.7644,0
PUMP-HEALTHY,2026-01-01T05:20:00,482.39,2977.65,102.13,2.52,65.97,52.24,25.2,59.51,running,1,0,2,12,1.2791,2.3673,4.0421,0
PUMP-HEALTHY,2026-01-01T05:25:00,475.14,3003.41,99.92,2.95,65.53,47.54,22.59,52.44,running,1,0,0,12,0.4282,-2.2069,-0.4343,0
PUMP-HEALTHY,2026-01-01T05:30:00,480.74,2996.94,101.08,1.37,60.51,50.51,24.28,58.53,running,1,0,0,12,-1.5799,1.1631,-5.0198,0
PUMP-HEALTHY,2026-01-01T05:35:00,480.77,3018.65,99.06,2.62,69.49,45.74,21.99,37.13,running,1,0,4,12,1.2536,-2.0212,8.9775,0
PUMP-HEALTHY,2026-01-01T05:40:00,482.91,2972.57,101.66,1.9,64.43,52.37,25.29,56.5,running,1,0,4,12,-0.7213,2.5959,-5.064,0
PUMP-HEALTHY,2026-01-01T05:45:00,484.6,2959.92,103.34,2.25,62.65,46.01,22.3,37.03,running,1,0,3,12,0.35,1.6812,-1.7807,0
PUMP-HEALTHY,2026-01-01T05:50:00,479.51,3009.38,100.04,1.46,67.07,49.24,23.61,52.57,running,1,0,4,12,-0.7881,-3.3003,4.4231,0
PUMP-HEALTHY,2026-01-01T05:55:00,481.61,3043.37,100.98,2.09,66.48,51.83,24.96,57.71,running,1,0,2,12,0.6262,0.9372,-0.5932,0
PUMP-HEALTHY,2026-01-01T06:00:00,480.95,3032.42,104.45,1.88,64.69,47.36,22.78,42.6,running,1,0,3,12,-0.2108,3.4724,-1.7894,0
PUMP-HEALTHY,2026-01-01T06:05:00,475.8,2953.99,101.02,1.64,62.5,48.21,22.94,37.28,running,1,0,0,12,-0.2337,-3.4241,-2.1833,0
PUMP-HEALTHY,2026-01-01T06:10:00,485.0,3017.23,99.89,1.08,67.56,49.44,23.98,46.76,running,1,0,4,12,-0.5642,-1.1376,5.059,0
PUMP-HEALTHY,2026-01-01T06:15:00,479.36,3031.42,104.78,1.94,64.08,46.11,22.1,43.03,running,1,0,3,12,0.8596,4.8968,-3.4792,0
PUMP-HEALTHY,2026-01-01T06:20:00,477.88,3044.52,103.69,2.1,64.55,46.83,22.38,42.86,running,1,0,4,12,0.1602,-1.0884,0.4648,0
PUMP-HEALTHY,2026-01-01T06:25:00,483.25,2950.12,104.09,1.92,60.54,49.39,23.87,47.96,running,1,0,0,12,-0.1762,0.3906,-4.0062,0
PUMP-HEALTHY,2026-01-01T06:30:00,477.04,3004.92,104.49,1.88,66.98,48.49,23.13,38.04,running,1,0,1,12,-0.0477,0.4081,6.4405,0
PUMP-HEALTHY,2026-01-01T06:35:00,478.11,2951.37,100.86,1.45,68.41,48.44,23.16,37.84,running,1,0,2,12,-0.4268,-3.6378,1.4316,0
PUMP-HEALTHY,2026-01-01T06:40:00,480.09,2977.34,103.84,2.96,62.44,48.32,23.2,48.78,running,1,0,1,12,1.5111,2.9871,-5.9767,0
PUMP-HEALTHY,2026-01-01T06:45:00,483.64,2977.62,103.53,1.83,69.34,50.17,24.26,47.69,running,1,0,4,12,-1.1306,-0.313,6.9052,0
PUMP-HEALTHY,2026-01-01T06:50:00,480.8,3015.99,104.06,1.89,64.84,48.91,23.52,43.31,running,1,0,1,12,0.0632,0.5268,-4.4991,0
PUMP-HEALTHY,2026-01-01T06:55:00,484.81,2973.88,100.68,2.71,64.11,48.02,23.28,42.95,running,1,0,1,12,0.8189,-3.376,-0.7357,0
PUMP-HEALTHY,2026-01-01T07:00:00,479.95,2953.7,101.52,2.18,68.7,49.99,23.99,56.85,running,1,0,1,12,-0.5317,0.8352,4.5893,0
PUMP-HEALTHY,2026-01-01T07:05:00,479.1,3015.48,99.08,1.94,69.69,48.52,23.25,43.46,running,1,0,4,12,-0.2414,-2.4355,0.995,0
PUMP-HEALTHY,2026-01-01T07:10:00,478.8,2981.67,103.03,2.52,68.72,44.64,21.37,35.9,running,1,0,1,12,0.5798,3.9505,-0.9682,0
PUMP-HEALTHY,2026-01-01T07:15:00,482.47,2993.4,98.69,2.27,68.73,49.28,23.78,46.09,running,1,0,0,12,-0.2513,-4.3419,0.002,0
PUMP-HEALTHY,2026-01-01T07:20:00,477.93,2987.48,99.02,2.06,65.66,48.37,23.12,54.81,running,1,0,4,12,-0.2052,0.3299,-3.0665,0
PUMP-HEALTHY,2026-01-01T07:25:00,481.83,2999.77,102.08,1.46,66.38,49.19,23.7,46.49,running,1,0,2,12,-0.598,3.0631,0.7198,0
PUMP-HEALTHY,2026-01-01T07:30:00,481.78,2965.8,101.09,1.69,65.88,49.02,23.62,50.97,running,1,0,1,12,0.2268,-0.99,-0.5033,0
PUMP-HEALTHY,2026-01-01T07:35:00,484.99,3035.33,98.75,1.76,63.59,48.84,23.69,42.4,running,1,0,3,12,0.0716,-2.3455,-2.2861,0
PUMP-HEALTHY,2026-01-01T07:40:00,477.74,3006.59,102.8,2.49,60.49,48.83,23.33,50.16,running,1,0,1,12,0.7266,4.054,-3.0991,0
PUMP-HEALTHY,2026-01-01T07:45:00,481.07,2985.23,102.46,2.24,66.78,50.27,24.18,53.02,running,1,0,0,12,-0.2476,-0.3443,6.2872,0
PUMP-HEALTHY,2026-01-01T07:50:00,478.09,2994.08,102.06,2.46,60.9,48.46,23.17,42.38,running,1,0,4,12,0.2229,-0.3993,-5.8763,0
PUMP-HEALTHY,2026-01-01T07:55:00,483.76,2986.59,101.51,1.55,61.65,52.5,25.4,57.85,running,1,0,2,12,-0.9197,-0.5445,0.7441,0
PUMP-HEALTHY,2026-01-01T08:00:00,483.04,2996.83,98.53,2.51,62.26,50.29,24.29,51.91,running,1,0,4,12,0.9632,-2.9855,0.6107,0
PUMP-HEALTHY,2026-01-01T08:05:00,478.66,3029.07,98.1,2.07,64.55,49.91,23.89,51.82,running,1,0,2,12,-0.4352,-0.4297,2.2917,0
PUMP-HEALTHY,2026-01-01T08:10:00,476.08,2973.38,98.18,2.77,65.61,48.98,23.32,57.88,running,1,0,2,12,0.6953,0.0777,1.0662,0
PUMP-HEALTHY,2026-01-01T08:15:00,481.49,2961.67,98.32,1.07,69.96,45.89,22.09,37.9,running,1,0,2,12,-1.694,0.1423,4.3452,0
PUMP-HEALTHY,2026-01-01T08:20:00,481.7,3024.31,104.62,1.84,67.42,46.8,22.54,38.86,running,1,0,3,12,0.7638,6.3044,-2.5366,0
PUMP-HEALTHY,2026-01-01T08:25:00,484.39,2977.97,102.83,1.43,64.45,47.18,22.85,40.9,running,1,0,2,12,-0.4037,-1.7899,-2.9757,0
PUMP-HEALTHY,2026-01-01T08:30:00,475.61,2977.59,104.78,2.9,68.24,45.19,21.49,37.29,running,1,0,0,12,1.4635,1.9455,3.795,0
PUMP-HEALTHY,2026-01-01T08:35:00,482.87,2974.36,98.88,2.13,60.69,48.81,23.57,54.13,running,1,0,2,12,-0.7689,-5.896,-7.5558,0
PUMP-HEALTHY,2026-01-01T08:40:00,482.74,3028.86,102.17,1.55,69.84,51.13,24.68,59.69,running,1,0,0,12,-0.5746,3.2904,9.1542,0
PUMP-HEALTHY,2026-01-01T08:45:00,476.32,2985.82,103.52,2.18,60.16,45.69,21.77,41.63,running,1,0,0,12,0.6232,1.3471,-9.6825,0
PUMP-HEALTHY,2026-01-01T08:50:00,479.76,3027.8,101.59,1.22,65.04,48.71,23.37,58.64,running,1,0,4,12,-0.9596,-1.9264,4.8806,0
PUMP-HEALTHY,2026-01-01T08:55:00,478.02,3014.33,98.22,3.0,68.47,46.48,22.22,45.66,running,1,0,0,12,1.7791,-3.3746,3.4346,0
PUMP-HEALTHY,2026-01-01T09:00:00,478.22,2964.83,98.88,2.25,65.85,48.88,23.38,52.8,running,1,0,4,12,-0.7485,0.6653,-2.6193,0
PUMP-HEALTHY,2026-01-01T09:05:00,481.05,2959.92,102.91,2.71,66.51,50.73,24.4,54.22,running,1,0,1,12,0.457,4.0291,0.6555,0
PUMP-HEALTHY,2026-01-01T09:10:00,479.14,3032.74,100.79,2.46,63.13,46.65,22.35,42.81,running,1,0,3,12,-0.2464,-2.1213,-3.3837,0
PUMP-HEALTHY,2026-01-01T09:15:00,475.67,3033.18,98.65,1.19,67.39,49.82,23.7,55.29,running,1,0,2,12,-1.2661,-2.1385,4.2625,0
PUMP-HEALTHY,2026-01-01T09:20:00,481.7,2991.08,104.12,2.88,64.23,48.77,23.49,57.9,running,1,0,0,12,1.6891,5.4626,-3.1586,0
PUMP-HEALTHY,2026-01-01T09:25:00,480.78,2971.27,102.6,1.45,61.08,49.64,23.87,56.13,running,1,0,3,12,-1.4338,-1.5181,-3.1472,0
PUMP-HEALTHY,2026-01-01T09:30:00,483.45,3047.45,103.73,2.23,66.43,48.42,23.41,35.66,running,1,0,1,12,0.7787,1.1318,5.3448,0
PUMP-HEALTHY,2026-01-01T09:35:00,477.73,3026.24,104.45,1.7,61.81,47.39,22.64,38.58,running,1,0,0,12,-0.5251,0.7218,-4.6129,0
PUMP-HEALTHY,2026-01-01T09:40:00,475.92,3003.05,100.63,1.91,61.57,46.66,22.21,42.79,running,1,0,0,12,0.2052,-3.8174,-0.24,0
PUMP-HEALTHY,2026-01-01T09:45:00,476.56,3025.44,98.35,1.16,64.43,48.35,23.04,45.6,running,1,0,4,12,-0.7441,-2.285,2.857,0
PUMP-HEALTHY,2026-01-01T09:50:00,476.14,2992.99,99.98,2.36,64.87,47.16,22.46,51.68,running,1,0,0,12,1.1938,1.6344,0.4352,0
PUMP-HEALTHY,2026-01-01T09:55:00,477.04,3044.53,103.37,2.53,62.89,46.58,22.22,38.0,running,1,0,4,12,0.1713,3.3887,-1.9719,0
PUMP-HEALTHY,2026-01-01T10:00:00,482.04,3000.03,103.83,2.61,60.72,48.52,23.39,56.54,running,1,0,2,12,0.0841,0.462,-2.1737,0
PUMP-HEALTHY,2026-01-01T10:05:00,480.76,3007.34,102.97,1.84,61.15,45.76,22.0,35.52,running,1,0,2,12,-0.777,-0.867,0.431,0
PUMP-HEALTHY,2026-01-01T10:10:00,475.88,3034.45,99.7,2.18,65.24,46.98,22.36,44.89,running,1,0,1,12,0.3424,-3.2633,4.0879,0
PUMP-HEALTHY,2026-01-01T10:15:00,475.76,3013.32,101.71,1.39,67.76,49.36,23.48,43.78,running,1,0,0,12,-0.7899,2.011,2.5227,0
PUMP-HEALTHY,2026-01-01T10:20:00,476.46,2969.73,102.22,2.52,66.56,47.89,22.82,39.43,running,1,0,4,12,1.1326,0.5026,-1.2072,0
PUMP-HEALTHY,2026-01-01T10:25:00,479.49,3042.42,101.95,2.27,66.25,50.66,24.29,56.61,running,1,0,3,12,-0.2498,-0.2654,-0.3099,0
PUMP-HEALTHY,2026-01-01T10:30:00,481.31,3029.63,102.14,1.7,60.74,46.64,22.45,46.54,running,1,0,0,12,-0.5667,0.1885,-5.5033,0
PUMP-HEALTHY,2026-01-01T10:35:00,481.15,3000.71,101.24,2.11,67.92,50.23,24.17,57.4,running,1,0,2,12,0.4047,-0.901,7.1763,0
PUMP-HEALTHY,2026-01-01T10:40:00,481.05,3000.14,104.7,1.9,68.11,52.09,25.06,55.93,running,1,0,0,12,-0.2076,3.4651,0.1915,0
PUMP-HEALTHY,2026-01-01T10:45:00,477.48,2993.78,101.08,2.05,61.59,46.9,22.39,44.32,running,1,0,4,12,0.1444,-3.6281,-6.5222,0
PUMP-HEALTHY,2026-01-01T10:50:00,475.52,3013.09,100.34,1.66,65.58,46.67,22.19,44.66,running,1,0,4,12,-0.3861,-0.7334,3.9922,0
PUMP-HEALTHY,2026-01-01T10:55:00,483.73,2983.34,102.08,1.28,63.5,51.76,25.04,59.19,running,1,0,0,12,-0.3765,1.7366,-2.0814,0
PUMP-HEALTHY,2026-01-01T11:00:00,478.1,2987.67,103.54,2.63,66.7,50.83,24.3,55.72,running,1,0,3,12,1.3435,1.4625,3.203,0
PUMP-HEALTHY,2026-01-01T11:05:00,480.08,2951.82,100.16,2.9,63.42,48.52,23.3,54.15,running,1,0,2,12,0.276,-3.3796,-3.2838,0
PUMP-HEALTHY,2026-01-01T11:10:00,483.44,2960.11,103.4,2.67,68.84,46.1,22.29,35.94,running,1,0,3,12,-0.2321,3.2341,5.4195,0
PUMP-HEALTHY,2026-01-01T11:15:00,476.54,2968.08,102.85,2.25,69.03,47.43,22.6,53.03,running,1,0,3,12,-0.4208,-0.5462,0.1897,0
PUMP-HEALTHY,2026-01-01T11:20:00,481.11,3025.24,103.49,1.47,62.39,51.87,24.96,59.14,running,1,0,4,12,-0.7815,0.6367,-6.6349,0
PUMP-HEALTHY,2026-01-01T11:25:00,484.84,2996.17,99.97,1.76,65.27,52.32,25.37,59.16,running,1,0,2,12,0.2957,-3.5142,2.8829,0
PUMP-HEALTHY,2026-01-01T11:30:00,475.52,2998.06,100.6,2.87,67.11,46.75,22.23,47.9,running,1,0,3,12,1.1048,0.6261,1.8394,0
PUMP-HEALTHY,2026-01-01T11:35:00,484.05,2964.73,101.06,2.89,62.22,48.07,23.27,46.28,running,1,0,4,12,0.0242,0.4638,-4.8936,0
PUMP-HEALTHY,2026-01-01T11:40:00,478.74,2988.62,98.57,1.45,63.19,47.5,22.74,37.48,running,1,0,0,12,-1.4437,-2.4911,0.9665,0
PUMP-HEALTHY,2026-01-01T11:45:00,477.87,3032.98,102.87,1.28,67.06,46.16,22.06,46.22,running,1,0,1,12,-0.1715,4.3013,3.8685,0
PUMP-HEALTHY,2026-01-01T11:50:00,480.49,3022.72,101.69,1.22,62.88,45.89,22.05,42.53,running,1,0,3,12,-0.0552,-1.1781,-4.1743,0
PUMP-HEALTHY,2026-01-01T11:55:00,475.63,3033.67,101.5,2.07,66.32,49.4,23.49,49.38,running,1,0,2,12,0.8497,-0.1956,3.4385,0
PUMP-HEALTHY,2026-01-01T12:00:00,477.41,2991.66,102.65,1.17,69.75,46.49,22.2,36.69,running,1,0,4,12,-0.9009,1.1518,3.427,0
PUMP-HEALTHY,2026-01-01T12:05:00,475.2,3037.33,98.3,1.77,63.73,48.69,23.14,53.68,running,1,0,0,12,0.6025,-4.3459,-6.0135,0
PUMP-HEALTHY,2026-01-01T12:10:00,482.72,3023.52,100.33,1.09,65.46,48.89,23.6,55.34,running,1,0,3,12,-0.6851,2.0229,1.7271,0
PUMP-HEALTHY,2026-01-01T12:15:00,481.32,3031.15,98.44,2.55,64.58,45.91,22.1,42.34,running,1,0,2,12,1.4637,-1.8859,-0.8833,0
PUMP-HEALTHY,2026-01-01T12:20:00,480.15,3048.91,101.8,1.51,67.53,46.6,22.38,39.78,running,1,0,2,12,-1.0458,3.3595,2.9561,0
PUMP-HEALTHY,2026-01-01T12:25:00,477.73,3029.93,101.06,1.8,64.4,49.77,23.78,58.91,running,1,0,2,12,0.2934,-0.7426,-3.1355,0
PUMP-HEALTHY,2026-01-01T12:30:00,484.24,3001.93,103.61,2.45,60.79,50.65,24.53,50.06,running,1,0,0,12,0.6541,2.5494,-3.6081,0
PUMP-HEALTHY,2026-01-01T12:35:00,478.28,2979.56,101.12,2.44,61.67,47.94,22.93,46.1,running,1,0,4,12,-0.0188,-2.4866,0.8772,0
PUMP-HEALTHY,2026-01-01T12:40:00,484.98,2977.46,104.86,2.9,60.75,49.04,23.78,50.94,running,1,0,0,12,0.4605,3.7388,-0.916,0
PUMP-HEALTHY,2026-01-01T12:45:00,476.43,3010.76,103.47,1.07,60.67,48.97,23.33,54.46,running,1,0,4,12,-1.8262,-1.391,-0.0781,0
PUMP-HEALTHY,2026-01-01T12:50:00,476.53,2994.99,100.6,1.89,60.77,46.1,21.97,38.44,running,1,0,0,12,0.8183,-2.8724,0.0965,0
PUMP-HEALTHY,2026-01-01T12:55:00,475.26,2968.6,101.62,2.83,61.18,50.21,23.86,54.37,running,1,0,3,12,0.9392,1.0275,0.4088,0
PUMP-HEALTHY,2026-01-01T13:00:00,477.0,2963.57,98.52,1.35,67.13,51.78,24.7,59.93,running,1,0,2,12,-1.4818,-3.1059,5.9561,0
PUMP-HEALTHY,2026-01-01T13:05:00,482.1,3005.0,100.03,1.6,61.58,50.47,24.33,52.74,running,1,0,1,12,0.2546,1.5142,-5.5586,0
PUMP-HEALTHY,2026-01-01T13:10:00,476.21,2970.1,98.97,2.58,60.26,47.95,22.84,48.85,running,1,0,4,12,0.9808,-1.0604,-1.3122,0
PUMP-HEALTHY,2026-01-01T13:15:00,483.84,2956.57,100.79,2.43,64.79,48.11,23.28,45.27,running,1,0,2,12,-0.1469,1.815,4.5238,0
PUMP-HEALTHY,2026-01-01T13:20:00,481.42,2995.0,102.76,1.69,68.78,50.49,24.31,54.51,running,1,0,3,12,-0.7448,1.9736,3.993,0
PUMP-HEALTHY,2026-01-01T13:25:00,480.03,3036.82,103.82,2.04,63.04,48.77,23.41,39.05,running,1,0,4,12,0.3472,1.059,-5.7384,0
PUMP-HEALTHY,2026-01-01T13:30:00,483.95,3034.59,99.75,2.27,65.51,46.4,22.46,38.13,running,1,0,1,12,0.2339,-4.0655,2.4672,0
PUMP-HEALTHY,2026-01-01T13:35:00,480.92,3008.06,99.2,2.25,69.02,49.59,23.85,43.44,running,1,0,0,12,-0.0212,-0.5558,3.5116,0
PUMP-HEALTHY,2026-01-01T13:40:00,475.45,3014.15,102.04,2.3,67.67,48.35,22.99,45.41,running,1,0,2,12,0.0533,2.839,-1.3504,0
PUMP-HEALTHY,2026-01-01T13:45:00,481.42,2980.21,99.71,2.61,64.06,49.21,23.69,46.34,running,1,0,3,12,0.3124,-2.3233,-3.6087,0
PUMP-HEALTHY,2026-01-01T13:50:00,477.04,3010.67,100.19,2.44,67.34,51.83,24.72,56.52,running,1,0,4,12,-0.178,0.4739,3.2811,0
PUMP-HEALTHY,2026-01-01T13:55:00,476.06,2974.17,98.86,1.9,61.41,47.98,22.84,36.27,running,1,0,1,12,-0.5375,-1.3304,-5.9332,0
PUMP-HEALTHY,2026-01-01T14:00:00,483.13,3043.38,103.05,1.38,61.59,50.91,24.6,59.9,running,1,0,0,12,-0.5195,4.1902,0.1846,0
PUMP-HEALTHY,2026-01-01T14:05:00,484.45,3000.54,104.77,1.43,63.53,46.88,22.71,36.26,running,1,0,3,12,0.0506,1.7189,1.9355,0
PUMP-HEALTHY,2026-01-01T14:10:00,477.86,2950.82,98.75,1.27,62.64,47.38,22.64,44.14,running,1,0,4,12,-0.1624,-6.0143,-0.8842,0
PUMP-HEALTHY,2026-01-01T14:15:00,476.95,3005.32,98.51,2.01,67.64,49.26,23.49,41.99,running,1,0,0,12,0.7406,-0.2378,4.9993,0
PUMP-HEALTHY,2026-01-01T14:20:00,478.94,3029.49,100.37,2.88,67.55,47.14,22.58,39.98,running,1,0,1,12,0.8694,1.8589,-0.0944,0
PUMP-HEALTHY,2026-01-01T14:25:00,482.14,3030.4,101.64,1.3,68.93,48.83,23.54,38.49,running,1,0,4,12,-1.58,1.2617,1.3817,0
PUMP-HEALTHY,2026-01-01T14:30:00,482.39,2979.92,100.35,2.66,65.32,48.89,23.58,52.72,running,1,0,0,12,1.3587,-1.2807,-3.6079,0
PUMP-HEALTHY,2026-01-01T14:35:00,484.8,3008.37,103.58,2.45,66.88,46.72,22.65,35.67,running,1,0,4,12,-0.2059,3.2227,1.557,0
PUMP-HEALTHY,2026-01-01T14:40:00,480.78,3022.14,102.08,1.34,66.29,50.52,24.29,50.49,running,1,0,0,12,-1.1096,-1.4926,-0.5902,0
PUMP-HEALTHY,2026-01-01T14:45:00,480.73,3020.05,99.34,1.88,64.19,47.03,22.61,45.32,running,1,0,3,12,0.5411,-2.7492,-2.1024,0
PUMP-HEALTHY,2026-01-01T14:50:00,483.73,3023.58,98.44,1.28,62.07,48.72,23.57,43.13,running,1,0,1,12,-0.6059,-0.8995,-2.1144,0
PUMP-HEALTHY,2026-01-01T14:55:00,479.6,3003.31,101.82,2.35,68.68,50.54,24.24,52.02,running,1,0,1,12,1.0756,3.3879,6.6031,0
PUMP-HEALTHY,2026-01-01T15:00:00,477.79,2979.85,104.59,2.96,67.71,50.05,23.91,52.62,running,1,0,4,12,0.6128,2.7665,-0.9648,0
PUMP-HEALTHY,2026-01-01T15:05:00,484.34,3029.54,99.91,1.24,66.77,50.29,24.36,44.49,running,1,0,1,12,-1.7208,-4.6762,-0.9455,0
PUMP-HEALTHY,2026-01-01T15:10:00,477.9,2978.76,103.0,1.69,64.42,47.2,22.56,41.41,running,1,0,4,12,0.449,3.0848,-2.3425,0
PUMP-HEALTHY,2026-01-01T15:15:00,481.96,2963.73,102.31,2.17,62.42,49.6,23.91,51.75,running,1,0,3,12,0.4809,-0.6892,-1.9992,0
PUMP-HEALTHY,2026-01-01T15:20:00,478.3,2997.24,102.77,1.27,69.65,49.19,23.53,59.45,running,1,0,3,12,-0.8987,0.4586,7.2206,0
PUMP-HEALTHY,2026-01-01T15:25:00,479.77,2969.95,104.75,1.64,66.46,48.72,23.38,57.7,running,1,0,0,12,0.3674,1.9791,-3.1862,0
PUMP-HEALTHY,2026-01-01T15:30:00,484.13,2967.51,104.18,1.35,69.2,50.72,24.56,59.93,running,1,0,2,12,-0.2908,-0.5717,2.7374,0
PUMP-HEALTHY,2026-01-01T15:35:00,483.77,2950.93,101.98,1.21,69.83,49.85,24.12,42.11,running,1,0,1,12,-0.137,-2.2,0.6336,0
PUMP-HEALTHY,2026-01-01T15:40:00,483.51,2996.8,99.35,1.23,61.62,47.69,23.06,46.47,running,1,0,2,12,0.0107,-2.6261,-8.205,0
PUMP-HEALTHY,2026-01-01T15:45:00,480.68,3025.73,99.23,2.71,68.97,50.14,24.1,55.67,running,1,0,1,12,1.487,-0.1212,7.3455,0
PUMP-HEALTHY,2026-01-01T15:50:00,484.82,2997.75,104.55,1.01,63.84,47.78,23.16,46.17,running,1,0,4,12,-1.6986,5.3223,-5.1347,0
PUMP-HEALTHY,2026-01-01T15:55:00,475.11,3015.37,102.85,1.12,61.18,46.9,22.28,42.67,running,1,0,2,12,0.1106,-1.7014,-2.6535,0
PUMP-HEALTHY,2026-01-01T16:00:00,481.9,3013.87,104.58,1.74,62.21,50.68,24.42,58.93,running,1,0,2,12,0.6108,1.7351,1.0262,0
PUMP-HEALTHY,2026-01-01T16:05:00,479.16,3004.92,101.3,2.08,66.64,46.2,22.14,40.46,running,1,0,0,12,0.3399,-3.2887,4.4325,0
PUMP-HEALTHY,2026-01-01T16:10:00,480.26,3002.82,100.53,2.83,61.12,51.66,24.81,55.72,running,1,0,1,12,0.7595,-0.7633,-5.5189,0
PUMP-HEALTHY,2026-01-01T16:15:00,478.28,3002.03,98.81,1.41,65.83,46.61,22.29,37.27,running,1,0,4,12,-1.4237,-1.7188,4.7094,0
PUMP-HEALTHY,2026-01-01T16:20:00,479.15,3006.39,101.91,2.35,63.08,45.35,21.73,35.54,running,1,0,0,12,0.9347,3.0979,-2.7498,0
PUMP-HEALTHY,2026-01-01T16:25:00,475.45,2984.45,98.45,2.99,69.35,47.97,22.81,36.73,running,1,0,1,12,0.6427,-3.4653,6.2641,0
PUMP-HEALTHY,2026-01-01T16:30:00,482.66,3047.83,102.52,1.84,69.93,49.72,24.0,44.56,running,1,0,4,12,-1.1475,4.0748,0.5827,0
PUMP-HEALTHY,2026-01-01T16:35:00,476.33,3036.03,98.83,2.99,63.93,48.48,23.09,38.18,running,1,0,2,12,1.145,-3.6907,-5.998,0
PUMP-HEALTHY,2026-01-01T16:40:00,479.63,3021.91,100.97,1.76,62.3,46.96,22.52,46.52,running,1,0,0,12,-1.2271,2.1385,-1.6339,0
PUMP-HEALTHY,2026-01-01T16:45:00,475.32,3016.02,102.3,2.87,68.89,45.26,21.51,41.02,running,1,0,0,12,1.1139,1.3356,6.5938,0
PUMP-HEALTHY,2026-01-01T16:50:00,477.45,2954.42,101.07,2.08,67.54,48.14,22.98,54.4,running,1,0,4,12,-0.793,-1.2317,-1.3466,0
PUMP-HEALTHY,2026-01-01T16:55:00,478.19,3009.79,102.71,1.64,63.02,47.43,22.68,38.58,running,1,0,0,12,-0.4382,1.635,-4.5262,0
PUMP-HEALTHY,2026-01-01T17:00:00,480.57,3009.17,103.15,1.35,66.79,47.04,22.6,48.9,running,1,0,3,12,-0.2911,0.4388,3.7699,0
PUMP-HEALTHY,2026-01-01T17:05:00,482.86,2981.87,100.91,1.3,63.76,49.83,24.06,53.86,running,1,0,1,12,-0.0518,-2.2322,-3.0229,0
PUMP-HEALTHY,2026-01-01T17:10:00,483.06,3041.47,101.94,2.94,65.57,46.13,22.28,38.35,running,1,0,3,12,1.6371,1.0224,1.8083,0
PUMP-HEALTHY,2026-01-01T17:15:00,483.47,2959.25,103.07,1.38,62.68,50.03,24.19,51.84,running,1,0,4,12,-1.5546,1.1354,-2.8883,0
PUMP-HEALTHY,2026-01-01T17:20:00,482.24,3005.89,101.36,2.74,63.33,48.85,23.56,58.93,running,1,0,0,12,1.358,-1.7163,0.645,0
PUMP-HEALTHY,2026-01-01T17:25:00,482.47,3025.43,104.4,2.39,67.04,47.25,22.8,44.92,running,1,0,3,12,-0.3477,3.0453,3.708,0
PUMP-HEALTHY,2026-01-01T17:30:00,480.34,2985.93,99.83,2.03,64.97,48.7,23.39,37.47,running,1,0,1,12,-0.3656,-4.5702,-2.0649,0
PUMP-HEALTHY,2026-01-01T17:35:00,478.71,2991.39,101.94,1.44,61.46,49.1,23.51,41.52,running,1,0,1,12,-0.5831,2.1067,-3.5135,0
PUMP-HEALTHY,2026-01-01T17:40:00,476.96,2973.0,101.99,1.49,65.51,49.64,23.68,58.59,running,1,0,3,12,0.0489,0.0509,4.0472,0
PUMP-HEALTHY,2026-01-01T17:45:00,479.61,3023.28,100.47,1.28,65.47,48.65,23.33,39.6,running,1,0,4,12,-0.2115,-1.5233,-0.041,0
PUMP-HEALTHY,2026-01-01T17:50:00,475.34,3034.67,104.62,2.34,67.64,49.14,23.36,45.31,running,1,0,0,12,1.0565,4.1511,2.1779,0
PUMP-HEALTHY,2026-01-01T17:55:00,477.19,2995.6,98.42,2.28,69.34,50.81,24.25,57.82,running,1,0,3,12,-0.061,-6.1932,1.6956,0
PUMP-HEALTHY,2026-01-01T18:00:00,475.12,3002.94,99.92,2.95,60.17,50.25,23.87,55.33,running,1,0,0,12,0.6795,1.5,-9.1676,0
PUMP-HEALTHY,2026-01-01T18:05:00,484.18,3002.44,99.69,2.24,62.52,49.42,23.93,43.86,running,1,0,3,12,-0.7154,-0.2364,2.3528,0
PUMP-HEALTHY,2026-01-01T18:10:00,480.65,3049.02,99.58,2.37,68.48,50.73,24.38,51.34,running,1,0,3,12,0.1285,-0.1058,5.9545,0
PUMP-HEALTHY,2026-01-01T18:15:00,478.77,2997.6,102.46,2.41,60.83,50.58,24.22,56.13,running,1,0,0,12,0.0376,2.8762,-7.6518,0
PUMP-HEALTHY,2026-01-01T18:20:00,483.95,3041.92,99.61,2.8,66.92,48.26,23.36,49.17,running,1,0,2,12,0.3969,-2.8489,6.096,0
PUMP-HEALTHY,2026-01-01T18:25:00,483.99,3006.35,98.23,2.86,63.14,51.31,24.83,59.04,running,1,0,3,12,0.055,-1.3781,-3.778,0
PUMP-HEALTHY,2026-01-01T18:30:00,484.29,2979.93,101.95,2.13,68.49,49.87,24.15,51.93,running,1,0,0,12,-0.7241,3.7174,5.3496,0
PUMP-HEALTHY,2026-01-01T18:35:00,480.01,3047.43,98.38,1.87,68.39,48.91,23.48,43.51,running,1,0,2,12,-0.2592,-3.5718,-0.1077,0
PUMP-HEALTHY,2026-01-01T18:40:00,475.3,2977.33,104.95,1.98,63.56,49.87,23.7,58.53,running,1,0,0,12,0.107,6.5722,-4.8286,0
PUMP-HEALTHY,2026-01-01T18:45:00,482.72,2979.54,99.73,1.15,62.68,49.37,23.83,44.5,running,1,0,2,12,-0.8342,-5.223,-0.8784,0
PUMP-HEALTHY,2026-01-01T18:50:00,476.07,2950.52,100.16,1.72,62.7,45.32,21.57,38.31,running,1,0,3,12,0.5728,0.4327,0.0179,0
PUMP-HEALTHY,2026-01-01T18:55:00,476.03,2958.96,101.88,2.19,67.84,47.91,22.8,56.59,running,1,0,4,12,0.474,1.7217,5.1467,0
PUMP-HEALTHY,2026-01-01T19:00:00,484.05,3047.82,102.0,1.34,63.81,46.47,22.49,38.47,running,1,0,3,12,-0.8547,0.1242,-4.0371,0
PUMP-HEALTHY,2026-01-01T19:05:00,477.76,2979.98,103.48,1.72,69.44,49.34,23.57,53.02,running,1,0,1,12,0.3831,1.4749,5.6349,0
PUMP-HEALTHY,2026-01-01T19:10:00,478.05,3044.88,100.33,2.24,68.04,46.96,22.45,43.24,running,1,0,4,12,0.5181,-3.1531,-1.4015,0
PUMP-HEALTHY,2026-01-01T19:15:00,476.36,2982.07,104.63,1.4,63.14,52.21,24.87,59.11,running,1,0,3,12,-0.8387,4.3054,-4.8989,0
PUMP-HEALTHY,2026-01-01T19:20:00,484.68,3028.2,100.28,1.56,67.86,50.06,24.26,44.13,running,1,0,1,12,0.1589,-4.3497,4.7168,0
PUMP-HEALTHY,2026-01-01T19:25:00,481.82,3005.01,104.67,1.92,67.08,47.59,22.93,45.96,running,1,0,3,12,0.3626,4.3898,-0.775,0
PUMP-HEALTHY,2026-01-01T19:30:00,481.73,2963.92,100.12,1.51,61.54,47.86,23.05,45.58,running,1,0,4,12,-0.4179,-4.5512,-5.5422,0
PUMP-HEALTHY,2026-01-01T19:35:00,479.01,3000.66,104.44,2.38,65.44,49.21,23.57,54.77,running,1,0,0,12,0.8781,4.3229,3.895,0
PUMP-HEALTHY,2026-01-01T19:40:00,476.09,2974.82,102.65,1.33,66.13,49.09,23.37,49.08,running,1,0,2,12,-1.0507,-1.7899,0.6903,0
PUMP-HEALTHY,2026-01-01T19:45:00,484.66,2993.05,98.07,1.52,65.11,49.34,23.92,47.97,running,1,0,3,12,0.1848,-4.579,-1.02,0
PUMP-HEALTHY,2026-01-01T19:50:00,479.63,3017.96,102.83,1.3,69.98,47.62,22.84,47.07,running,1,0,1,12,-0.216,4.7592,4.8703,0
PUMP-HEALTHY,2026-01-01T19:55:00,478.48,2984.31,103.49,2.04,63.48,47.5,22.73,37.44,running,1,0,0,12,0.7407,0.6568,-6.494,0
PUMP-HEALTHY,2026-01-01T20:00:00,483.1,2961.51,103.94,2.3,66.77,49.23,23.78,39.11,running,1,0,1,12,0.2537,0.4544,3.2884,0
PUMP-HEALTHY,2026-01-01T20:05:00,478.31,2992.64,101.23,2.6,66.3,47.63,22.78,39.66,running,1,0,1,12,0.2996,-2.7099,-0.4738,0
PUMP-HEALTHY,2026-01-01T20:10:00,479.5,2992.96,98.03,1.43,62.78,50.61,24.27,52.59,running,1,0,4,12,-1.1659,-3.2032,-3.5142,0
PUMP-HEALTHY,2026-01-01T20:15:00,476.87,2982.6,101.2,1.52,68.63,48.97,23.35,48.19,running,1,0,4,12,0.0951,3.1717,5.8429,0
PUMP-HEALTHY,2026-01-01T20:20:00,476.14,2985.2,101.21,1.35,66.74,51.26,24.41,55.02,running,1,0,2,12,-0.1797,0.0022,-1.8905,0
PUMP-HEALTHY,2026-01-01T20:25:00,476.18,2980.54,99.28,2.39,65.11,46.42,22.1,45.46,running,1,0,4,12,1.0418,-1.9237,-1.6276,0
PUMP-HEALTHY,2026-01-01T20:30:00,481.93,3014.53,105.0,2.11,64.9,46.35,22.34,38.51,running,1,0,2,12,-0.277,5.718,-0.2118,0
PUMP-HEALTHY,2026-01-01T20:35:00,484.52,2998.46,99.37,1.77,65.62,49.25,23.86,51.33,running,1,0,3,12,-0.3419,-5.6334,0.7194,0
PUMP-HEALTHY,2026-01-01T20:40:00,479.89,2958.27,98.22,2.52,62.92,47.68,22.88,41.87,running,1,0,3,12,0.7542,-1.1499,-2.6949,0
PUMP-HEALTHY,2026-01-01T20:45:00,480.5,2961.32,98.8,2.55,68.23,49.28,23.68,44.17,running,1,0,4,12,0.0281,0.5834,5.3119,0
PUMP-HEALTHY,2026-01-01T20:50:00,477.19,2992.52,103.15,2.31,62.48,48.13,22.97,56.87,running,1,0,0,12,-0.2429,4.3525,-5.7575,0
PUMP-HEALTHY,2026-01-01T20:55:00,479.39,3049.4,103.43,1.47,68.11,48.3,23.15,49.7,running,1,0,1,12,-0.8335,0.2775,5.6317,0
PUMP-HEALTHY,2026-01-01T21:00:00,481.16,3028.48,103.69,2.61,65.7,49.18,23.66,48.31,running,1,0,2,12,1.137,0.2653,-2.4063,0
PUMP-HEALTHY,2026-01-01T21:05:00,477.89,2976.73,104.01,2.97,66.79,48.4,23.13,37.38,running,1,0,2,12,0.3601,0.3114,1.0922,0
PUMP-HEALTHY,2026-01-01T21:10:00,483.67,2962.69,104.06,1.5,67.11,51.38,24.85,55.71,running,1,0,4,12,-1.4716,0.0564,0.321,0
PUMP-HEALTHY,2026-01-01T21:15:00,481.32,3012.78,100.63,1.15,67.95,49.48,23.82,54.22,running,1,0,2,12,-0.3483,-3.4363,0.832,0
PUMP-HEALTHY,2026-01-01T21:20:00,479.55,2998.8,102.07,2.74,68.47,48.57,23.29,37.33,running,1,0,0,12,1.5868,1.4475,0.5257,0
PUMP-HEALTHY,2026-01-01T21:25:00,482.96,2989.77,104.78,2.65,64.95,47.13,22.76,43.07,running,1,0,3,12,-0.0881,2.7032,-3.5245,0
PUMP-HEALTHY,2026-01-01T21:30:00,482.88,3039.42,103.34,1.09,66.26,48.37,23.36,55.92,running,1,0,3,12,-1.5578,-1.4411,1.3146,0
PUMP-HEALTHY,2026-01-01T21:35:00,475.01,3045.8,99.42,2.38,61.32,47.44,22.54,51.25,running,1,0,2,12,1.2853,-3.9196,-4.9427,0
PUMP-HEALTHY,2026-01-01T21:40:00,477.5,2987.18,104.33,1.33,63.96,48.26,23.05,42.64,running,1,0,0,12,-1.0461,4.9104,2.6443,0
PUMP-HEALTHY,2026-01-01T21:45:00,475.01,2997.68,98.93,1.45,66.8,46.71,22.19,35.23,running,1,0,3,12,0.1213,-5.3977,2.8364,0
PUMP-HEALTHY,2026-01-01T21:50:00,481.94,2997.77,99.6,1.18,68.06,46.4,22.36,37.58,running,1,0,1,12,-0.2737,0.6737,1.2597,0
PUMP-HEALTHY,2026-01-01T21:55:00,481.42,3017.71,98.48,2.13,66.1,46.56,22.42,39.1,running,1,0,3,12,0.9479,-1.1237,-1.9564,0
PUMP-HEALTHY,2026-01-01T22:00:00,481.16,2994.24,99.52,2.79,61.4,47.87,23.03,38.08,running,1,0,1,12,0.6666,1.0418,-4.7031,0
PUMP-HEALTHY,2026-01-01T22:05:00,477.48,3014.46,99.74,2.2,67.21,49.14,23.46,42.12,running,1,0,2,12,-0.5912,0.2165,5.8117,0
PUMP-HEALTHY,2026-01-01T22:10:00,477.05,3010.69,99.32,1.78,66.46,50.76,24.21,54.6,running,1,0,1,12,-0.4185,-0.4166,-0.7501,0
PUMP-HEALTHY,2026-01-01T22:15:00,480.0,3009.39,101.7,2.96,69.87,49.03,23.53,58.35,running,1,0,2,12,1.1719,2.3775,3.4071,0
PUMP-HEALTHY,2026-01-01T22:20:00,480.46,2967.28,101.3,2.97,60.73,47.04,22.6,49.68,running,1,0,3,12,0.0193,-0.4009,-9.1389,0
PUMP-HEALTHY,2026-01-01T22:25:00,480.07,3012.86,101.51,1.83,67.02,46.82,22.48,37.06,running,1,0,2,12,-1.1439,0.2102,6.2882,0
PUMP-HEALTHY,2026-01-01T22:30:00,475.79,3042.09,104.82,1.31,63.27,49.64,23.62,49.66,running,1,0,2,12,-0.5201,3.3129,-3.7506,0
PUMP-HEALTHY,2026-01-01T22:35:00,481.99,3023.0,103.93,1.12,60.86,48.23,23.25,45.86,running,1,0,1,12,-0.1949,-0.8949,-2.4054,0
PUMP-HEALTHY,2026-01-01T22:40:00,476.19,3020.79,102.91,1.33,69.53,49.47,23.56,48.08,running,1,0,1,12,0.2119,-1.0148,8.668,0
PUMP-HEALTHY,2026-01-01T22:45:00,482.5,3037.35,103.13,1.24,69.0,47.73,23.03,43.38,running,1,0,4,12,-0.0916,0.2201,-0.5312,0
PUMP-HEALTHY,2026-01-01T22:50:00,481.28,2999.61,101.58,1.11,68.59,45.79,22.04,39.17,running,1,0,0,12,-0.1252,-1.5551,-0.4054,0
PUMP-HEALTHY,2026-01-01T22:55:00,477.28,3000.88,98.31,2.73,62.45,47.73,22.78,46.79,running,1,0,0,12,1.615,-3.2672,-6.1481,0
PUMP-HEALTHY,2026-01-01T23:00:00,480.53,3041.39,103.18,1.84,63.22,49.1,23.59,45.41,running,1,0,2,12,-0.8871,4.8764,0.7725,0
PUMP-HEALTHY,2026-01-01T23:05:00,476.19,3017.33,98.37,1.45,65.16,45.79,21.81,36.15,running,1,0,2,12,-0.3924,-4.816,1.9397,0
PUMP-HEALTHY,2026-01-01T23:10:00,478.27,3005.31,98.06,1.4,65.64,48.01,22.96,42.6,running,1,0,3,12,-0.045,-0.3129,0.4803,0
PUMP-HEALTHY,2026-01-01T23:15:00,484.98,3027.59,103.13,2.09,67.96,49.12,23.82,38.76,running,1,0,0,12,0.6918,5.0715,2.3217,0
PUMP-HEALTHY,2026-01-01T23:20:00,484.51,2950.15,102.6,2.7,67.27,47.26,22.9,37.6,running,1,0,0,12,0.6049,-0.5261,-0.6876,0
PUMP-HEALTHY,2026-01-01T23:25:00,484.73,2964.24,99.96,1.09,62.31,50.15,24.31,56.14,running,1,0,0,12,-1.6102,-2.6424,-4.9574,0
PUMP-HEALTHY,2026-01-01T23:30:00,480.81,3000.54,102.46,1.79,65.92,47.3,22.74,36.56,running,1,0,2,12,0.7009,2.5017,3.6042,0
PUMP-HEALTHY,2026-01-01T23:35:00,484.26,2989.3,103.82,1.65,64.53,49.48,23.96,40.84,running,1,0,0,12,-0.1362,1.3628,-1.3914,0
PUMP-HEALTHY,2026-01-01T23:40:00,476.55,2966.44,101.26,1.81,65.36,49.18,23.44,59.12,running,1,0,0,12,0.1605,-2.5609,0.8317,0
PUMP-HEALTHY,2026-01-01T23:45:00,475.9,3030.76,100.13,2.41,66.03,48.35,23.01,40.38,running,1,0,2,12,0.5964,-1.1329,0.6738,0
PUMP-HEALTHY,2026-01-01T23:50:00,478.96,2954.9,100.09,2.64,61.74,51.92,24.87,58.8,running,1,0,0,12,0.2308,-0.0376,-4.2943,0
PUMP-HEALTHY,2026-01-01T23:55:00,479.62,3030.39,98.98,1.02,68.3,49.21,23.6,59.56,running,1,0,0,12,-1.6163,-1.1133,6.565,0
PUMP-HEALTHY,2026-01-02T00:00:00,480.82,2975.88,103.69,1.04,60.64,50.2,24.14,57.56,running,1,0,2,12,0.0197,4.7107,-7.659,0
PUMP-HEALTHY,2026-01-02T00:05:00,476.23,3044.23,98.35,2.85,64.33,49.23,23.44,53.11,running,1,0,2,12,1.8047,-5.3348,3.6868,0
PUMP-HEALTHY,2026-01-02T00:10:00,477.15,2968.72,99.96,2.77,60.35,47.83,22.82,50.48,running,1,0,4,12,-0.0814,1.6045,-3.9851,0
PUMP-HEALTHY,2026-01-02T00:15:00,479.79,2958.77,100.68,1.84,66.43,48.87,23.45,54.93,running,1,0,0,12,-0.9284,0.7221,6.08,0
PUMP-HEALTHY,2026-01-02T00:20:00,484.89,3028.19,100.51,2.09,64.85,50.82,24.64,57.82,running,1,0,2,12,0.2506,-0.1673,-1.5797,0
PUMP-HEALTHY,2026-01-02T00:25:00,480.97,2952.93,103.67,1.56,68.09,47.93,23.05,46.79,running,1,0,1,12,-0.5272,3.161,3.2397,0
PUMP-HEALTHY,2026-01-02T00:30:00,476.0,3015.69,99.87,2.63,69.17,48.2,22.95,36.4,running,1,0,3,12,1.0707,-3.8091,1.0861,0
PUMP-HEALTHY,2026-01-02T00:35:00,478.55,3033.92,103.92,1.35,65.93,50.6,24.21,55.16,running,1,0,2,12,-1.2804,4.0509,-3.2474,0
PUMP-HEALTHY,2026-01-02T00:40:00,484.48,3006.36,101.94,1.38,69.88,50.61,24.52,57.04,running,1,0,0,12,0.0243,-1.9748,3.9549,0
PUMP-HEALTHY,2026-01-02T00:45:00,475.56,3010.17,98.14,1.96,63.32,49.92,23.74,50.35,running,1,0,2,12,0.5795,-3.8023,-6.5627,0
PUMP-HEALTHY,2026-01-02T00:50:00,475.6,2964.77,102.93,1.28,61.11,47.76,22.71,48.16,running,1,0,3,12,-0.6727,4.7934,-2.2081,0
PUMP-HEALTHY,2026-01-02T00:55:00,480.86,2983.66,100.26,2.95,67.32,48.89,23.51,45.92,running,1,0,4,12,1.6684,-2.6747,6.2143,0
PUMP-HEALTHY,2026-01-02T01:00:00,481.94,3042.88,103.51,1.45,65.89,46.48,22.4,39.38,running,1,0,0,12,-1.5052,3.2507,-1.434,0
PUMP-HEALTHY,2026-01-02T01:05:00,484.49,3044.87,100.74,2.99,69.65,47.23,22.88,35.81,running,1,0,1,12,1.5421,-2.7677,3.7623,0
PUMP-HEALTHY,2026-01-02T01:10:00,481.4,2960.41,101.47,1.66,60.78,47.26,22.75,43.67,running,1,0,2,12,-1.3262,0.7321,-8.8738,0
PUMP-HEALTHY,2026-01-02T01:15:00,479.47,2976.52,99.75,1.14,62.57,44.75,21.45,37.7,running,1,0,1,12,-0.5267,-1.7265,1.7885,0
PUMP-HEALTHY,2026-01-02T01:20:00,483.85,2999.31,100.65,2.09,61.01,50.23,24.31,46.99,running,1,0,1,12,0.9565,0.9042,-1.5523,0
PUMP-HEALTHY,2026-01-02T01:25:00,479.51,3029.92,98.23,1.04,62.61,46.1,22.1,37.62,running,1,0,0,12,-1.0519,-2.4171,1.597,0
PUMP-HEALTHY,2026-01-02T01:30:00,480.47,3039.81,98.65,2.19,66.14,46.64,22.41,47.07,running,1,0,3,12,1.1479,0.4178,3.5252,0
PUMP-HEALTHY,2026-01-02T01:35:00,476.57,2960.13,99.44,1.38,66.97,50.18,23.92,53.05,running,1,0,1,12,-0.8081,0.7871,0.8355,0
PUMP-HEALTHY,2026-01-02T01:40:00,475.96,2989.29,101.85,1.98,60.55,44.33,21.1,35.1,running,1,0,3,12,0.6019,2.4088,-6.4269,0
PUMP-HEALTHY,2026-01-02T01:45:00,477.0,2952.57,99.2,1.58,60.82,49.08,23.41,56.09,running,1,0,2,12,-0.3983,-2.6518,0.2743,0
PUMP-HEALTHY,2026-01-02T01:50:00,475.91,3004.41,99.29,2.77,63.69,47.02,22.38,46.14,running,1,0,2,12,1.1874,0.0983,2.8747,0
PUMP-HEALTHY,2026-01-02T01:55:00,480.64,2965.11,102.88,1.19,66.68,49.65,23.86,55.2,running,1,0,0,12,-1.5776,3.5811,2.9874,0
PUMP-HEALTHY,2026-01-02T02:00:00,483.41,3031.84,100.93,2.07,68.67,50.25,24.29,46.87,running,1,0,0,12,0.8776,-1.9449,1.9875,0
PUMP-HEALTHY,2026-01-02T02:05:00,480.02,3040.05,103.6,2.36,66.2,47.87,22.98,38.01,running,1,0,1,12,0.284,2.6727,-2.4662,0
PUMP-HEALTHY,2026-01-02T02:10:00,483.08,2962.62,100.96,2.98,64.35,51.55,24.9,59.93,running,1,0,0,12,0.6215,-2.6395,-1.8488,0
PUMP-HEALTHY,2026-01-02T02:15:00,475.87,3005.64,101.86,2.71,65.2,48.13,22.9,57.93,running,1,0,3,12,-0.2633,0.9008,0.8429,0
PUMP-HEALTHY,2026-01-02T02:20:00,476.13,2964.96,101.97,2.17,69.65,44.85,21.35,37.51,running,1,0,4,12,-0.5479,0.1018,4.4514,0
PUMP-HEALTHY,2026-01-02T02:25:00,483.8,3037.79,99.85,2.31,65.72,47.43,22.95,46.83,running,1,0,3,12,0.1442,-2.1172,-3.9281,0
PUMP-HEALTHY,2026-01-02T02:30:00,475.39,3038.96,100.32,1.48,67.46,51.65,24.55,58.02,running,1,0,2,12,-0.8344,0.4715,1.7373,0
PUMP-HEALTHY,2026-01-02T02:35:00,478.11,3034.28,104.01,2.37,69.72,46.37,22.17,40.7,running,1,0,2,12,0.8945,3.6872,2.2675,0
PUMP-HEALTHY,2026-01-02T02:40:00,477.69,2991.68,102.52,1.38,62.11,50.78,24.26,55.6,running,1,0,0,12,-0.9938,-1.4888,-7.6111,0
PUMP-HEALTHY,2026-01-02T02:45:00,480.15,2965.9,100.18,2.01,61.36,51.66,24.81,56.28,running,1,0,1,12,0.6377,-2.341,-0.7574,0
PUMP-HEALTHY,2026-01-02T02:50:00,483.37,2974.95,101.2,2.84,67.05,49.11,23.74,41.85,running,1,0,0,12,0.8225,1.0173,5.6898,0
PUMP-HEALTHY,2026-01-02T02:55:00,481.81,2974.19,101.42,1.89,69.61,48.79,23.51,46.86,running,1,0,2,12,-0.9439,0.2264,2.5589,0
PUMP-HEALTHY,2026-01-02T03:00:00,482.49,3018.89,100.0,1.77,61.63,50.94,24.58,49.31,running,1,0,1,12,-0.1191,-1.426,-7.9761,0
PUMP-HEALTHY,2026-01-02T03:05:00,477.69,2990.95,98.14,2.56,67.68,47.79,22.83,35.22,running,1,0,0,12,0.7875,-1.8551,6.0467,0
PUMP-HEALTHY,2026-01-02T03:10:00,477.24,3010.83,104.6,2.43,67.09,48.89,23.33,41.88,running,1,0,1,12,-0.1351,6.4607,-0.582,0
PUMP-HEALTHY,2026-01-02T03:15:00,479.67,3017.72,103.77,1.79,61.02,49.22,23.61,47.79,running,1,0,4,12,-0.6312,-0.8309,-6.0706,0
PUMP-HEALTHY,2026-01-02T03:20:00,481.09,2979.85,98.76,1.13,69.88,50.72,24.4,51.01,running,1,0,2,12,-0.6666,-5.0134,8.8605,0
PUMP-HEALTHY,2026-01-02T03:25:00,476.88,3001.73,99.68,1.11,68.57,49.3,23.51,55.25,running,1,0,0,12,-0.0141,0.9254,-1.3105,0
PUMP-HEALTHY,2026-01-02T03:30:00,481.55,3049.75,99.82,1.84,63.88,47.42,22.84,35.88,running,1,0,1,12,0.7236,0.1339,-4.6904,0
PUMP-HEALTHY,2026-01-02T03:35:00,481.86,3013.83,101.33,2.88,63.58,46.49,22.4,42.5,running,1,0,2,12,1.0442,1.5142,-0.2978,0
PUMP-HEALTHY,2026-01-02T03:40:00,475.98,2962.79,99.81,2.62,67.63,47.51,22.61,39.58,running,1,0,2,12,-0.2646,-1.5196,4.0442,0
PUMP-HEALTHY,2026-01-02T03:45:00,477.23,3037.14,100.94,2.77,63.72,48.56,23.17,49.64,running,1,0,4,12,0.157,1.1327,-3.9124,0
PUMP-HEALTHY,2026-01-02T03:50:00,480.8,3012.07,101.31,1.39,61.2,49.55,23.82,52.02,running,1,0,1,12,-1.3846,0.3622,-2.5187,0
PUMP-HEALTHY,2026-01-02T03:55:00,476.37,2970.03,100.86,2.14,69.07,47.32,22.54,46.44,running,1,0,3,12,0.7497,-0.4412,7.868,0
PUMP-HEALTHY,2026-01-02T04:00:00,478.33,3048.66,100.19,1.12,64.52,48.2,23.05,40.23,running,1,0,0,12,-1.0228,-0.6704,-4.5457,0
PUMP-HEALTHY,2026-01-02T04:05:00,476.29,2993.37,101.01,1.86,64.77,46.15,21.98,35.12,running,1,0,2,12,0.742,0.812,0.2535,0
PUMP-HEALTHY,2026-01-02T04:10:00,482.57,3003.1,98.13,1.01,67.34,49.04,23.67,40.66,running,1,0,4,12,-0.8498,-2.8805,2.562,0
PUMP-HEALTHY,2026-01-02T04:15:00,480.89,2966.7,103.77,1.6,62.91,50.03,24.06,53.2,running,1,0,1,12,0.5882,5.6415,-4.4278,0
PUMP-HEALTHY,2026-01-02T04:20:00,478.43,3040.14,100.51,1.38,69.48,49.91,23.88,57.96,running,1,0,1,12,-0.2196,-3.2522,6.5726,0
PUMP-HEALTHY,2026-01-02T04:25:00,477.11,2952.19,101.53,1.25,67.11,49.12,23.44,54.8,running,1,0,4,12,-0.1305,1.0177,-2.3697,0
PUMP-HEALTHY,2026-01-02T04:30:00,475.49,3049.47,102.63,2.31,60.2,48.69,23.15,52.24,running,1,0,3,12,1.0608,1.1014,-6.9137,0
PUMP-HEALTHY,2026-01-02T04:35:00,482.02,2970.55,102.8,1.02,64.21,47.0,22.66,37.52,running,1,0,3,12,-1.2885,0.1664,4.0113,0
PUMP-HEALTHY,2026-01-02T04:40:00,483.31,2960.49,103.03,1.24,61.14,45.85,22.16,37.66,running,1,0,4,12,0.2169,0.2312,-3.0686,0
PUMP-HEALTHY,2026-01-02T04:45:00,484.73,2985.79,100.87,1.32,65.48,51.54,24.98,57.76,running,1,0,0,12,0.0853,-2.1631,4.3413,0
PUMP-HEALTHY,2026-01-02T04:50:00,481.72,3040.69,103.85,2.34,61.49,46.9,22.59,37.25,running,1,0,2,12,1.0173,2.9783,-3.9899,0
PUMP-HEALTHY,2026-01-02T04:55:00,481.44,2995.68,104.84,1.53,60.5,51.58,24.83,55.33,running,1,0,2,12,-0.8098,0.9944,-0.9906,0
PUMP-HEALTHY,2026-01-02T05:00:00,479.26,2961.59,103.96,2.78,60.1,47.45,22.74,38.46,running,1,0,4,12,1.2523,-0.8823,-0.4041,0
PUMP-HEALTHY,2026-01-02T05:05:00,477.68,3023.31,100.61,1.69,61.14,47.73,22.8,45.01,running,1,0,3,12,-1.0951,-3.3504,1.0416,0
PUMP-HEALTHY,2026-01-02T05:10:00,483.0,3014.88,103.58,1.23,66.96,48.58,23.47,36.47,running,1,0,4,12,-0.4593,2.97,5.8234,0
PUMP-HEALTHY,2026-01-02T05:15:00,479.83,3006.89,101.07,2.22,67.79,50.49,24.23,50.28,running,1,0,1,12,0.9965,-2.5112,0.8299,0
PUMP-HEALTHY,2026-01-02T05:20:00,479.83,2998.81,104.21,1.88,60.63,47.28,22.69,51.37,running,1,0,4,12,-0.3413,3.146,-7.1583,0
PUMP-HEALTHY,2026-01-02T05:25:00,482.24,2972.4,104.69,2.75,65.19,50.06,24.14,52.21,running,1,0,3,12,0.8649,0.4772,4.5576,0
PUMP-HEALTHY,2026-01-02T05:30:00,478.46,3017.63,100.69,2.68,65.58,48.83,23.37,59.69,running,1,0,3,12,-0.0682,-3.9962,0.3924,0
PUMP-HEALTHY,2026-01-02T05:35:00,483.52,3036.94,98.52,1.98,62.41,49.16,23.77,59.25,running,1,0,3,12,-0.6948,-2.1701,-3.1745,0
PUMP-HEALTHY,2026-01-02T05:40:00,483.17,2957.88,101.11,2.15,60.88,48.07,23.23,47.46,running,1,0,0,12,0.1628,2.5853,-1.5287,0
PUMP-HEALTHY,2026-01-02T05:45:00,476.03,2991.23,101.9,1.0,60.91,49.16,23.4,50.11,running,1,0,1,12,-1.1457,0.7906,0.0288,0
PUMP-HEALTHY,2026-01-02T05:50:00,481.55,2995.62,100.39,2.65,68.17,49.56,23.86,56.11,running,1,0,2,12,1.6503,-1.5139,7.2569,0
PUMP-HEALTHY,2026-01-02T05:55:00,482.16,2961.4,103.32,1.44,63.41,52.07,25.11,55.75,running,1,0,0,12,-1.2071,2.9293,-4.7523,0
PUMP-HEALTHY,2026-01-02T06:00:00,475.46,2966.42,98.98,2.43,67.22,46.85,22.27,37.67,running,1,0,3,12,0.9902,-4.3321,3.802,0
PUMP-HEALTHY,2026-01-02T06:05:00,477.16,3032.46,99.33,1.68,67.57,46.81,22.33,36.16,running,1,0,3,12,-0.7578,0.3509,0.3559,0
PUMP-HEALTHY,2026-01-02T06:10:00,479.57,3008.93,101.53,2.93,60.04,49.79,23.88,53.41,running,1,0,4,12,1.2518,2.1953,-7.5281,0
PUMP-HEALTHY,2026-01-02T06:15:00,482.81,3041.02,102.84,1.35,68.15,47.63,23.0,37.59,running,1,0,3,12,-1.5804,1.3133,8.1091,0
PUMP-HEALTHY,2026-01-02T06:20:00,479.19,3010.9,102.85,1.5,63.98,46.95,22.5,43.57,running,1,0,4,12,0.1492,0.0049,-4.1737,0
PUMP-HEALTHY,2026-01-02T06:25:00,482.0,3024.84,100.09,2.4,68.61,51.41,24.78,52.8,running,1,0,4,12,0.9065,-2.7552,4.6284,0
PUMP-HEALTHY,2026-01-02T06:30:00,482.14,3018.66,104.45,1.27,67.1,49.58,23.9,59.38,running,1,0,0,12,-1.1376,4.356,-1.5031,0
PUMP-HEALTHY,2026-01-02T06:35:00,482.61,3006.23,102.08,2.89,67.1,51.13,24.67,51.86,running,1,0,3,12,1.62,-2.3687,-0.0027,0
PUMP-HEALTHY,2026-01-02T06:40:00,483.08,3002.27,98.18,1.29,66.7,48.46,23.41,40.0,running,1,0,2,12,-1.5947,-3.9027,-0.3987,0
PUMP-HEALTHY,2026-01-02T06:45:00,476.46,2956.2,103.49,1.41,65.41,47.43,22.6,43.97,running,1,0,4,12,0.1173,5.3136,-1.2908,0
PUMP-HEALTHY,2026-01-02T06:50:00,483.65,3024.24,101.93,1.48,67.84,49.35,23.87,54.97,running,1,0,3,12,0.0672,-1.5616,2.4314,0
PUMP-HEALTHY,2026-01-02T06:55:00,479.17,3028.81,102.8,2.93,60.54,48.39,23.19,53.59,running,1,0,3,12,1.4565,0.8671,-7.305,0
PUMP-HEALTHY,2026-01-02T07:00:00,483.3,3041.15,102.93,2.3,67.55,49.45,23.9,48.67,running,1,0,2,12,-0.6364,0.1364,7.0131,0
PUMP-HEALTHY,2026-01-02T07:05:00,479.49,3048.35,98.52,2.92,67.35,44.96,21.56,37.98,running,1,0,1,12,0.6297,-4.4111,-0.2003,0
PUMP-HEALTHY,2026-01-02T07:10:00,480.84,2975.5,100.31,2.42,61.55,46.35,22.29,38.84,running,1,0,4,12,-0.5056,1.7927,-5.8027,0
PUMP-HEALTHY,2026-01-02T07:15:00,483.43,2980.12,103.53,2.1,60.73,49.87,24.11,52.69,running,1,0,4,12,-0.3191,3.2154,-0.8192,0
PUMP-HEALTHY,2026-01-02T07:20:00,476.59,3004.31,100.82,1.7,68.83,48.33,23.03,51.58,running,1,0,4,12,-0.4015,-2.7054,8.1052,0
PUMP-HEALTHY,2026-01-02T07:25:00,480.3,3049.66,103.77,2.96,60.09,49.12,23.59,51.72,running,1,0,4,12,1.2635,2.9419,-8.7459,0
PUMP-HEALTHY,2026-01-02T07:30:00,477.44,2953.99,104.2,1.76,67.96,45.62,21.78,37.83,running,1,0,4,12,-1.1995,0.4338,7.874,0
PUMP-HEALTHY,2026-01-02T07:35:00,483.22,2987.5,103.62,1.89,60.44,49.38,23.86,57.46,running,1,0,1,12,0.1284,-0.5799,-7.5235,0
PUMP-HEALTHY,2026-01-02T07:40:00,484.72,3027.33,101.73,2.25,62.11,48.38,23.45,50.74,running,1,0,1,12,0.3628,-1.8873,1.6693,0
PUMP-HEALTHY,2026-01-02T07:45:00,480.38,3020.27,104.83,2.55,66.47,51.55,24.76,58.49,running,1,0,2,12,0.2965,3.1011,4.3578,0
PUMP-HEALTHY,2026-01-02T07:50:00,475.38,2957.32,99.25,1.5,60.7,51.26,24.37,55.54,running,1,0,3,12,-1.0466,-5.5876,-5.7612,0
PUMP-HEALTHY,2026-01-02T07:55:00,479.33,2951.69,102.71,2.07,66.41,50.05,23.99,50.46,running,1,0,0,12,0.5659,3.4671,5.7098,0
PUMP-HEALTHY,2026-01-02T08:00:00,478.58,3000.28,100.03,2.37,66.07,49.16,23.52,42.04,running,1,0,0,12,0.3021,-2.6842,-0.3486,0
PUMP-HEALTHY,2026-01-02T08:05:00,479.74,3003.35,98.95,1.78,67.97,50.57,24.26,48.64,running,1,0,2,12,-0.5898,-1.0742,1.9092,0
PUMP-HEALTHY,2026-01-02T08:10:00,484.57,2951.12,104.12,1.28,60.42,48.83,23.66,49.32,running,1,0,1,12,-0.4992,5.1687,-7.5571,0
PUMP-HEALTHY,2026-01-02T08:15:00,482.48,3040.35,100.41,1.83,66.46,47.46,22.9,47.81,running,1,0,1,12,0.5426,-3.7164,6.0416,0
PUMP-HEALTHY,2026-01-02T08:20:00,476.15,3017.1,101.97,1.11,67.51,50.63,24.11,59.75,running,1,0,0,12,-0.7165,1.5641,1.0511,0
PUMP-HEALTHY,2026-01-02T08:25:00,477.51,2969.74,102.06,2.9,63.57,48.05,22.94,51.78,running,1,0,1,12,1.7943,0.0931,-3.939,0
PUMP-HEALTHY,2026-01-02T08:30:00,478.18,2995.06,102.31,1.61,65.84,48.15,23.02,49.14,running,1,0,0,12,-1.2917,0.2502,2.2703,0
PUMP-HEALTHY,2026-01-02T08:35:00,478.13,3028.57,102.99,2.28,62.77,48.48,23.18,43.99,running,1,0,3,12,0.6703,0.671,-3.0749,0
PUMP-HEALTHY,2026-01-02T08:40:00,478.59,2980.55,101.86,1.35,66.07,51.41,24.6,56.04,running,1,0,2,12,-0.9301,-1.1237,3.2995,0
PUMP-HEALTHY,2026-01-02T08:45:00,482.34,3012.66,103.09,2.78,68.5,50.59,24.4,50.79,running,1,0,1,12,1.4327,1.2303,2.4296,0
PUMP-HEALTHY,2026-01-02T08:50:00,484.06,3005.16,101.8,3.0,64.72,49.59,24.0,54.38,running,1,0,2,12,0.2132,-1.2877,-3.7748,0
PUMP-HEALTHY,2026-01-02T08:55:00,476.34,3000.11,98.63,1.73,60.11,48.93,23.31,40.97,running,1,0,4,12,-1.2697,-3.1704,-4.6151,0
PUMP-HEALTHY,2026-01-02T09:00:00,476.4,2965.92,101.96,2.13,68.72,47.59,22.67,38.65,running,1,0,3,12,0.4039,3.3306,8.616,0
PUMP-HEALTHY,2026-01-02T09:05:00,477.32,2976.44,99.64,2.34,65.18,49.19,23.48,54.79,running,1,0,0,12,0.2055,-2.3264,-3.5431,0
PUMP-HEALTHY,2026-01-02T09:10:00,484.81,2982.41,102.93,2.04,68.3,49.51,24.0,55.87,running,1,0,3,12,-0.2944,3.288,3.1176,0
PUMP-HEALTHY,2026-01-02T09:15:00,478.65,3015.33,103.85,2.03,63.76,50.34,24.09,57.68,running,1,0,3,12,-0.0094,0.9221,-4.5332,0
PUMP-HEALTHY,2026-01-02T09:20:00,482.93,3038.72,98.05,2.76,64.4,47.64,23.01,40.75,running,1,0,1,12,0.7307,-5.8021,0.6357,0
PUMP-HEALTHY,2026-01-02T09:25:00,478.62,3021.73,98.83,1.46,68.11,49.35,23.62,53.01,running,1,0,1,12,-1.3034,0.7821,3.7127,0
PUMP-HEALTHY,2026-01-02T09:30:00,481.47,2991.09,99.71,1.26,65.92,47.08,22.67,38.37,running,1,0,1,12,-0.2049,0.8774,-2.1882,0
PUMP-HEALTHY,2026-01-02T09:35:00,477.58,2968.0,104.71,2.2,65.64,47.06,22.48,35.47,running,1,0,0,12,0.9429,5.002,-0.2874,0
PUMP-HEALTHY,2026-01-02T09:40:00,477.17,3010.65,101.3,1.96,62.19,46.48,22.18,45.27,running,1,0,4,12,-0.2354,-3.4078,-3.4424,0
PUMP-HEALTHY,2026-01-02T09:45:00,481.6,2976.45,103.07,1.69,64.53,48.01,23.12,49.76,running,1,0,1,12,-0.278,1.7694,2.3411,0
PUMP-HEALTHY,2026-01-02T09:50:00,480.23,3040.93,102.79,2.65,66.06,48.72,23.4,39.44,running,1,0,4,12,0.9677,-0.2787,1.5204,0
PUMP-HEALTHY,2026-01-02T09:55:00,480.03,2961.75,101.38,1.26,66.03,51.61,24.78,55.69,running,1,0,4,12,-1.3924,-1.4149,-0.0204,0
PUMP-HEALTHY,2026-01-02T10:00:00,479.21,3037.48,102.88,1.86,69.38,49.48,23.71,47.05,running,1,0,4,12,0.5973,1.5078,3.3495,0
PUMP-HEALTHY,2026-01-02T10:05:00,475.98,2963.39,101.34,1.47,68.59,48.75,23.2,42.08,running,1,0,0,12,-0.3929,-1.5435,-0.7937,0
PUMP-HEALTHY,2026-01-02T10:10:00,480.78,2961.78,98.05,2.31,66.88,47.24,22.71,42.9,running,1,0,2,12,0.8441,-3.2896,-1.7129,0
PUMP-HEALTHY,2026-01-02T10:15:00,477.61,3003.61,101.95,2.22,69.92,46.7,22.31,44.94,running,1,0,1,12,-0.0853,3.9023,3.0403,0
PUMP-HEALTHY,2026-01-02T10:20:00,478.7,3005.49,99.78,1.61,63.44,50.31,24.08,52.64,running,1,0,1,12,-0.6105,-2.1762,-6.4744,0
PUMP-HEALTHY,2026-01-02T10:25:00,479.47,3019.93,99.13,1.43,64.01,47.98,23.01,43.46,running,1,0,1,12,-0.1844,-0.6439,0.562,0
PUMP-HEALTHY,2026-01-02T10:30:00,478.89,3013.59,103.63,2.65,64.72,47.26,22.63,50.01,running,1,0,4,12,1.2176,4.498,0.7111,0
PUMP-HEALTHY,2026-01-02T10:35:00,475.38,2988.43,104.89,2.23,65.21,49.51,23.53,52.79,running,1,0,3,12,-0.4186,1.2606,0.4934,0
PUMP-HEALTHY,2026-01-02T10:40:00,479.39,2970.17,102.6,2.61,62.86,46.8,22.43,35.84,running,1,0,1,12,0.3799,-2.2929,-2.35,0
PUMP-HEALTHY,2026-01-02T10:45:00,481.74,2985.97,102.59,2.95,60.87,47.28,22.78,41.9,running,1,0,1,12,0.3435,-0.0131,-1.9916,0
PUMP-HEALTHY,2026-01-02T10:50:00,480.18,3023.69,98.48,1.18,62.84,51.71,24.83,55.74,running,1,0,2,12,-1.771,-4.1048,1.9765,0
PUMP-HEALTHY,2026-01-02T10:55:00,477.26,3046.31,101.18,1.81,60.05,46.88,22.38,39.38,running,1,0,2,12,0.6276,2.703,-2.7984,0
PUMP-HEALTHY,2026-01-02T11:00:00,484.47,3030.29,104.7,2.75,68.13,50.04,24.24,49.37,running,1,0,1,12,0.9443,3.5137,8.085,0
PUMP-HEALTHY,2026-01-02T11:05:00,482.57,3046.12,101.21,1.92,65.87,45.1,21.77,35.68,running,1,0,1,12,-0.8308,-3.485,-2.2632,0
PUMP-HEALTHY,2026-01-02T11:10:00,481.77,2972.99,100.21,2.91,65.17,47.82,23.04,35.24,running,1,0,2,12,0.9895,-1.0018,-0.7032,0
PUMP-HEALTHY,2026-01-02T11:15:00,475.76,3043.14,101.34,1.71,68.94,48.95,23.29,41.73,running,1,0,3,12,-1.2038,1.1258,3.7781,0
PUMP-HEALTHY,2026-01-02T11:20:00,482.37,2973.49,99.69,1.53,62.29,51.6,24.89,55.87,running,1,0,0,12,-0.1763,-1.6415,-6.6511,0
PUMP-HEALTHY,2026-01-02T11:25:00,484.2,3017.58,102.64,2.23,67.64,47.26,22.88,48.54,running,1,0,3,12,0.6968,2.9496,5.3504,0
PUMP-HEALTHY,2026-01-02T11:30:00,483.98,3038.1,102.02,1.55,61.83,50.12,24.25,54.11,running,1,0,1,12,-0.6782,-0.6223,-5.8137,0
PUMP-HEALTHY,2026-01-02T11:35:00,475.54,3029.93,101.35,2.08,65.02,48.45,23.04,44.84,running,1,0,4,12,0.5321,-0.6734,3.196,0
PUMP-HEALTHY,2026-01-02T11:40:00,479.6,3018.92,98.08,1.42,65.81,48.18,23.11,43.14,running,1,0,1,12,-0.66,-3.2655,0.7853,0
PUMP-HEALTHY,2026-01-02T11:45:00,477.69,3045.85,100.4,1.37,64.24,49.0,23.41,45.48,running,1,0,3,12,-0.0537,2.3189,-1.5707,0
PUMP-HEALTHY,2026-01-02T11:50:00,476.8,2963.11,102.03,1.46,61.0,46.19,22.02,41.75,running,1,0,1,12,0.0893,1.6296,-3.2407,0
PUMP-HEALTHY,2026-01-02T11:55:00,483.0,3023.85,101.31,1.02,64.22,48.73,23.54,38.36,running,1,0,2,12,-0.4376,-0.7203,3.2165,0
PUMP-HEALTHY,2026-01-02T12:00:00,482.85,2980.0,101.93,2.14,63.98,47.89,23.12,52.26,running,1,0,0,12,1.1162,0.6241,-0.2312,0
PUMP-HEALTHY,2026-01-02T12:05:00,479.5,2983.47,100.53,2.12,69.32,45.5,21.82,41.44,running,1,0,4,12,-0.015,-1.4082,5.3344,0
PUMP-HEALTHY,2026-01-02T12:10:00,476.99,3007.59,102.54,1.35,67.8,48.34,23.06,43.88,running,1,0,0,12,-0.7716,2.0172,-1.5154,0
PUMP-HEALTHY,2026-01-02T12:15:00,478.81,2978.65,102.42,1.29,61.68,49.19,23.55,55.19,running,1,0,0,12,-0.0594,-0.1219,-6.1273,0
PUMP-HEALTHY,2026-01-02T12:20:00,475.79,2984.36,100.19,2.31,67.1,48.26,22.96,50.13,running,1,0,2,12,1.0163,-2.2276,5.4286,0
PUMP-HEALTHY,2026-01-02T12:25:00,482.48,3002.09,101.15,1.33,68.54,46.01,22.2,38.13,running,1,0,0,12,-0.9714,0.9576,1.4378,0
PUMP-HEALTHY,2026-01-02T12:30:00,477.11,2989.7,98.67,2.87,64.73,47.38,22.61,36.35,running,1,0,0,12,1.539,-2.4831,-3.8103,0
PUMP-HEALTHY,2026-01-02T12:35:00,477.62,2965.53,102.58,2.77,63.09,46.35,22.14,41.18,running,1,0,1,12,-0.1026,3.915,-1.6382,0
PUMP-HEALTHY,2026-01-02T12:40:00,475.29,3016.35,104.02,1.65,64.76,50.46,23.98,59.37,running,1,0,4,12,-1.1205,1.4388,1.6678,0
PUMP-HEALTHY,2026-01-02T12:45:00,476.77,3009.76,102.42,2.27,65.64,48.94,23.34,48.09,running,1,0,4,12,0.6213,-1.6052,0.8783,0
PUMP-HEALTHY,2026-01-02T12:50:00,477.27,2958.96,100.16,1.82,61.56,46.21,22.06,35.26,running,1,0,2,12,-0.4473,-2.2623,-4.0827,0
PUMP-HEALTHY,2026-01-02T12:55:00,479.69,2950.83,104.45,2.89,64.77,46.04,22.08,35.23,running,1,0,0,12,1.0695,4.2995,3.2135,0
PUMP-HEALTHY,2026-01-02T13:00:00,480.48,2968.86,104.18,1.87,62.5,50.14,24.09,52.87,running,1,0,0,12,-1.0197,-0.2795,-2.2717,0
PUMP-HEALTHY,2026-01-02T13:05:00,479.22,2973.96,103.35,2.82,68.08,48.45,23.22,52.12,running,1,0,3,12,0.9457,-0.8234,5.5768,0
PUMP-HEALTHY,2026-01-02T13:10:00,476.88,2956.85,98.96,1.22,64.55,48.88,23.31,46.32,running,1,0,1,12,-1.5992,-4.3954,-3.5223,0
PUMP-HEALTHY,2026-01-02T13:15:00,475.5,3003.5,99.3,1.2,62.69,50.05,23.8,52.88,running,1,0,3,12,-0.0162,0.3452,-1.8615,0
PUMP-HEALTHY,2026-01-02T13:20:00,477.17,2992.02,103.5,2.0,63.71,47.33,22.58,52.42,running,1,0,1,12,0.7922,4.1985,1.022,0
PUMP-HEALTHY,2026-01-02T13:25:00,475.56,3027.57,98.5,1.94,61.92,50.99,24.25,56.04,running,1,0,1,12,-0.0565,-5.0004,-1.792,0
PUMP-HEALTHY,2026-01-02T13:30:00,478.85,3047.5,99.73,2.99,61.99,47.89,22.93,53.38,running,1,0,3,12,1.0488,1.2304,0.0699,0
PUMP-HEALTHY,2026-01-02T13:35:00,481.81,2981.21,100.26,2.26,60.42,50.75,24.45,58.44,running,1,0,1,12,-0.7307,0.5313,-1.5699,0
PUMP-HEALTHY,2026-01-02T13:40:00,478.6,2955.21,102.67,2.95,62.36,46.2,22.11,45.85,running,1,0,3,12,0.6882,2.4054,1.9378,0
PUMP-HEALTHY,2026-01-02T13:45:00,482.89,2950.89,98.29,2.57,64.75,48.71,23.52,49.91,running,1,0,0,12,-0.3796,-4.3729,2.393,0
PUMP-HEALTHY,2026-01-02T13:50:00,481.86,2983.84,104.79,2.52,60.6,46.67,22.49,43.89,running,1,0,3,12,-0.0478,6.4936,-4.1522,0
PUMP-HEALTHY,2026-01-02T13:55:00,477.33,3048.17,103.52,2.51,68.06,46.82,22.35,45.97,running,1,0,1,12,-0.0057,-1.2676,7.4547,0
PUMP-HEALTHY,2026-01-02T14:00:00,477.51,2953.95,102.95,2.12,65.43,48.56,23.19,47.25,running,1,0,3,12,-0.3953,-0.5736,-2.6279,0
PUMP-HEALTHY,2026-01-02T14:05:00,477.75,3033.13,104.4,2.11,60.69,45.99,21.97,38.88,running,1,0,0,12,-0.009,1.4549,-4.7386,0
PUMP-HEALTHY,2026-01-02T14:10:00,482.76,3000.6,103.14,2.77,66.2,48.65,23.49,44.1,running,1,0,4,12,0.6568,-1.2657,5.5086,0
PUMP-HEALTHY,2026-01-02T14:15:00,483.19,2968.99,102.78,2.53,61.54,47.48,22.94,42.08,running,1,0,0,12,-0.2344,-0.353,-4.656,0
PUMP-HEALTHY,2026-01-02T14:20:00,475.44,3043.78,99.25,1.06,61.07,44.91,21.35,39.79,running,1,0,3,12,-1.4689,-3.5321,-0.4708,0
PUMP-HEALTHY,2026-01-02T14:25:00,480.26,3020.13,99.79,1.73,66.06,48.36,23.23,36.77,running,1,0,0,12,0.6702,0.5411,4.989,0
PUMP-HEALTHY,2026-01-02T14:30:00,479.68,3013.89,100.53,2.49,68.9,51.15,24.54,55.55,running,1,0,4,12,0.7542,0.7349,2.8448,0
PUMP-HEALTHY,2026-01-02T14:35:00,475.41,2957.04,100.13,2.89,69.61,47.25,22.47,37.43,running,1,0,4,12,0.4023,-0.3992,0.7016,0
PUMP-HEALTHY,2026-01-02T14:40:00,481.57,3007.0,104.63,2.12,65.58,50.85,24.49,53.65,running,1,0,3,12,-0.7724,4.5052,-4.0245,0
PUMP-HEALTHY,2026-01-02T14:45:00,483.83,2966.68,99.26,1.8,63.38,49.32,23.86,38.95,running,1,0,2,12,-0.3137,-5.3697,-2.2063,0
PUMP-HEALTHY,2026-01-02T14:50:00,480.5,3049.69,103.91,1.82,66.33,49.35,23.71,55.65,running,1,0,3,12,0.0216,4.6512,2.9573,0
PUMP-HEALTHY,2026-01-02T14:55:00,482.66,3042.61,99.78,2.92,64.47,49.21,23.75,44.93,running,1,0,4,12,1.0986,-4.1354,-1.8574,0
PUMP-HEALTHY,2026-01-02T15:00:00,476.35,3039.03,98.05,2.97,62.15,48.5,23.1,42.87,running,1,0,4,12,0.0455,-1.7326,-2.3268,0
PUMP-HEALTHY,2026-01-02T15:05:00,480.11,3007.07,102.0,1.19,64.6,46.07,22.12,38.9,running,1,0,2,12,-1.7802,3.9553,2.4555,0
PUMP-HEALTHY,2026-01-02T15:10:00,483.11,2959.19,100.8,2.84,67.34,50.99,24.63,53.09,running,1,0,4,12,1.6472,-1.2027,2.739,0
PUMP-HEALTHY,2026-01-02T15:15:00,483.2,2959.54,102.5,1.07,68.08,49.4,23.87,44.54,running,1,0,3,12,-1.761,1.6972,0.7408,0
PUMP-HEALTHY,2026-01-02T15:20:00,479.17,3036.78,104.09,1.45,66.53,46.99,22.51,50.06,running,1,0,2,12,0.3787,1.5927,-1.5556,0
PUMP-HEALTHY,2026-01-02T15:25:00,480.24,2981.93,101.95,1.65,66.98,47.7,22.91,38.83,running,1,0,4,12,0.2002,-2.1341,0.4499,0
PUMP-HEALTHY,2026-01-02T15:30:00,480.75,2959.01,101.02,2.57,61.48,47.78,22.97,43.4,running,1,0,2,12,0.9191,-0.9308,-5.4976,0
PUMP-HEALTHY,2026-01-02T15:35:00,475.85,3000.18,103.42,1.26,61.35,48.42,23.04,48.98,running,1,0,4,12,-1.312,2.3932,-0.1314,0
PUMP-HEALTHY,2026-01-02T15:40:00,484.97,3002.42,99.7,1.53,64.3,50.1,24.3,52.12,running,1,0,2,12,0.2718,-3.7206,2.9519,0
PUMP-HEALTHY,2026-01-02T15:45:00,478.48,2982.07,102.16,1.05,63.05,51.08,24.44,59.69,running,1,0,1,12,-0.4841,2.4609,-1.2525,0
PUMP-HEALTHY,2026-01-02T15:50:00,479.4,3042.42,99.63,2.37,61.56,47.87,22.95,53.21,running,1,0,4,12,1.3223,-2.5227,-1.4883,0
PUMP-HEALTHY,2026-01-02T15:55:00,484.27,3036.88,103.74,1.03,66.94,46.96,22.74,37.78,running,1,0,4,12,-1.3433,4.1065,5.378,0
PUMP-HEALTHY,2026-01-02T16:00:00,477.12,3004.64,103.25,2.1,66.23,51.31,24.48,59.81,running,1,0,4,12,1.0701,-0.4885,-0.7075,0
PUMP-HEALTHY,2026-01-02T16:05:00,475.43,2967.03,99.99,2.58,66.18,46.78,22.24,36.33,running,1,0,2,12,0.4808,-3.2644,-0.0508,0
PUMP-HEALTHY,2026-01-02T16:10:00,481.63,3041.29,100.52,1.22,62.92,49.96,24.06,57.09,running,1,0,0,12,-1.3626,0.5334,-3.2547,0
PUMP-HEALTHY,2026-01-02T16:15:00,484.04,2998.47,102.18,1.18,61.99,51.23,24.8,59.17,running,1,0,4,12,-0.0397,1.6582,-0.9362,0
PUMP-HEALTHY,2026-01-02T16:20:00,478.05,2998.99,103.21,1.04,66.84,46.95,22.44,43.88,running,1,0,2,12,-0.1393,1.031,4.8544,0
PUMP-HEALTHY,2026-01-02T16:25:00,483.12,3012.58,104.15,2.78,68.15,46.91,22.66,35.74,running,1,0,3,12,1.7441,0.94,1.3055,0
PUMP-HEALTHY,2026-01-02T16:30:00,481.57,2958.78,100.68,2.92,66.12,48.16,23.19,50.64,running,1,0,2,12,0.1404,-3.4753,-2.0241,0
PUMP-HEALTHY,2026-01-02T16:35:00,484.1,2982.93,101.8,1.41,61.39,50.28,24.34,48.53,running,1,0,4,12,-1.5077,1.1202,-4.7387,0
PUMP-HEALTHY,2026-01-02T16:40:00,484.1,2993.01,104.36,2.54,66.56,47.82,23.15,49.12,running,1,0,0,12,1.1266,2.5674,5.1766,0
PUMP-HEALTHY,2026-01-02T16:45:00,476.84,3033.95,99.02,1.06,63.19,52.26,24.92,59.32,running,1,0,2,12,-1.4811,-5.3444,-3.3754,0
PUMP-HEALTHY,2026-01-02T16:50:00,476.52,2968.79,98.92,1.05,69.86,49.21,23.45,50.42,running,1,0,1,12,-0.0066,-0.0978,6.6727,0
PUMP-HEALTHY,2026-01-02T16:55:00,481.87,2985.93,102.82,1.95,65.02,50.03,24.11,50.12,running,1,0,3,12,0.9008,3.8962,-4.8363,0
PUMP-HEALTHY,2026-01-02T17:00:00,479.74,2966.38,99.58,1.82,69.69,52.24,25.06,58.14,running,1,0,1,12,-0.136,-3.2331,4.6649,0
PUMP-HEALTHY,2026-01-02T17:05:00,482.58,2956.61,104.49,2.97,68.67,48.02,23.17,47.25,running,1,0,3,12,1.1541,4.9058,-1.0169,0
PUMP-HEALTHY,2026-01-02T17:10:00,482.76,3010.79,103.77,2.44,63.94,51.04,24.64,58.48,running,1,0,0,12,-0.5309,-0.7194,-4.7298,0
PUMP-HEALTHY,2026-01-02T17:15:00,480.21,2995.16,103.79,1.08,69.96,48.23,23.16,47.97,running,1,0,4,12,-1.3556,0.0188,6.0169,0
PUMP-HEALTHY,2026-01-02T17:20:00,482.65,3046.26,99.33,1.88,68.84,49.15,23.72,54.34,running,1,0,0,12,0.7943,-4.4601,-1.1144,0
PUMP-HEALTHY,2026-01-02T17:25:00,481.9,3040.37,101.25,2.29,60.9,47.43,22.86,47.52,running,1,0,4,12,0.4131,1.9161,-7.9396,0
PUMP-HEALTHY,2026-01-02T17:30:00,476.35,2991.36,101.16,1.36,65.9,48.01,22.87,52.82,running,1,0,1,12,-0.9344,-0.0889,4.9987,0
PUMP-HEALTHY,2026-01-02T17:35:00,482.18,2962.35,98.8,1.9,63.63,48.38,23.33,48.1,running,1,0,1,12,0.541,-2.357,-2.2737,0
PUMP-HEALTHY,2026-01-02T17:40:00,478.79,2988.06,103.38,2.82,65.65,47.77,22.87,51.49,running,1,0,0,12,0.9257,4.5787,2.0255,0
PUMP-HEALTHY,2026-01-02T17:45:00,479.2,2980.95,103.38,1.89,66.26,45.29,21.7,37.94,running,1,0,2,12,-0.932,0.0026,0.6096,0
PUMP-HEALTHY,2026-01-02T17:50:00,475.12,2999.76,101.49,2.61,66.08,46.98,22.32,47.34,running,1,0,3,12,0.7224,-1.8899,-0.1847,0
PUMP-HEALTHY,2026-01-02T17:55:00,475.79,3010.01,99.71,2.09,66.2,49.76,23.68,48.94,running,1,0,2,12,-0.5202,-1.7775,0.1178,0
PUMP-HEALTHY,2026-01-02T18:00:00,475.37,3035.38,102.67,2.68,62.98,48.25,22.94,58.01,running,1,0,2,12,0.5813,2.956,-3.2132,0
PUMP-HEALTHY,2026-01-02T18:05:00,481.11,3019.15,102.16,2.57,61.77,48.76,23.46,46.38,running,1,0,2,12,-0.1014,-0.5042,-1.2102,0
PUMP-HEALTHY,2026-01-02T18:10:00,478.23,3039.75,103.74,2.52,68.43,46.33,22.16,36.62,running,1,0,2,12,-0.0577,1.5771,6.6589,0
PUMP-HEALTHY,2026-01-02T18:15:00,480.27,3002.46,102.87,2.22,61.09,50.12,24.07,53.24,running,1,0,4,12,-0.2928,-0.871,-7.3401,0
PUMP-HEALTHY,2026-01-02T18:20:00,484.34,3048.63,100.01,2.22,63.16,51.01,24.7,48.13,running,1,0,4,12,-0.0064,-2.8605,2.0719,0
PUMP-HEALTHY,2026-01-02T18:25:00,479.96,3022.92,101.48,2.62,68.84,46.51,22.32,40.82,running,1,0,3,12,0.3983,1.4739,5.6718,0
PUMP-HEALTHY,2026-01-02T18:30:00,481.25,2961.79,103.94,2.6,69.99,47.6,22.91,45.35,running,1,0,0,12,-0.0168,2.4523,1.1532,0
PUMP-HEALTHY,2026-01-02T18:35:00,481.41,3019.0,99.78,1.14,63.0,49.96,24.05,48.75,running,1,0,3,12,-1.4635,-4.1556,-6.987,0
PUMP-HEALTHY,2026-01-02T18:40:00,482.24,3011.6,98.2,1.35,63.31,48.7,23.48,43.45,running,1,0,1,12,0.2156,-1.5771,0.3023,0
PUMP-HEALTHY,2026-01-02T18:45:00,479.81,3012.72,104.24,2.07,63.35,49.47,23.74,54.6,running,1,0,2,12,0.7227,6.0406,0.0459,0
PUMP-HEALTHY,2026-01-02T18:50:00,480.65,3017.82,101.89,1.04,65.77,49.51,23.8,43.29,running,1,0,1,12,-1.0365,-2.3582,2.4229,0
PUMP-HEALTHY,2026-01-02T18:55:00,477.8,2953.12,104.89,2.25,68.42,48.24,23.05,49.27,running,1,0,2,12,1.2156,2.9991,2.6501,0
PUMP-HEALTHY,2026-01-02T19:00:00,482.05,2981.45,98.22,1.83,64.97,47.35,22.82,40.94,running,1,0,2,12,-0.4253,-6.6639,-3.4535,0
PUMP-HEALTHY,2026-01-02T19:05:00,476.75,2987.42,98.26,1.4,60.93,49.5,23.6,47.65,running,1,0,2,12,-0.4235,0.0404,-4.0445,0
PUMP-HEALTHY,2026-01-02T19:10:00,484.24,3023.24,101.67,2.55,61.43,51.86,25.11,56.79,running,1,0,1,12,1.1469,3.4036,0.5069,0
PUMP-HEALTHY,2026-01-02T19:15:00,477.05,2953.66,100.71,2.73,61.16,45.63,21.77,42.77,running,1,0,2,12,0.1786,-0.9523,-0.2746,0
PUMP-HEALTHY,2026-01-02T19:20:00,479.67,2954.61,101.64,2.32,63.12,48.12,23.08,49.44,running,1,0,1,12,-0.4117,0.9309,1.9664,0
PUMP-HEALTHY,2026-01-02T19:25:00,477.87,3003.23,103.41,2.34,62.73,45.29,21.64,38.94,running,1,0,0,12,0.0243,1.7655,-0.3983,0
PUMP-HEALTHY,2026-01-02T19:30:00,477.07,2985.03,100.23,1.28,67.04,46.31,22.09,42.08,running,1,0,2,12,-1.0591,-3.1801,4.317,0
PUMP-HEALTHY,2026-01-02T19:35:00,480.41,2955.07,98.2,2.81,60.5,46.4,22.29,44.59,running,1,0,4,12,1.5235,-2.0264,-6.539,0
PUMP-HEALTHY,2026-01-02T19:40:00,481.29,3019.01,101.12,1.71,63.32,48.33,23.26,39.95,running,1,0,3,12,-1.0953,2.9179,2.8188,0
PUMP-HEALTHY,2026-01-02T19:45:00,480.68,2959.29,103.62,2.4,60.97,48.33,23.23,42.76,running,1,0,1,12,0.686,2.4956,-2.3507,0
PUMP-HEALTHY,2026-01-02T19:50:00,476.44,3039.57,99.81,1.73,61.83,49.45,23.56,57.93,running,1,0,3,12,-0.6703,-3.8101,0.8609,0
PUMP-HEALTHY,2026-01-02T19:55:00,475.3,2997.53,100.46,1.92,61.71,49.78,23.66,54.2,running,1,0,0,12,0.1956,0.6537,-0.1255,0
PUMP-HEALTHY,2026-01-02T20:00:00,478.26,3014.95,103.55,2.07,64.01,48.5,23.2,45.34,running,1,0,3,12,0.143,3.0869,2.3001,0
PUMP-HEALTHY,2026-01-02T20:05:00,475.66,2970.82,102.86,1.86,69.8,47.86,22.76,49.18,running,1,0,0,12,-0.2032,-0.6886,5.7939,0
PUMP-HEALTHY,2026-01-02T20:10:00,482.39,3021.19,103.86,1.23,65.96,46.35,22.36,43.13,running,1,0,3,12,-0.6337,0.9988,-3.8413,0
PUMP-HEALTHY,2026-01-02T20:15:00,475.7,2960.87,103.7,2.54,63.79,48.81,23.22,47.36,running,1,0,4,12,1.314,-0.1588,-2.1716,0
PUMP-HEALTHY,2026-01-02T20:20:00,484.03,3013.61,98.0,1.29,61.49,48.59,23.52,48.28,running,1,0,2,12,-1.2492,-5.6972,-2.2969,0
PUMP-HEALTHY,2026-01-02T20:25:00,478.0,3029.43,102.76,2.84,69.37,51.02,24.39,52.94,running,1,0,4,12,1.5436,4.7556,7.8746,0
PUMP-HEALTHY,2026-01-02T20:30:00,484.86,2990.42,98.89,1.59,63.69,47.39,22.98,48.72,running,1,0,2,12,-1.2486,-3.864,-5.6745,0
PUMP-HEALTHY,2026-01-02T20:35:00,476.1,2978.22,98.22,1.86,65.9,49.64,23.63,50.63,running,1,0,1,12,0.2751,-0.6746,2.2094,0
PUMP-HEALTHY,2026-01-02T20:40:00,481.62,2997.49,99.32,1.77,69.24,48.83,23.52,56.0,running,1,0,1,12,-0.0942,1.0993,3.3432,0
PUMP-HEALTHY,2026-01-02T20:45:00,475.12,3014.84,99.01,2.77,66.58,48.82,23.2,59.37,running,1,0,3,12,1.0006,-0.3096,-2.6656,0
PUMP-HEALTHY,2026-01-02T20:50:00,483.94,3019.54,104.51,2.25,64.54,49.82,24.11,45.6,running,1,0,3,12,-0.5233,5.5042,-2.0353,0
PUMP-HEALTHY,2026-01-02T20:55:00,481.05,3007.79,103.93,1.47,65.02,48.42,23.29,45.27,running,1,0,4,12,-0.773,-0.5845,0.4733,0
PUMP-HEALTHY,2026-01-02T21:00:00,479.83,2986.86,102.06,2.92,60.8,49.68,23.84,53.25,running,1,0,2,12,1.45,-1.8657,-4.2167,0
PUMP-HEALTHY,2026-01-02T21:05:00,479.65,2957.82,104.23,1.18,64.72,51.45,24.68,53.54,running,1,0,4,12,-1.7466,2.1675,3.9239,0
PUMP-HEALTHY,2026-01-02T21:10:00,478.12,2955.28,100.4,2.56,64.69,48.33,23.11,47.82,running,1,0,2,12,1.3802,-3.8246,-0.0358,0
PUMP-HEALTHY,2026-01-02T21:15:00,477.89,2953.53,104.46,2.5,67.27,46.91,22.42,49.09,running,1,0,0,12,-0.0582,4.0552,2.581,0
PUMP-HEALTHY,2026-01-02T21:20:00,481.56,2979.18,103.16,1.05,64.85,45.31,21.82,38.17,running,1,0,4,12,-1.4443,-1.2984,-2.4221,0
PUMP-HEALTHY,2026-01-02T21:25:00,477.81,3035.79,98.1,1.22,61.75,47.38,22.64,49.79,running,1,0,2,12,0.1685,-5.0622,-3.1015,0
PUMP-HEALTHY,2026-01-02T21:30:00,482.83,2973.62,99.27,2.05,60.33,52.83,25.51,59.6,running,1,0,3,12,0.8317,1.1662,-1.4152,0
PUMP-HEALTHY,2026-01-02T21:35:00,482.53,2991.29,100.68,2.32,67.26,47.57,22.96,39.18,running,1,0,2,12,0.2666,1.4165,6.9291,0
PUMP-HEALTHY,2026-01-02T21:40:00,482.55,2961.6,99.17,1.8,63.01,50.88,24.55,53.65,running,1,0,3,12,-0.5238,-1.509,-4.2463,0
PUMP-HEALTHY,2026-01-02T21:45:00,479.75,2964.51,104.09,1.02,69.27,49.01,23.51,46.22,running,1,0,0,12,-0.7738,4.9187,6.2586,0
PUMP-HEALTHY,2026-01-02T21:50:00,475.97,3003.13,100.48,2.69,66.1,47.99,22.84,51.3,running,1,0,2,12,1.6648,-3.6151,-3.1674,0
PUMP-HEALTHY,2026-01-02T21:55:00,481.54,2989.12,103.41,2.5,67.34,47.86,23.05,49.72,running,1,0,1,12,-0.1903,2.9353,1.2383,0
PUMP-HEALTHY,2026-01-02T22:00:00,478.13,2951.06,98.06,1.14,64.11,49.25,23.55,48.13,running,1,0,2,12,-1.3623,-5.3527,-3.2306,0
PUMP-HEALTHY,2026-01-02T22:05:00,476.93,2952.37,98.64,2.88,66.57,51.61,24.61,55.89,running,1,0,0,12,1.7411,0.5843,2.4536,0
PUMP-HEALTHY,2026-01-02T22:10:00,475.86,3010.47,100.63,2.53,66.48,48.31,22.99,55.08,running,1,0,2,12,-0.3493,1.9881,-0.087,0
PUMP-HEALTHY,2026-01-02T22:15:00,479.67,3043.62,102.47,2.85,62.76,49.81,23.89,45.67,running,1,0,1,12,0.3177,1.8398,-3.7152,0
PUMP-HEALTHY,2026-01-02T22:20:00,482.81,2977.73,98.44,1.78,69.96,48.95,23.63,41.46,running,1,0,1,12,-1.0682,-4.0348,7.1958,0
PUMP-HEALTHY,2026-01-02T22:25:00,481.1,2967.84,101.44,1.29,67.69,47.95,23.07,40.46,running,1,0,0,12,-0.4894,3.0077,-2.2725,0
PUMP-HEALTHY,2026-01-02T22:30:00,475.35,2957.04,103.09,2.55,60.19,48.76,23.18,47.44,running,1,0,3,12,1.2667,1.6484,-7.4994,0
PUMP-HEALTHY,2026-01-02T22:35:00,477.66,3020.01,104.33,2.15,65.15,50.3,24.03,58.5,running,1,0,0,12,-0.4052,1.2395,4.9662,0
PUMP-HEALTHY,2026-01-02T22:40:00,480.4,2950.33,104.68,2.64,64.82,50.63,24.32,49.18,running,1,0,3,12,0.4867,0.3468,-0.3332,0
PUMP-HEALTHY,2026-01-02T22:45:00,475.55,3049.7,102.53,1.73,68.53,48.82,23.22,43.5,running,1,0,1,12,-0.9052,-2.1496,3.7128,0
PUMP-HEALTHY,2026-01-02T22:50:00,476.77,2953.93,100.69,1.38,66.96,50.59,24.12,57.41,running,1,0,3,12,-0.3487,-1.8404,-1.5746,0
PUMP-HEALTHY,2026-01-02T22:55:00,482.35,2963.99,99.35,2.44,65.93,46.95,22.65,47.23,running,1,0,4,12,1.0575,-1.3375,-1.0294,0
PUMP-HEALTHY,2026-01-02T23:00:00,484.65,3031.18,104.77,1.03,63.39,49.09,23.79,43.44,running,1,0,4,12,-1.4066,5.4144,-2.5366,0
PUMP-HEALTHY,2026-01-02T23:05:00,479.58,3017.81,104.12,1.3,65.79,48.57,23.3,58.12,running,1,0,3,12,0.2651,-0.6462,2.4006,0
PUMP-HEALTHY,2026-01-02T23:10:00,484.07,3011.84,99.7,2.3,60.14,51.1,24.74,50.82,running,1,0,4,12,0.9997,-4.421,-5.6498,0
PUMP-HEALTHY,2026-01-02T23:15:00,476.71,3009.1,103.72,1.21,64.97,48.5,23.12,54.98,running,1,0,3,12,-1.0849,4.0258,4.8278,0
PUMP-HEALTHY,2026-01-02T23:20:00,478.24,3047.59,102.03,1.27,68.36,50.78,24.28,54.83,running,1,0,0,12,0.062,-1.6928,3.3928,0
PUMP-HEALTHY,2026-01-02T23:25:00,477.74,3025.76,99.18,1.74,61.65,47.54,22.71,41.09,running,1,0,4,12,0.4652,-2.8554,-6.7142,0
PUMP-HEALTHY,2026-01-02T23:30:00,478.76,2965.78,104.16,1.16,60.07,51.19,24.51,58.15,running,1,0,3,12,-0.5784,4.981,-1.5778,0
PUMP-HEALTHY,2026-01-02T23:35:00,481.92,2970.62,102.48,2.05,64.12,51.12,24.64,58.45,running,1,0,3,12,0.8847,-1.6786,4.0481,0
PUMP-HEALTHY,2026-01-02T23:40:00,481.12,2958.8,103.79,1.6,64.19,47.67,22.94,48.94,running,1,0,4,12,-0.4438,1.3066,0.0675,0
PUMP-HEALTHY,2026-01-02T23:45:00,478.62,3026.11,101.78,1.44,67.7,48.26,23.1,51.48,running,1,0,3,12,-0.1638,-2.0073,3.5155,0
PUMP-HEALTHY,2026-01-02T23:50:00,479.98,2965.98,104.46,1.11,63.64,46.25,22.2,40.24,running,1,0,3,12,-0.3305,2.6807,-4.0614,0
PUMP-HEALTHY,2026-01-02T23:55:00,475.43,3024.04,104.47,1.35,67.85,46.57,22.14,47.13,running,1,0,4,12,0.2437,0.0153,4.213,0
PUMP-HEALTHY,2026-01-03T00:00:00,480.8,2991.91,103.23,2.8,62.3,45.77,22.01,37.75,running,1,0,1,12,1.445,-1.2444,-5.5543,0
PUMP-HEALTHY,2026-01-03T00:05:00,478.76,2972.07,101.3,1.97,68.9,48.56,23.25,38.62,running,1,0,1,12,-0.8279,-1.9327,6.6043,0
PUMP-HEALTHY,2026-01-03T00:10:00,479.58,2969.42,100.51,1.54,63.36,46.68,22.39,35.8,running,1,0,3,12,-0.4294,-0.7868,-5.546,0
PUMP-HEALTHY,2026-01-03T00:15:00,479.59,2967.12,100.41,2.77,66.04,50.37,24.16,54.74,running,1,0,4,12,1.2334,-0.1051,2.6774,0
PUMP-HEALTHY,2026-01-03T00:20:00,483.55,2958.65,104.0,1.98,69.96,50.61,24.47,49.79,running,1,0,1,12,-0.7944,3.5938,3.9203,0
PUMP-HEALTHY,2026-01-03T00:25:00,477.48,2993.42,99.56,2.85,69.46,51.79,24.73,57.84,running,1,0,3,12,0.8765,-4.442,-0.4941,0
PUMP-HEALTHY,2026-01-03T00:30:00,482.33,3000.42,100.98,1.79,68.1,48.02,23.16,52.42,running,1,0,0,12,-1.0663,1.423,-1.3654,0
PUMP-HEALTHY,2026-01-03T00:35:00,481.93,2990.66,99.53,1.72,62.39,49.02,23.62,59.97,running,1,0,3,12,-0.0718,-1.4538,-5.7065,0
PUMP-HEALTHY,2026-01-03T00:40:00,483.58,3024.73,98.17,1.91,67.72,50.15,24.25,56.85,running,1,0,3,12,0.1929,-1.3552,5.3277,0
PUMP-HEALTHY,2026-01-03T00:45:00,482.04,2950.14,102.39,1.77,66.91,48.05,23.16,48.27,running,1,0,4,12,-0.1399,4.2202,-0.8108,0
PUMP-HEALTHY,2026-01-03T00:50:00,480.42,3029.45,103.51,1.16,68.81,47.87,23.0,53.39,running,1,0,0,12,-0.6078,1.1227,1.901,0
PUMP-HEALTHY,2026-01-03T00:55:00,476.11,2986.56,102.33,1.73,61.75,46.76,22.26,48.97,running,1,0,2,12,0.5692,-1.1799,-7.0558,0
PUMP-HEALTHY,2026-01-03T01:00:00,477.39,2961.36,101.35,2.88,65.8,49.24,23.51,58.98,running,1,0,2,12,1.1472,-0.9845,4.0485,0
PUMP-HEALTHY,2026-01-03T01:05:00,483.98,3000.36,100.96,1.11,63.73,48.67,23.56,46.31,running,1,0,4,12,-1.7694,-0.389,-2.0731,0
PUMP-HEALTHY,2026-01-03T01:10:00,481.78,3003.29,100.05,2.24,68.0,51.94,25.02,58.63,running,1,0,3,12,1.133,-0.9147,4.2709,0
PUMP-HEALTHY,2026-01-03T01:15:00,475.87,2989.07,99.25,2.92,60.77,45.15,21.48,39.12,running,1,0,1,12,0.6746,-0.7942,-7.2296,0
PUMP-HEALTHY,2026-01-03T01:20:00,480.21,3012.73,100.05,2.94,65.41,46.3,22.23,38.3,running,1,0,2,12,0.0226,0.8005,4.6449,0
PUMP-HEALTHY,2026-01-03T01:25:00,476.89,2952.2,103.61,2.67,65.2,47.87,22.83,43.4,running,1,0,3,12,-0.2693,3.5617,-0.2181,0
PUMP-HEALTHY,2026-01-03T01:30:00,480.93,3019.69,103.89,1.89,63.04,48.13,23.15,38.3,running,1,0,3,12,-0.7794,0.2794,-2.1554,0
PUMP-HEALTHY,2026-01-03T01:35:00,478.72,2978.81,103.92,1.3,62.84,50.97,24.4,58.91,running,1,0,1,12,-0.5938,0.0252,-0.197,0
PUMP-HEALTHY,2026-01-03T01:40:00,484.73,3033.93,102.85,2.33,61.53,45.93,22.26,40.95,running,1,0,2,12,1.036,-1.0686,-1.309,0
PUMP-HEALTHY,2026-01-03T01:45:00,478.7,2970.52,102.95,2.33,69.78,46.65,22.33,38.7,running,1,0,0,12,-0.0016,0.0999,8.2454,0
PUMP-HEALTHY,2026-01-03T01:50:00,484.2,2990.46,101.5,1.29,64.58,46.11,22.33,43.01,running,1,0,2,12,-1.0403,-1.454,-5.1998,0
PUMP-HEALTHY,2026-01-03T01:55:00,481.47,2979.56,104.27,2.94,67.54,51.56,24.83,59.85,running,1,0,3,12,1.6484,2.7759,2.9612,0
PUMP-HEALTHY,2026-01-03T02:00:00,478.39,2961.23,101.35,1.08,66.78,44.79,21.43,37.92,running,1,0,2,12,-1.859,-2.919,-0.7615,0
PUMP-HEALTHY,2026-01-03T02:05:00,475.92,2955.5,102.49,2.17,62.22,49.28,23.45,58.39,running,1,0,3,12,1.0867,1.1363,-4.5586,0
PUMP-HEALTHY,2026-01-03T02:10:00,481.77,3045.76,104.83,1.79,64.9,49.21,23.71,50.08,running,1,0,3,12,-0.378,2.3417,2.6832,0
PUMP-HEALTHY,2026-01-03T02:15:00,476.48,3035.38,100.59,1.75,62.85,49.5,23.58,43.78,running,1,0,3,12,-0.0432,-4.2435,-2.0581,0
PUMP-HEALTHY,2026-01-03T02:20:00,482.42,2991.56,101.1,1.33,67.28,51.46,24.82,57.44,running,1,0,4,12,-0.4181,0.5101,4.4335,0
PUMP-HEALTHY,2026-01-03T02:25:00,475.86,2970.78,101.32,2.74,69.87,48.09,22.89,36.65,running,1,0,3,12,1.4075,0.2248,2.5864,0
PUMP-HEALTHY,2026-01-03T02:30:00,481.39,2977.33,99.22,1.92,65.68,49.33,23.75,57.87,running,1,0,3,12,-0.8108,-2.098,-4.1872,0
PUMP-HEALTHY,2026-01-03T02:35:00,475.42,3032.62,103.84,1.61,65.59,46.11,21.92,46.59,running,1,0,3,12,-0.3164,4.6178,-0.0864,0
PUMP-HEALTHY,2026-01-03T02:40:00,476.24,3016.59,100.01,1.36,69.07,47.0,22.38,51.12,running,1,0,0,12,-0.2491,-3.8283,3.4751,0
PUMP-HEALTHY,2026-01-03T02:45:00,480.99,2986.18,101.36,1.87,62.58,51.37,24.71,52.15,running,1,0,4,12,0.5134,1.3496,-6.4888,0
PUMP-HEALTHY,2026-01-03T02:50:00,475.18,2975.95,102.07,1.29,64.61,48.45,23.02,52.33,running,1,0,2,12,-0.5799,0.7082,2.0313,0
PUMP-HEALTHY,2026-01-03T02:55:00,475.49,2979.17,102.47,1.15,61.94,49.81,23.68,50.7,running,1,0,2,12,-0.1386,0.401,-2.6723,0
PUMP-HEALTHY,2026-01-03T03:00:00,483.72,3032.68,102.79,1.6,66.85,48.09,23.26,52.21,running,1,0,0,12,0.4485,0.3221,4.9163,0
PUMP-HEALTHY,2026-01-03T03:05:00,476.37,2978.14,103.45,1.82,69.21,45.6,21.72,39.08,running,1,0,4,12,0.2218,0.6569,2.3546,0
PUMP-HEALTHY,2026-01-03T03:10:00,481.13,3033.14,101.68,2.06,65.51,48.25,23.22,53.91,running,1,0,1,12,0.2402,-1.7721,-3.6979,0
PUMP-HEALTHY,2026-01-03T03:15:00,484.23,2997.95,100.18,1.73,68.17,51.05,24.72,57.24,running,1,0,2,12,-0.3391,-1.4986,2.6593,0
PUMP-HEALTHY,2026-01-03T03:20:00,475.29,3031.46,99.56,2.71,61.42,45.43,21.59,40.66,running,1,0,0,12,0.9885,-0.6245,-6.7468,0
PUMP-HEALTHY,2026-01-03T03:25:00,475.78,3027.47,103.3,1.09,61.08,49.57,23.58,54.83,running,1,0,2,12,-1.6286,3.7448,-0.3454,0
PUMP-HEALTHY,2026-01-03T03:30:00,475.43,2980.16,98.07,1.19,61.24,48.98,23.29,50.04,running,1,0,0,12,0.108,-5.2294,0.1598,0
PUMP-HEALTHY,2026-01-03T03:35:00,475.91,3034.59,104.59,2.9,63.48,46.68,22.22,39.01,running,1,0,4,12,1.7046,6.521,2.2404,0
PUMP-HEALTHY,2026-01-03T03:40:00,475.68,3031.96,103.34,2.06,67.16,48.97,23.29,59.11,running,1,0,0,12,-0.8399,-1.2502,3.6798,0
PUMP-HEALTHY,2026-01-03T03:45:00,484.24,3042.05,103.96,1.95,66.98,48.18,23.33,39.63,running,1,0,3,12,-0.1082,0.6164,-0.1768,0
PUMP-HEALTHY,2026-01-03T03:50:00,479.24,3001.43,100.85,2.52,63.14,48.41,23.2,46.65,running,1,0,2,12,0.5734,-3.106,-3.8385,0
PUMP-HEALTHY,2026-01-03T03:55:00,480.57,2954.06,100.3,1.23,62.84,48.3,23.21,50.01,running,1,0,4,12,-1.2914,-0.5562,-0.3067,0
PUMP-HEALTHY,2026-01-03T04:00:00,479.07,3048.5,101.0,2.71,68.95,51.59,24.72,55.06,running,1,0,3,12,1.4821,0.6989,6.1114,0
PUMP-HEALTHY,2026-01-03T04:05:00,481.72,2989.64,101.66,2.35,61.19,49.0,23.6,44.87,running,1,0,1,12,-0.3605,0.6629,-7.7554,0
PUMP-HEALTHY,2026-01-03T04:10:00,475.65,3047.52,100.37,2.19,69.91,47.84,22.76,38.07,running,1,0,4,12,-0.1631,-1.2882,8.7144,0
PUMP-HEALTHY,2026-01-03T04:15:00,480.94,3025.63,103.61,2.89,63.56,51.18,24.61,51.67,running,1,0,1,12,0.6965,3.2365,-6.3456,0
PUMP-HEALTHY,2026-01-03T04:20:00,482.68,2960.8,99.75,1.99,66.28,45.53,21.98,38.37,running,1,0,0,12,-0.8919,-3.8521,2.7227,0
PUMP-HEALTHY,2026-01-03T04:25:00,484.72,2988.26,102.75,1.31,66.22,45.43,22.02,37.41,running,1,0,3,12,-0.6891,2.9996,-0.064,0
PUMP-HEALTHY,2026-01-03T04:30:00,477.02,3016.21,101.43,1.52,63.44,50.11,23.9,56.49,running,1,0,3,12,0.2179,-1.3227,-2.7835,0
PUMP-HEALTHY,2026-01-03T04:35:00,483.8,2961.91,101.15,2.71,64.43,45.49,22.01,35.9,running,1,0,1,12,1.1824,-0.2809,0.9894,0
PUMP-HEALTHY,2026-01-03T04:40:00,479.91,2963.45,103.01,1.97,61.09,49.97,23.98,51.88,running,1,0,3,12,-0.7308,1.8593,-3.3317,0
PUMP-HEALTHY,2026-01-03T04:45:00,480.62,2965.63,98.39,1.53,65.91,48.76,23.43,44.44,running,1,0,0,12,-0.4481,-4.6199,4.8166,0
PUMP-HEALTHY,2026-01-03T04:50:00,475.28,2954.51,103.86,1.7,67.42,47.59,22.62,35.67,running,1,0,2,12,0.171,5.4684,1.5101,0
PUMP-HEALTHY,2026-01-03T04:55:00,484.92,2991.19,98.4,1.49,62.35,46.45,22.53,42.8,running,1,0,0,12,-0.2093,-5.4634,-5.0744,0
PUMP-HEALTHY,2026-01-03T05:00:00,478.38,2951.97,100.28,1.92,68.63,50.33,24.07,49.2,running,1,0,4,12,0.4334,1.8877,6.2875,0
PUMP-HEALTHY,2026-01-03T05:05:00,475.22,2981.65,101.99,1.64,60.98,48.86,23.22,47.21,running,1,0,2,12,-0.277,1.7097,-7.6564,0
PUMP-HEALTHY,2026-01-03T05:10:00,476.67,2979.95,104.79,1.4,66.35,48.71,23.22,59.35,running,1,0,2,12,-0.2413,2.7935,5.3772,0
PUMP-HEALTHY,2026-01-03T05:15:00,475.48,3049.62,100.81,1.45,67.43,47.71,22.69,37.3,running,1,0,0,12,0.0483,-3.9718,1.0744,0
PUMP-HEALTHY,2026-01-03T05:20:00,480.66,3003.11,100.99,1.69,60.77,50.08,24.07,55.59,running,1,0,2,12,0.2429,0.1755,-6.6623,0
PUMP-HEALTHY,2026-01-03T05:25:00,477.0,2990.23,102.37,1.91,67.63,44.94,21.44,39.52,running,1,0,4,12,0.2118,1.385,6.8678,0
PUMP-HEALTHY,2026-01-03T05:30:00,479.99,3016.08,103.77,2.88,62.68,50.41,24.19,50.95,running,1,0,4,12,0.9697,1.3926,-4.9551,0
PUMP-HEALTHY,2026-01-03T05:35:00,482.27,2955.99,99.4,1.92,62.4,50.91,24.55,53.66,running,1,0,0,12,-0.9512,-4.3628,-0.2756,0
PUMP-HEALTHY,2026-01-03T05:40:00,481.34,3034.6,99.87,1.57,61.61,48.45,23.32,52.17,running,1,0,0,12,-0.3509,0.464,-0.7979,0
PUMP-HEALTHY,2026-01-03T05:45:00,477.46,3032.72,101.25,2.12,64.36,47.15,22.51,51.17,running,1,0,2,12,0.5456,1.3806,2.7555,0
PUMP-HEALTHY,2026-01-03T05:50:00,482.9,2977.78,101.85,2.29,60.42,50.92,24.59,53.06,running,1,0,2,12,0.1689,0.6058,-3.939,0
PUMP-HEALTHY,2026-01-03T05:55:00,481.02,3036.72,104.3,1.81,63.63,47.7,22.95,51.44,running,1,0,1,12,-0.4746,2.4491,3.212,0
PUMP-HEALTHY,2026-01-03T06:00:00,477.36,3007.1,101.5,1.24,66.64,49.79,23.77,49.51,running,1,0,0,12,-0.5727,-2.8023,3.0078,0
PUMP-HEALTHY,2026-01-03T06:05:00,477.38,2962.23,103.65,1.66,65.84,48.83,23.31,44.75,running,1,0,1,12,0.4173,2.1451,-0.7989,0
PUMP-HEALTHY,2026-01-03T06:10:00,476.07,2971.41,99.92,1.82,68.63,46.36,22.07,36.4,running,1,0,4,12,0.1582,-3.725,2.7857,0
PUMP-HEALTHY,2026-01-03T06:15:00,479.24,3018.27,104.74,2.76,69.37,48.73,23.35,44.07,running,1,0,4,12,0.9421,4.8214,0.7407,0
PUMP-HEALTHY,2026-01-03T06:20:00,475.35,3023.94,103.59,1.11,69.17,47.95,22.79,51.79,running,1,0,2,12,-1.6495,-1.1506,-0.1952,0
PUMP-HEALTHY,2026-01-03T06:25:00,484.03,3018.52,101.74,1.47,64.42,48.51,23.48,35.2,running,1,0,2,12,0.3634,-1.8482,-4.7505,0
PUMP-HEALTHY,2026-01-03T06:30:00,475.9,3032.27,99.65,1.42,68.9,50.61,24.08,57.9,running,1,0,3,12,-0.052,-2.0962,4.4784,0
PUMP-HEALTHY,2026-01-03T06:35:00,482.89,2977.4,98.56,2.56,64.92,51.56,24.9,53.42,running,1,0,0,12,1.1381,-1.0876,-3.9855,0
PUMP-HEALTHY,2026-01-03T06:40:00,483.24,3019.85,101.54,1.7,66.02,51.18,24.73,55.34,running,1,0,0,12,-0.8552,2.9837,1.1042,0
PUMP-HEALTHY,2026-01-03T06:45:00,481.41,2968.37,101.1,2.28,60.03,46.54,22.41,40.0,running,1,0,1,12,0.5785,-0.4405,-5.9904,0
PUMP-HEALTHY,2026-01-03T06:50:00,480.16,3046.97,103.81,2.53,68.47,50.57,24.28,52.14,running,1,0,1,12,0.2441,2.7105,8.4388,0
PUMP-HEALTHY,2026-01-03T06:55:00,477.61,3018.75,103.79,2.6,61.99,46.69,22.3,45.36,running,1,0,4,12,0.0727,-0.027,-6.483,0
PUMP-HEALTHY,2026-01-03T07:00:00,477.24,3044.81,104.46,2.29,66.27,52.05,24.84,57.67,running,1,0,1,12,-0.3048,0.6744,4.2796,0
PUMP-HEALTHY,2026-01-03T07:05:00,475.5,3011.8,102.2,1.3,69.58,46.96,22.33,39.25,running,1,0,3,12,-0.9957,-2.259,3.3141,0
PUMP-HEALTHY,2026-01-03T07:10:00,483.27,2999.41,99.57,1.41,69.46,49.3,23.82,55.34,running,1,0,3,12,0.1078,-2.6314,-0.1198,0
PUMP-HEALTHY,2026-01-03T07:15:00,483.56,3010.01,104.97,1.57,66.77,48.11,23.27,45.46,running,1,0,2,12,0.1596,5.3951,-2.6886,0
PUMP-HEALTHY,2026-01-03T07:20:00,477.35,2995.1,99.74,2.17,66.47,46.34,22.12,37.14,running,1,0,3,12,0.5999,-5.2282,-0.2995,0
PUMP-HEALTHY,2026-01-03T07:25:00,481.87,3021.33,102.96,2.47,62.56,45.12,21.74,37.38,running,1,0,2,12,0.3064,3.2209,-3.9101,0
PUMP-HEALTHY,2026-01-03T07:30:00,484.97,3043.93,104.77,2.2,67.48,45.93,22.28,36.14,running,1,0,3,12,-0.2757,1.8113,4.9202,0
PUMP-HEALTHY,2026-01-03T07:35:00,481.71,2963.22,104.25,1.08,61.79,47.18,22.73,39.25,running,1,0,0,12,-1.1142,-0.5249,-5.6887,0
PUMP-HEALTHY,2026-01-03T07:40:00,478.17,3003.04,98.99,1.23,60.44,48.21,23.05,38.2,running,1,0,3,12,0.1514,-5.253,-1.3521,0
PUMP-HEALTHY,2026-01-03T07:45:00,477.83,3037.69,102.29,2.52,62.64,49.1,23.46,42.83,running,1,0,1,12,1.2894,3.298,2.196,0
PUMP-HEALTHY,2026-01-03T07:50:00,480.56,3042.29,102.46,1.88,61.89,45.32,21.78,36.36,running,1,0,3,12,-0.6431,0.166,-0.7484,0
PUMP-HEALTHY,2026-01-03T07:55:00,479.36,3049.52,104.49,1.08,63.57,49.38,23.67,52.73,running,1,0,1,12,-0.7984,2.0339,1.676,0
PUMP-HEALTHY,2026-01-03T08:00:00,476.24,2959.36,104.08,1.36,61.68,47.37,22.56,47.72,running,1,0,4,12,0.2797,-0.4132,-1.8823,0
PUMP-HEALTHY,2026-01-03T08:05:00,484.98,2950.41,103.37,1.36,69.2,47.82,23.19,41.15,running,1,0,2,12,-0.0002,-0.7093,7.5212,0
PUMP-HEALTHY,2026-01-03T08:10:00,481.81,3018.06,100.76,2.18,69.51,48.83,23.53,55.92,running,1,0,3,12,0.8195,-2.6087,0.3081,0
PUMP-HEALTHY,2026-01-03T08:15:00,479.54,3045.52,102.16,1.01,69.7,51.02,24.47,51.4,running,1,0,4,12,-1.1691,1.4002,0.1855,0
PUMP-HEALTHY,2026-01-03T08:20:00,476.29,3036.33,103.61,1.57,67.98,49.53,23.59,53.59,running,1,0,2,12,0.5543,1.4515,-1.7162,0
PUMP-HEALTHY,2026-01-03T08:25:00,476.78,3046.5,104.06,1.18,68.52,47.88,22.83,39.07,running,1,0,1,12,-0.3875,0.4477,0.542,0
PUMP-HEALTHY,2026-01-03T08:30:00,476.21,2999.08,101.03,2.61,63.1,47.59,22.66,52.12,running,1,0,4,12,1.4343,-3.0321,-5.4224,0
PUMP-HEALTHY,2026-01-03T08:35:00,477.0,2994.54,100.72,1.54,66.0,46.15,22.01,37.26,running,1,0,3,12,-1.0757,-0.3099,2.9024,0
PUMP-HEALTHY,2026-01-03T08:40:00,475.93,3001.33,104.81,2.35,66.48,50.89,24.22,52.84,running,1,0,0,12,0.8159,4.0963,0.4727,0
PUMP-HEALTHY,2026-01-03T08:45:00,477.91,2993.74,104.35,1.96,61.49,48.31,23.09,38.19,running,1,0,2,12,-0.3977,-0.4624,-4.99,0
PUMP-HEALTHY,2026-01-03T08:50:00,480.69,3005.1,104.42,2.03,65.11,48.07,23.11,45.33,running,1,0,2,12,0.0716,0.0707,3.6205,0
PUMP-HEALTHY,2026-01-03T08:55:00,477.55,2958.18,101.52,1.23,66.62,45.63,21.79,39.49,running,1,0,2,12,-0.799,-2.897,1.5093,0
PUMP-HEALTHY,2026-01-03T09:00:00,478.14,3022.41,103.3,1.9,68.08,49.35,23.6,43.53,running,1,0,0,12,0.672,1.7774,1.4626,0
PUMP-HEALTHY,2026-01-03T09:05:00,482.47,3010.41,104.1,1.21,65.34,45.0,21.71,35.15,running,1,0,3,12,-0.6872,0.7998,-2.7346,0
PUMP-HEALTHY,2026-01-03T09:10:00,483.69,3046.58,102.21,1.97,66.18,50.43,24.39,59.35,running,1,0,3,12,0.7608,-1.8881,0.8412,0
PUMP-HEALTHY,2026-01-03T09:15:00,483.05,2958.76,98.95,1.38,68.16,48.44,23.4,52.4,running,1,0,1,12,-0.5918,-3.2674,1.9747,0
PUMP-HEALTHY,2026-01-03T09:20:00,481.5,2993.58,102.38,2.58,61.91,47.63,22.93,42.52,running,1,0,1,12,1.1984,3.4366,-6.2505,0
PUMP-HEALTHY,2026-01-03T09:25:00,484.02,3023.88,101.12,1.97,60.2,47.63,23.05,46.24,running,1,0,3,12,-0.6099,-1.2656,-1.7129,0
PUMP-HEALTHY,2026-01-03T09:30:00,475.51,2950.79,102.41,2.43,69.79,50.69,24.1,56.22,running,1,0,2,12,0.4561,1.296,9.5986,0
PUMP-HEALTHY,2026-01-03T09:35:00,475.37,2989.97,101.59,2.45,69.35,51.46,24.46,57.63,running,1,0,0,12,0.023,-0.8194,-0.4421,0
PUMP-HEALTHY,2026-01-03T09:40:00,479.22,2981.59,98.44,2.79,64.17,48.34,23.17,46.83,running,1,0,3,12,0.3365,-3.1489,-5.1814,0
PUMP-HEALTHY,2026-01-03T09:45:00,475.21,2978.8,99.35,1.69,62.32,48.53,23.06,40.49,running,1,0,3,12,-1.0981,0.9008,-1.8503,0
PUMP-HEALTHY,2026-01-03T09:50:00,476.31,2979.34,102.98,2.92,68.33,49.96,23.8,51.83,running,1,0,1,12,1.2319,3.6343,6.0098,0
PUMP-HEALTHY,2026-01-03T09:55:00,481.22,2978.25,103.24,2.33,61.29,47.72,22.96,39.99,running,1,0,3,12,-0.5855,0.2651,-7.0398,0
PUMP-HEALTHY,2026-01-03T10:00:00,478.04,2970.94,98.33,1.04,68.81,46.38,22.17,43.93,running,1,0,0,12,-1.2979,-4.9154,7.5181,0
PUMP-HEALTHY,2026-01-03T10:05:00,483.07,2983.77,98.8,1.45,65.62,50.72,24.5,47.16,running,1,0,4,12,0.4171,0.4684,-3.1892,0
PUMP-HEALTHY,2026-01-03T10:10:00,477.67,2965.12,102.83,2.03,66.69,50.99,24.36,52.66,running,1,0,0,12,0.5774,4.0332,1.075,0
PUMP-HEALTHY,2026-01-03T10:15:00,484.75,3028.17,102.27,2.72,61.02,49.26,23.88,49.06,running,1,0,1,12,0.686,-0.5634,-5.6762,0
PUMP-HEALTHY,2026-01-03T10:20:00,484.11,2965.7,100.04,1.88,65.06,48.34,23.4,53.31,running,1,0,1,12,-0.8337,-2.2227,4.0403,0
PUMP-HEALTHY,2026-01-03T10:25:00,476.23,2970.19,104.79,2.54,60.07,49.64,23.64,55.87,running,1,0,2,12,0.6554,4.7426,-4.9931,0
PUMP-HEALTHY,2026-01-03T10:30:00,478.72,3025.48,100.52,2.33,61.52,49.27,23.59,53.84,running,1,0,3,12,-0.2084,-4.263,1.4502,0
PUMP-HEALTHY,2026-01-03T10:35:00,484.18,3039.81,104.66,2.03,66.82,50.67,24.53,58.59,running,1,0,4,12,-0.2977,4.1384,5.3059,0
PUMP-HEALTHY,2026-01-03T10:40:00,484.44,2958.48,100.2,2.96,61.64,47.98,23.24,36.54,running,1,0,4,12,0.9316,-4.4593,-5.1787,0
PUMP-HEALTHY,2026-01-03T10:45:00,475.58,3013.16,102.99,2.32,65.2,46.87,22.29,42.39,running,1,0,2,12,-0.6432,2.79,3.5545,0
PUMP-HEALTHY,2026-01-03T10:50:00,482.22,2981.37,100.41,2.65,69.0,47.82,23.06,50.26,running,1,0,4,12,0.3333,-2.5845,3.8043,0
PUMP-HEALTHY,2026-01-03T10:55:00,481.24,3011.82,101.1,1.69,68.12,50.42,24.27,51.22,running,1,0,4,12,-0.9635,0.6859,-0.8838,0
PUMP-HEALTHY,2026-01-03T11:00:00,478.34,3022.51,103.18,1.25,69.92,45.81,21.91,42.1,running,1,0,1,12,-0.4385,2.0854,1.8009,0
PUMP-HEALTHY,2026-01-03T11:05:00,475.23,3039.03,101.78,1.52,68.32,46.96,22.32,42.6,running,1,0,2,12,0.2654,-1.4008,-1.5969,0
PUMP-HEALTHY,2026-01-03T11:10:00,477.6,3000.75,98.87,2.51,69.41,48.41,23.12,46.22,running,1,0,1,12,0.9957,-2.9128,1.0911,0
PUMP-HEALTHY,2026-01-03T11:15:00,483.05,3048.9,101.96,2.79,66.28,49.34,23.83,48.33,running,1,0,4,12,0.2756,3.0925,-3.136,0
PUMP-HEALTHY,2026-01-03T11:20:00,481.72,3021.44,101.64,1.5,63.28,50.36,24.26,49.56,running,1,0,3,12,-1.2934,-0.3215,-2.999,0
PUMP-HEALTHY,2026-01-03T11:25:00,483.28,2958.19,98.44,2.78,64.76,48.06,23.23,46.15,running,1,0,4,12,1.2818,-3.2023,1.4841,0
PUMP-HEALTHY,2026-01-03T11:30:00,482.79,3037.2,102.09,2.27,69.97,51.42,24.83,52.23,running,1,0,1,12,-0.5041,3.6548,5.2026,0
PUMP-HEALTHY,2026-01-03T11:35:00,476.44,2962.71,102.98,1.26,67.05,48.36,23.04,56.58,running,1,0,1,12,-1.0142,0.8879,-2.9199,0
PUMP-HEALTHY,2026-01-03T11:40:00,484.44,2986.93,104.66,2.2,64.09,47.5,23.01,38.02,running,1,0,2,12,0.9444,1.6847,-2.959,0
PUMP-HEALTHY,2026-01-03T11:45:00,478.05,2987.45,100.06,1.06,61.43,49.35,23.59,54.59,running,1,0,2,12,-1.1472,-4.6049,-2.6575,0
PUMP-HEALTHY,2026-01-03T11:50:00,477.16,3031.91,101.42,1.24,63.49,49.65,23.69,56.76,running,1,0,2,12,0.1887,1.3637,2.0578,0
PUMP-HEALTHY,2026-01-03T11:55:00,482.81,2997.52,103.04,2.21,67.62,48.65,23.49,47.62,running,1,0,2,12,0.9668,1.6187,4.133,0
PUMP-HEALTHY,2026-01-03T12:00:00,475.89,3012.48,102.37,1.77,69.0,45.67,21.73,43.47,running,1,0,2,12,-0.4369,-0.6751,1.3829,0
PUMP-HEALTHY,2026-01-03T12:05:00,481.46,3036.6,102.95,2.14,67.96,49.85,24.0,52.68,running,1,0,1,12,0.3695,0.5853,-1.0409,0
PUMP-HEALTHY,2026-01-03T12:10:00,484.55,3004.18,103.3,2.91,65.22,50.07,24.26,53.76,running,1,0,4,12,0.7706,0.3528,-2.744,0
PUMP-HEALTHY,2026-01-03T12:15:00,476.8,2951.9,103.51,1.49,67.06,49.8,23.75,57.19,running,1,0,3,12,-1.424,0.204,1.8386,0
PUMP-HEALTHY,2026-01-03T12:20:00,480.89,2999.15,104.54,1.68,61.81,46.59,22.41,35.6,running,1,0,0,12,0.1893,1.0296,-5.2511,0
PUMP-HEALTHY,2026-01-03T12:25:00,480.42,2978.54,99.28,2.54,61.54,51.33,24.66,58.8,running,1,0,1,12,0.8567,-5.2583,-0.2628,0
PUMP-HEALTHY,2026-01-03T12:30:00,475.27,2955.85,100.73,1.64,64.13,46.87,22.27,43.11,running,1,0,1,12,-0.8965,1.4509,2.586,0
PUMP-HEALTHY,2026-01-03T12:35:00,477.4,3009.7,99.66,2.02,65.04,49.43,23.6,58.73,running,1,0,0,12,0.3772,-1.0741,0.916,0
PUMP-HEALTHY,2026-01-03T12:40:00,479.84,2990.75,99.64,2.77,62.69,51.32,24.63,59.09,running,1,0,1,12,0.7551,-0.0193,-2.3526,0
PUMP-HEALTHY,2026-01-03T12:45:00,478.05,2990.67,98.59,2.27,62.03,49.99,23.9,59.2,running,1,0,4,12,-0.5007,-1.0488,-0.657,0
PUMP-HEALTHY,2026-01-03T12:50:00,484.53,3046.14,101.89,1.08,68.13,51.49,24.95,59.03,running,1,0,0,12,-1.188,3.2987,6.0919,0
PUMP-HEALTHY,2026-01-03T12:55:00,484.34,2998.22,102.19,2.68,63.8,48.77,23.62,43.79,running,1,0,0,12,1.5954,0.299,-4.3249,0
PUMP-HEALTHY,2026-01-03T13:00:00,476.61,3003.41,98.49,1.18,66.98,50.66,24.14,55.76,running,1,0,1,12,-1.4995,-3.6955,3.1828,0
PUMP-HEALTHY,2026-01-03T13:05:00,481.1,3045.74,100.23,2.36,63.43,48.58,23.37,41.53,running,1,0,2,12,1.1848,1.7386,-3.5579,0
PUMP-HEALTHY,2026-01-03T13:10:00,478.42,2995.98,102.2,1.03,66.92,47.09,22.53,51.16,running,1,0,1,12,-1.3325,1.9685,3.4921,0
PUMP-HEALTHY,2026-01-03T13:15:00,479.13,3039.53,102.92,2.52,65.38,50.37,24.13,54.68,running,1,0,3,12,1.4932,0.7265,-1.5371,0
PUMP-HEALTHY,2026-01-03T13:20:00,481.72,2985.3,103.69,2.65,63.58,48.31,23.27,39.43,running,1,0,3,12,0.13,0.7664,-1.8017,0
PUMP-HEALTHY,2026-01-03T13:25:00,478.7,2969.3,98.07,2.49,67.58,50.09,23.98,52.01,running,1,0,2,12,-0.1686,-5.6239,4.0046,0
PUMP-HEALTHY,2026-01-03T13:30:00,483.08,2972.11,104.86,2.93,60.37,49.59,23.96,47.32,running,1,0,3,12,0.4483,6.7953,-7.2162,0
PUMP-HEALTHY,2026-01-03T13:35:00,476.11,2977.73,101.5,1.34,61.94,49.99,23.8,53.47,running,1,0,4,12,-1.5936,-3.3586,1.5697,0
PUMP-HEALTHY,2026-01-03T13:40:00,476.28,2956.5,99.82,2.14,62.28,49.47,23.56,48.08,running,1,0,4,12,0.7989,-1.6849,0.3419,0
PUMP-HEALTHY,2026-01-03T13:45:00,481.14,3018.07,104.18,1.0,64.27,50.02,24.07,51.83,running,1,0,3,12,-1.1359,4.3643,1.9915,0
PUMP-HEALTHY,2026-01-03T13:50:00,477.74,3018.02,101.27,1.72,67.59,48.99,23.4,57.1,running,1,0,3,12,0.719,-2.9156,3.3191,0
PUMP-HEALTHY,2026-01-03T13:55:00,478.16,2989.19,100.34,2.76,68.08,49.51,23.67,59.76,running,1,0,1,12,1.0373,-0.9232,0.4865,0
PUMP-HEALTHY,2026-01-03T14:00:00,476.97,2982.92,98.44,2.25,60.28,46.09,21.98,45.8,running,1,0,2,12,-0.5096,-1.903,-7.798,0
PUMP-HEALTHY,2026-01-03T14:05:00,477.47,2997.36,104.71,2.67,68.22,47.37,22.62,47.99,running,1,0,3,12,0.4144,6.2717,7.9376,0
PUMP-HEALTHY,2026-01-03T14:10:00,482.64,3012.53,102.05,1.17,60.61,45.92,22.16,35.83,running,1,0,1,12,-1.494,-2.6591,-7.6095,0
PUMP-HEALTHY,2026-01-03T14:15:00,475.62,3030.24,98.38,2.22,64.32,44.62,21.22,37.55,running,1,0,3,12,1.0504,-3.669,3.7115,0
PUMP-HEALTHY,2026-01-03T14:20:00,475.96,3025.2,99.63,2.2,66.6,45.55,21.68,35.27,running,1,0,4,12,-0.0223,1.2483,2.2789,0
PUMP-HEALTHY,2026-01-03T14:25:00,476.01,3015.09,102.73,1.05,65.17,47.04,22.39,49.7,running,1,0,4,12,-1.1472,3.0986,-1.4251,0
PUMP-HEALTHY,2026-01-03T14:30:00,482.89,2969.36,102.01,2.27,62.56,49.33,23.82,45.53,running,1,0,0,12,1.2228,-0.7179,-2.6093,0
PUMP-HEALTHY,2026-01-03T14:35:00,475.6,2981.17,101.05,2.92,67.54,48.87,23.25,42.78,running,1,0,2,12,0.6448,-0.9615,4.9809,0
PUMP-HEALTHY,2026-01-03T14:40:00,481.03,2979.11,104.79,2.04,66.58,45.99,22.12,38.62,running,1,0,0,12,-0.8841,3.741,-0.967,0
PUMP-HEALTHY,2026-01-03T14:45:00,479.22,2969.54,99.4,2.82,67.85,48.44,23.22,43.54,running,1,0,4,12,0.7816,-5.3893,1.2759,0
PUMP-HEALTHY,2026-01-03T14:50:00,481.92,3035.2,101.96,1.67,63.0,46.36,22.34,43.22,running,1,0,3,12,-1.1457,2.5601,-4.8563,0
PUMP-HEALTHY,2026-01-03T14:55:00,477.19,2950.37,99.56,1.46,66.24,48.08,22.94,40.98,running,1,0,3,12,-0.2108,-2.4015,3.2429,0
PUMP-HEALTHY,2026-01-03T15:00:00,477.05,2968.42,104.93,1.73,60.74,44.65,21.3,35.75,running,1,0,4,12,0.2651,5.368,-5.5019,0
PUMP-HEALTHY,2026-01-03T15:05:00,484.13,2985.99,104.83,1.4,62.84,46.68,22.6,40.47,running,1,0,1,12,-0.3274,-0.102,2.1037,0
PUMP-HEALTHY,2026-01-03T15:10:00,476.79,2952.15,103.9,2.82,60.21,48.6,23.17,51.94,running,1,0,1,12,1.4231,-0.927,-2.6311,0
PUMP-HEALTHY,2026-01-03T15:15:00,478.05,2974.01,103.67,2.32,69.41,52.53,25.11,59.43,running,1,0,0,12,-0.4995,-0.2338,9.2017,0
PUMP-HEALTHY,2026-01-03T15:20:00,476.18,3038.27,98.92,1.38,65.33,48.38,23.04,52.36,running,1,0,0,12,-0.9425,-4.7509,-4.0861,0
PUMP-HEALTHY,2026-01-03T15:25:00,482.63,3008.73,103.98,1.59,61.49,48.15,23.24,41.18,running,1,0,4,12,0.2091,5.0655,-3.8399,0
PUMP-HEALTHY,2026-01-03T15:30:00,484.68,3038.58,99.46,1.16,64.71,47.94,23.23,51.59,running,1,0,4,12,-0.4256,-4.5164,3.221,0
PUMP-HEALTHY,2026-01-03T15:35:00,478.74,3001.89,99.25,2.42,65.25,50.19,24.03,47.08,running,1,0,4,12,1.2622,-0.2117,0.5481,0
PUMP-HEALTHY,2026-01-03T15:40:00,481.5,2970.72,104.26,1.9,62.34,47.11,22.68,40.46,running,1,0,2,12,-0.5208,5.0112,-2.9109,0
PUMP-HEALTHY,2026-01-03T15:45:00,477.55,2958.48,103.26,1.59,65.19,45.3,21.63,40.75,running,1,0,3,12,-0.3141,-1.0028,2.8444,0
PUMP-HEALTHY,2026-01-03T15:50:00,479.68,2990.9,103.63,1.63,63.82,46.02,22.07,39.49,running,1,0,0,12,0.0439,0.3702,-1.3645,0
PUMP-HEALTHY,2026-01-03T15:55:00,477.95,3000.18,101.83,1.16,62.76,45.63,21.81,40.69,running,1,0,2,12,-0.4777,-1.805,-1.0595,0
PUMP-HEALTHY,2026-01-03T16:00:00,476.97,2982.92,100.12,2.63,66.84,48.1,22.94,41.86,running,1,0,4,12,1.4748,-1.7076,4.0711,0
PUMP-HEALTHY,2026-01-03T16:05:00,484.12,2950.85,100.1,2.64,67.83,48.08,23.28,45.1,running,1,0,3,12,0.0135,-0.0227,0.9959,0
PUMP-HEALTHY,2026-01-03T16:10:00,481.54,3048.93,104.66,2.73,62.28,48.52,23.37,53.08,running,1,0,4,12,0.0863,4.5641,-5.5555,0
PUMP-HEALTHY,2026-01-03T16:15:00,482.58,3022.25,101.23,2.58,63.13,48.44,23.38,39.7,running,1,0,3,12,-0.1471,-3.4306,0.855,0
PUMP-HEALTHY,2026-01-03T16:20:00,483.53,2953.01,98.97,2.75,63.06,49.91,24.13,53.45,running,1,0,1,12,0.1637,-2.2572,-0.075,0
PUMP-HEALTHY,2026-01-03T16:25:00,479.19,3018.58,100.82,2.56,65.38,45.79,21.94,43.15,running,1,0,1,12,-0.1902,1.8509,2.3203,0
PUMP-HEALTHY,2026-01-03T16:30:00,484.77,3049.43,101.98,2.6,69.14,48.84,23.68,49.35,running,1,0,0,12,0.041,1.1538,3.7615,0
PUMP-HEALTHY,2026-01-03T16:35:00,480.34,2968.83,98.76,2.14,64.52,48.73,23.41,57.37,running,1,0,0,12,-0.4593,-3.2169,-4.6222,0
PUMP-HEALTHY,2026-01-03T16:40:00,483.26,3010.34,98.19,1.4,69.11,47.13,22.78,44.65,running,1,0,3,12,-0.741,-0.5726,4.5981,0
PUMP-HEALTHY,2026-01-03T16:45:00,475.57,3001.85,99.2,2.72,64.11,45.08,21.44,38.93,running,1,0,0,12,1.3214,1.0149,-5.0048,0
PUMP-HEALTHY,2026-01-03T16:50:00,478.89,3040.36,99.45,2.74,63.1,50.55,24.21,55.45,running,1,0,2,12,0.0215,0.2426,-1.011,0
PUMP-HEALTHY,2026-01-03T16:55:00,480.87,3000.25,102.79,1.55,60.07,45.27,21.77,38.57,running,1,0,4,12,-1.19,3.3485,-3.0231,0
PUMP-HEALTHY,2026-01-03T17:00:00,478.29,3006.92,101.44,1.93,60.39,47.15,22.55,37.28,running,1,0,2,12,0.3745,-1.3571,0.3164,0
PUMP-HEALTHY,2026-01-03T17:05:00,478.91,3032.34,103.95,1.83,61.8,48.72,23.33,50.44,running,1,0,4,12,-0.0953,2.5122,1.4049,0
PUMP-HEALTHY,2026-01-03T17:10:00,475.96,3019.86,98.31,2.77,61.58,50.09,23.84,57.06,running,1,0,1,12,0.941,-5.6433,-0.2165,0
PUMP-HEALTHY,2026-01-03T17:15:00,484.09,2991.13,103.33,1.24,63.69,50.06,24.23,53.88,running,1,0,1,12,-1.5286,5.0274,2.108,0
PUMP-HEALTHY,2026-01-03T17:20:00,477.53,3000.61,101.24,1.15,66.94,48.99,23.4,53.74,running,1,0,3,12,-0.0961,-2.0979,3.2575,0
PUMP-HEALTHY,2026-01-03T17:25:00,475.38,2975.06,102.96,1.27,66.7,47.85,22.75,46.61,running,1,0,3,12,0.1266,1.7285,-0.2419,0
PUMP-HEALTHY,2026-01-03T17:30:00,476.4,3032.04,103.89,1.34,60.18,45.63,21.74,37.51,running,1,0,0,12,0.0682,0.9272,-6.5223,0
PUMP-HEALTHY,2026-01-03T17:35:00,481.71,2951.12,99.91,1.88,61.78,51.23,24.68,52.86,running,1,0,0,12,0.5401,-3.9782,1.5987,0
PUMP-HEALTHY,2026-01-03T17:40:00,483.37,3031.15,102.49,2.43,68.97,47.57,22.99,44.77,running,1,0,3,12,0.5515,2.5743,7.1907,0
PUMP-HEALTHY,2026-01-03T17:45:00,482.67,3042.88,100.62,1.48,60.91,50.38,24.32,45.54,running,1,0,0,12,-0.9557,-1.8646,-8.0562,0
PUMP-HEALTHY,2026-01-03T17:50:00,477.21,3038.23,103.58,2.66,61.68,46.48,22.18,39.18,running,1,0,4,12,1.1838,2.956,0.765,0
PUMP-HEALTHY,2026-01-03T17:55:00,481.27,3012.47,104.54,1.79,64.28,45.88,22.08,40.81,running,1,0,2,12,-0.8708,0.9618,2.6,0
PUMP-HEALTHY,2026-01-03T18:00:00,475.12,2971.28,99.54,2.32,62.78,46.88,22.27,50.6,running,1,0,4,12,0.5258,-4.9996,-1.4942,0
PUMP-HEALTHY,2026-01-03T18:05:00,480.0,3049.05,102.99,2.58,69.22,47.87,22.98,49.23,running,1,0,3,12,0.2666,3.447,6.4377,0
PUMP-HEALTHY,2026-01-03T18:10:00,481.78,3047.24,102.86,1.66,66.35,49.7,23.94,57.1,running,1,0,2,12,-0.9184,-0.1317,-2.8687,0
PUMP-HEALTHY,2026-01-03T18:15:00,475.18,3041.21,101.14,2.02,67.42,48.98,23.28,47.59,running,1,0,0,12,0.358,-1.7137,1.0646,0
PUMP-HEALTHY,2026-01-03T18:20:00,478.09,3023.79,103.3,2.24,60.6,47.01,22.48,44.36,running,1,0,0,12,0.2175,2.1583,-6.8189,0
PUMP-HEALTHY,2026-01-03T18:25:00,477.38,3022.53,104.92,1.89,68.77,45.96,21.94,38.36,running,1,0,3,12,-0.3521,1.6191,8.1741,0
PUMP-HEALTHY,2026-01-03T18:30:00,481.48,2978.85,98.17,2.69,63.31,47.67,22.95,41.06,running,1,0,1,12,0.8064,-6.754,-5.4606,0
PUMP-HEALTHY,2026-01-03T18:35:00,483.01,3019.63,99.56,2.75,65.21,47.9,23.13,39.59,running,1,0,1,12,0.0515,1.3913,1.902,0
PUMP-HEALTHY,2026-01-03T18:40:00,475.52,3049.2,104.57,1.25,61.74,49.58,23.58,48.72,running,1,0,3,12,-1.4943,5.0108,-3.478,0
PUMP-HEALTHY,2026-01-03T18:45:00,482.25,2981.15,103.05,1.49,61.76,46.75,22.54,41.22,running,1,0,2,12,0.2387,-1.5162,0.0276,0
PUMP-HEALTHY,2026-01-03T18:50:00,483.62,2998.12,104.66,1.72,63.78,48.41,23.41,46.77,running,1,0,1,12,0.2293,1.6054,2.0128,0
PUMP-HEALTHY,2026-01-03T18:55:00,483.2,3029.36,98.14,1.76,68.54,51.67,24.97,53.97,running,1,0,1,12,0.0437,-6.5184,4.7632,0
PUMP-HEALTHY,2026-01-03T19:00:00,477.57,2996.37,101.18,1.75,66.06,44.97,21.48,36.8,running,1,0,1,12,-0.0125,3.0365,-2.4802,0
PUMP-HEALTHY,2026-01-03T19:05:00,475.04,3036.17,103.11,1.75,64.05,47.34,22.49,45.4,running,1,0,2,12,-0.0018,1.9374,-2.0147,0
PUMP-HEALTHY,2026-01-03T19:10:00,481.41,3008.83,100.86,1.08,69.22,48.41,23.31,44.62,running,1,0,2,12,-0.6709,-2.2511,5.1705,0
PUMP-HEALTHY,2026-01-03T19:15:00,482.71,3025.16,100.44,2.42,66.35,46.41,22.4,44.2,running,1,0,1,12,1.3406,-0.4215,-2.8662,0
PUMP-HEALTHY,2026-01-03T19:20:00,477.42,2953.45,103.69,2.26,66.76,49.81,23.78,52.44,running,1,0,1,12,-0.1564,3.2518,0.4145,0
PUMP-HEALTHY,2026-01-03T19:25:00,477.54,3010.21,104.66,2.68,60.12,50.14,23.95,54.27,running,1,0,4,12,0.4211,0.9706,-6.6409,0
PUMP-HEALTHY,2026-01-03T19:30:00,484.74,2958.03,104.37,2.75,61.66,49.38,23.94,45.67,running,1,0,3,12,0.069,-0.2928,1.5349,0
PUMP-HEALTHY,2026-01-03T19:35:00,480.86,3023.39,103.27,2.85,68.69,47.15,22.67,37.73,running,1,0,2,12,0.0966,-1.1024,7.0359,0
PUMP-HEALTHY,2026-01-03T19:40:00,482.49,3043.0,100.79,1.62,69.87,48.19,23.25,55.41,running,1,0,4,12,-1.2324,-2.4814,1.1761,0
PUMP-HEALTHY,2026-01-03T19:45:00,479.17,2978.83,101.02,1.35,61.86,46.78,22.42,38.36,running,1,0,4,12,-0.2634,0.2309,-8.0063,0
PUMP-HEALTHY,2026-01-03T19:50:00,483.14,2968.56,98.41,1.37,67.59,49.34,23.84,41.48,running,1,0,4,12,0.0127,-2.6038,5.7276,0
PUMP-HEALTHY,2026-01-03T19:55:00,476.09,3013.64,98.56,1.17,61.25,44.38,21.13,36.61,running,1,0,0,12,-0.194,0.1458,-6.3448,0
PUMP-HEALTHY,2026-01-03T20:00:00,475.1,2976.61,104.69,2.33,67.89,44.92,21.34,36.05,running,1,0,4,12,1.1592,6.1278,6.6453,0
PUMP-HEALTHY,2026-01-03T20:05:00,484.87,3026.14,104.52,1.95,63.37,48.12,23.33,45.74,running,1,0,1,12,-0.3842,-0.1616,-4.5218,0
PUMP-HEALTHY,2026-01-03T20:10:00,484.41,3016.51,100.65,1.11,63.56,46.55,22.55,43.26,running,1,0,1,12,-0.832,-3.8758,0.19,0
PUMP-HEALTHY,2026-01-03T20:15:00,475.26,2962.29,101.71,2.9,67.51,46.83,22.26,41.21,running,1,0,4,12,1.7876,1.0654,3.9541,0
PUMP-HEALTHY,2026-01-03T20:20:00,479.13,2968.79,104.9,2.92,68.13,45.74,21.92,35.42,running,1,0,2,12,0.013,3.1889,0.6118,0
PUMP-HEALTHY,2026-01-03T20:25:00,481.78,2973.36,101.39,2.48,67.94,49.77,23.98,43.71,running,1,0,0,12,-0.4367,-3.5115,-0.1866,0
PUMP-HEALTHY,2026-01-03T20:30:00,482.34,2979.39,99.37,1.29,65.2,50.5,24.36,49.3,running,1,0,0,12,-1.1921,-2.0262,-2.7391,0
PUMP-HEALTHY,2026-01-03T20:35:00,478.01,3017.31,101.84,2.75,61.68,46.61,22.28,46.16,running,1,0,1,12,1.4632,2.4757,-3.52,0
PUMP-HEALTHY,2026-01-03T20:40:00,476.7,3044.42,102.9,1.21,69.93,47.87,22.82,35.73,running,1,0,2,12,-1.5386,1.0581,8.2531,0
PUMP-HEALTHY,2026-01-03T20:45:00,477.2,2975.76,101.33,2.8,61.23,46.82,22.34,38.39,running,1,0,2,12,1.5841,-1.5652,-8.7026,0
PUMP-HEALTHY,2026-01-03T20:50:00,483.72,3043.18,103.36,2.2,66.44,49.18,23.79,44.43,running,1,0,4,12,-0.5937,2.0302,5.2089,0
PUMP-HEALTHY,2026-01-03T20:55:00,484.66,2993.7,99.63,1.52,62.91,46.55,22.56,37.78,running,1,0,0,12,-0.6832,-3.7308,-3.5301,0
PUMP-HEALTHY,2026-01-03T21:00:00,480.73,2962.74,100.19,1.76,67.37,48.12,23.13,42.77,running,1,0,3,12,0.2422,0.56,4.4594,0
PUMP-HEALTHY,2026-01-03T21:05:00,478.2,2986.5,102.76,2.59,65.2,47.75,22.83,50.04,running,1,0,3,12,0.8327,2.5615,-2.1717,0
PUMP-HEALTHY,2026-01-03T21:10:00,478.16,3031.61,100.08,1.44,66.8,45.94,21.97,38.69,running,1,0,0,12,-1.1553,-2.6774,1.6023,0
PUMP-HEALTHY,2026-01-03T21:15:00,480.99,2980.89,104.93,1.25,69.97,49.47,23.8,52.66,running,1,0,3,12,-0.1909,4.8546,3.1687,0
PUMP-HEALTHY,2026-01-03T21:20:00,475.59,3031.02,99.07,2.43,68.48,49.04,23.32,58.36,running,1,0,1,12,1.1866,-5.8634,-1.4878,0
PUMP-HEALTHY,2026-01-03T21:25:00,483.57,3022.74,100.09,2.63,69.12,45.4,21.95,38.98,running,1,0,3,12,0.1965,1.0248,0.6431,0
PUMP-HEALTHY,2026-01-03T21:30:00,484.9,3025.77,100.74,2.06,62.83,48.62,23.58,52.41,running,1,0,1,12,-0.5743,0.6437,-6.2934,0
PUMP-HEALTHY,2026-01-03T21:35:00,478.23,3029.13,104.06,1.11,69.35,48.14,23.02,42.6,running,1,0,3,12,-0.9474,3.3235,6.5154,0
PUMP-HEALTHY,2026-01-03T21:40:00,477.91,2964.48,99.53,2.5,67.35,47.07,22.5,35.23,running,1,0,1,12,1.3885,-4.534,-1.9926,0
PUMP-HEALTHY,2026-01-03T21:45:00,478.77,3048.27,102.76,1.34,60.56,47.69,22.83,43.89,running,1,0,4,12,-1.1603,3.2292,-6.7899,0
PUMP-HEALTHY,2026-01-03T21:50:00,481.5,3009.34,104.79,2.25,64.04,45.54,21.93,35.85,running,1,0,1,12,0.9175,2.032,3.4766,0
PUMP-HEALTHY,2026-01-03T21:55:00,481.53,2987.54,102.84,2.59,66.59,51.39,24.74,54.44,running,1,0,3,12,0.3367,-1.9455,2.5452,0
PUMP-HEALTHY,2026-01-03T22:00:00,478.67,2962.0,98.58,1.98,66.69,46.58,22.29,47.74,running,1,0,2,12,-0.6122,-4.2641,0.1027,0
PUMP-HEALTHY,2026-01-03T22:05:00,481.94,2959.46,102.15,1.77,70.0,48.82,23.53,52.57,running,1,0,4,12,-0.2105,3.5717,3.3116,0
PUMP-HEALTHY,2026-01-03T22:10:00,476.85,3031.29,98.14,2.11,65.36,49.65,23.67,55.3,running,1,0,0,12,0.3442,-4.0119,-4.6354,0
PUMP-HEALTHY,2026-01-03T22:15:00,482.54,2970.75,102.61,1.23,68.62,47.66,23.0,52.38,running,1,0,0,12,-0.8775,4.4719,3.2559,0
PUMP-HEALTHY,2026-01-03T22:20:00,476.29,2970.62,99.13,2.12,68.51,48.07,22.89,35.88,running,1,0,4,12,0.8903,-3.4816,-0.1055,0
PUMP-HEALTHY,2026-01-03T22:25:00,476.72,3047.71,102.61,1.5,60.46,51.9,24.74,58.64,running,1,0,1,12,-0.6283,3.4786,-8.0528,0
PUMP-HEALTHY,2026-01-03T22:30:00,480.77,3019.51,101.66,2.97,63.52,47.63,22.9,48.46,running,1,0,1,12,1.4754,-0.9485,3.0595,0
PUMP-HEALTHY,2026-01-03T22:35:00,475.37,2964.17,103.99,1.43,61.34,48.77,23.18,48.8,running,1,0,3,12,-1.5416,2.3339,-2.1791,0
PUMP-HEALTHY,2026-01-03T22:40:00,475.74,2975.5,100.67,2.81,64.0,45.34,21.57,37.08,running,1,0,4,12,1.3769,-3.3201,2.6585,0
PUMP-HEALTHY,2026-01-03T22:45:00,477.04,3012.96,99.89,2.27,66.46,49.52,23.62,52.86,running,1,0,1,12,-0.5411,-0.7867,2.4551,0
PUMP-HEALTHY,2026-01-03T22:50:00,479.2,2965.35,104.95,1.87,60.26,47.26,22.65,50.09,running,1,0,4,12,-0.399,5.0613,-6.1966,0
PUMP-HEALTHY,2026-01-03T22:55:00,479.07,2982.94,98.62,2.82,67.78,48.07,23.03,38.66,running,1,0,1,12,0.9512,-6.3243,7.5216,0
PUMP-HEALTHY,2026-01-03T23:00:00,478.79,2960.5,104.48,1.35,67.28,48.86,23.4,42.66,running,1,0,4,12,-1.467,5.8566,-0.4974,0
PUMP-HEALTHY,2026-01-03T23:05:00,483.65,3005.15,102.25,2.79,61.71,50.42,24.39,58.66,running,1,0,4,12,1.4417,-2.2272,-5.5758,0
PUMP-HEALTHY,2026-01-03T23:10:00,480.52,3038.2,100.82,2.18,62.59,50.29,24.16,52.17,running,1,0,4,12,-0.6085,-1.4337,0.8831,0
PUMP-HEALTHY,2026-01-03T23:15:00,482.35,2955.29,103.08,2.95,67.08,48.05,23.18,41.23,running,1,0,2,12,0.7644,2.2594,4.4844,0
PUMP-HEALTHY,2026-01-03T23:20:00,482.98,3000.22,99.93,1.86,69.42,51.77,25.0,57.03,running,1,0,2,12,-1.0935,-3.1472,2.3417,0
PUMP-HEALTHY,2026-01-03T23:25:00,479.07,2981.27,98.63,1.16,67.3,49.13,23.54,58.62,running,1,0,4,12,-0.6966,-1.2998,-2.1172,0
PUMP-HEALTHY,2026-01-03T23:30:00,484.3,3030.83,98.07,2.9,66.77,49.4,23.92,58.31,running,1,0,4,12,1.7378,-0.5561,-0.5292,0
PUMP-HEALTHY,2026-01-03T23:35:00,481.98,2990.55,102.31,2.82,67.46,50.49,24.33,52.85,running,1,0,4,12,-0.075,4.2391,0.6888,0
PUMP-HEALTHY,2026-01-03T23:40:00,481.84,2954.24,101.14,1.34,69.3,51.51,24.82,54.09,running,1,0,1,12,-1.4847,-1.1734,1.8427,0
PUMP-HEALTHY,2026-01-03T23:45:00,480.14,3045.25,100.96,1.76,63.73,48.48,23.28,37.83,running,1,0,0,12,0.4211,-0.1815,-5.569,0
PUMP-HEALTHY,2026-01-03T23:50:00,477.9,2998.31,99.85,1.0,66.31,49.59,23.7,44.84,running,1,0,4,12,-0.7537,-1.1058,2.5789,0
PUMP-HEALTHY,2026-01-03T23:55:00,483.26,2953.54,101.24,2.24,64.88,48.63,23.5,43.89,running,1,0,0,12,1.231,1.3881,-1.4291,0
PUMP-HEALTHY,2026-01-04T00:00:00,478.5,3022.24,100.81,1.02,64.31,47.18,22.58,39.94,running,1,0,3,12,-1.2178,-0.4269,-0.5746,0
PUMP-HEALTHY,2026-01-04T00:05:00,475.07,3026.94,99.75,1.94,63.74,49.1,23.32,44.11,running,1,0,3,12,0.9237,-1.0635,-0.5649,0
PUMP-HEALTHY,2026-01-04T00:10:00,481.56,2993.94,98.98,2.49,60.06,51.24,24.68,57.09,running,1,0,1,12,0.5528,-0.7718,-3.685,0
PUMP-HEALTHY,2026-01-04T00:15:00,478.95,3024.39,104.31,1.32,61.99,49.03,23.48,46.98,running,1,0,4,12,-1.1736,5.3279,1.9318,0
PUMP-HEALTHY,2026-01-04T00:20:00,479.96,3018.17,98.89,2.5,67.8,49.0,23.52,45.0,running,1,0,1,12,1.1816,-5.4149,5.8135,0
PUMP-HEALTHY,2026-01-04T00:25:00,476.1,2960.79,98.15,1.31,65.0,48.37,23.03,54.18,running,1,0,4,12,-1.1911,-0.744,-2.8034,0
PUMP-HEALTHY,2026-01-04T00:30:00,482.37,2993.43,100.03,1.97,67.61,46.22,22.3,41.19,running,1,0,0,12,0.6608,1.8782,2.609,0
PUMP-HEALTHY,2026-01-04T00:35:00,483.64,3049.43,99.73,2.64,61.98,51.02,24.68,52.66,running,1,0,1,12,0.6694,-0.2948,-5.6249,0
PUMP-HEALTHY,2026-01-04T00:40:00,476.89,3035.49,102.4,1.3,61.2,46.94,22.39,45.03,running,1,0,0,12,-1.3438,2.6709,-0.7795,0
PUMP-HEALTHY,2026-01-04T00:45:00,481.16,2959.09,98.36,1.81,63.06,48.17,23.18,50.83,running,1,0,4,12,0.5171,-4.0457,1.8598,0
PUMP-HEALTHY,2026-01-04T00:50:00,479.27,2955.17,98.77,1.73,69.43,48.43,23.21,52.79,running,1,0,0,12,-0.0874,0.4137,6.3655,0
PUMP-HEALTHY,2026-01-04T00:55:00,475.52,3024.48,99.48,1.94,69.08,45.12,21.46,37.52,running,1,0,2,12,0.217,0.7135,-0.3452,0
PUMP-HEALTHY,2026-01-04T01:00:00,476.12,3016.89,102.78,2.54,61.3,48.84,23.25,44.01,running,1,0,4,12,0.5968,3.2969,-7.7817,0
PUMP-HEALTHY,2026-01-04T01:05:00,478.72,3015.02,99.47,1.77,68.87,47.75,22.86,38.26,running,1,0,1,12,-0.7728,-3.3105,7.5689,0
PUMP-HEALTHY,2026-01-04T01:10:00,476.93,2994.58,98.69,2.88,66.19,47.3,22.56,42.54,running,1,0,1,12,1.1155,-0.7798,-2.6818,0
PUMP-HEALTHY,2026-01-04T01:15:00,475.44,2969.17,101.85,1.51,68.77,51.39,24.43,56.34,running,1,0,3,12,-1.3786,3.163,2.5806,0
PUMP-HEALTHY,2026-01-04T01:20:00,481.3,2961.74,101.05,1.97,65.24,51.86,24.96,58.81,running,1,0,1,12,0.4606,-0.8006,-3.5331,0
PUMP-HEALTHY,2026-01-04T01:25:00,477.9,3045.58,98.43,2.94,61.9,49.77,23.79,55.36,running,1,0,0,12,0.9793,-2.6273,-3.3357,0
PUMP-HEALTHY,2026-01-04T01:30:00,476.66,3025.07,100.69,2.56,64.01,45.98,21.92,41.79,running,1,0,0,12,-0.3862,2.2635,2.1066,0
PUMP-HEALTHY,2026-01-04T01:35:00,483.79,3029.06,101.19,2.42,65.25,46.86,22.67,42.59,running,1,0,1,12,-0.1432,0.499,1.2422,0
PUMP-HEALTHY,2026-01-04T01:40:00,477.24,3003.36,100.04,2.28,69.42,45.85,21.88,41.94,running,1,0,1,12,-0.1363,-1.1452,4.1697,0
PUMP-HEALTHY,2026-01-04T01:45:00,484.9,2971.0,98.81,2.3,66.33,50.38,24.43,59.31,running,1,0,2,12,0.0181,-1.2296,-3.0936,0
PUMP-HEALTHY,2026-01-04T01:50:00,482.22,2990.83,102.28,1.65,60.57,51.45,24.81,55.4,running,1,0,1,12,-0.648,3.4671,-5.7542,0
PUMP-HEALTHY,2026-01-04T01:55:00,477.56,2951.56,102.6,2.74,69.39,49.61,23.69,49.58,running,1,0,2,12,1.0867,0.3208,8.8175,0
PUMP-HEALTHY,2026-01-04T02:00:00,483.7,3013.43,101.86,2.63,62.21,48.14,23.29,41.72,running,1,0,1,12,-0.1023,-0.7451,-7.1838,0
PUMP-HEALTHY,2026-01-04T02:05:00,479.46,3022.98,101.04,1.3,64.79,48.32,23.17,47.4,running,1,0,4,12,-1.337,-0.8188,2.5837,0
PUMP-HEALTHY,2026-01-04T02:10:00,479.91,3022.95,102.53,1.04,61.63,46.67,22.4,39.44,running,1,0,0,12,-0.2546,1.4956,-3.1609,0
PUMP-HEALTHY,2026-01-04T02:15:00,479.26,2995.5,102.52,1.81,67.24,47.86,22.94,38.43,running,1,0,3,12,0.7629,-0.0171,5.6139,0
PUMP-HEALTHY,2026-01-04T02:20:00,475.21,3032.66,103.34,2.29,60.44,45.35,21.55,41.21,running,1,0,0,12,0.484,0.8283,-6.8057,0
PUMP-HEALTHY,2026-01-04T02:25:00,482.92,2950.94,103.54,2.08,68.18,48.72,23.53,56.32,running,1,0,3,12,-0.2042,0.1975,7.7452,0
PUMP-HEALTHY,2026-01-04T02:30:00,483.15,2980.74,101.35,1.49,65.44,47.94,23.16,41.69,running,1,0,4,12,-0.5971,-2.1893,-2.7473,0
PUMP-HEALTHY,2026-01-04T02:35:00,477.97,3001.15,103.86,1.28,69.12,45.95,21.96,35.6,running,1,0,1,12,-0.2039,2.503,3.6864,0
PUMP-HEALTHY,2026-01-04T02:40:00,484.22,3018.44,102.81,2.43,69.02,50.83,24.61,47.3,running,1,0,2,12,1.146,-1.048,-0.1055,0
PUMP-HEALTHY,2026-01-04T02:45:00,478.57,3011.57,98.83,2.85,69.2,50.63,24.23,57.39,running,1,0,4,12,0.4169,-3.9789,0.1826,0
PUMP-HEALTHY,2026-01-04T02:50:00,476.81,2992.52,104.25,2.37,66.25,48.83,23.28,42.18,running,1,0,2,12,-0.4723,5.4234,-2.9512,0
PUMP-HEALTHY,2026-01-04T02:55:00,484.33,3031.07,102.98,1.15,60.02,49.45,23.95,58.33,running,1,0,3,12,-1.2216,-1.2727,-6.2258,0
PUMP-HEALTHY,2026-01-04T03:00:00,479.47,3029.69,104.83,2.63,61.13,49.09,23.54,45.69,running,1,0,1,12,1.4766,1.8552,1.1099,0
PUMP-HEALTHY,2026-01-04T03:05:00,476.82,2988.5,100.24,1.85,66.93,49.07,23.4,45.35,running,1,0,1,12,-0.7816,-4.5992,5.8026,0
PUMP-HEALTHY,2026-01-04T03:10:00,478.83,3004.93,101.77,1.99,65.36,45.57,21.82,40.75,running,1,0,1,12,0.1375,1.536,-1.5721,0
PUMP-HEALTHY,2026-01-04T03:15:00,482.03,2973.52,98.02,2.99,60.17,50.81,24.49,48.96,running,1,0,2,12,1.0026,-3.7512,-5.1906,0
PUMP-HEALTHY,2026-01-04T03:20:00,478.61,3034.93,103.45,1.28,64.6,50.15,24.0,55.88,running,1,0,1,12,-1.7091,5.4305,4.4323,0
PUMP-HEALTHY,2026-01-04T03:25:00,483.28,2955.59,98.96,2.92,67.04,46.38,22.41,44.44,running,1,0,0,12,1.6454,-4.4859,2.4357,0
PUMP-HEALTHY,2026-01-04T03:30:00,481.63,2957.38,103.86,2.74,60.3,46.4,22.35,44.13,running,1,0,3,12,-0.1832,4.8975,-6.7378,0
PUMP-HEALTHY,2026-01-04T03:35:00,476.5,2968.24,103.2,2.5,66.99,47.0,22.4,42.49,running,1,0,0,12,-0.2447,-0.6572,6.6838,0
PUMP-HEALTHY,2026-01-04T03:40:00,477.87,2965.59,104.17,1.06,67.51,46.43,22.19,47.58,running,1,0,3,12,-1.432,0.9632,0.5257,0
PUMP-HEALTHY,2026-01-04T03:45:00,480.54,3032.95,104.43,2.0,67.09,46.88,22.53,45.59,running,1,0,1,12,0.9395,0.266,-0.4178,0
PUMP-HEALTHY,2026-01-04T03:50:00,482.43,2990.04,98.39,1.78,68.23,51.31,24.76,59.4,running,1,0,3,12,-0.2192,-6.0421,1.1315,0
PUMP-HEALTHY,2026-01-04T03:55:00,478.13,3014.19,103.79,1.33,68.03,47.83,22.87,51.17,running,1,0,4,12,-0.4549,5.3988,-0.1917,0
PUMP-HEALTHY,2026-01-04T04:00:00,482.79,2983.55,99.68,1.33,61.06,45.53,21.98,40.3,running,1,0,1,12,-0.0041,-4.1141,-6.9687,0
PUMP-HEALTHY,2026-01-04T04:05:00,481.38,2953.24,99.88,2.95,65.65,50.11,24.12,49.09,running,1,0,2,12,1.6278,0.2075,4.5833,0
PUMP-HEALTHY,2026-01-04T04:10:00,475.08,2985.66,99.98,1.8,61.95,50.18,23.84,53.8,running,1,0,0,12,-1.1571,0.0926,-3.6991,0
PUMP-HEALTHY,2026-01-04T04:15:00,478.31,3039.65,101.53,2.0,67.75,47.45,22.7,35.59,running,1,0,0,12,0.2081,1.5482,5.8018,0
PUMP-HEALTHY,2026-01-04T04:20:00,477.9,2965.15,101.24,2.77,60.93,50.9,24.32,52.96,running,1,0,1,12,0.7661,-0.2833,-6.8177,0
PUMP-HEALTHY,2026-01-04T04:25:00,484.93,3000.16,104.95,2.22,65.23,49.96,24.23,54.22,running,1,0,4,12,-0.5529,3.7042,4.3,0
PUMP-HEALTHY,2026-01-04T04:30:00,483.56,2993.09,104.23,2.55,63.88,47.98,23.2,40.22,running,1,0,3,12,0.3309,-0.7112,-1.3565,0
PUMP-HEALTHY,2026-01-04T04:35:00,475.97,2951.49,103.36,1.62,68.68,51.13,24.34,54.93,running,1,0,1,12,-0.9293,-0.8705,4.799,0
PUMP-HEALTHY,2026-01-04T04:40:00,484.34,2966.15,99.96,1.73,60.89,48.56,23.52,39.48,running,1,0,2,12,0.1076,-3.4034,-7.783,0
PUMP-HEALTHY,2026-01-04T04:45:00,482.63,2994.2,104.47,2.88,69.72,48.17,23.25,47.21,running,1,0,4,12,1.153,4.5083,8.8245,0
PUMP-HEALTHY,2026-01-04T04:50:00,484.17,2962.9,100.57,2.69,69.52,49.06,23.75,44.34,running,1,0,0,12,-0.19,-3.902,-0.1964,0
PUMP-HEALTHY,2026-01-04T04:55:00,481.21,3014.39,103.19,1.49,68.21,47.85,23.02,35.2,running,1,0,3,12,-1.2,2.6202,-1.3081,0
PUMP-HEALTHY,2026-01-04T05:00:00,483.54,2972.31,104.12,2.34,63.49,48.84,23.62,46.71,running,1,0,1,12,0.8487,0.9318,-4.723,0
PUMP-HEALTHY,2026-01-04T05:05:00,482.32,3041.75,104.46,2.54,61.99,47.24,22.79,43.22,running,1,0,3,12,0.1981,0.3383,-1.4947,0
PUMP-HEALTHY,2026-01-04T05:10:00,476.14,2995.46,101.82,2.9,61.46,47.21,22.48,40.34,running,1,0,0,12,0.3606,-2.6419,-0.5396,0
PUMP-HEALTHY,2026-01-04T05:15:00,484.36,2986.15,101.01,1.95,60.54,52.38,25.37,56.7,running,1,0,1,12,-0.9502,-0.8048,-0.9144,0
PUMP-HEALTHY,2026-01-04T05:20:00,475.84,2956.93,100.84,1.6,67.12,49.97,23.78,56.78,running,1,0,0,12,-0.3501,-0.1753,6.5813,0
PUMP-HEALTHY,2026-01-04T05:25:00,475.92,3040.16,100.39,2.51,61.65,47.21,22.47,43.73,running,1,0,1,12,0.9097,-0.4413,-5.4767,0
PUMP-HEALTHY,2026-01-04T05:30:00,484.66,2993.68,104.39,2.14,68.23,50.79,24.61,49.02,running,1,0,4,12,-0.3657,3.9941,6.5848,0
PUMP-HEALTHY,2026-01-04T05:35:00,481.17,2982.37,104.9,2.88,67.43,48.98,23.57,53.42,running,1,0,1,12,0.7373,0.5164,-0.8018,0
PUMP-HEALTHY,2026-01-04T05:40:00,479.99,2981.64,103.54,2.35,62.63,51.5,24.72,53.06,running,1,0,3,12,-0.53,-1.3605,-4.8003,0
PUMP-HEALTHY,2026-01-04T05:45:00,481.39,3007.84,98.26,2.49,61.88,50.65,24.38,52.41,running,1,0,1,12,0.1435,-5.2887,-0.7515,0
PUMP-HEALTHY,2026-01-04T05:50:00,484.52,3047.17,102.04,1.03,68.14,48.34,23.42,35.4,running,1,0,3,12,-1.4627,3.7825,6.2612,0
PUMP-HEALTHY,2026-01-04T05:55:00,481.49,2995.6,100.87,1.7,65.42,49.84,24.0,48.08,running,1,0,3,12,0.6757,-1.1651,-2.7131,0
PUMP-HEALTHY,2026-01-04T06:00:00,478.73,3005.28,99.14,1.87,62.85,49.88,23.88,51.49,running,1,0,0,12,0.1673,-1.7341,-2.5744,0
PUMP-HEALTHY,2026-01-04T06:05:00,484.95,3030.59,98.73,2.3,66.16,48.55,23.54,45.28,running,1,0,0,12,0.4275,-0.4119,3.3123,0
PUMP-HEALTHY,2026-01-04T06:10:00,481.34,3000.34,103.64,2.34,68.52,48.47,23.33,40.3,running,1,0,3,12,0.0362,4.9144,2.3544,0
PUMP-HEALTHY,2026-01-04T06:15:00,484.51,2985.06,103.56,1.93,69.08,50.72,24.57,51.12,running,1,0,1,12,-0.4075,-0.0848,0.5629,0
PUMP-HEALTHY,2026-01-04T06:20:00,480.08,2976.76,102.61,1.61,69.03,51.09,24.53,57.73,running,1,0,0,12,-0.3131,-0.9455,-0.0532,0
PUMP-HEALTHY,2026-01-04T06:25:00,475.16,2965.34,100.62,2.63,68.2,47.94,22.78,50.0,running,1,0,1,12,1.0186,-1.9899,-0.8264,0
PUMP-HEALTHY,2026-01-04T06:30:00,480.56,2989.14,102.31,1.79,60.52,50.26,24.15,58.3,running,1,0,1,12,-0.8468,1.693,-7.6845,0
PUMP-HEALTHY,2026-01-04T06:35:00,479.03,2981.81,99.11,1.46,67.1,45.26,21.68,38.16,running,1,0,2,12,-0.3247,-3.2048,6.5844,0
PUMP-HEALTHY,2026-01-04T06:40:00,483.37,2965.91,100.26,1.19,60.26,47.71,23.06,35.29,running,1,0,4,12,-0.2754,1.1477,-6.8438,0
PUMP-HEALTHY,2026-01-04T06:45:00,484.21,2957.88,100.68,2.48,61.31,49.22,23.83,46.34,running,1,0,1,12,1.2982,0.42,1.0491,0
PUMP-HEALTHY,2026-01-04T06:50:00,477.97,3003.54,99.72,2.56,67.86,50.23,24.01,54.26,running,1,0,0,12,0.0754,-0.9601,6.555,0
PUMP-HEALTHY,2026-01-04T06:55:00,481.38,3007.94,98.72,1.92,65.96,46.03,22.16,37.68,running,1,0,3,12,-0.6418,-0.9928,-1.9015,0
PUMP-HEALTHY,2026-01-04T07:00:00,483.45,3041.27,99.46,1.2,67.95,48.4,23.4,45.34,running,1,0,3,12,-0.7169,0.7319,1.9955,0
PUMP-HEALTHY,2026-01-04T07:05:00,478.75,2981.36,104.36,2.62,61.8,44.96,21.52,35.25,running,1,0,0,12,1.4158,4.9023,-6.1564,0
PUMP-HEALTHY,2026-01-04T07:10:00,476.17,2984.28,100.43,2.99,66.0,46.09,21.95,35.13,running,1,0,4,12,0.3727,-3.9306,4.2019,0
PUMP-HEALTHY,2026-01-04T07:15:00,475.3,2952.3,101.58,1.3,68.67,45.29,21.53,37.87,running,1,0,1,12,-1.6851,1.1547,2.6688,0
PUMP-HEALTHY,2026-01-04T07:20:00,477.68,2998.16,104.67,1.7,65.51,48.41,23.13,42.36,running,1,0,3,12,0.3924,3.0904,-3.1538,0
PUMP-HEALTHY,2026-01-04T07:25:00,484.22,2975.01,99.39,2.69,67.17,49.39,23.92,59.05,running,1,0,1,12,0.995,-5.2875,1.659,0
PUMP-HEALTHY,2026-01-04T07:30:00,482.94,3045.38,101.41,2.77,64.24,51.17,24.71,53.68,running,1,0,3,12,0.0736,2.0297,-2.9366,0
PUMP-HEALTHY,2026-01-04T07:35:00,477.0,2985.29,104.29,2.64,64.49,51.88,24.75,57.24,running,1,0,4,12,-0.127,2.8704,0.2567,0
PUMP-HEALTHY,2026-01-04T07:40:00,483.27,3014.51,104.76,1.7,60.3,46.67,22.56,39.5,running,1,0,0,12,-0.9342,0.4708,-4.1946,0
PUMP-HEALTHY,2026-01-04T07:45:00,477.15,2987.17,99.02,1.63,60.1,50.03,23.87,52.21,running,1,0,2,12,-0.0756,-5.7407,-0.2031,0
PUMP-HEALTHY,2026-01-04T07:50:00,483.99,3006.16,100.7,2.2,65.27,46.21,22.36,37.57,running,1,0,0,12,0.5747,1.6839,5.1763,0
PUMP-HEALTHY,2026-01-04T07:55:00,480.74,3014.63,102.77,1.87,68.13,45.45,21.85,39.95,running,1,0,2,12,-0.3332,2.0758,2.8613,0
PUMP-HEALTHY,2026-01-04T08:00:00,479.21,2962.41,99.2,1.65,63.83,47.97,22.99,49.41,running,1,0,0,12,-0.2167,-3.5769,-4.3054,0
PUMP-HEALTHY,2026-01-04T08:05:00,484.12,2978.44,103.89,1.81,68.96,48.93,23.69,57.95,running,1,0,0,12,0.1519,4.6935,5.1297,0
PUMP-HEALTHY,2026-01-04T08:10:00,483.3,2991.51,100.11,1.63,63.46,48.03,23.21,36.99,running,1,0,2,12,-0.1712,-3.7845,-5.5001,0
PUMP-HEALTHY,2026-01-04T08:15:00,481.96,2995.46,103.94,2.93,61.21,48.62,23.43,44.35,running,1,0,0,12,1.2999,3.8337,-2.2441,0
PUMP-HEALTHY,2026-01-04T08:20:00,476.39,3049.35,104.03,2.45,62.26,47.29,22.53,37.2,running,1,0,4,12,-0.4858,0.089,1.0493,0
PUMP-HEALTHY,2026-01-04T08:25:00,484.9,3043.41,104.08,1.52,67.85,49.0,23.76,37.77,running,1,0,4,12,-0.9291,0.0464,5.586,0
PUMP-HEALTHY,2026-01-04T08:30:00,482.92,2987.96,102.89,2.85,65.83,46.36,22.39,38.0,running,1,0,3,12,1.3303,-1.1855,-2.0149,0
PUMP-HEALTHY,2026-01-04T08:35:00,481.37,3016.82,101.65,1.48,64.78,47.74,22.98,47.25,running,1,0,0,12,-1.3687,-1.2383,-1.0553,0
PUMP-HEALTHY,2026-01-04T08:40:00,477.64,2979.62,98.58,2.12,68.73,50.01,23.89,51.49,running,1,0,3,12,0.636,-3.0728,3.9495,0
PUMP-HEALTHY,2026-01-04T08:45:00,475.6,2951.31,99.51,2.64,61.88,45.24,21.52,37.61,running,1,0,2,12,0.52,0.9334,-6.8495,0
PUMP-HEALTHY,2026-01-04T08:50:00,482.6,2981.18,101.18,1.31,65.05,49.51,23.89,57.85,running,1,0,4,12,-1.329,1.6652,3.1659,0
PUMP-HEALTHY,2026-01-04T08:55:00,480.13,3028.0,99.32,1.56,61.64,49.17,23.61,42.68,running,1,0,0,12,0.2477,-1.8625,-3.4032,0
PUMP-HEALTHY,2026-01-04T09:00:00,482.45,2974.06,104.26,1.37,60.29,49.29,23.78,51.55,running,1,0,0,12,-0.1816,4.943,-1.3561,0
PUMP-HEALTHY,2026-01-04T09:05:00,478.54,2971.21,100.78,1.86,63.34,47.64,22.8,46.03,running,1,0,3,12,0.4876,-3.4802,3.0515,0
PUMP-HEALTHY,2026-01-04T09:10:00,476.94,2968.94,99.24,1.55,66.07,46.82,22.33,47.97,running,1,0,0,12,-0.3098,-1.542,2.7371,0
PUMP-HEALTHY,2026-01-04T09:15:00,477.2,2955.31,98.25,1.53,60.66,45.43,21.68,37.53,running,1,0,3,12,-0.0195,-0.9867,-5.416,0
PUMP-HEALTHY,2026-01-04T09:20:00,478.93,2971.99,103.77,2.38,64.95,45.79,21.93,39.28,running,1,0,2,12,0.851,5.5187,4.2932,0
PUMP-HEALTHY,2026-01-04T09:25:00,482.34,2959.42,101.52,2.4,64.77,49.5,23.87,42.63,running,1,0,0,12,0.0176,-2.2458,-0.1841,0
PUMP-HEALTHY,2026-01-04T09:30:00,476.67,2983.22,101.19,2.92,66.66,46.03,21.94,45.7,running,1,0,1,12,0.5235,-0.3362,1.8927,0
PUMP-HEALTHY,2026-01-04T09:35:00,481.79,3035.31,102.16,2.94,65.83,47.64,22.95,47.21,running,1,0,4,12,0.0146,0.9715,-0.8287,0
PUMP-HEALTHY,2026-01-04T09:40:00,481.8,2979.07,99.6,2.01,67.55,48.34,23.29,54.38,running,1,0,3,12,-0.9328,-2.56,1.7183,0
PUMP-HEALTHY,2026-01-04T09:45:00,482.35,3048.98,99.8,1.97,63.64,45.97,22.17,35.34,running,1,0,4,12,-0.0333,0.2034,-3.907,0
PUMP-HEALTHY,2026-01-04T09:50:00,479.84,2976.99,101.64,2.28,61.48,47.01,22.56,45.26,running,1,0,0,12,0.3066,1.8338,-2.1639,0
PUMP-HEALTHY,2026-01-04T09:55:00,477.44,3024.1,104.81,1.72,67.44,48.78,23.29,39.85,running,1,0,4,12,-0.5608,3.1779,5.9646,0
PUMP-HEALTHY,2026-01-04T10:00:00,483.99,2994.93,104.71,2.05,62.65,51.24,24.8,51.98,running,1,0,2,12,0.335,-0.1049,-4.7906,0
PUMP-HEALTHY,2026-01-04T10:05:00,478.09,2954.11,101.64,1.69,66.12,47.91,22.91,45.84,running,1,0,2,12,-0.3673,-3.0676,3.4706,0
PUMP-HEALTHY,2026-01-04T10:10:00,476.1,2950.83,104.49,1.29,66.81,47.49,22.61,48.08,running,1,0,3,12,-0.3923,2.8501,0.6856,0
PUMP-HEALTHY,2026-01-04T10:15:00,477.88,3029.98,98.11,1.08,62.83,47.01,22.46,49.83,running,1,0,0,12,-0.2124,-6.3815,-3.9791,0
PUMP-HEALTHY,2026-01-04T10:20:00,475.5,2963.77,104.15,2.57,65.02,50.48,24.0,58.96,running,1,0,1,12,1.4886,6.0419,2.1898,0
PUMP-HEALTHY,2026-01-04T10:25:00,484.96,2969.67,102.1,1.16,62.19,48.26,23.4,46.83,running,1,0,3,12,-1.4091,-2.0545,-2.8314,0
PUMP-HEALTHY,2026-01-04T10:30:00,478.99,3040.42,104.25,2.84,65.97,46.74,22.39,39.33,running,1,0,1,12,1.679,2.1547,3.7818,0
PUMP-HEALTHY,2026-01-04T10:35:00,481.83,2969.95,98.95,2.11,63.01,47.1,22.7,37.14,running,1,0,3,12,-0.7318,-5.3014,-2.9598,0
PUMP-HEALTHY,2026-01-04T10:40:00,482.82,3033.39,98.67,2.05,66.94,49.54,23.92,47.6,running,1,0,3,12,-0.0554,-0.2775,3.9307,0
PUMP-HEALTHY,2026-01-04T10:45:00,479.21,2991.03,98.19,2.12,69.57,49.15,23.55,45.52,running,1,0,1,12,0.0647,-0.4786,2.6336,0
PUMP-HEALTHY,2026-01-04T10:50:00,480.8,2987.31,102.35,2.8,68.78,47.99,23.07,36.34,running,1,0,3,12,0.682,4.1525,-0.7969,0
PUMP-HEALTHY,2026-01-04T10:55:00,483.07,3037.49,101.22,1.11,60.55,50.89,24.58,55.75,running,1,0,2,12,-1.6911,-1.1247,-8.2311,0
PUMP-HEALTHY,2026-01-04T11:00:00,480.65,3019.06,104.05,1.24,65.85,49.52,23.8,47.77,running,1,0,4,12,0.1342,2.8287,5.2992,0
PUMP-HEALTHY,2026-01-04T11:05:00,482.4,2999.53,99.56,2.35,68.52,47.1,22.72,42.52,running,1,0,3,12,1.1085,-4.4854,2.6764,0
PUMP-HEALTHY,2026-01-04T11:10:00,481.24,2970.07,98.47,1.31,68.8,47.73,22.97,48.0,running,1,0,4,12,-1.0453,-1.0948,0.2764,0
PUMP-HEALTHY,2026-01-04T11:15:00,479.44,2955.57,98.85,1.81,69.83,51.31,24.6,55.51,running,1,0,3,12,0.5031,0.3827,1.028,0
PUMP-HEALTHY,2026-01-04T11:20:00,483.59,3011.72,101.03,2.27,61.85,50.91,24.62,55.46,running,1,0,4,12,0.4633,2.1738,-7.9789,0
PUMP-HEALTHY,2026-01-04T11:25:00,477.0,2998.05,100.03,1.2,65.89,46.8,22.33,44.18,running,1,0,3,12,-1.0724,-1.0003,4.0396,0
PUMP-HEALTHY,2026-01-04T11:30:00,479.17,2992.48,98.2,1.91,65.64,45.49,21.8,35.28,running,1,0,4,12,0.7141,-1.8303,-0.2455,0
PUMP-HEALTHY,2026-01-04T11:35:00,479.44,3040.81,100.48,1.28,68.82,46.35,22.22,46.46,running,1,0,4,12,-0.6356,2.2873,3.1822,0
PUMP-HEALTHY,2026-01-04T11:40:00,477.11,3040.26,101.68,2.03,61.74,47.36,22.6,38.79,running,1,0,1,12,0.7475,1.1923,-7.0793,0
PUMP-HEALTHY,2026-01-04T11:45:00,477.78,3026.26,100.12,1.79,69.16,48.52,23.18,51.13,running,1,0,4,12,-0.2382,-1.5549,7.4166,0
PUMP-HEALTHY,2026-01-04T11:50:00,482.09,3000.7,102.61,1.52,66.98,49.45,23.84,49.72,running,1,0,0,12,-0.2694,2.4918,-2.1839,0
PUMP-HEALTHY,2026-01-04T11:55:00,475.45,3035.2,99.11,1.19,61.06,50.03,23.79,58.36,running,1,0,1,12,-0.3254,-3.4981,-5.9155,0
PUMP-HEALTHY,2026-01-04T12:00:00,476.05,3038.08,103.1,1.77,69.73,48.37,23.03,58.06,running,1,0,0,12,0.5751,3.9829,8.671,0
PUMP-HEALTHY,2026-01-04T12:05:00,479.42,2987.43,102.42,1.06,61.74,46.53,22.31,37.69,running,1,0,4,12,-0.7092,-0.6781,-7.9925,0
PUMP-HEALTHY,2026-01-04T12:10:00,477.0,2975.25,101.06,1.57,62.01,48.03,22.91,39.05,running,1,0,4,12,0.5133,-1.3565,0.2713,0
PUMP-HEALTHY,2026-01-04T12:15:00,475.24,3045.98,98.67,1.07,61.41,47.02,22.35,35.13,running,1,0,2,12,-0.5057,-2.3892,-0.6063,0
PUMP-HEALTHY,2026-01-04T12:20:00,476.85,3023.0,104.38,2.28,64.96,50.07,23.87,55.81,running,1,0,4,12,1.218,5.7035,3.5561,0
PUMP-HEALTHY,2026-01-04T12:25:00,484.0,3035.34,103.61,1.88,66.25,50.84,24.61,56.85,running,1,0,0,12,-0.4067,-0.7657,1.293,0
PUMP-HEALTHY,2026-01-04T12:30:00,476.18,2973.06,102.21,1.66,62.24,51.9,24.72,58.52,running,1,0,0,12,-0.2159,-1.4007,-4.0145,0
PUMP-HEALTHY,2026-01-04T12:35:00,483.72,2965.79,100.02,2.07,62.41,49.39,23.89,47.94,running,1,0,4,12,0.407,-2.1939,0.1738,0
PUMP-HEALTHY,2026-01-04T12:40:00,481.98,2961.09,101.3,2.83,62.63,45.95,22.15,35.75,running,1,0,0,12,0.7659,1.2804,0.2165,0
PUMP-HEALTHY,2026-01-04T12:45:00,476.39,3004.71,103.14,2.85,66.63,48.89,23.29,56.96,running,1,0,4,12,0.0136,1.8403,4.0028,0
PUMP-HEALTHY,2026-01-04T12:50:00,482.03,3026.56,98.25,2.96,69.5,49.61,23.91,49.95,running,1,0,1,12,0.1138,-4.8896,2.8657,0
PUMP-HEALTHY,2026-01-04T12:55:00,477.71,2954.17,98.25,2.02,66.5,47.26,22.58,45.79,running,1,0,0,12,-0.9469,0.0017,-2.9957,0
PUMP-HEALTHY,2026-01-04T13:00:00,484.31,2952.64,103.47,1.39,66.08,49.1,23.78,44.48,running,1,0,3,12,-0.6229,5.2236,-0.422,0
PUMP-HEALTHY,2026-01-04T13:05:00,482.66,3019.54,101.01,1.85,61.38,50.08,24.17,45.95,running,1,0,1,12,0.4613,-2.4647,-4.7037,0
PUMP-HEALTHY,2026-01-04T13:10:00,478.43,3041.81,99.67,1.18,60.1,49.04,23.46,45.33,running,1,0,0,12,-0.6697,-1.3408,-1.2772,0
PUMP-HEALTHY,2026-01-04T13:15:00,484.91,2951.49,103.04,2.63,60.77,46.0,22.31,38.17,running,1,0,1,12,1.4413,3.3716,0.6656,0
PUMP-HEALTHY,2026-01-04T13:20:00,484.98,2962.97,100.78,2.32,66.57,48.81,23.67,36.91,running,1,0,2,12,-0.3101,-2.2541,5.7998,0
PUMP-HEALTHY,2026-01-04T13:25:00,483.98,3035.88,101.1,1.61,63.67,50.59,24.48,48.79,running,1,0,2,12,-0.7097,0.3201,-2.8966,0
PUMP-HEALTHY,2026-01-04T13:30:00,481.98,3000.34,98.38,2.8,67.06,48.38,23.32,50.55,running,1,0,4,12,1.1954,-2.7268,3.3857,0
PUMP-HEALTHY,2026-01-04T13:35:00,477.31,3024.19,99.48,1.74,68.16,48.63,23.21,38.55,running,1,0,3,12,-1.0561,1.0974,1.1088,0
PUMP-HEALTHY,2026-01-04T13:40:00,484.53,2952.13,103.85,1.54,65.88,49.89,24.17,42.51,running,1,0,3,12,-0.2042,4.3789,-2.2814,0
PUMP-HEALTHY,2026-01-04T13:45:00,479.95,3036.28,100.69,1.09,62.06,46.85,22.49,39.61,running,1,0,4,12,-0.4518,-3.1616,-3.8251,0
PUMP-HEALTHY,2026-01-04T13:50:00,482.63,3043.72,104.37,2.51,63.36,49.3,23.79,55.7,running,1,0,0,12,1.4201,3.6777,1.3049,0
PUMP-HEALTHY,2026-01-04T13:55:00,478.41,3032.92,101.04,1.86,67.29,47.71,22.82,53.39,running,1,0,2,12,-0.6539,-3.3318,3.9301,0
PUMP-HEALTHY,2026-01-04T14:00:00,483.59,3043.8,101.24,2.15,65.68,47.58,23.01,47.97,running,1,0,1,12,0.2901,0.206,-1.6092,0
PUMP-HEALTHY,2026-01-04T14:05:00,476.32,2951.52,103.6,2.9,60.86,47.29,22.52,41.25,running,1,0,4,12,0.7567,2.3526,-4.8277,0
PUMP-HEALTHY,2026-01-04T14:10:00,477.74,2976.87,99.75,2.31,67.72,45.39,21.69,35.31,running,1,0,1,12,-0.5959,-3.8435,6.8603,0
PUMP-HEALTHY,2026-01-04T14:15:00,479.44,2951.73,98.06,1.07,63.59,49.35,23.66,50.94,running,1,0,0,12,-1.2321,-1.6915,-4.1284,0
PUMP-HEALTHY,2026-01-04T14:20:00,477.76,3011.03,100.2,1.13,61.8,48.67,23.25,54.15,running,1,0,1,12,0.0541,2.1361,-1.7892,0
PUMP-HEALTHY,2026-01-04T14:25:00,476.47,3011.79,98.35,1.23,60.39,50.53,24.08,52.11,running,1,0,1,12,0.1008,-1.8511,-1.413,0
PUMP-HEALTHY,2026-01-04T14:30:00,475.61,3021.45,99.81,1.51,66.78,49.21,23.4,56.44,running,1,0,2,12,0.286,1.4663,6.3989,0
PUMP-HEALTHY,2026-01-04T14:35:00,476.09,3000.69,98.79,1.15,62.04,49.86,23.74,49.26,running,1,0,3,12,-0.36,-1.0211,-4.7435,0
PUMP-HEALTHY,2026-01-04T14:40:00,483.76,2964.31,100.29,2.58,63.35,49.06,23.73,45.2,running,1,0,4,12,1.4214,1.4935,1.3094,0
PUMP-HEALTHY,2026-01-04T14:45:00,475.31,2986.83,100.04,1.3,65.91,45.23,21.5,37.66,running,1,0,4,12,-1.2762,-0.2497,2.5624,0
PUMP-HEALTHY,2026-01-04T14:50:00,482.83,3021.28,104.58,1.76,65.83,48.09,23.22,51.43,running,1,0,0,12,0.4576,4.5435,-0.0854,0
PUMP-HEALTHY,2026-01-04T14:55:00,484.59,3049.23,101.96,3.0,66.3,50.14,24.3,53.35,running,1,0,0,12,1.2379,-2.6218,0.4764,0
PUMP-HEALTHY,2026-01-04T15:00:00,481.07,3015.92,101.64,1.63,61.95,50.62,24.35,49.38,running,1,0,2,12,-1.3617,-0.3155,-4.353,0
PUMP-HEALTHY,2026-01-04T15:05:00,477.31,2981.48,104.81,2.39,64.45,50.02,23.88,58.94,running,1,0,0,12,0.7523,3.1644,2.4998,0
PUMP-HEALTHY,2026-01-04T15:10:00,484.15,3015.33,102.24,1.9,64.19,50.51,24.46,49.23,running,1,0,3,12,-0.4882,-2.5702,-0.2616,0
PUMP-HEALTHY,2026-01-04T15:15:00,481.74,3016.59,102.24,2.59,63.42,46.61,22.45,37.95,running,1,0,3,12,0.6938,0.0023,-0.7728,0
PUMP-HEALTHY,2026-01-04T15:20:00,481.33,3027.26,104.3,2.75,60.16,46.01,22.14,38.02,running,1,0,0,12,0.1611,2.0603,-3.2606,0
PUMP-HEALTHY,2026-01-04T15:25:00,476.26,2953.41,101.02,2.38,69.9,48.05,22.89,38.31,running,1,0,2,12,-0.3727,-3.2792,9.7442,0
PUMP-HEALTHY,2026-01-04T15:30:00,476.27,3019.69,99.69,1.59,63.37,49.05,23.36,55.62,running,1,0,0,12,-0.7933,-1.3299,-6.5313,0
PUMP-HEALTHY,2026-01-04T15:35:00,475.74,3042.07,104.65,2.82,66.31,49.02,23.32,53.52,running,1,0,1,12,1.2346,4.9594,2.9402,0
PUMP-HEALTHY,2026-01-04T15:40:00,482.24,3008.96,103.74,2.02,61.52,46.89,22.61,35.19,running,1,0,2,12,-0.8026,-0.9087,-4.7858,0
PUMP-HEALTHY,2026-01-04T15:45:00,479.39,3000.87,102.12,2.89,60.97,46.95,22.51,42.43,running,1,0,4,12,0.8708,-1.6242,-0.5536,0
PUMP-HEALTHY,2026-01-04T15:50:00,480.08,3042.8,100.0,1.77,67.57,48.77,23.41,58.84,running,1,0,1,12,-1.1214,-2.1198,6.604,0
PUMP-HEALTHY,2026-01-04T15:55:00,479.31,2977.83,104.16,1.63,63.47,46.14,22.11,39.14,running,1,0,1,12,-0.1394,4.1603,-4.0995,0
PUMP-HEALTHY,2026-01-04T16:00:00,477.88,3041.77,104.92,2.51,69.25,47.69,22.79,51.66,running,1,0,1,12,0.8782,0.7646,5.7717,0
PUMP-HEALTHY,2026-01-04T16:05:00,475.27,3040.25,104.72,2.08,67.99,47.27,22.46,35.17,running,1,0,4,12,-0.4273,-0.2026,-1.2552,0
PUMP-HEALTHY,2026-01-04T16:10:00,479.27,2994.48,98.88,1.91,69.18,51.14,24.51,52.91,running,1,0,3,12,-0.172,-5.8357,1.19,0
PUMP-HEALTHY,2026-01-04T16:15:00,477.63,3036.45,104.95,2.46,61.16,46.01,21.98,43.84,running,1,0,2,12,0.5556,6.0683,-8.0153,0
PUMP-HEALTHY,2026-01-04T16:20:00,476.57,2983.53,101.17,2.47,66.72,47.1,22.45,36.85,running,1,0,0,12,0.0078,-3.7773,5.5562,0
PUMP-HEALTHY,2026-01-04T16:25:00,484.32,3029.42,100.22,2.68,66.61,48.75,23.61,56.94,running,1,0,1,12,0.2118,-0.9516,-0.1095,0
PUMP-HEALTHY,2026-01-04T16:30:00,480.86,3037.21,99.54,1.39,64.7,47.3,22.75,47.11,running,1,0,0,12,-1.2915,-0.6812,-1.9102,0
PUMP-HEALTHY,2026-01-04T16:35:00,484.51,3035.72,103.25,1.01,60.67,48.02,23.27,48.94,running,1,0,2,12,-0.385,3.7047,-4.0285,0
PUMP-HEALTHY,2026-01-04T16:40:00,481.13,3013.1,99.64,1.7,65.3,52.2,25.12,58.86,running,1,0,3,12,0.691,-3.6031,4.632,0
PUMP-HEALTHY,2026-01-04T16:45:00,479.9,3013.0,102.18,2.09,62.95,49.13,23.58,40.47,running,1,0,3,12,0.3894,2.5419,-2.3504,0
PUMP-HEALTHY,2026-01-04T16:50:00,484.69,2982.54,102.64,1.23,64.65,46.58,22.58,42.97,running,1,0,3,12,-0.8552,0.452,1.6932,0
PUMP-HEALTHY,2026-01-04T16:55:00,483.4,3036.4,102.21,2.37,60.29,46.65,22.55,41.7,running,1,0,4,12,1.1428,-0.4295,-4.3577,0
PUMP-HEALTHY,2026-01-04T17:00:00,482.72,2976.16,100.22,1.78,64.42,49.97,24.12,44.97,running,1,0,2,12,-0.5917,-1.9841,4.1299,0
PUMP-HEALTHY,2026-01-04T17:05:00,481.36,2954.56,101.13,1.44,68.76,49.94,24.04,48.4,running,1,0,4,12,-0.3401,0.9101,4.3367,0
PUMP-HEALTHY,2026-01-04T17:10:00,478.3,3010.5,98.14,2.44,68.02,47.38,22.66,37.26,running,1,0,4,12,1.0018,-2.994,-0.7321,0
PUMP-HEALTHY,2026-01-04T17:15:00,475.63,2954.92,99.47,2.07,69.85,49.29,23.44,55.95,running,1,0,1,12,-0.3735,1.3338,1.828,0
PUMP-HEALTHY,2026-01-04T17:20:00,484.11,2983.15,99.51,2.47,69.4,44.88,21.73,35.9,running,1,0,3,12,0.3957,0.0361,-0.452,0
PUMP-HEALTHY,2026-01-04T17:25:00,482.91,2954.23,99.98,1.05,66.32,47.77,23.07,52.2,running,1,0,3,12,-1.4182,0.4723,-3.0846,0
PUMP-HEALTHY,2026-01-04T17:30:00,481.55,2963.12,103.18,1.54,60.85,47.65,22.95,36.85,running,1,0,0,12,0.4915,3.2021,-5.4664,0
PUMP-HEALTHY,2026-01-04T17:35:00,482.43,3004.17,104.43,1.19,65.88,49.59,23.92,44.78,running,1,0,3,12,-0.3489,1.2491,5.0328,0
PUMP-HEALTHY,2026-01-04T17:40:00,480.12,2952.34,99.92,1.41,62.64,49.15,23.6,51.4,running,1,0,3,12,0.2142,-4.5145,-3.2393,0
PUMP-HEALTHY,2026-01-04T17:45:00,480.61,2998.33,104.35,2.07,62.45,46.42,22.31,35.43,running,1,0,4,12,0.6611,4.4353,-0.1966,0
PUMP-HEALTHY,2026-01-04T17:50:00,482.15,2995.23,102.05,1.05,67.71,48.4,23.33,46.18,running,1,0,1,12,-1.0166,-2.3085,5.2659,0
PUMP-HEALTHY,2026-01-04T17:55:00,483.1,3047.58,98.67,1.34,68.65,47.76,23.07,47.25,running,1,0,3,12,0.2887,-3.3774,0.9362,0
PUMP-HEALTHY,2026-01-04T18:00:00,480.23,3033.97,103.32,1.12,64.93,49.13,23.6,45.3,running,1,0,4,12,-0.2206,4.6563,-3.7141,0
PUMP-HEALTHY,2026-01-04T18:05:00,480.99,3037.14,99.88,1.42,65.62,48.58,23.37,47.22,running,1,0,3,12,0.3006,-3.4471,0.6899,0
PUMP-HEALTHY,2026-01-04T18:10:00,482.09,3001.44,104.01,2.99,60.81,47.74,23.02,37.63,running,1,0,1,12,1.5671,4.1336,-4.8098,0
PUMP-HEALTHY,2026-01-04T18:15:00,480.2,2962.15,99.38,2.74,61.14,50.28,24.15,57.14,running,1,0,1,12,-0.246,-4.629,0.3223,0
PUMP-HEALTHY,2026-01-04T18:20:00,482.49,3004.71,100.8,1.59,64.35,49.52,23.89,42.36,running,1,0,4,12,-1.146,1.4143,3.2181,0
PUMP-HEALTHY,2026-01-04T18:25:00,483.9,3006.38,99.16,1.58,66.85,52.05,25.18,55.07,running,1,0,3,12,-0.0131,-1.6342,2.4954,0
PUMP-HEALTHY,2026-01-04T18:30:00,479.63,3043.62,104.49,2.44,68.52,46.98,22.53,38.38,running,1,0,3,12,0.8599,5.3279,1.6737,0
PUMP-HEALTHY,2026-01-04T18:35:00,476.79,2997.05,104.95,1.01,67.01,45.3,21.6,39.98,running,1,0,4,12,-1.4291,0.4636,-1.5093,0
PUMP-HEALTHY,2026-01-04T18:40:00,479.69,2965.65,100.45,2.12,62.26,50.82,24.38,50.72,running,1,0,3,12,1.1071,-4.5,-4.7544,0
PUMP-HEALTHY,2026-01-04T18:45:00,480.84,2980.58,102.37,1.81,62.55,49.44,23.77,48.53,running,1,0,1,12,-0.3118,1.9183,0.2872,0
PUMP-HEALTHY,2026-01-04T18:50:00,477.8,2976.29,98.72,2.59,65.87,48.88,23.36,54.15,running,1,0,2,12,0.7872,-3.6553,3.3257,0
PUMP-HEALTHY,2026-01-04T18:55:00,484.67,3023.73,102.31,2.82,62.09,45.63,22.11,35.07,running,1,0,4,12,0.2247,3.595,-3.7801,0
PUMP-HEALTHY,2026-01-04T19:00:00,476.46,2966.48,104.12,1.65,68.96,46.29,22.05,36.3,running,1,0,2,12,-1.1718,1.8111,6.8665,0
PUMP-HEALTHY,2026-01-04T19:05:00,478.03,3026.0,99.69,1.79,67.74,48.73,23.3,52.66,running,1,0,0,12,0.1398,-4.4369,-1.2203,0
PUMP-HEALTHY,2026-01-04T19:10:00,483.83,3034.22,104.69,2.89,68.34,51.18,24.76,52.78,running,1,0,2,12,1.1045,5.0021,0.5969,0
PUMP-HEALTHY,2026-01-04T19:15:00,481.85,3005.79,101.05,1.7,60.25,47.96,23.11,44.14,running,1,0,1,12,-1.1946,-3.6396,-8.0831,0
PUMP-HEALTHY,2026-01-04T19:20:00,481.17,3037.63,104.44,1.38,63.74,52.58,25.3,58.33,running,1,0,1,12,-0.3144,3.3963,3.4891,0
PUMP-HEALTHY,2026-01-04T19:25:00,475.06,2981.04,98.66,1.74,62.54,50.46,23.97,58.04,running,1,0,3,12,0.3558,-5.7855,-1.2045,0
PUMP-HEALTHY,2026-01-04T19:30:00,478.98,3049.57,102.93,1.55,60.57,46.91,22.47,49.3,running,1,0,4,12,-0.1894,4.2711,-1.9653,0
PUMP-HEALTHY,2026-01-04T19:35:00,481.32,2999.03,101.31,2.75,67.51,48.2,23.2,55.19,running,1,0,1,12,1.2015,-1.6157,6.9336,0
PUMP-HEALTHY,2026-01-04T19:40:00,482.06,2967.69,103.96,1.17,68.34,46.78,22.55,37.99,running,1,0,4,12,-1.5842,2.6425,0.8348,0
PUMP-HEALTHY,2026-01-04T19:45:00,477.77,3035.26,102.59,2.47,63.33,50.74,24.24,51.8,running,1,0,4,12,1.3093,-1.3709,-5.014,0
PUMP-HEALTHY,2026-01-04T19:50:00,482.22,2986.63,98.1,2.33,64.16,47.74,23.02,51.69,running,1,0,1,12,-0.1459,-4.4865,0.8371,0
PUMP-HEALTHY,2026-01-04T19:55:00,482.29,2958.4,101.1,1.55,61.99,47.46,22.89,47.64,running,1,0,0,12,-0.7779,3.0046,-2.177,0
PUMP-HEALTHY,2026-01-04T20:00:00,478.11,3006.06,98.82,1.93,68.36,48.25,23.07,37.15,running,1,0,1,12,0.3815,-2.2798,6.3742,0
PUMP-HEALTHY,2026-01-04T20:05:00,482.3,2968.57,102.14,2.93,67.67,48.91,23.59,54.72,running,1,0,1,12,0.999,3.314,-0.6938,0
PUMP-HEALTHY,2026-01-04T20:10:00,478.08,3018.09,104.6,2.73,67.47,48.7,23.28,53.45,running,1,0,2,12,-0.2024,2.4606,-0.1931,0
PUMP-HEALTHY,2026-01-04T20:15:00,476.4,2981.55,99.58,1.38,68.84,45.98,21.9,39.43,running,1,0,3,12,-1.3527,-5.0169,1.3616,0
PUMP-HEALTHY,2026-01-04T20:20:00,478.55,2986.36,103.41,2.05,68.3,47.95,22.95,52.18,running,1,0,1,12,0.6696,3.8249,-0.5407,0
PUMP-HEALTHY,2026-01-04T20:25:00,480.38,2971.07,102.92,1.69,68.11,48.74,23.42,54.91,running,1,0,2,12,-0.3522,-0.4913,-0.1859,0
PUMP-HEALTHY,2026-01-04T20:30:00,475.91,3027.34,99.81,1.94,60.31,47.11,22.42,37.88,running,1,0,4,12,0.2415,-3.1078,-7.7946,0
PUMP-HEALTHY,2026-01-04T20:35:00,478.23,3006.38,102.61,2.8,63.22,46.06,22.03,37.62,running,1,0,3,12,0.8672,2.8006,2.9092,0
PUMP-HEALTHY,2026-01-04T20:40:00,478.35,3014.79,98.7,2.83,63.06,47.01,22.49,46.67,running,1,0,3,12,0.0237,-3.9067,-0.161,0
PUMP-HEALTHY,2026-01-04T20:45:00,480.94,3019.45,103.12,1.95,62.44,50.04,24.06,53.08,running,1,0,0,12,-0.8792,4.4152,-0.6269,0
PUMP-HEALTHY,2026-01-04T20:50:00,484.71,3037.74,103.34,2.8,65.07,49.68,24.08,45.52,running,1,0,0,12,0.8546,0.2255,2.6337,0
PUMP-HEALTHY,2026-01-04T20:55:00,476.64,2966.64,100.1,2.19,66.98,50.18,23.92,48.1,running,1,0,2,12,-0.608,-3.2381,1.9067,0
PUMP-HEALTHY,2026-01-04T21:00:00,482.89,2955.38,98.63,2.59,61.41,47.68,23.02,43.65,running,1,0,1,12,0.392,-1.4713,-5.5617,0
PUMP-HEALTHY,2026-01-04T21:05:00,483.83,2980.13,98.56,1.47,62.03,46.0,22.26,37.25,running,1,0,2,12,-1.1134,-0.0702,0.6186,0
PUMP-HEALTHY,2026-01-04T21:10:00,475.05,2965.93,98.7,2.1,63.94,46.73,22.2,40.31,running,1,0,1,12,0.6273,0.1368,1.9073,0
PUMP-HEALTHY,2026-01-04T21:15:00,482.63,2959.58,98.9,2.53,61.34,51.59,24.9,54.33,running,1,0,3,12,0.4264,0.2001,-2.6052,0
PUMP-HEALTHY,2026-01-04T21:20:00,480.97,3003.41,100.43,2.34,69.7,48.04,23.11,35.67,running,1,0,2,12,-0.1863,1.5286,8.367,0
PUMP-HEALTHY,2026-01-04T21:25:00,478.4,3032.32,102.27,2.5,69.15,47.62,22.78,51.14,running,1,0,3,12,0.1636,1.8459,-0.5564,0
PUMP-HEALTHY,2026-01-04T21:30:00,475.93,2988.41,99.26,1.3,63.11,48.92,23.28,51.88,running,1,0,1,12,-1.2019,-3.0148,-6.0349,0
PUMP-HEALTHY,2026-01-04T21:35:00,476.64,3018.23,103.84,1.93,60.83,47.51,22.65,52.15,running,1,0,0,12,0.6284,4.5805,-2.2845,0
PUMP-HEALTHY,2026-01-04T21:40:00,476.61,2962.87,101.55,2.37,60.12,49.64,23.66,51.35,running,1,0,3,12,0.4428,-2.2908,-0.7105,0
PUMP-HEALTHY,2026-01-04T21:45:00,477.59,3013.41,102.23,2.6,64.5,47.67,22.77,44.32,running,1,0,2,12,0.2322,0.6767,4.3868,0
PUMP-HEALTHY,2026-01-04T21:50:00,476.12,2967.88,100.97,2.52,68.7,44.36,21.12,37.0,running,1,0,2,12,-0.0856,-1.257,4.2004,0
PUMP-HEALTHY,2026-01-04T21:55:00,476.98,3031.28,103.09,1.91,60.49,45.8,21.85,42.04,running,1,0,4,12,-0.6092,2.1249,-8.2177,0
PUMP-HEALTHY,2026-01-04T22:00:00,481.86,2975.23,100.36,1.59,68.19,47.61,22.94,48.57,running,1,0,2,12,-0.3177,-2.7312,7.7063,0
PUMP-HEALTHY,2026-01-04T22:05:00,477.98,2953.56,98.78,2.46,65.31,46.62,22.28,44.91,running,1,0,1,12,0.8715,-1.5804,-2.879,0
PUMP-HEALTHY,2026-01-04T22:10:00,481.33,2993.11,99.92,2.94,66.89,48.81,23.49,41.1,running,1,0,4,12,0.4799,1.1411,1.5772,0
PUMP-HEALTHY,2026-01-04T22:15:00,480.69,2954.06,100.29,1.08,66.09,50.86,24.45,53.1,running,1,0,0,12,-1.8671,0.3632,-0.7964,0
PUMP-HEALTHY,2026-01-04T22:20:00,478.38,3013.67,100.11,1.8,61.84,50.41,24.12,53.67,running,1,0,3,12,0.7249,-0.1722,-4.2542,0
PUMP-HEALTHY,2026-01-04T22:25:00,484.65,3029.36,102.0,2.99,66.16,50.29,24.37,48.48,running,1,0,4,12,1.1884,1.8824,4.3165,0
PUMP-HEALTHY,2026-01-04T22:30:00,479.73,3026.07,101.06,2.49,67.78,48.21,23.13,41.92,running,1,0,2,12,-0.4961,-0.9376,1.6273,0
PUMP-HEALTHY,2026-01-04T22:35:00,477.73,2990.72,98.13,1.83,61.3,47.71,22.79,41.68,running,1,0,1,12,-0.6651,-2.9276,-6.4854,0
PUMP-HEALTHY,2026-01-04T22:40:00,477.25,3020.9,99.55,2.22,67.28,48.66,23.22,50.23,running,1,0,4,12,0.3941,1.4164,5.984,0
PUMP-HEALTHY,2026-01-04T22:45:00,478.89,3042.99,98.09,1.68,63.46,48.06,23.01,46.11,running,1,0,1,12,-0.5416,-1.4594,-3.818,0
PUMP-HEALTHY,2026-01-04T22:50:00,481.73,2975.57,98.23,2.7,69.68,49.53,23.86,50.78,running,1,0,4,12,1.0234,0.1379,6.2136,0
PUMP-HEALTHY,2026-01-04T22:55:00,478.69,2979.18,100.21,2.35,60.3,47.67,22.82,50.62,running,1,0,0,12,-0.3556,1.9815,-9.3816,0
PUMP-HEALTHY,2026-01-04T23:00:00,482.51,2978.39,103.21,2.98,63.75,48.44,23.37,48.44,running,1,0,3,12,0.6304,3.001,3.4572,0
PUMP-HEALTHY,2026-01-04T23:05:00,477.18,3049.21,102.0,1.36,61.59,50.5,24.1,54.44,running,1,0,1,12,-1.6221,-1.2131,-2.1617,0
PUMP-HEALTHY,2026-01-04T23:10:00,479.18,3009.92,100.24,1.73,61.06,52.05,24.94,57.12,running,1,0,4,12,0.3691,-1.7594,-0.5348,0
PUMP-HEALTHY,2026-01-04T23:15:00,480.33,2972.51,100.83,2.51,62.86,49.12,23.59,58.11,running,1,0,0,12,0.7873,0.5919,1.8064,0
PUMP-HEALTHY,2026-01-04T23:20:00,480.33,2983.41,101.25,1.34,69.07,48.66,23.37,44.58,running,1,0,0,12,-1.1691,0.4204,6.21,0
PUMP-HEALTHY,2026-01-04T23:25:00,481.19,2963.86,102.34,3.0,66.0,51.48,24.77,53.3,running,1,0,4,12,1.6533,1.0913,-3.0771,0
PUMP-HEALTHY,2026-01-04T23:30:00,481.25,3018.44,104.66,1.05,66.01,49.52,23.83,54.75,running,1,0,1,12,-1.9524,2.3235,0.0177,0
PUMP-HEALTHY,2026-01-04T23:35:00,479.58,3022.31,99.68,1.94,67.13,45.69,21.91,39.99,running,1,0,4,12,0.8989,-4.9877,1.1145,0
PUMP-HEALTHY,2026-01-04T23:40:00,479.61,2974.5,102.22,2.98,67.97,50.65,24.29,59.32,running,1,0,2,12,1.0351,2.5475,0.8396,0
PUMP-HEALTHY,2026-01-04T23:45:00,483.72,3040.89,99.71,2.44,60.7,50.71,24.53,53.72,running,1,0,3,12,-0.5353,-2.5087,-7.2691,0
PUMP-HEALTHY,2026-01-04T23:50:00,483.62,2957.04,100.92,1.52,67.16,48.25,23.34,38.02,running,1,0,0,12,-0.924,1.2056,6.4613,0
PUMP-HEALTHY,2026-01-04T23:55:00,479.39,3032.78,98.42,2.62,68.28,47.67,22.85,53.13,running,1,0,3,12,1.1033,-2.5011,1.1233,0
PUMP-HEALTHY,2026-01-05T00:00:00,479.29,2962.41,99.02,1.52,68.25,48.08,23.04,53.84,running,1,0,2,12,-1.0983,0.6034,-0.0308,0
PUMP-HEALTHY,2026-01-05T00:05:00,476.42,2974.31,101.38,1.53,63.3,48.96,23.32,52.34,running,1,0,2,12,0.004,2.3563,-4.952,0
PUMP-HEALTHY,2026-01-05T00:10:00,478.42,3018.92,100.31,1.9,62.58,45.55,21.79,41.88,running,1,0,0,12,0.3717,-1.0635,-0.721,0
PUMP-HEALTHY,2026-01-05T00:15:00,477.21,2987.09,100.54,1.58,69.45,47.32,22.58,38.96,running,1,0,2,12,-0.3183,0.2244,6.8687,0
PUMP-HEALTHY,2026-01-05T00:20:00,476.54,3030.52,98.9,2.21,68.59,46.08,21.96,41.43,running,1,0,1,12,0.6325,-1.6392,-0.8564,0
PUMP-HEALTHY,2026-01-05T00:25:00,480.84,2975.94,103.05,2.49,69.96,48.67,23.4,45.15,running,1,0,1,12,0.276,4.1481,1.3697,0
PUMP-HEALTHY,2026-01-05T00:30:00,480.87,3000.11,101.66,1.76,69.26,50.77,24.42,51.21,running,1,0,3,12,-0.735,-1.3846,-0.7004,0
PUMP-HEALTHY,2026-01-05T00:35:00,475.14,3044.69,100.4,1.62,62.24,48.26,22.93,41.96,running,1,0,2,12,-0.1373,-1.2668,-7.0177,0
PUMP-HEALTHY,2026-01-05T00:40:00,479.99,3006.94,102.47,1.02,67.46,51.13,24.54,55.47,running,1,0,2,12,-0.5942,2.0739,5.2195,0
PUMP-HEALTHY,2026-01-05T00:45:00,481.64,2989.85,98.69,1.66,60.67,49.07,23.63,48.83,running,1,0,0,12,0.6346,-3.7786,-6.7906,0
PUMP-HEALTHY,2026-01-05T00:50:00,479.47,3002.29,99.71,2.59,61.83,51.9,24.88,58.41,running,1,0,1,12,0.9355,1.021,1.1549,0
PUMP-HEALTHY,2026-01-05T00:55:00,475.4,3010.91,101.86,1.18,61.9,47.91,22.78,55.77,running,1,0,0,12,-1.4118,2.151,0.0733,0
PUMP-HEALTHY,2026-01-05T01:00:00,477.08,2974.39,103.33,1.95,60.98,48.23,23.01,57.04,running,1,0,3,12,0.7718,1.4679,-0.9174,0
PUMP-HEALTHY,2026-01-05T01:05:00,476.16,2958.34,99.38,2.08,62.15,48.45,23.07,47.18,running,1,0,0,12,0.1302,-3.95,1.1672,0
PUMP-HEALTHY,2026-01-05T01:10:00,482.2,2994.26,102.5,2.18,66.35,51.85,25.0,53.89,running,1,0,2,12,0.0931,3.1166,4.1994,0
PUMP-HEALTHY,2026-01-05T01:15:00,479.93,2967.65,101.55,2.03,69.51,49.11,23.57,42.49,running,1,0,4,12,-0.1495,-0.9473,3.165,0
PUMP-HEALTHY,2026-01-05T01:20:00,480.03,3012.59,98.78,2.51,61.82,47.91,23.0,35.16,running,1,0,1,12,0.4848,-2.7708,-7.6926,0
PUMP-HEALTHY,2026-01-05T01:25:00,475.66,2993.2,100.13,2.85,64.43,48.96,23.29,50.95,running,1,0,1,12,0.3374,1.3522,2.6102,0
PUMP-HEALTHY,2026-01-05T01:30:00,477.13,3000.18,100.24,2.06,61.03,47.85,22.83,42.5,running,1,0,1,12,-0.7898,0.1076,-3.4028,0
PUMP-HEALTHY,2026-01-05T01:35:00,476.92,2989.62,99.2,1.32,66.63,47.57,22.69,43.14,running,1,0,3,12,-0.7449,-1.0377,5.5967,0
PUMP-HEALTHY,2026-01-05T01:40:00,482.8,2976.94,104.53,1.94,68.56,46.48,22.44,42.59,running,1,0,2,12,0.6281,5.3275,1.9365,0
PUMP-HEALTHY,2026-01-05T01:45:00,479.5,2992.53,100.75,1.83,67.62,49.95,23.95,45.1,running,1,0,3,12,-0.1097,-3.7751,-0.9401,0
PUMP-HEALTHY,2026-01-05T01:50:00,482.67,2951.95,102.93,1.42,67.17,47.34,22.85,42.37,running,1,0,2,12,-0.417,2.1756,-0.4555,0
PUMP-HEALTHY,2026-01-05T01:55:00,480.58,3023.9,103.58,2.24,64.4,45.88,22.05,41.85,running,1,0,4,12,0.8179,0.6519,-2.7657,0
PUMP-HEALTHY,2026-01-05T02:00:00,479.7,3047.11,98.32,2.32,66.88,50.31,24.14,57.72,running,1,0,3,12,0.0837,-5.2603,2.477,0
PUMP-HEALTHY,2026-01-05T02:05:00,475.59,2955.61,100.4,2.08,64.38,47.1,22.4,42.11,running,1,0,3,12,-0.243,2.0768,-2.4968,0
PUMP-HEALTHY,2026-01-05T02:10:00,483.24,3037.4,102.13,2.15,65.62,47.85,23.13,45.96,running,1,0,4,12,0.0724,1.7298,1.2371,0
PUMP-HEALTHY,2026-01-05T02:15:00,480.31,2979.14,98.15,2.54,60.68,50.71,24.36,54.65,running,1,0,3,12,0.396,-3.9757,-4.9383,0
PUMP-HEALTHY,2026-01-05T02:20:00,482.47,2971.48,100.25,1.46,63.62,49.29,23.78,39.97,running,1,0,0,12,-1.0888,2.0959,2.942,0
PUMP-HEALTHY,2026-01-05T02:25:00,476.4,3014.22,100.99,2.61,67.98,47.98,22.86,55.79,running,1,0,4,12,1.1568,0.7424,4.3589,0
PUMP-HEALTHY,2026-01-05T02:30:00,479.37,2953.21,101.53,2.6,67.9,48.76,23.37,47.3,running,1,0,4,12,-0.0156,0.5382,-0.0796,0
PUMP-HEALTHY,2026-01-05T02:35:00,475.92,3005.83,98.79,1.32,65.14,50.09,23.84,56.29,running,1,0,1,12,-1.2801,-2.7431,-2.7664,0
PUMP-HEALTHY,2026-01-05T02:40:00,482.52,3026.71,101.02,1.55,64.51,51.43,24.82,57.01,running,1,0,4,12,0.2373,2.2303,-0.6221,0
PUMP-HEALTHY,2026-01-05T02:45:00,478.4,3002.77,102.85,2.64,64.32,46.56,22.28,35.54,running,1,0,0,12,1.0867,1.8315,-0.1889,0
PUMP-HEALTHY,2026-01-05T02:50:00,475.09,2982.24,99.05,2.71,65.84,49.47,23.5,54.19,running,1,0,4,12,0.0707,-3.7946,1.5198,0
PUMP-HEALTHY,2026-01-05T02:55:00,484.25,3039.32,103.0,2.15,61.89,46.56,22.54,38.71,running,1,0,0,12,-0.5574,3.9509,-3.9553,0
PUMP-HEALTHY,2026-01-05T03:00:00,482.79,3004.01,104.68,1.65,63.15,46.4,22.4,40.75,running,1,0,2,12,-0.4988,1.6783,1.2649,0
PUMP-HEALTHY,2026-01-05T03:05:00,477.33,3041.99,103.41,1.05,68.78,48.82,23.3,58.61,running,1,0,1,12,-0.6003,-1.2762,5.623,0
PUMP-HEALTHY,2026-01-05T03:10:00,478.8,2994.68,100.79,1.41,63.81,48.24,23.1,55.36,running,1,0,4,12,0.3567,-2.6122,-4.9713,0
PUMP-HEALTHY,2026-01-05T03:15:00,476.22,3025.66,98.84,1.98,66.05,48.63,23.16,53.74,running,1,0,4,12,0.567,-1.9517,2.2434,0
PUMP-HEALTHY,2026-01-05T03:20:00,478.6,2975.53,98.78,1.91,60.07,49.4,23.64,55.09,running,1,0,2,12,-0.0643,-0.0586,-5.9759,0
PUMP-HEALTHY,2026-01-05T03:25:00,483.37,2993.41,103.93,1.6,70.0,47.53,22.98,37.11,running,1,0,2,12,-0.3125,5.1507,9.9245,0
PUMP-HEALTHY,2026-01-05T03:30:00,482.3,3039.73,98.32,2.69,61.77,46.61,22.48,35.23,running,1,0,0,12,1.0934,-5.6171,-8.2235,0
PUMP-HEALTHY,2026-01-05T03:35:00,475.61,3030.24,104.06,2.32,63.72,46.43,22.08,45.37,running,1,0,1,12,-0.3729,5.7468,1.9435,0
PUMP-HEALTHY,2026-01-05T03:40:00,482.42,3031.03,99.27,2.76,61.09,47.22,22.78,39.06,running,1,0,2,12,0.4363,-4.7931,-2.6231,0
PUMP-HEALTHY,2026-01-05T03:45:00,481.22,2952.85,98.18,1.06,64.71,48.29,23.24,53.37,running,1,0,4,12,-1.7012,-1.0905,3.6111,0
PUMP-HEALTHY,2026-01-05T03:50:00,482.23,2966.97,98.7,1.7,62.23,46.64,22.49,45.5,running,1,0,3,12,0.6403,0.52,-2.478,0
PUMP-HEALTHY,2026-01-05T03:55:00,483.56,3003.67,98.94,2.21,66.37,47.88,23.15,42.79,running,1,0,4,12,0.5092,0.24,4.1416,0
PUMP-HEALTHY,2026-01-05T04:00:00,478.66,3011.36,103.01,1.96,67.49,48.81,23.36,56.3,running,1,0,1,12,-0.251,4.0734,1.1186,0
PUMP-HEALTHY,2026-01-05T04:05:00,477.26,2958.22,98.66,1.81,68.87,45.45,21.69,37.63,running,1,0,2,12,-0.1479,-4.3507,1.382,0
PUMP-HEALTHY,2026-01-05T04:10:00,482.1,2996.21,102.14,2.03,69.88,49.27,23.76,41.67,running,1,0,1,12,0.2261,3.472,1.0073,0
PUMP-HEALTHY,2026-01-05T04:15:00,480.79,3043.46,98.24,2.81,63.85,45.37,21.82,36.2,running,1,0,0,12,0.7782,-3.8959,-6.0261,0
PUMP-HEALTHY,2026-01-05T04:20:00,483.35,2973.78,100.78,1.02,64.81,49.19,23.78,56.44,running,1,0,3,12,-1.7886,2.5378,0.9575,0
PUMP-HEALTHY,2026-01-05T04:25:00,479.52,2971.48,102.35,2.09,61.18,48.59,23.3,41.98,running,1,0,1,12,1.0683,1.5718,-3.6296,0
PUMP-HEALTHY,2026-01-05T04:30:00,477.55,3030.7,101.41,2.1,66.63,48.47,23.15,51.7,running,1,0,2,12,0.006,-0.9377,5.4543,0
PUMP-HEALTHY,2026-01-05T04:35:00,479.27,2952.54,101.8,1.19,69.75,48.46,23.22,55.75,running,1,0,2,12,-0.9086,0.3917,3.1184,0
PUMP-HEALTHY,2026-01-05T04:40:00,478.07,2993.62,104.89,1.17,68.67,48.0,22.95,47.62,running,1,0,1,12,-0.0232,3.087,-1.0812,0
PUMP-HEALTHY,2026-01-05T04:45:00,476.42,3018.06,103.43,1.4,67.45,49.49,23.58,48.14,running,1,0,0,12,0.2314,-1.4588,-1.2237,0
PUMP-HEALTHY,2026-01-05T04:50:00,483.0,2986.27,99.61,2.89,65.31,46.64,22.53,44.36,running,1,0,4,12,1.497,-3.8184,-2.1373,0
PUMP-HEALTHY,2026-01-05T04:55:00,477.26,3043.06,103.01,2.08,69.55,46.79,22.33,45.6,running,1,0,3,12,-0.8127,3.3996,4.2426,0
PUMP-HEALTHY,2026-01-05T05:00:00,477.96,3040.1,104.8,2.79,64.68,48.5,23.18,38.4,running,1,0,4,12,0.7058,1.7915,-4.8713,0
PUMP-HEALTHY,2026-01-05T05:05:00,481.68,2970.88,103.13,2.19,60.67,48.4,23.31,53.88,running,1,0,1,12,-0.5995,-1.6698,-4.0119,0
PUMP-HEALTHY,2026-01-05T05:10:00,478.91,2965.94,100.93,2.18,62.49,46.69,22.36,43.76,running,1,0,3,12,-0.0051,-2.2012,1.8176,0
PUMP-HEALTHY,2026-01-05T05:15:00,476.23,3023.97,104.61,1.3,64.43,50.05,23.84,51.81,running,1,0,2,12,-0.8791,3.6773,1.9481,0
PUMP-HEALTHY,2026-01-05T05:20:00,480.24,3027.17,102.19,1.46,64.38,50.19,24.1,55.56,running,1,0,2,12,0.1607,-2.4213,-0.0511,0
PUMP-HEALTHY,2026-01-05T05:25:00,483.75,3044.95,98.29,2.68,62.55,49.14,23.77,50.67,running,1,0,3,12,1.2116,-3.9023,-1.8282,0
PUMP-HEALTHY,2026-01-05T05:30:00,482.58,2972.46,98.72,3.0,66.03,48.66,23.48,49.98,running,1,0,3,12,0.3193,0.4345,3.4786,0
PUMP-HEALTHY,2026-01-05T05:35:00,479.22,3013.81,104.06,1.56,67.24,46.48,22.28,41.9,running,1,0,2,12,-1.4348,5.3348,1.2074,0
PUMP-HEALTHY,2026-01-05T05:40:00,484.83,2958.31,98.71,2.61,62.43,49.29,23.9,47.37,running,1,0,3,12,1.0516,-5.3483,-4.8131,0
PUMP-HEALTHY,2026-01-05T05:45:00,480.61,3033.74,100.63,2.04,69.25,48.48,23.3,44.56,running,1,0,0,12,-0.574,1.9228,6.825,0
PUMP-HEALTHY,2026-01-05T05:50:00,480.76,2961.75,103.35,1.72,66.73,50.12,24.09,57.59,running,1,0,2,12,-0.3165,2.7175,-2.5263,0
PUMP-HEALTHY,2026-01-05T05:55:00,481.47,2994.02,101.23,2.73,60.37,49.44,23.8,44.97,running,1,0,0,12,1.0054,-2.123,-6.3533,0
PUMP-HEALTHY,2026-01-05T06:00:00,477.16,2968.07,102.41,1.66,62.92,46.03,21.96,45.3,running,1,0,2,12,-1.0689,1.1884,2.55,0
PUMP-HEALTHY,2026-01-05T06:05:00,483.18,2984.4,104.82,1.5,64.46,46.61,22.52,36.19,running,1,0,1,12,-0.1605,2.4014,1.5373,0
PUMP-HEALTHY,2026-01-05T06:10:00,477.09,3027.08,101.83,1.64,64.01,48.89,23.32,43.71,running,1,0,2,12,0.1464,-2.9841,-0.4469,0
PUMP-HEALTHY,2026-01-05T06:15:00,478.52,3003.82,103.64,2.93,63.17,49.21,23.55,42.65,running,1,0,4,12,1.288,1.8051,-0.8479,0
PUMP-HEALTHY,2026-01-05T06:20:00,479.97,2968.62,100.68,1.53,67.07,49.1,23.57,43.76,running,1,0,1,12,-1.4024,-2.9572,3.9086,0
PUMP-HEALTHY,2026-01-05T06:25:00,478.23,2961.15,102.07,2.82,67.0,49.7,23.77,49.01,running,1,0,0,12,1.2883,1.3941,-0.0717,0
PUMP-HEALTHY,2026-01-05T06:30:00,476.99,2959.05,102.19,2.75,64.05,48.1,22.94,41.58,running,1,0,3,12,-0.0638,0.1129,-2.9559,0
PUMP-HEALTHY,2026-01-05T06:35:00,476.04,3045.61,103.7,2.77,62.94,46.86,22.31,49.25,running,1,0,0,12,0.021,1.5162,-1.1072,0
PUMP-HEALTHY,2026-01-05T06:40:00,477.46,2965.5,104.95,1.05,62.24,48.09,22.96,52.38,running,1,0,1,12,-1.7222,1.2467,-0.6944,0
PUMP-HEALTHY,2026-01-05T06:45:00,476.45,2979.68,104.75,2.72,64.83,48.21,22.97,45.97,running,1,0,1,12,1.6623,-0.1966,2.588,0
PUMP-HEALTHY,2026-01-05T06:50:00,483.48,3008.09,102.39,2.78,69.79,50.78,24.55,53.67,running,1,0,2,12,0.0621,-2.3613,4.9586,0
PUMP-HEALTHY,2026-01-05T06:55:00,479.31,2986.45,104.48,1.47,65.4,47.36,22.7,36.93,running,1,0,1,12,-1.3078,2.0878,-4.3876,0
PUMP-HEALTHY,2026-01-05T07:00:00,482.96,3007.9,98.68,2.83,69.86,49.88,24.09,52.71,running,1,0,1,12,1.3655,-5.8022,4.4514,0
PUMP-HEALTHY,2026-01-05T07:05:00,482.2,3021.76,102.51,2.11,69.85,48.87,23.57,46.63,running,1,0,3,12,-0.7268,3.8384,-0.0043,0
PUMP-HEALTHY,2026-01-05T07:10:00,480.91,2956.47,104.97,1.04,64.48,50.89,24.47,51.26,running,1,0,0,12,-1.0639,2.4558,-5.3661,0
PUMP-HEALTHY,2026-01-05T07:15:00,481.82,2956.54,103.03,2.14,69.47,50.58,24.37,53.19,running,1,0,1,12,1.0953,-1.9384,4.9888,0
PUMP-HEALTHY,2026-01-05T07:20:00,484.86,2971.52,101.16,2.08,66.75,48.47,23.5,43.26,running,1,0,1,12,-0.0627,-1.8673,-2.7268,0
PUMP-HEALTHY,2026-01-05T07:25:00,482.66,3048.02,102.11,2.73,69.71,47.78,23.06,36.32,running,1,0,0,12,0.6487,0.9433,2.9622,0
PUMP-HEALTHY,2026-01-05T07:30:00,481.14,3002.98,103.11,2.47,62.49,50.14,24.12,50.04,running,1,0,3,12,-0.2604,1.0046,-7.2209,0
PUMP-HEALTHY,2026-01-05T07:35:00,482.29,2983.18,98.66,1.81,67.01,50.79,24.5,52.13,running,1,0,2,12,-0.658,-4.4535,4.5213,0
PUMP-HEALTHY,2026-01-05T07:40:00,476.83,2981.12,99.24,1.86,62.52,45.49,21.69,37.27,running,1,0,0,12,0.0536,0.5827,-4.4891,0
PUMP-HEALTHY,2026-01-05T07:45:00,478.4,3025.18,101.67,1.04,66.06,48.82,23.36,59.55,running,1,0,4,12,-0.8199,2.4252,3.5415,0
PUMP-HEALTHY,2026-01-05T07:50:00,475.13,2982.69,100.14,2.6,65.68,45.86,21.79,44.37,running,1,0,3,12,1.5593,-1.5232,-0.3808,0
PUMP-HEALTHY,2026-01-05T07:55:00,476.82,2971.84,100.42,2.74,69.13,49.03,23.38,49.99,running,1,0,1,12,0.1441,0.2729,3.4454,0
PUMP-HEALTHY,2026-01-05T08:00:00,480.07,3031.44,101.12,2.24,69.35,51.48,24.71,57.21,running,1,0,2,12,-0.5,0.699,0.2268,0
PUMP-HEALTHY,2026-01-05T08:05:00,476.08,3018.3,102.13,1.33,61.0,45.46,21.64,39.83,running,1,0,3,12,-0.9094,1.015,-8.3557,0
PUMP-HEALTHY,2026-01-05T08:10:00,484.29,3004.8,100.72,1.9,61.16,48.51,23.49,48.86,running,1,0,3,12,0.5611,-1.4088,0.1666,0
PUMP-HEALTHY,2026-01-05T08:15:00,476.88,2990.43,100.51,2.83,69.21,51.33,24.48,55.27,running,1,0,0,12,0.9373,-0.2137,8.0474,0
PUMP-HEALTHY,2026-01-05T08:20:00,483.48,2959.1,102.58,2.82,65.63,49.84,24.09,52.56,running,1,0,2,12,-0.0095,2.0754,-3.5813,0
PUMP-HEALTHY,2026-01-05T08:25:00,478.2,2994.79,99.39,2.89,64.26,46.44,22.21,45.88,running,1,0,4,12,0.0648,-3.1973,-1.3668,0
PUMP-HEALTHY,2026-01-05T08:30:00,479.84,2988.88,101.48,2.57,62.87,47.59,22.83,52.1,running,1,0,0,12,-0.3158,2.097,-1.3913,0
PUMP-HEALTHY,2026-01-05T08:35:00,478.07,3008.75,104.3,2.09,66.41,49.6,23.71,53.48,running,1,0,1,12,-0.4871,2.8186,3.5374,0
PUMP-HEALTHY,2026-01-05T08:40:00,478.52,3003.78,103.77,2.37,64.34,49.86,23.86,47.71,running,1,0,0,12,0.2828,-0.5357,-2.0713,0
PUMP-HEALTHY,2026-01-05T08:45:00,484.11,2959.87,104.65,2.78,67.12,45.78,22.16,36.82,running,1,0,0,12,0.4164,0.8835,2.7861,0
PUMP-HEALTHY,2026-01-05T08:50:00,475.45,2988.15,104.3,1.23,62.9,50.63,24.07,57.61,running,1,0,1,12,-1.5521,-0.3475,-4.2197,0
PUMP-HEALTHY,2026-01-05T08:55:00,484.87,3032.66,100.6,2.68,60.45,46.33,22.46,38.54,running,1,0,3,12,1.4429,-3.6998,-2.4568,0
PUMP-HEALTHY,2026-01-05T09:00:00,481.8,3021.02,104.31,1.62,69.4,51.05,24.59,51.33,running,1,0,3,12,-1.0561,3.7121,8.9552,0
PUMP-HEALTHY,2026-01-05T09:05:00,478.77,3034.26,99.33,2.56,62.53,47.01,22.51,35.26,running,1,0,1,12,0.939,-4.9881,-6.8685,0
PUMP-HEALTHY,2026-01-05T09:10:00,481.63,2972.3,102.46,1.23,69.02,47.37,22.81,47.21,running,1,0,2,12,-1.3279,3.1367,6.4879,0
PUMP-HEALTHY,2026-01-05T09:15:00,484.55,3021.5,102.87,1.57,62.86,49.58,24.02,56.39,running,1,0,1,12,0.3391,0.402,-6.1578,0
PUMP-HEALTHY,2026-01-05T09:20:00,484.5,3005.47,101.49,1.25,69.96,47.22,22.88,46.72,running,1,0,1,12,-0.3154,-1.3794,7.0912,0
PUMP-HEALTHY,2026-01-05T09:25:00,475.84,3019.36,98.47,1.87,63.71,49.04,23.34,53.46,running,1,0,4,12,0.6177,-3.014,-6.2466,0
PUMP-HEALTHY,2026-01-05T09:30:00,482.67,2968.9,99.47,1.64,65.69,50.16,24.21,58.71,running,1,0,2,12,-0.2361,1.0012,1.979,0
PUMP-HEALTHY,2026-01-05T09:35:00,479.62,3040.16,98.39,1.76,69.47,47.44,22.76,47.64,running,1,0,3,12,0.1242,-1.078,3.7802,0
PUMP-HEALTHY,2026-01-05T09:40:00,475.25,2994.05,103.9,2.2,62.88,46.82,22.25,39.03,running,1,0,0,12,0.4433,5.509,-6.5901,0
PUMP-HEALTHY,2026-01-05T09:45:00,479.1,3003.43,102.33,1.34,69.33,46.47,22.26,44.26,running,1,0,3,12,-0.8635,-1.5739,6.4499,0
PUMP-HEALTHY,2026-01-05T09:50:00,475.03,2955.84,100.71,2.13,68.57,47.46,22.54,54.05,running,1,0,3,12,0.7941,-1.6174,-0.758,0
PUMP-HEALTHY,2026-01-05T09:55:00,484.37,3014.48,99.98,2.23,64.5,50.76,24.59,53.7,running,1,0,3,12,0.0982,-0.7354,-4.0733,0
PUMP-HEALTHY,2026-01-05T10:00:00,479.79,3039.86,101.18,2.76,62.24,48.5,23.27,42.17,running,1,0,2,12,0.5268,1.2023,-2.2583,0
PUMP-HEALTHY,2026-01-05T10:05:00,483.82,2986.81,98.15,2.61,61.44,49.53,23.96,46.5,running,1,0,3,12,-0.148,-3.033,-0.7986,0
PUMP-HEALTHY,2026-01-05T10:10:00,476.25,3012.65,99.46,1.81,68.84,47.87,22.8,46.51,running,1,0,2,12,-0.7993,1.3101,7.3964,0
PUMP-HEALTHY,2026-01-05T10:15:00,478.26,2989.89,103.06,1.41,62.17,45.79,21.9,39.77,running,1,0,4,12,-0.3998,3.6064,-6.6666,0
PUMP-HEALTHY,2026-01-05T10:20:00,478.63,2996.34,104.04,2.58,63.75,47.14,22.56,42.67,running,1,0,3,12,1.1723,0.9739,1.5786,0
PUMP-HEALTHY,2026-01-05T10:25:00,478.0,3033.29,103.42,2.25,60.51,47.32,22.62,40.43,running,1,0,4,12,-0.337,-0.615,-3.2393,0
PUMP-HEALTHY,2026-01-05T10:30:00,479.32,3044.32,98.17,1.41,65.67,48.95,23.46,39.31,running,1,0,3,12,-0.8343,-5.2552,5.1651,0
PUMP-HEALTHY,2026-01-05T10:35:00,480.75,3030.08,99.05,1.63,62.46,50.74,24.39,53.46,running,1,0,4,12,0.2201,0.8879,-3.2169,0
PUMP-HEALTHY,2026-01-05T10:40:00,480.31,3012.81,98.25,1.19,60.65,48.1,23.1,35.54,running,1,0,0,12,-0.4389,-0.8077,-1.8034,0
PUMP-HEALTHY,2026-01-05T10:45:00,478.13,3040.18,99.42,1.3,62.13,49.38,23.61,56.02,running,1,0,3,12,0.1071,1.1739,1.4765,0
PUMP-HEALTHY,2026-01-05T10:50:00,479.75,3020.36,100.03,1.2,65.62,48.94,23.48,57.52,running,1,0,4,12,-0.0982,0.6071,3.4888,0
PUMP-HEALTHY,2026-01-05T10:55:00,479.1,3006.17,102.4,2.4,62.81,49.04,23.49,56.2,running,1,0,3,12,1.1967,2.3726,-2.8065,0
PUMP-HEALTHY,2026-01-05T11:00:00,475.97,2953.94,104.16,1.95,64.77,49.76,23.68,54.18,running,1,0,3,12,-0.4541,1.7608,1.9565,0
PUMP-HEALTHY,2026-01-05T11:05:00,480.85,2968.18,104.26,2.94,69.47,50.46,24.27,49.17,running,1,0,0,12,0.995,0.0963,4.6972,0
PUMP-HEALTHY,2026-01-05T11:10:00,476.77,3012.4,102.74,2.83,61.11,52.08,24.83,58.38,running,1,0,2,12,-0.1071,-1.5163,-8.3563,0
PUMP-HEALTHY,2026-01-05T11:15:00,482.11,3044.88,98.58,2.21,67.99,48.11,23.2,35.4,running,1,0,2,12,-0.6279,-4.1601,6.8835,0
PUMP-HEALTHY,2026-01-05T11:20:00,476.92,2978.02,101.64,2.83,64.9,48.33,23.05,57.65,running,1,0,3,12,0.6262,3.0615,-3.0971,0
PUMP-HEALTHY,2026-01-05T11:25:00,484.96,2983.75,99.91,2.99,66.57,49.01,23.77,51.49,running,1,0,4,12,0.1583,-1.7332,1.6708,0
PUMP-HEALTHY,2026-01-05T11:30:00,475.11,3007.37,100.12,1.4,64.7,48.42,23.01,44.71,running,1,0,2,12,-1.5909,0.2091,-1.8657,0
PUMP-HEALTHY,2026-01-05T11:35:00,483.03,3035.36,103.49,1.81,63.42,51.67,24.96,58.57,running,1,0,2,12,0.4151,3.3699,-1.2799,0
PUMP-HEALTHY,2026-01-05T11:40:00,475.83,2994.99,102.7,2.61,69.13,51.41,24.46,56.54,running,1,0,0,12,0.7966,-0.7862,5.7121,0
PUMP-HEALTHY,2026-01-05T11:45:00,477.43,2967.71,98.45,2.14,62.37,44.78,21.38,37.18,running,1,0,2,12,-0.4671,-4.2479,-6.764,0
PUMP-HEALTHY,2026-01-05T11:50:00,483.7,3011.75,99.09,2.25,68.71,50.18,24.27,46.52,running,1,0,0,12,0.1084,0.639,6.344,0
PUMP-HEALTHY,2026-01-05T11:55:00,475.56,2963.87,104.43,2.85,61.86,47.53,22.6,52.96,running,1,0,1,12,0.6009,5.3323,-6.8577,0
PUMP-HEALTHY,2026-01-05T12:00:00,475.5,2957.94,100.24,2.06,64.76,48.76,23.19,39.93,running,1,0,2,12,-0.7945,-4.1832,2.9047,0
PUMP-HEALTHY,2026-01-05T12:05:00,482.32,3009.18,104.03,1.89,65.08,48.75,23.51,36.99,running,1,0,4,12,-0.1736,3.7835,0.3154,0
PUMP-HEALTHY,2026-01-05T12:10:00,484.73,3020.0,102.92,1.15,61.87,50.11,24.29,43.04,running,1,0,4,12,-0.7335,-1.1062,-3.2054,0
PUMP-HEALTHY,2026-01-05T12:15:00,477.97,2991.23,102.48,1.44,62.51,46.65,22.29,43.62,running,1,0,2,12,0.285,-0.4359,0.639,0
PUMP-HEALTHY,2026-01-05T12:20:00,477.81,2966.13,98.43,1.99,69.03,47.41,22.65,36.51,running,1,0,3,12,0.5513,-4.0528,6.5174,0
PUMP-HEALTHY,2026-01-05T12:25:00,475.12,3024.43,98.62,2.18,69.16,48.24,22.92,44.04,running,1,0,2,12,0.1884,0.1863,0.1364,0
PUMP-HEALTHY,2026-01-05T12:30:00,482.27,2981.91,100.51,2.62,63.7,47.8,23.05,42.51,running,1,0,1,12,0.4457,1.8892,-5.4589,0
PUMP-HEALTHY,2026-01-05T12:35:00,480.87,2954.27,100.47,1.93,64.62,51.91,24.96,58.09,running,1,0,3,12,-0.692,-0.0365,0.912,0
PUMP-HEALTHY,2026-01-05T12:40:00,479.52,2964.21,103.25,1.84,60.24,46.15,22.13,38.49,running,1,0,3,12,-0.0907,2.7836,-4.3716,0
PUMP-HEALTHY,2026-01-05T12:45:00,478.66,2993.44,103.72,2.81,61.51,49.31,23.6,58.65,running,1,0,2,12,0.9715,0.468,1.2656,0
PUMP-HEALTHY,2026-01-05T12:50:00,478.37,2952.17,100.75,1.61,69.55,47.55,22.75,48.73,running,1,0,3,12,-1.2037,-2.9762,8.0416,0
PUMP-HEALTHY,2026-01-05T12:55:00,479.35,3035.16,101.41,2.33,63.53,48.53,23.27,37.65,running,1,0,1,12,0.7245,0.6658,-6.0183,0
PUMP-HEALTHY,2026-01-05T13:00:00,477.35,3044.33,103.63,1.83,60.13,46.1,22.01,42.7,running,1,0,3,12,-0.4989,2.214,-3.404,0
PUMP-HEALTHY,2026-01-05T13:05:00,481.12,3009.91,101.71,1.68,63.73,48.0,23.1,52.21,running,1,0,0,12,-0.1505,-1.9179,3.6039,0
PUMP-HEALTHY,2026-01-05T13:10:00,479.47,2991.7,99.47,1.65,62.33,49.43,23.7,56.8,running,1,0,2,12,-0.0298,-2.2413,-1.3992,0
PUMP-HEALTHY,2026-01-05T13:15:00,480.55,3007.72,100.32,1.39,61.27,48.32,23.22,43.05,running,1,0,4,12,-0.2636,0.8512,-1.0631,0
PUMP-HEALTHY,2026-01-05T13:20:00,481.09,3031.33,99.74,2.13,68.91,49.32,23.73,42.84,running,1,0,2,12,0.7378,-0.5737,7.6342,0
PUMP-HEALTHY,2026-01-05T13:25:00,475.81,2999.09,102.22,2.78,69.58,46.95,22.34,41.65,running,1,0,2,12,0.6552,2.4745,0.6772,0
PUMP-HEALTHY,2026-01-05T13:30:00,482.12,2986.38,103.44,1.95,62.23,45.92,22.14,35.08,running,1,0,2,12,-0.8343,1.2261,-7.3494,0
PUMP-HEALTHY,2026-01-05T13:35:00,484.57,2998.47,100.2,2.77,62.0,49.08,23.78,55.27,running,1,0,2,12,0.8189,-3.2451,-0.2327,0
PUMP-HEALTHY,2026-01-05T13:40:00,482.33,3023.55,99.36,2.6,62.82,49.74,23.99,54.77,running,1,0,2,12,-0.1687,-0.8346,0.824,0
PUMP-HEALTHY,2026-01-05T13:45:00,477.04,2979.61,98.2,2.29,64.21,48.82,23.29,44.22,running,1,0,3,12,-0.3097,-1.1629,1.3897,0
PUMP-HEALTHY,2026-01-05T13:50:00,480.55,3009.38,103.31,1.22,62.74,48.41,23.27,41.9,running,1,0,1,12,-1.0725,5.1075,-1.4787,0
PUMP-HEALTHY,2026-01-05T13:55:00,478.23,2951.7,98.37,1.65,64.77,48.12,23.01,38.54,running,1,0,3,12,0.4376,-4.9423,2.0355,0
PUMP-HEALTHY,2026-01-05T14:00:00,481.46,2989.55,100.29,2.67,60.35,47.96,23.09,42.07,running,1,0,0,12,1.0191,1.9193,-4.4257,0
PUMP-HEALTHY,2026-01-05T14:05:00,482.23,3021.37,101.48,2.85,61.4,45.6,21.99,37.56,running,1,0,2,12,0.1818,1.1905,1.0538,0
PUMP-HEALTHY,2026-01-05T14:10:00,484.72,2983.82,100.89,2.5,64.92,49.25,23.87,48.63,running,1,0,1,12,-0.3522,-0.5882,3.5254,0
PUMP-HEALTHY,2026-01-05T14:15:00,480.48,2958.95,99.45,1.32,67.63,49.16,23.62,56.72,running,1,0,0,12,-1.1836,-1.4377,2.7031,0
PUMP-HEALTHY,2026-01-05T14:20:00,475.52,3034.29,99.58,1.08,62.19,45.58,21.68,40.82,running,1,0,2,12,-0.2333,0.1279,-5.4376,0
PUMP-HEALTHY,2026-01-05T14:25:00,478.88,3013.43,100.77,2.02,62.9,47.17,22.59,35.59,running,1,0,1,12,0.9357,1.192,0.7064,0
PUMP-HEALTHY,2026-01-05T14:30:00,480.9,2970.88,102.08,1.01,67.02,48.46,23.31,49.54,running,1,0,1,12,-1.0062,1.3085,4.1218,0
PUMP-HEALTHY,2026-01-05T14:35:00,476.52,2950.73,102.39,2.25,62.66,47.25,22.51,44.36,running,1,0,2,12,1.2313,0.3146,-4.3618,0
PUMP-HEALTHY,2026-01-05T14:40:00,478.34,2982.71,99.82,1.24,62.85,46.71,22.34,35.72,running,1,0,3,12,-1.0072,-2.5714,0.1974,0
PUMP-HEALTHY,2026-01-05T14:45:00,477.05,2961.27,100.71,1.21,69.33,48.02,22.91,40.14,running,1,0,1,12,-0.0249,0.8898,6.477,0
PUMP-HEALTHY,2026-01-05T14:50:00,483.87,3031.79,100.53,1.11,66.26,50.71,24.54,49.17,running,1,0,2,12,-0.1047,-0.1856,-3.0697,0
PUMP-HEALTHY,2026-01-05T14:55:00,475.12,3032.96,104.02,1.41,69.47,46.95,22.31,44.71,running,1,0,1,12,0.304,3.4959,3.2068,0
PUMP-HEALTHY,2026-01-05T15:00:00,484.21,2998.02,102.18,2.59,66.67,49.18,23.81,58.45,running,1,0,0,12,1.1773,-1.8453,-2.7977,0
PUMP-HEALTHY,2026-01-05T15:05:00,481.19,3035.72,104.63,2.86,63.03,48.39,23.28,44.54,running,1,0,1,12,0.2703,2.4503,-3.6358,0
PUMP-HEALTHY,2026-01-05T15:10:00,481.46,3047.09,103.19,1.75,62.8,48.55,23.38,51.34,running,1,0,1,12,-1.1147,-1.4346,-0.2347,0
PUMP-HEALTHY,2026-01-05T15:15:00,477.63,3043.01,104.21,2.6,62.05,51.22,24.46,57.99,running,1,0,3,12,0.8555,1.0186,-0.7531,0
PUMP-HEALTHY,2026-01-05T15:20:00,476.75,2961.26,103.07,1.91,68.86,48.25,23.0,52.37,running,1,0,0,12,-0.6906,-1.1379,6.8177,0
PUMP-HEALTHY,2026-01-05T15:25:00,482.31,2965.33,98.46,2.36,60.3,50.05,24.14,47.44,running,1,0,4,12,0.4455,-4.6176,-8.5654,0
PUMP-HEALTHY,2026-01-05T15:30:00,483.97,3015.66,104.72,2.75,67.1,48.68,23.56,52.97,running,1,0,1,12,0.3967,6.2599,6.8,0
PUMP-HEALTHY,2026-01-05T15:35:00,477.35,2994.8,98.01,2.3,68.74,49.58,23.67,55.88,running,1,0,1,12,-0.4524,-6.7024,1.6362,0
PUMP-HEALTHY,2026-01-05T15:40:00,482.16,3024.25,100.01,1.18,63.67,50.35,24.28,55.52,running,1,0,4,12,-1.1235,1.992,-5.0622,0
PUMP-HEALTHY,2026-01-05T15:45:00,480.41,2982.07,102.48,1.81,65.8,49.94,23.99,44.3,running,1,0,3,12,0.6372,2.4696,2.1291,0
PUMP-HEALTHY,2026-01-05T15:50:00,481.76,2990.78,104.73,1.17,62.53,48.76,23.49,38.44,running,1,0,4,12,-0.6411,2.2545,-3.2701,0
PUMP-HEALTHY,2026-01-05T15:55:00,483.62,2966.43,98.3,2.01,68.6,49.81,24.09,50.63,running,1,0,1,12,0.8398,-6.4304,6.0651,0
PUMP-HEALTHY,2026-01-05T16:00:00,483.51,3007.37,104.84,2.58,68.25,49.67,24.02,44.91,running,1,0,4,12,0.5718,6.5413,-0.3503,0
PUMP-HEALTHY,2026-01-05T16:05:00,475.42,2960.38,98.03,2.87,66.65,45.57,21.66,39.12,running,1,0,0,12,0.2845,-6.8123,-1.6005,0
PUMP-HEALTHY,2026-01-05T16:10:00,478.25,3033.65,100.61,2.87,65.23,48.72,23.3,55.48,running,1,0,0,12,0.0048,2.585,-1.4152,0
PUMP-HEALTHY,2026-01-05T16:15:00,477.26,3014.39,99.09,2.39,67.53,50.87,24.28,52.91,running,1,0,3,12,-0.486,-1.5233,2.302,0
PUMP-HEALTHY,2026-01-05T16:20:00,476.44,2957.22,104.65,1.48,64.06,49.89,23.77,55.63,running,1,0,0,12,-0.9042,5.5609,-3.472,0
PUMP-HEALTHY,2026-01-05T16:25:00,475.16,2979.58,99.45,2.66,66.8,46.01,21.86,36.68,running,1,0,3,12,1.1716,-5.2012,2.7436,0
PUMP-HEALTHY,2026-01-05T16:30:00,475.11,3009.76,100.4,1.75,63.04,50.36,23.92,50.48,running,1,0,3,12,-0.9055,0.9526,-3.7669,0
PUMP-HEALTHY,2026-01-05T16:35:00,484.77,3000.0,100.46,1.51,64.74,51.3,24.87,54.95,running,1,0,4,12,-0.2383,0.0583,1.6981,0
PUMP-HEALTHY,2026-01-05T16:40:00,481.2,2985.11,104.8,1.98,60.27,46.52,22.39,35.97,running,1,0,4,12,0.4691,4.3391,-4.4627,0
PUMP-HEALTHY,2026-01-05T16:45:00,475.92,2974.54,103.81,2.26,60.94,47.02,22.38,44.5,running,1,0,2,12,0.282,-0.9851,0.6668,0
PUMP-HEALTHY,2026-01-05T16:50:00,478.1,3027.72,103.98,1.43,64.11,44.7,21.37,35.26,running,1,0,4,12,-0.8295,0.1681,3.166,0
PUMP-HEALTHY,2026-01-05T16:55:00,479.44,3000.21,101.24,2.39,63.88,51.03,24.47,58.12,running,1,0,4,12,0.9612,-2.7402,-0.2243,0
PUMP-HEALTHY,2026-01-05T17:00:00,479.91,3040.23,100.05,1.33,62.9,46.22,22.18,43.29,running,1,0,1,12,-1.0688,-1.1885,-0.9789,0
PUMP-HEALTHY,2026-01-05T17:05:00,479.82,2974.9,100.71,2.49,66.54,46.59,22.35,39.42,running,1,0,4,12,1.1636,0.6574,3.6358,0
PUMP-HEALTHY,2026-01-05T17:10:00,483.46,2972.87,101.11,2.4,69.12,45.6,22.05,37.54,running,1,0,4,12,-0.0875,0.4015,2.5778,0
PUMP-HEALTHY,2026-01-05T17:15:00,475.24,2999.61,103.56,1.86,67.08,49.42,23.48,57.44,running,1,0,0,12,-0.5416,2.4477,-2.0325,0
PUMP-HEALTHY,2026-01-05T17:20:00,477.79,3005.73,100.96,1.13,62.63,49.82,23.8,58.72,running,1,0,1,12,-0.7296,-2.6046,-4.4563,0
PUMP-HEALTHY,2026-01-05T17:25:00,476.21,2966.2,101.99,2.33,64.46,49.96,23.79,59.91,running,1,0,1,12,1.1989,1.0372,1.8333,0
PUMP-HEALTHY,2026-01-05T17:30:00,480.82,2961.58,98.28,1.4,63.0,49.29,23.7,53.67,running,1,0,0,12,-0.9244,-3.7147,-1.4576,0
PUMP-HEALTHY,2026-01-05T17:35:00,476.13,3016.59,102.1,1.02,68.8,48.28,22.99,38.43,running,1,0,1,12,-0.3872,3.8207,5.8004,0
PUMP-HEALTHY,2026-01-05T17:40:00,481.64,2997.83,99.5,1.34,65.53,50.69,24.42,50.68,running,1,0,4,12,0.3271,-2.6002,-3.2735,0
PUMP-HEALTHY,2026-01-05T17:45:00,476.45,3026.05,101.34,2.98,60.73,47.25,22.51,39.12,running,1,0,1,12,1.6349,1.845,-4.8044,0
PUMP-HEALTHY,2026-01-05T17:50:00,483.28,2990.64,103.27,1.09,63.2,47.12,22.77,44.87,running,1,0,3,12,-1.8939,1.9228,2.479,0
PUMP-HEALTHY,2026-01-05T17:55:00,481.06,3036.69,103.24,1.25,66.15,51.5,24.78,54.76,running,1,0,1,12,0.1688,-0.0263,2.9441,0
PUMP-HEALTHY,2026-01-05T18:00:00,477.41,3002.13,101.48,1.15,66.0,48.21,23.02,45.43,running,1,0,0,12,-0.1045,-1.7603,-0.1507,0
PUMP-HEALTHY,2026-01-05T18:05:00,478.7,2989.33,101.25,2.61,69.17,47.7,22.83,42.59,running,1,0,3,12,1.4635,-0.2284,3.1729,0
PUMP-HEALTHY,2026-01-05T18:10:00,480.11,2988.61,104.1,2.38,66.95,50.89,24.43,58.09,running,1,0,3,12,-0.2367,2.8466,-2.2186,0
PUMP-HEALTHY,2026-01-05T18:15:00,478.37,3019.14,104.83,2.07,66.16,46.96,22.47,36.57,running,1,0,4,12,-0.3114,0.7285,-0.7888,0
PUMP-HEALTHY,2026-01-05T18:20:00,480.14,2981.31,104.34,2.81,65.66,47.1,22.62,43.71,running,1,0,3,12,0.749,-0.4859,-0.5035,0
PUMP-HEALTHY,2026-01-05T18:25:00,477.79,3009.78,102.69,1.38,66.13,50.87,24.3,54.67,running,1,0,2,12,-1.4377,-1.6529,0.4704,0
PUMP-HEALTHY,2026-01-05T18:30:00,482.13,3005.29,99.43,1.93,65.2,47.9,23.09,37.93,running,1,0,4,12,0.5487,-3.2565,-0.9294,0
PUMP-HEALTHY,2026-01-05T18:35:00,482.9,3033.04,99.28,2.29,64.97,47.58,22.98,41.14,running,1,0,4,12,0.3696,-0.1497,-0.2316,0
PUMP-HEALTHY,2026-01-05T18:40:00,478.41,2975.47,98.5,1.25,63.77,48.22,23.07,48.77,running,1,0,2,12,-1.0461,-0.7772,-1.2039,0
PUMP-HEALTHY,2026-01-05T18:45:00,484.28,2995.48,104.94,2.17,62.77,48.01,23.25,49.19,running,1,0,3,12,0.9183,6.4316,-0.9947,0
PUMP-HEALTHY,2026-01-05T18:50:00,480.95,2997.64,100.71,1.24,61.81,49.21,23.67,44.03,running,1,0,2,12,-0.9283,-4.2278,-0.9599,0
PUMP-HEALTHY,2026-01-05T18:55:00,476.07,3003.52,98.89,1.19,67.43,46.04,21.92,45.58,running,1,0,0,12,-0.0471,-1.8162,5.6192,0
PUMP-HEALTHY,2026-01-05T19:00:00,478.38,3012.44,99.94,1.86,62.3,49.23,23.55,50.46,running,1,0,1,12,0.6678,1.0483,-5.1253,0
PUMP-HEALTHY,2026-01-05T19:05:00,476.52,3005.37,100.22,1.44,68.06,48.54,23.13,55.63,running,1,0,0,12,-0.4199,0.2768,5.7522,0
PUMP-HEALTHY,2026-01-05T19:10:00,480.71,3011.41,104.82,2.62,61.25,47.09,22.64,41.15,running,1,0,1,12,1.1794,4.6016,-6.8115,0
PUMP-HEALTHY,2026-01-05T19:15:00,484.18,2977.95,98.02,2.34,64.35,51.92,25.14,56.52,running,1,0,0,12,-0.2768,-6.7964,3.1063,0
PUMP-HEALTHY,2026-01-05T19:20:00,479.09,2994.41,99.05,2.78,68.51,47.69,22.85,53.77,running,1,0,3,12,0.4339,1.0305,4.1539,0
PUMP-HEALTHY,2026-01-05T19:25:00,479.37,3037.51,100.4,1.04,65.08,47.76,22.9,44.7,running,1,0,0,12,-1.7348,1.3433,-3.4303,0
PUMP-HEALTHY,2026-01-05T19:30:00,481.01,3019.89,100.64,2.58,62.07,47.42,22.81,42.86,running,1,0,1,12,1.5347,0.2476,-3.0043,0
PUMP-HEALTHY,2026-01-05T19:35:00,478.79,3037.77,104.72,2.37,65.63,47.36,22.68,51.14,running,1,0,4,12,-0.2032,4.0809,3.5618,0
PUMP-HEALTHY,2026-01-05T19:40:00,478.45,2988.1,101.44,2.45,69.09,45.59,21.81,37.24,running,1,0,2,12,0.0754,-3.2879,3.4588,0
PUMP-HEALTHY,2026-01-05T19:45:00,479.79,2966.85,103.98,2.29,65.99,51.31,24.62,55.25,running,1,0,1,12,-0.1583,2.5388,-3.1008,0
PUMP-HEALTHY,2026-01-05T19:50:00,475.9,3041.58,98.65,2.39,60.5,48.04,22.86,36.98,running,1,0,3,12,0.1006,-5.3289,-5.4904,0
PUMP-HEALTHY,2026-01-05T19:55:00,477.79,3041.6,99.6,1.62,65.21,45.53,21.75,40.8,running,1,0,1,12,-0.7674,0.957,4.7044,0
PUMP-HEALTHY,2026-01-05T20:00:00,477.88,2997.02,100.96,1.34,60.17,50.86,24.31,59.03,running,1,0,2,12,-0.2873,1.3592,-5.0333,0
PUMP-HEALTHY,2026-01-05T20:05:00,483.17,2967.87,98.87,1.93,67.61,48.43,23.4,53.08,running,1,0,0,12,0.5892,-2.0939,7.4368,0
PUMP-HEALTHY,2026-01-05T20:10:00,478.25,2967.18,99.91,2.63,65.01,49.76,23.8,57.37,running,1,0,1,12,0.7015,1.0374,-2.5995,0
PUMP-HEALTHY,2026-01-05T20:15:00,477.42,3010.9,100.57,2.57,64.62,48.97,23.38,46.37,running,1,0,4,12,-0.0603,0.664,-0.3851,0
PUMP-HEALTHY,2026-01-05T20:20:00,482.55,2956.71,100.64,1.0,64.61,50.82,24.52,54.97,running,1,0,3,12,-1.5652,0.0716,-0.0163,0
PUMP-HEALTHY,2026-01-05T20:25:00,483.89,2996.66,102.53,2.04,67.86,50.57,24.47,49.44,running,1,0,3,12,1.0382,1.8895,3.2561,0
PUMP-HEALTHY,2026-01-05T20:30:00,476.67,3035.79,98.88,1.07,60.73,51.87,24.72,59.87,running,1,0,3,12,-0.9665,-3.6478,-7.1297,0
PUMP-HEALTHY,2026-01-05T20:35:00,478.76,2987.36,100.2,1.4,60.16,48.71,23.32,45.89,running,1,0,1,12,0.3246,1.3181,-0.5738,0
PUMP-HEALTHY,2026-01-05T20:40:00,481.49,2980.2,99.71,1.03,62.27,48.35,23.28,45.98,running,1,0,1,12,-0.3646,-0.4904,2.1103,0
PUMP-HEALTHY,2026-01-05T20:45:00,479.63,2991.58,98.36,2.9,68.97,49.6,23.79,58.07,running,1,0,3,12,1.8627,-1.352,6.6997,0
PUMP-HEALTHY,2026-01-05T20:50:00,483.87,3037.21,98.55,1.59,68.21,47.27,22.87,48.79,running,1,0,0,12,-1.3075,0.1874,-0.7594,0
PUMP-HEALTHY,2026-01-05T20:55:00,478.52,2969.35,104.45,1.33,69.92,47.68,22.82,38.65,running,1,0,1,12,-0.256,5.907,1.7101,0
PUMP-HEALTHY,2026-01-05T21:00:00,481.31,2987.13,101.14,1.67,66.13,47.28,22.75,43.67,running,1,0,4,12,0.3362,-3.3154,-3.7917,0
PUMP-HEALTHY,2026-01-05T21:05:00,476.23,2993.84,101.41,2.53,60.36,50.41,24.01,54.48,running,1,0,1,12,0.8592,0.2741,-5.7677,0
PUMP-HEALTHY,2026-01-05T21:10:00,484.33,2987.79,102.62,1.88,67.23,46.43,22.49,41.68,running,1,0,3,12,-0.6476,1.2117,6.8639,0
PUMP-HEALTHY,2026-01-05T21:15:00,477.76,2972.02,98.31,1.02,61.33,46.77,22.34,45.46,running,1,0,3,12,-0.8555,-4.3162,-5.896,0
PUMP-HEALTHY,2026-01-05T21:20:00,480.47,2975.51,104.41,1.0,60.66,49.27,23.67,56.47,running,1,0,3,12,-0.0231,6.1044,-0.6671,0
PUMP-HEALTHY,2026-01-05T21:25:00,484.15,2966.56,102.71,1.23,66.69,49.67,24.05,55.29,running,1,0,3,12,0.2273,-1.7042,6.0319,0
PUMP-HEALTHY,2026-01-05T21:30:00,484.56,2975.81,101.91,2.78,68.14,48.83,23.66,43.26,running,1,0,4,12,1.5499,-0.7983,1.4496,0
PUMP-HEALTHY,2026-01-05T21:35:00,480.2,2977.9,102.16,2.79,62.26,46.35,22.26,35.56,running,1,0,3,12,0.0148,0.247,-5.8818,0
PUMP-HEALTHY,2026-01-05T21:40:00,484.73,3049.13,98.36,2.18,68.02,49.15,23.82,41.44,running,1,0,1,12,-0.6098,-3.7979,5.7547,0
PUMP-HEALTHY,2026-01-05T21:45:00,483.81,2974.87,104.34,2.85,66.97,48.54,23.49,47.65,running,1,0,2,12,0.6687,5.9772,-1.0429,0
PUMP-HEALTHY,2026-01-05T21:50:00,475.81,2966.24,101.37,2.86,60.66,48.92,23.28,42.85,running,1,0,1,12,0.0047,-2.968,-6.3106,0
PUMP-HEALTHY,2026-01-05T21:55:00,479.14,3047.84,100.34,1.74,63.08,50.41,24.15,47.16,running,1,0,1,12,-1.1161,-1.0317,2.4169,0
PUMP-HEALTHY,2026-01-05T22:00:00,479.05,3034.95,100.01,2.22,61.65,46.25,22.15,38.98,running,1,0,0,12,0.4804,-0.3312,-1.4311,0
PUMP-HEALTHY,2026-01-05T22:05:00,475.82,3023.74,99.05,1.86,68.97,51.33,24.42,58.36,running,1,0,0,12,-0.3641,-0.9549,7.3169,0
PUMP-HEALTHY,2026-01-05T22:10:00,475.02,2967.76,98.93,2.97,63.67,50.28,23.88,52.14,running,1,0,0,12,1.1103,-0.1159,-5.2981,0
PUMP-HEALTHY,2026-01-05T22:15:00,476.65,2980.98,98.7,2.99,60.82,44.2,21.07,35.99,running,1,0,3,12,0.0252,-0.2346,-2.8442,0
PUMP-HEALTHY,2026-01-05T22:20:00,483.24,2999.04,99.87,1.58,68.37,47.34,22.88,36.79,running,1,0,2,12,-1.4098,1.1715,7.545,0
PUMP-HEALTHY,2026-01-05T22:25:00,476.57,3027.61,101.6,1.99,62.24,46.86,22.33,42.09,running,1,0,3,12,0.41,1.7329,-6.1306,0
PUMP-HEALTHY,2026-01-05T22:30:00,483.1,2985.88,101.56,1.59,67.06,49.59,23.96,45.03,running,1,0,2,12,-0.4055,-0.0421,4.8187,0
PUMP-HEALTHY,2026-01-05T22:35:00,481.66,2971.05,101.23,2.41,60.37,48.2,23.22,36.47,running,1,0,1,12,0.8192,-0.3331,-6.6886,0
PUMP-HEALTHY,2026-01-05T22:40:00,476.49,2957.34,103.39,2.38,65.79,48.98,23.34,52.97,running,1,0,4,12,-0.031,2.1636,5.4247,0
PUMP-HEALTHY,2026-01-05T22:45:00,482.29,2980.25,102.96,2.79,66.56,47.69,23.0,44.11,running,1,0,2,12,0.4157,-0.4288,0.7691,0
PUMP-HEALTHY,2026-01-05T22:50:00,478.9,3031.25,101.24,2.93,67.84,49.89,23.89,56.56,running,1,0,3,12,0.1419,-1.7192,1.2754,0
PUMP-HEALTHY,2026-01-05T22:55:00,481.58,3045.81,103.26,2.74,61.84,49.0,23.6,56.73,running,1,0,2,12,-0.1968,2.0161,-5.9976,0
PUMP-HEALTHY,2026-01-05T23:00:00,476.48,3038.42,99.68,2.21,69.57,50.97,24.29,57.68,running,1,0,2,12,-0.5284,-3.5804,7.731,0
PUMP-HEALTHY,2026-01-05T23:05:00,482.11,3030.02,100.61,1.01,64.83,50.19,24.2,55.61,running,1,0,4,12,-1.2024,0.931,-4.7426,0
PUMP-HEALTHY,2026-01-05T23:10:00,477.73,2989.07,101.7,2.18,69.27,48.08,22.97,39.92,running,1,0,4,12,1.1755,1.09,4.4378,0
PUMP-HEALTHY,2026-01-05T23:15:00,480.47,3003.88,103.29,1.09,63.33,48.68,23.39,45.18,running,1,0,3,12,-1.0919,1.5893,-5.9397,0
PUMP-HEALTHY,2026-01-05T23:20:00,484.29,3041.41,102.26,1.46,63.15,49.11,23.79,49.77,running,1,0,0,12,0.3729,-1.0291,-0.1743,0
PUMP-HEALTHY,2026-01-05T23:25:00,483.17,3016.84,102.06,1.79,60.04,46.48,22.46,40.73,running,1,0,0,12,0.3277,-0.2044,-3.1089,0
PUMP-HEALTHY,2026-01-05T23:30:00,479.3,3045.86,103.62,1.55,68.14,48.37,23.18,48.66,running,1,0,2,12,-0.2424,1.5598,8.1014,0
PUMP-HEALTHY,2026-01-05T23:35:00,482.69,3016.33,101.48,2.16,65.34,50.13,24.2,48.81,running,1,0,3,12,0.6131,-2.1403,-2.8033,0
PUMP-HEALTHY,2026-01-05T23:40:00,480.61,2982.86,101.82,1.4,66.85,47.3,22.73,36.99,running,1,0,1,12,-0.7598,0.339,1.5099,0
PUMP-HEALTHY,2026-01-05T23:45:00,484.31,3023.1,99.18,1.58,62.57,47.09,22.81,39.05,running,1,0,2,12,0.1841,-2.6323,-4.2799,0
PUMP-HEALTHY,2026-01-05T23:50:00,478.09,3004.23,101.84,1.14,69.83,51.48,24.61,56.83,running,1,0,2,12,-0.4475,2.6576,7.2572,0
PUMP-HEALTHY,2026-01-05T23:55:00,484.65,2961.34,101.16,1.24,67.66,50.06,24.26,54.49,running,1,0,2,12,0.1057,-0.6817,-2.1681,0
PUMP-HEALTHY,2026-01-06T00:00:00,482.85,2985.63,98.64,1.35,68.07,47.99,23.17,48.63,running,1,0,0,12,0.1099,-2.5148,0.406,0
PUMP-HEALTHY,2026-01-06T00:05:00,484.92,2966.23,100.39,2.04,66.9,49.55,24.03,39.85,running,1,0,2,12,0.6914,1.7505,-1.1707,0
PUMP-HEALTHY,2026-01-06T00:10:00,483.54,3029.27,101.03,2.61,67.76,47.08,22.76,45.06,running,1,0,4,12,0.5704,0.6321,0.8633,0
PUMP-HEALTHY,2026-01-06T00:15:00,482.48,2956.69,104.95,1.45,66.57,50.59,24.41,57.82,running,1,0,2,12,-1.161,3.9243,-1.1884,0
PUMP-HEALTHY,2026-01-06T00:20:00,476.99,2954.2,101.17,1.01,63.55,52.23,24.91,59.69,running,1,0,0,12,-0.4461,-3.7808,-3.016,0
PUMP-HEALTHY,2026-01-06T00:25:00,484.7,3036.2,98.6,2.69,65.95,47.68,23.11,49.04,running,1,0,4,12,1.6786,-2.5738,2.3923,0
PUMP-HEALTHY,2026-01-06T00:30:00,482.26,2984.07,102.37,1.06,68.35,47.16,22.74,42.93,running,1,0,0,12,-1.6211,3.778,2.4058,0
PUMP-HEALTHY,2026-01-06T00:35:00,475.55,2980.02,104.75,1.27,62.58,46.25,21.99,44.49,running,1,0,0,12,0.2089,2.3739,-5.7695,0
PUMP-HEALTHY,2026-01-06T00:40:00,484.75,2986.38,101.49,2.48,64.07,45.95,22.28,35.65,running,1,0,1,12,1.2034,-3.2605,1.4859,0
PUMP-HEALTHY,2026-01-06T00:45:00,484.31,3010.29,103.96,1.73,60.95,47.18,22.85,41.6,running,1,0,1,12,-0.7522,2.473,-3.1171,0
PUMP-HEALTHY,2026-01-06T00:50:00,480.82,2957.88,98.34,1.62,67.61,51.42,24.72,53.87,running,1,0,4,12,-0.1021,-5.6174,6.6548,0
PUMP-HEALTHY,2026-01-06T00:55:00,483.7,3004.61,104.34,2.32,61.0,50.15,24.26,45.09,running,1,0,0,12,0.6928,6.0007,-6.602,0
PUMP-HEALTHY,2026-01-06T01:00:00,481.58,2976.9,98.36,1.14,69.49,47.51,22.88,49.71,running,1,0,2,12,-1.1783,-5.9799,8.4855,0
PUMP-HEALTHY,2026-01-06T01:05:00,479.06,2960.69,99.11,2.88,68.95,46.67,22.36,41.19,running,1,0,0,12,1.7418,0.7473,-0.5396,0
PUMP-HEALTHY,2026-01-06T01:10:00,481.31,2951.68,99.53,2.42,61.69,52.17,25.11,58.93,running,1,0,0,12,-0.463,0.4173,-7.2565,0
PUMP-HEALTHY,2026-01-06T01:15:00,481.81,3037.51,102.04,2.46,68.42,47.62,22.94,47.32,running,1,0,3,12,0.0434,2.5079,6.7247,0
PUMP-HEALTHY,2026-01-06T01:20:00,476.92,3002.78,100.41,1.81,65.91,49.29,23.51,57.77,running,1,0,0,12,-0.6507,-1.627,-2.5107,0
PUMP-HEALTHY,2026-01-06T01:25:00,482.07,2975.5,102.24,1.0,61.15,50.12,24.16,49.77,running,1,0,4,12,-0.8061,1.8269,-4.7616,0
PUMP-HEALTHY,2026-01-06T01:30:00,476.2,3017.1,98.93,1.08,69.98,50.26,23.93,53.62,running,1,0,1,12,0.0775,-3.3097,8.8353,0
PUMP-HEALTHY,2026-01-06T01:35:00,477.77,2961.26,98.02,1.42,61.11,48.9,23.36,52.41,running,1,0,1,12,0.34,-0.9074,-8.8737,0
PUMP-HEALTHY,2026-01-06T01:40:00,482.24,3028.56,104.08,1.65,64.11,50.18,24.2,51.49,running,1,0,1,12,0.2298,6.0619,3.0035,0
PUMP-HEALTHY,2026-01-06T01:45:00,477.07,2985.32,104.09,2.72,66.62,50.06,23.88,47.25,running,1,0,3,12,1.066,0.008,2.5118,0
PUMP-HEALTHY,2026-01-06T01:50:00,479.64,2956.14,104.22,1.12,64.59,47.22,22.65,42.23,running,1,0,2,12,-1.597,0.1329,-2.0356,0
PUMP-HEALTHY,2026-01-06T01:55:00,476.77,3026.91,101.31,2.53,60.65,47.29,22.55,46.36,running,1,0,2,12,1.4061,-2.9099,-3.9345,0
PUMP-HEALTHY,2026-01-06T02:00:00,483.39,3046.35,99.89,1.96,64.38,48.31,23.35,38.34,running,1,0,4,12,-0.5646,-1.4252,3.7283,0
PUMP-HEALTHY,2026-01-06T02:05:00,480.1,3043.4,98.77,2.44,65.22,48.5,23.28,52.25,running,1,0,3,12,0.4818,-1.1187,0.839,0
PUMP-HEALTHY,2026-01-06T02:10:00,475.2,3006.72,104.19,1.48,62.83,50.57,24.03,55.24,running,1,0,4,12,-0.96,5.4249,-2.3921,0
PUMP-HEALTHY,2026-01-06T02:15:00,480.74,3042.44,104.45,2.26,69.77,48.21,23.18,35.08,running,1,0,4,12,0.7726,0.2591,6.9464,0
PUMP-HEALTHY,2026-01-06T02:20:00,479.2,2984.13,101.37,1.37,67.33,49.18,23.57,53.02,running,1,0,1,12,-0.8803,-3.0857,-2.4483,0
PUMP-HEALTHY,2026-01-06T02:25:00,481.29,3016.98,104.72,2.13,63.57,48.62,23.4,44.5,running,1,0,2,12,0.7557,3.3574,-3.7573,0
PUMP-HEALTHY,2026-01-06T02:30:00,478.57,3025.89,101.73,1.99,64.31,49.47,23.68,49.06,running,1,0,1,12,-0.1441,-2.9972,0.7394,0
PUMP-HEALTHY,2026-01-06T02:35:00,479.11,2954.39,101.27,2.07,67.39,48.65,23.31,37.57,running,1,0,1,12,0.0837,-0.4578,3.0779,0
PUMP-HEALTHY,2026-01-06T02:40:00,482.38,2971.85,98.68,1.51,69.18,50.3,24.27,45.23,running,1,0,1,12,-0.557,-2.5916,1.7959,0
PUMP-HEALTHY,2026-01-06T02:45:00,475.93,3042.36,102.28,1.19,62.5,49.64,23.63,49.96,running,1,0,3,12,-0.3259,3.6044,-6.6789,0
PUMP-HEALTHY,2026-01-06T02:50:00,481.89,3004.11,102.6,2.39,60.06,51.51,24.82,56.05,running,1,0,2,12,1.2047,0.3187,-2.4396,0
PUMP-HEALTHY,2026-01-06T02:55:00,476.0,3000.37,99.61,2.15,60.0,50.84,24.2,52.41,running,1,0,1,12,-0.2404,-2.9958,-0.0626,0
PUMP-HEALTHY,2026-01-06T03:00:00,475.27,2959.75,102.39,1.04,62.75,45.31,21.53,39.3,running,1,0,1,12,-1.1086,2.7851,2.7517,0
PUMP-HEALTHY,2026-01-06T03:05:00,483.27,2969.76,100.06,1.12,64.49,47.48,22.95,50.47,running,1,0,2,12,0.0798,-2.3254,1.7421,0
PUMP-HEALTHY,2026-01-06T03:10:00,481.27,3038.02,100.1,2.37,61.54,48.3,23.24,36.58,running,1,0,2,12,1.251,0.0322,-2.9554,0
PUMP-HEALTHY,2026-01-06T03:15:00,475.35,2967.51,103.9,1.84,60.85,44.91,21.35,38.94,running,1,0,1,12,-0.5328,3.8032,-0.691,0
PUMP-HEALTHY,2026-01-06T03:20:00,477.66,3002.03,101.88,2.35,69.5,51.9,24.79,58.3,running,1,0,3,12,0.5136,-2.0154,8.6514,0
PUMP-HEALTHY,2026-01-06T03:25:00,476.57,3049.72,101.73,2.13,69.54,48.37,23.05,45.62,running,1,0,2,12,-0.2197,-0.155,0.0365,0
PUMP-HEALTHY,2026-01-06T03:30:00,481.06,3042.62,103.59,2.67,61.96,48.81,23.48,42.39,running,1,0,4,12,0.5367,1.8582,-7.5735,0
PUMP-HEALTHY,2026-01-06T03:35:00,476.15,3019.45,104.31,1.46,67.0,48.71,23.19,58.74,running,1,0,4,12,-1.2118,0.7177,5.04,0
PUMP-HEALTHY,2026-01-06T03:40:00,482.12,3031.67,98.37,1.36,68.76,49.03,23.64,54.97,running,1,0,4,12,-0.0999,-5.936,1.7553,0
PUMP-HEALTHY,2026-01-06T03:45:00,483.84,2974.15,101.87,1.68,65.38,47.12,22.8,41.49,running,1,0,3,12,0.3186,3.4961,-3.3823,0
PUMP-HEALTHY,2026-01-06T03:50:00,479.91,3033.79,98.98,2.58,66.99,45.29,21.73,37.23,running,1,0,4,12,0.9018,-2.888,1.6121,0
PUMP-HEALTHY,2026-01-06T03:55:00,475.8,3026.01,101.23,2.36,69.93,45.6,21.7,43.44,running,1,0,0,12,-0.2174,2.2483,2.9398,0
PUMP-HEALTHY,2026-01-06T04:00:00,483.63,3022.31,98.59,1.33,67.42,47.79,23.11,50.93,running,1,0,0,12,-1.0328,-2.6409,-2.5055,0
PUMP-HEALTHY,2026-01-06T04:05:00,479.39,3039.43,102.53,1.11,66.31,48.71,23.35,59.22,running,1,0,3,12,-0.2154,3.9474,-1.1135,0
PUMP-HEALTHY,2026-01-06T04:10:00,481.72,3029.47,101.53,1.58,62.92,47.34,22.81,38.98,running,1,0,4,12,0.4652,-1.0047,-3.3871,0
PUMP-HEALTHY,2026-01-06T04:15:00,479.77,2999.11,104.37,1.15,61.76,49.72,23.85,54.08,running,1,0,3,12,-0.4265,2.8436,-1.1641,0
PUMP-HEALTHY,2026-01-06T04:20:00,475.4,2993.47,98.18,2.2,60.03,46.08,21.9,41.53,running,1,0,2,12,1.0452,-6.188,-1.7293,0
PUMP-HEALTHY,2026-01-06T04:25:00,482.24,2977.51,99.05,1.76,61.23,49.54,23.89,45.32,running,1,0,2,12,-0.443,0.866,1.2015,0
PUMP-HEALTHY,2026-01-06T04:30:00,481.61,2986.62,103.75,2.57,63.75,47.48,22.87,36.05,running,1,0,1,12,0.8148,4.7013,2.5238,0
PUMP-HEALTHY,2026-01-06T04:35:00,477.4,3010.21,102.3,1.92,63.55,51.67,24.67,59.97,running,1,0,4,12,-0.6502,-1.4516,-0.2025,0
PUMP-HEALTHY,2026-01-06T04:40:00,476.85,2956.45,99.87,1.09,61.22,49.14,23.43,44.79,running,1,0,4,12,-0.8261,-2.4248,-2.3267,0
PUMP-HEALTHY,2026-01-06T04:45:00,482.39,2976.16,103.13,2.92,66.44,48.86,23.57,48.69,running,1,0,1,12,1.8303,3.2583,5.2137,0
PUMP-HEALTHY,2026-01-06T04:50:00,478.78,3026.39,101.7,1.13,62.68,45.16,21.62,38.87,running,1,0,2,12,-1.796,-1.4347,-3.7598,0
PUMP-HEALTHY,2026-01-06T04:55:00,482.26,3002.17,102.52,2.33,63.07,45.91,22.14,42.44,running,1,0,1,12,1.2056,0.8181,0.397,0
PUMP-HEALTHY,2026-01-06T05:00:00,478.68,3022.52,101.7,1.43,63.1,48.02,22.99,54.46,running,1,0,2,12,-0.9062,-0.8181,0.0209,0
PUMP-HEALTHY,2026-01-06T05:05:00,484.45,3013.16,99.1,2.89,63.74,49.47,23.97,42.27,running,1,0,2,12,1.4645,-2.6015,0.6408,0
PUMP-HEALTHY,2026-01-06T05:10:00,478.4,3018.32,100.06,2.92,69.11,44.61,21.34,35.58,running,1,0,2,12,0.0262,0.9601,5.3777,0
PUMP-HEALTHY,2026-01-06T05:15:00,483.63,3001.3,104.72,2.06,69.16,45.61,22.06,35.56,running,1,0,4,12,-0.8577,4.663,0.0484,0
PUMP-HEALTHY,2026-01-06T05:20:00,480.19,3033.04,99.93,2.45,61.34,49.85,23.94,50.25,running,1,0,2,12,0.3903,-4.7918,-7.8202,0
PUMP-HEALTHY,2026-01-06T05:25:00,481.87,2955.75,103.97,1.48,69.16,48.46,23.35,40.22,running,1,0,2,12,-0.9734,4.0427,7.8223,0
PUMP-HEALTHY,2026-01-06T05:30:00,480.87,3038.35,98.86,2.46,68.07,48.36,23.25,55.15,running,1,0,3,12,0.9793,-5.1155,-1.0978,0
PUMP-HEALTHY,2026-01-06T05:35:00,482.21,3028.74,101.81,2.21,61.99,49.68,23.96,49.83,running,1,0,3,12,-0.244,2.9554,-6.0809,0
PUMP-HEALTHY,2026-01-06T05:40:00,481.44,3049.94,98.27,1.81,60.35,45.1,21.71,36.92,running,1,0,3,12,-0.3996,-3.5362,-1.6386,0
PUMP-HEALTHY,2026-01-06T05:45:00,482.58,2982.74,100.73,1.92,65.01,48.56,23.43,45.18,running,1,0,0,12,0.1101,2.4509,4.6593,0
PUMP-HEALTHY,2026-01-06T05:50:00,484.12,2970.87,98.19,2.62,65.86,47.81,23.14,43.36,running,1,0,4,12,0.6979,-2.5394,0.8541,0
PUMP-HEALTHY,2026-01-06T05:55:00,484.24,2974.44,100.64,1.94,67.03,46.98,22.75,41.6,running,1,0,3,12,-0.6768,2.4551,1.1675,0
PUMP-HEALTHY,2026-01-06T06:00:00,484.17,3038.23,102.76,1.78,66.1,49.75,24.09,43.64,running,1,0,0,12,-0.161,2.1198,-0.931,0
PUMP-HEALTHY,2026-01-06T06:05:00,483.71,3013.93,102.03,1.22,62.92,47.77,23.11,40.78,running,1,0,1,12,-0.5658,-0.7356,-3.175,0
PUMP-HEALTHY,2026-01-06T06:10:00,482.57,2990.73,99.19,2.45,69.42,49.27,23.77,50.16,running,1,0,2,12,1.2282,-2.831,6.4936,0
PUMP-HEALTHY,2026-01-06T06:15:00,478.38,2957.67,99.79,1.07,67.46,47.97,22.95,53.27,running,1,0,0,12,-1.3729,0.5918,-1.9558,0
PUMP-HEALTHY,2026-01-06T06:20:00,483.3,3013.05,103.45,1.67,64.92,48.1,23.24,44.89,running,1,0,0,12,0.602,3.6601,-2.5364,0
PUMP-HEALTHY,2026-01-06T06:25:00,476.17,2962.88,103.46,1.04,60.42,48.81,23.24,39.82,running,1,0,3,12,-0.639,0.016,-4.5022,0
PUMP-HEALTHY,2026-01-06T06:30:00,478.98,3010.74,103.73,2.53,63.86,47.59,22.79,52.12,running,1,0,1,12,1.4895,0.2651,3.4413,0
PUMP-HEALTHY,2026-01-06T06:35:00,482.68,2975.4,100.38,1.1,64.3,48.74,23.53,48.76,running,1,0,3,12,-1.4214,-3.3435,0.4351,0
PUMP-HEALTHY,2026-01-06T06:40:00,479.24,3006.14,104.32,2.24,69.84,49.14,23.55,55.78,running,1,0,2,12,1.1383,3.9332,5.5413,0
PUMP-HEALTHY,2026-01-06T06:45:00,483.96,2950.5,101.69,1.89,61.94,47.88,23.17,42.46,running,1,0,4,12,-0.3475,-2.6223,-7.8985,0
PUMP-HEALTHY,2026-01-06T06:50:00,476.36,2954.61,99.64,1.75,67.24,46.91,22.34,36.34,running,1,0,4,12,-0.1463,-2.0584,5.2979,0
PUMP-HEALTHY,2026-01-06T06:55:00,483.22,3000.74,104.95,2.16,60.65,48.17,23.28,42.23,running,1,0,3,12,0.4131,5.3161,-6.5902,0
PUMP-HEALTHY,2026-01-06T07:00:00,484.92,3008.29,99.16,2.51,67.06,50.02,24.26,50.59,running,1,0,3,12,0.3508,-5.7931,6.4132,0
PUMP-HEALTHY,2026-01-06T07:05:00,483.7,3015.68,103.81,2.28,67.59,50.67,24.51,53.65,running,1,0,0,12,-0.2289,4.6528,0.5333,0
PUMP-HEALTHY,2026-01-06T07:10:00,483.89,2979.55,101.75,1.73,63.84,49.9,24.15,58.8,running,1,0,0,12,-0.5511,-2.0651,-3.754,0
PUMP-HEALTHY,2026-01-06T07:15:00,482.72,3038.73,101.99,2.58,68.57,52.38,25.28,58.83,running,1,0,1,12,0.8522,0.2395,4.7274,0
PUMP-HEALTHY,2026-01-06T07:20:00,477.94,2964.13,104.78,1.81,65.6,49.98,23.89,58.44,running,1,0,3,12,-0.7762,2.7974,-2.9699,0
PUMP-HEALTHY,2026-01-06T07:25:00,476.55,3014.02,101.2,1.84,68.92,47.6,22.68,51.05,running,1,0,1,12,0.027,-3.5835,3.3176,0
PUMP-HEALTHY,2026-01-06T07:30:00,480.2,2972.04,102.69,2.2,63.62,49.21,23.63,41.1,running,1,0,0,12,0.3694,1.4908,-5.2981,0
PUMP-HEALTHY,2026-01-06T07:35:00,483.36,3048.09,103.8,2.79,69.6,49.04,23.71,57.18,running,1,0,4,12,0.5897,1.1051,5.9822,0
PUMP-HEALTHY,2026-01-06T07:40:00,479.34,2952.99,103.63,2.57,64.06,49.86,23.9,54.08,running,1,0,0,12,-0.2263,-0.164,-5.5379,0
PUMP-HEALTHY,2026-01-06T07:45:00,482.84,2988.24,100.65,1.81,60.73,48.33,23.33,55.73,running,1,0,1,12,-0.7543,-2.984,-3.3343,0
PUMP-HEALTHY,2026-01-06T07:50:00,482.66,3030.72,100.2,1.67,69.24,48.44,23.38,38.0,running,1,0,1,12,-0.1401,-0.4522,8.5102,0
PUMP-HEALTHY,2026-01-06T07:55:00,477.41,3029.63,100.18,2.02,66.26,44.38,21.19,36.01,running,1,0,1,12,0.3444,-0.0207,-2.9778,0
PUMP-HEALTHY,2026-01-06T08:00:00,475.01,3016.77,101.6,2.2,69.07,49.63,23.57,44.73,running,1,0,3,12,0.1827,1.4221,2.813,0
PUMP-HEALTHY,2026-01-06T08:05:00,480.04,2957.51,102.68,2.63,63.35,52.08,25.0,59.24,running,1,0,4,12,0.4278,1.0809,-5.725,0
PUMP-HEALTHY,2026-01-06T08:10:00,475.56,3014.83,98.56,2.26,60.73,47.47,22.57,53.44,running,1,0,4,12,-0.3689,-4.1175,-2.6168,0
PUMP-HEALTHY,2026-01-06T08:15:00,476.96,3008.25,101.1,1.82,61.44,48.21,23.0,53.25,running,1,0,3,12,-0.4375,2.5425,0.7049,0
PUMP-HEALTHY,2026-01-06T08:20:00,479.41,3009.88,100.74,1.12,69.43,51.14,24.52,57.14,running,1,0,1,12,-0.7059,-0.368,7.9928,0
PUMP-HEALTHY,2026-01-06T08:25:00,480.96,2984.46,101.89,1.18,68.72,50.95,24.5,53.12,running,1,0,1,12,0.0678,1.1531,-0.7048,0
PUMP-HEALTHY,2026-01-06T08:30:00,480.65,3043.25,98.47,2.56,60.23,51.27,24.64,58.41,running,1,0,1,12,1.3713,-3.4207,-8.4971,0
PUMP-HEALTHY,2026-01-06T08:35:00,477.03,2973.21,104.56,2.91,63.14,47.95,22.88,52.87,running,1,0,0,12,0.3529,6.0931,2.9147,0
PUMP-HEALTHY,2026-01-06T08:40:00,479.67,3042.72,101.25,1.41,69.96,51.07,24.5,57.69,running,1,0,3,12,-1.4986,-3.3109,6.8191,0
PUMP-HEALTHY,2026-01-06T08:45:00,476.13,3025.03,99.67,2.03,66.7,46.56,22.17,38.31,running,1,0,0,12,0.6168,-1.584,-3.2648,0
PUMP-HEALTHY,2026-01-06T08:50:00,476.9,2994.75,104.24,2.09,63.07,49.61,23.66,49.81,running,1,0,0,12,0.0638,4.574,-3.6253,0
PUMP-HEALTHY,2026-01-06T08:55:00,476.41,2989.56,101.57,2.95,60.95,49.22,23.45,41.88,running,1,0,2,12,0.8558,-2.6679,-2.1258,0
PUMP-HEALTHY,2026-01-06T09:00:00,483.32,2989.84,101.74,2.86,69.05,49.91,24.12,53.52,running,1,0,0,12,-0.0908,0.1674,8.1053,0
PUMP-HEALTHY,2026-01-06T09:05:00,475.14,2966.15,98.65,1.98,68.21,47.04,22.35,48.41,running,1,0,3,12,-0.8722,-3.0934,-0.8441,0
PUMP-HEALTHY,2026-01-06T09:10:00,476.72,3004.61,103.14,1.98,67.31,47.69,22.74,50.16,running,1,0,4,12,-0.0005,4.496,-0.8941,0
PUMP-HEALTHY,2026-01-06T09:15:00,477.43,2961.5,101.61,2.09,69.96,47.28,22.57,45.21,running,1,0,0,12,0.1044,-1.5347,2.6469,0
PUMP-HEALTHY,2026-01-06T09:20:00,479.93,3020.28,101.81,2.27,64.03,48.94,23.49,58.18,running,1,0,3,12,0.1863,0.2051,-5.9313,0
PUMP-HEALTHY,2026-01-06T09:25:00,477.36,2990.51,103.46,1.29,67.92,45.73,21.83,44.13,running,1,0,1,12,-0.9802,1.647,3.8962,0
PUMP-HEALTHY,2026-01-06T09:30:00,476.8,3012.92,100.3,1.32,69.92,49.73,23.71,51.97,running,1,0,3,12,0.0253,-3.164,1.9975,0
PUMP-HEALTHY,2026-01-06T09:35:00,484.37,3018.67,100.83,1.3,60.73,51.34,24.87,51.28,running,1,0,2,12,-0.0178,0.5393,-9.1929,0
PUMP-HEALTHY,2026-01-06T09:40:00,480.68,3046.89,103.28,2.91,65.58,49.49,23.79,48.36,running,1,0,4,12,1.6091,2.4502,4.8466,0
PUMP-HEALTHY,2026-01-06T09:45:00,477.89,3004.67,98.11,1.32,68.92,45.62,21.8,35.94,running,1,0,1,12,-1.5931,-5.1716,3.3465,0
PUMP-HEALTHY,2026-01-06T09:50:00,481.62,3004.23,104.83,2.2,66.91,47.89,23.06,47.68,running,1,0,2,12,0.8798,6.7119,-2.0077,0
PUMP-HEALTHY,2026-01-06T09:55:00,483.46,3010.97,101.87,1.13,60.84,48.65,23.52,43.67,running,1,0,0,12,-1.0644,-2.9503,-6.0739,0
PUMP-HEALTHY,2026-01-06T10:00:00,481.95,2994.14,100.5,1.36,68.95,47.83,23.05,45.04,running,1,0,1,12,0.2261,-1.3762,8.1118,0
PUMP-HEALTHY,2026-01-06T10:05:00,475.26,3011.56,99.92,2.56,69.64,46.7,22.2,36.59,running,1,0,4,12,1.2024,-0.5743,0.6833,0
PUMP-HEALTHY,2026-01-06T10:10:00,479.92,3004.2,104.0,2.15,64.36,49.91,23.95,47.43,running,1,0,4,12,-0.4113,4.0749,-5.2706,0
PUMP-HEALTHY,2026-01-06T10:15:00,480.77,2999.39,103.25,2.58,65.32,47.43,22.8,52.04,running,1,0,1,12,0.4319,-0.7508,0.9568,0
PUMP-HEALTHY,2026-01-06T10:20:00,478.69,3019.55,104.18,2.33,68.68,49.15,23.53,53.89,running,1,0,3,12,-0.2539,0.9328,3.3565,0
PUMP-HEALTHY,2026-01-06T10:25:00,480.69,2953.06,98.87,1.56,65.42,49.23,23.66,54.46,running,1,0,4,12,-0.7679,-5.3074,-3.2602,0
PUMP-HEALTHY,2026-01-06T10:30:00,478.93,3009.36,99.37,1.71,68.15,48.09,23.03,42.35,running,1,0,4,12,0.1468,0.499,2.7346,0
PUMP-HEALTHY,2026-01-06T10:35:00,482.39,3034.67,103.53,2.66,62.22,50.92,24.56,58.52,running,1,0,0,12,0.9546,4.154,-5.9303,0
PUMP-HEALTHY,2026-01-06T10:40:00,478.4,2966.44,98.56,2.36,63.28,47.92,22.92,48.33,running,1,0,2,12,-0.2996,-4.9695,1.0568,0
PUMP-HEALTHY,2026-01-06T10:45:00,478.89,3046.86,99.2,2.89,62.22,48.71,23.33,52.36,running,1,0,0,12,0.5311,0.6458,-1.0623,0
PUMP-HEALTHY,2026-01-06T10:50:00,477.24,3049.14,101.53,2.12,63.91,49.52,23.63,44.15,running,1,0,3,12,-0.7723,2.3284,1.6957,0
PUMP-HEALTHY,2026-01-06T10:55:00,484.5,3005.87,98.11,1.64,64.88,51.03,24.73,52.0,running,1,0,4,12,-0.479,-3.4219,0.9655,0
PUMP-HEALTHY,2026-01-06T11:00:00,476.2,3017.54,101.59,2.15,69.26,46.42,22.1,37.83,running,1,0,4,12,0.513,3.4767,4.3855,0
PUMP-HEALTHY,2026-01-06T11:05:00,483.33,2983.36,99.65,2.59,60.86,47.79,23.1,44.11,running,1,0,0,12,0.433,-1.934,-8.4031,0
PUMP-HEALTHY,2026-01-06T11:10:00,478.27,2982.78,98.75,2.46,63.66,51.41,24.59,57.15,running,1,0,4,12,-0.129,-0.9016,2.801,0
PUMP-HEALTHY,2026-01-06T11:15:00,475.97,3029.88,101.13,1.63,60.16,50.57,24.07,50.52,running,1,0,0,12,-0.8232,2.3807,-3.5005,0
PUMP-HEALTHY,2026-01-06T11:20:00,477.83,3026.98,98.61,2.55,61.77,47.96,22.92,44.57,running,1,0,4,12,0.918,-2.5213,1.6127,0
PUMP-HEALTHY,2026-01-06T11:25:00,479.73,2956.01,103.13,1.26,64.78,46.02,22.08,41.79,running,1,0,2,12,-1.2894,4.5176,3.0069,0
PUMP-HEALTHY,2026-01-06T11:30:00,479.02,3039.02,104.55,2.11,69.13,49.37,23.65,54.4,running,1,0,4,12,0.8515,1.4187,4.3488,0
PUMP-HEALTHY,2026-01-06T11:35:00,480.06,3029.23,101.15,1.88,62.99,47.03,22.58,39.19,running,1,0,2,12,-0.2304,-3.3978,-6.1424,0
PUMP-HEALTHY,2026-01-06T11:40:00,480.41,2983.95,102.12,2.93,67.97,48.61,23.35,42.93,running,1,0,1,12,1.0447,0.9698,4.9795,0
PUMP-HEALTHY,2026-01-06T11:45:00,478.05,3011.44,98.83,1.17,66.93,48.67,23.27,59.63,running,1,0,0,12,-1.7631,-3.2876,-1.0342,0
PUMP-HEALTHY,2026-01-06T11:50:00,475.43,3030.16,100.61,1.46,66.47,48.8,23.2,40.8,running,1,0,0,12,0.2932,1.7769,-0.4584,0
PUMP-HEALTHY,2026-01-06T11:55:00,482.99,3036.85,98.48,1.01,63.4,45.52,21.98,35.84,running,1,0,1,12,-0.448,-2.1228,-3.0741,0
PUMP-HEALTHY,2026-01-06T12:00:00,481.82,2978.39,99.99,2.04,66.17,48.67,23.45,44.65,running,1,0,1,12,1.0285,1.5058,2.7698,0
PUMP-HEALTHY,2026-01-06T12:05:00,479.23,3039.89,103.52,2.44,62.93,49.08,23.52,45.33,running,1,0,1,12,0.3991,3.5313,-3.2424,0
PUMP-HEALTHY,2026-01-06T12:10:00,484.19,2978.79,104.65,1.14,62.18,51.14,24.76,55.34,running,1,0,1,12,-1.2995,1.1261,-0.7423,0
PUMP-HEALTHY,2026-01-06T12:15:00,476.9,2956.29,99.4,1.29,68.41,45.29,21.6,35.18,running,1,0,0,12,0.1472,-5.2467,6.2273,0
PUMP-HEALTHY,2026-01-06T12:20:00,483.85,3001.96,100.91,1.98,62.04,48.49,23.46,48.82,running,1,0,3,12,0.6927,1.5063,-6.3721,0
PUMP-HEALTHY,2026-01-06T12:25:00,480.19,2958.71,101.19,2.57,69.0,47.76,22.93,47.0,running,1,0,2,12,0.5948,0.2846,6.9589,0
PUMP-HEALTHY,2026-01-06T12:30:00,479.84,2987.89,104.04,2.88,63.25,49.11,23.57,50.47,running,1,0,3,12,0.3104,2.847,-5.7442,0
PUMP-HEALTHY,2026-01-06T12:35:00,478.82,3015.77,99.69,1.2,60.53,50.99,24.41,56.73,running,1,0,1,12,-1.6798,-4.3515,-2.7234,0
PUMP-HEALTHY,2026-01-06T12:40:00,475.63,3018.75,99.39,2.57,67.28,50.72,24.13,58.14,running,1,0,0,12,1.3699,-0.2994,6.7521,0
PUMP-HEALTHY,2026-01-06T12:45:00,478.26,2967.25,102.04,2.13,66.15,51.02,24.4,53.52,running,1,0,2,12,-0.4407,2.6483,-1.1349,0
PUMP-HEALTHY,2026-01-06T12:50:00,481.57,3008.52,102.48,1.47,65.51,46.16,22.23,40.91,running,1,0,1,12,-0.6612,0.446,-0.6415,0
PUMP-HEALTHY,2026-01-06T12:55:00,482.89,3035.57,101.78,1.64,69.4,46.23,22.32,41.67,running,1,0,3,12,0.1679,-0.7014,3.8904,0
PUMP-HEALTHY,2026-01-06T13:00:00,477.19,3030.82,100.03,2.88,65.71,46.26,22.07,41.53,running,1,0,4,12,1.2434,-1.7522,-3.6865,0
PUMP-HEALTHY,2026-01-06T13:05:00,482.15,2961.65,104.25,2.21,68.48,47.11,22.71,49.56,running,1,0,1,12,-0.6766,4.224,2.769,0
PUMP-HEALTHY,2026-01-06T13:10:00,475.55,2974.65,104.31,1.94,65.27,46.62,22.17,47.44,running,1,0,2,12,-0.2702,0.0546,-3.2094,0
PUMP-HEALTHY,2026-01-06T13:15:00,476.38,3045.12,104.62,2.04,61.31,46.83,22.31,35.7,running,1,0,2,12,0.1009,0.3131,-3.9633,0
PUMP-HEALTHY,2026-01-06T13:20:00,478.97,3029.06,104.04,2.1,61.73,49.25,23.59,57.08,running,1,0,3,12,0.0581,-0.5798,0.426,0
PUMP-HEALTHY,2026-01-06T13:25:00,480.19,3000.59,101.98,1.7,62.11,50.47,24.23,53.5,running,1,0,1,12,-0.3973,-2.0584,0.3732,0
PUMP-HEALTHY,2026-01-06T13:30:00,477.37,3003.5,104.47,2.6,69.23,50.89,24.29,54.76,running,1,0,2,12,0.8988,2.4877,7.1196,0
PUMP-HEALTHY,2026-01-06T13:35:00,477.36,2988.79,98.57,2.15,67.94,47.36,22.61,43.02,running,1,0,1,12,-0.4521,-5.896,-1.283,0
PUMP-HEALTHY,2026-01-06T13:40:00,483.72,3007.05,104.5,1.19,67.79,48.17,23.3,51.07,running,1,0,2,12,-0.9582,5.9257,-0.153,0
PUMP-HEALTHY,2026-01-06T13:45:00,481.64,2959.25,99.39,1.55,68.68,46.96,22.62,47.78,running,1,0,4,12,0.3672,-5.1079,0.8891,0
PUMP-HEALTHY,2026-01-06T13:50:00,479.16,2997.01,99.47,2.19,60.93,49.16,23.56,59.19,running,1,0,1,12,0.6326,0.081,-7.7493,0
PUMP-HEALTHY,2026-01-06T13:55:00,476.16,2965.74,104.07,2.85,69.6,48.84,23.25,45.25,running,1,0,0,12,0.661,4.5942,8.6718,0
PUMP-HEALTHY,2026-01-06T14:00:00,476.16,2988.26,98.73,2.83,60.42,46.89,22.33,50.44,running,1,0,4,12,-0.0214,-5.3356,-9.1826,0
PUMP-HEALTHY,2026-01-06T14:05:00,482.6,3043.24,99.39,2.25,67.3,46.97,22.67,35.93,running,1,0,4,12,-0.5806,0.6541,6.8783,0
PUMP-HEALTHY,2026-01-06T14:10:00,475.13,2967.88,102.55,2.33,63.01,46.84,22.25,48.02,running,1,0,0,12,0.0843,3.1687,-4.2822,0
PUMP-HEALTHY,2026-01-06T14:15:00,477.84,3028.98,102.78,2.25,61.41,45.67,21.82,43.43,running,1,0,1,12,-0.0796,0.2269,-1.6085,0
PUMP-HEALTHY,2026-01-06T14:20:00,480.96,2987.56,98.12,2.65,61.94,52.17,25.09,56.17,running,1,0,0,12,0.3958,-4.6615,0.5304,0
PUMP-HEALTHY,2026-01-06T14:25:00,483.1,3023.6,98.01,2.86,67.16,48.5,23.43,49.22,running,1,0,0,12,0.2149,-0.1112,5.2202,0
PUMP-HEALTHY,2026-01-06T14:30:00,482.76,2972.89,101.18,1.28,61.91,50.94,24.59,58.38,running,1,0,1,12,-1.5776,3.1675,-5.2492,0
PUMP-HEALTHY,2026-01-06T14:35:00,477.12,2952.7,104.59,2.78,67.79,48.14,22.97,35.64,running,1,0,2,12,1.4924,3.4144,5.8776,0
PUMP-HEALTHY,2026-01-06T14:40:00,481.14,2997.93,101.9,1.56,61.66,48.96,23.55,50.49,running,1,0,3,12,-1.2203,-2.6879,-6.1217,0
PUMP-HEALTHY,2026-01-06T14:45:00,483.62,2952.24,99.6,1.25,62.81,51.13,24.73,51.25,running,1,0,1,12,-0.3029,-2.3053,1.1505,0
PUMP-HEALTHY,2026-01-06T14:50:00,483.28,3018.44,102.49,1.44,67.1,46.86,22.64,42.14,running,1,0,3,12,0.1907,2.8969,4.2893,0
PUMP-HEALTHY,2026-01-06T14:55:00,484.57,3006.44,103.38,1.9,64.23,50.71,24.57,54.67,running,1,0,2,12,0.4593,0.8846,-2.8714,0
PUMP-HEALTHY,2026-01-06T15:00:00,478.72,2992.52,99.21,1.49,64.8,48.02,22.99,37.66,running,1,0,0,12,-0.4108,-4.1715,0.5638,0
PUMP-HEALTHY,2026-01-06T15:05:00,475.44,2955.94,98.83,2.57,61.23,48.08,22.86,40.18,running,1,0,1,12,1.075,-0.3778,-3.5693,0
PUMP-HEALTHY,2026-01-06T15:10:00,476.0,2989.86,103.34,1.18,61.62,48.47,23.07,47.91,running,1,0,2,12,-1.3872,4.5145,0.3924,0
PUMP-HEALTHY,2026-01-06T15:15:00,479.48,2964.81,98.21,2.44,69.74,49.28,23.63,52.61,running,1,0,3,12,1.2596,-5.1307,8.1233,0
PUMP-HEALTHY,2026-01-06T15:20:00,476.02,2955.39,102.99,1.66,69.69,48.78,23.22,55.32,running,1,0,3,12,-0.7753,4.775,-0.0543,0
PUMP-HEALTHY,2026-01-06T15:25:00,478.0,3030.1,99.22,2.41,60.25,47.4,22.66,49.13,running,1,0,2,12,0.7439,-3.7635,-9.4399,0
PUMP-HEALTHY,2026-01-06T15:30:00,479.47,3020.34,102.17,1.99,62.05,48.12,23.07,49.03,running,1,0,1,12,-0.4158,2.9483,1.7977,0
PUMP-HEALTHY,2026-01-06T15:35:00,481.07,2965.66,103.67,2.88,69.22,51.72,24.88,55.96,running,1,0,2,12,0.8851,1.4959,7.1741,0
PUMP-HEALTHY,2026-01-06T15:40:00,480.85,3002.46,103.81,2.4,64.75,48.43,23.29,35.8,running,1,0,2,12,-0.4785,0.1458,-4.4697,0
PUMP-HEALTHY,2026-01-06T15:45:00,484.65,3012.68,98.17,1.14,61.16,48.64,23.57,46.17,running,1,0,0,12,-1.2633,-5.6403,-3.5852,0
PUMP-HEALTHY,2026-01-06T15:50:00,475.2,3015.51,102.1,2.09,69.41,47.07,22.37,36.7,running,1,0,2,12,0.9521,3.9244,8.25,0
PUMP-HEALTHY,2026-01-06T15:55:00,480.74,2981.5,102.67,2.42,63.17,46.16,22.19,39.3,running,1,0,4,12,0.3277,0.575,-6.2481,0
PUMP-HEALTHY,2026-01-06T16:00:00,477.98,3033.01,103.75,2.86,63.95,50.82,24.29,50.15,running,1,0,1,12,0.4431,1.078,0.7833,0
PUMP-HEALTHY,2026-01-06T16:05:00,479.63,2993.9,98.84,1.83,66.03,48.05,23.05,53.75,running,1,0,1,12,-1.0294,-4.91,2.0799,0
PUMP-HEALTHY,2026-01-06T16:10:00,477.16,2978.67,98.34,1.96,62.66,45.81,21.86,40.83,running,1,0,4,12,0.1306,-0.4982,-3.3681,0
PUMP-HEALTHY,2026-01-06T16:15:00,481.7,3009.51,102.08,2.82,69.96,46.51,22.4,46.15,running,1,0,1,12,0.8642,3.7363,7.295,0
PUMP-HEALTHY,2026-01-06T16:20:00,483.83,3034.81,104.69,1.28,62.14,46.69,22.59,36.27,running,1,0,0,12,-1.5448,2.6102,-7.8133,0
PUMP-HEALTHY,2026-01-06T16:25:00,475.89,2955.49,99.11,2.33,60.27,50.08,23.83,55.08,running,1,0,4,12,1.0516,-5.5818,-1.8691,0
PUMP-HEALTHY,2026-01-06T16:30:00,484.44,3029.92,99.65,2.37,67.51,49.62,24.04,49.29,running,1,0,3,12,0.038,0.538,7.235,0
PUMP-HEALTHY,2026-01-06T16:35:00,484.01,3039.74,98.58,1.89,60.22,50.41,24.4,55.91,running,1,0,4,12,-0.4798,-1.062,-7.2851,0
PUMP-HEALTHY,2026-01-06T16:40:00,475.31,3032.03,98.49,2.09,63.99,47.22,22.44,41.5,running,1,0,2,12,0.2043,-0.0902,3.7659,0
PUMP-HEALTHY,2026-01-06T16:45:00,480.22,3023.74,99.63,2.97,69.73,49.73,23.88,44.34,running,1,0,0,12,0.8725,1.1377,5.7352,0
PUMP-HEALTHY,2026-01-06T16:50:00,477.6,2954.68,101.32,1.95,60.94,51.26,24.48,56.06,running,1,0,4,12,-1.0192,1.6882,-8.7882,0
PUMP-HEALTHY,2026-01-06T16:55:00,479.03,3026.46,102.68,2.87,65.11,49.74,23.83,47.49,running,1,0,3,12,0.9217,1.3557,4.172,0
PUMP-HEALTHY,2026-01-06T17:00:00,480.6,3000.47,101.24,2.5,65.79,52.57,25.26,59.98,running,1,0,2,12,-0.364,-1.4324,0.677,0
PUMP-HEALTHY,2026-01-06T17:05:00,475.43,2985.46,102.99,1.52,67.9,49.17,23.38,54.75,running,1,0,4,12,-0.987,1.7502,2.1187,0
PUMP-HEALTHY,2026-01-06T17:10:00,481.42,2967.7,99.99,2.79,66.91,48.26,23.24,48.95,running,1,0,3,12,1.2702,-3.0049,-0.9954,0
PUMP-HEALTHY,2026-01-06T17:15:00,480.81,3035.9,102.61,2.28,61.82,50.79,24.42,51.0,running,1,0,2,12,-0.5052,2.6216,-5.0921,0
PUMP-HEALTHY,2026-01-06T17:20:00,483.35,2987.63,101.83,2.44,69.36,47.57,22.99,45.73,running,1,0,3,12,0.1584,-0.7828,7.5383,0
PUMP-HEALTHY,2026-01-06T17:25:00,475.12,3006.08,98.72,1.28,69.81,48.53,23.06,43.89,running,1,0,4,12,-1.156,-3.1121,0.4567,0
PUMP-HEALTHY,2026-01-06T17:30:00,480.47,2950.03,104.77,2.92,67.79,47.14,22.65,41.65,running,1,0,0,12,1.6356,6.0582,-2.0256,0
PUMP-HEALTHY,2026-01-06T17:35:00,483.8,2963.75,99.81,1.96,69.91,49.79,24.09,53.82,running,1,0,4,12,-0.9613,-4.9639,2.1193,0
PUMP-HEALTHY,2026-01-06T17:40:00,483.33,2958.92,98.52,3.0,61.13,52.59,25.42,57.4,running,1,0,4,12,1.0384,-1.2927,-8.7765,0
PUMP-HEALTHY,2026-01-06T17:45:00,481.4,2966.32,103.75,1.41,64.07,47.36,22.8,40.82,running,1,0,1,12,-1.5883,5.2283,2.9443,0
PUMP-HEALTHY,2026-01-06T17:50:00,484.81,2954.38,99.78,2.11,60.94,49.52,24.01,43.31,running,1,0,2,12,0.7034,-3.9637,-3.1298,0
PUMP-HEALTHY,2026-01-06T17:55:00,482.5,2999.56,99.84,2.23,64.29,50.93,24.57,51.26,running,1,0,4,12,0.12,0.0537,3.3452,0
PUMP-HEALTHY,2026-01-06T18:00:00,479.16,3034.51,101.29,2.48,68.97,48.68,23.33,58.28,running,1,0,4,12,0.2481,1.455,4.6766,0
PUMP-HEALTHY,2026-01-06T18:05:00,480.38,3025.3,102.41,2.09,69.56,51.08,24.54,53.24,running,1,0,0,12,-0.3873,1.1231,0.5985,0
PUMP-HEALTHY,2026-01-06T18:10:00,477.71,2994.29,100.9,2.7,61.05,46.43,22.18,40.66,running,1,0,3,12,0.6022,-1.5175,-8.5184,0
PUMP-HEALTHY,2026-01-06T18:15:00,484.47,3004.59,102.32,2.08,68.05,49.69,24.08,41.22,running,1,0,3,12,-0.6188,1.4194,7.0018,0
PUMP-HEALTHY,2026-01-06T18:20:00,478.12,3000.67,101.97,2.38,68.67,47.97,22.93,43.18,running,1,0,0,12,0.3006,-0.3447,0.6197,0
PUMP-HEALTHY,2026-01-06T18:25:00,476.11,3011.37,103.06,2.36,60.59,48.98,23.32,52.19,running,1,0,3,12,-0.0183,1.0861,-8.0814,0
PUMP-HEALTHY,2026-01-06T18:30:00,483.89,2954.45,98.79,1.95,64.22,48.81,23.62,53.2,running,1,0,4,12,-0.4101,-4.263,3.6389,0
PUMP-HEALTHY,2026-01-06T18:35:00,483.08,2970.71,100.2,1.82,67.09,47.18,22.79,38.14,running,1,0,0,12,-0.1274,1.407,2.8687,0
PUMP-HEALTHY,2026-01-06T18:40:00,478.79,2950.77,98.17,2.31,65.72,49.03,23.47,55.17,running,1,0,0,12,0.4905,-2.0273,-1.3696,0
PUMP-HEALTHY,2026-01-06T18:45:00,477.93,2987.63,100.63,2.73,67.86,49.69,23.75,53.51,running,1,0,0,12,0.4182,2.4519,2.1312,0
PUMP-HEALTHY,2026-01-06T18:50:00,478.27,2993.58,99.13,2.64,69.31,49.03,23.45,42.87,running,1,0,4,12,-0.09,-1.4925,1.4588,0
PUMP-HEALTHY,2026-01-06T18:55:00,483.92,3007.12,103.48,1.62,63.19,48.75,23.59,40.52,running,1,0,1,12,-1.0233,4.3448,-6.1246,0
PUMP-HEALTHY,2026-01-06T19:00:00,477.43,3028.22,99.81,1.81,63.81,47.21,22.54,38.27,running,1,0,2,12,0.1918,-3.671,0.6233,0
PUMP-HEALTHY,2026-01-06T19:05:00,475.54,2989.65,100.34,2.22,62.29,46.95,22.33,36.34,running,1,0,1,12,0.4076,0.5314,-1.5236,0
PUMP-HEALTHY,2026-01-06T19:10:00,476.18,2965.22,99.27,2.52,64.52,50.23,23.92,59.11,running,1,0,1,12,0.3076,-1.0707,2.2302,0
PUMP-HEALTHY,2026-01-06T19:15:00,482.64,3011.33,100.73,1.21,61.77,48.11,23.22,52.73,running,1,0,4,12,-1.3168,1.4637,-2.7505,0
PUMP-HEALTHY,2026-01-06T19:20:00,483.15,2975.12,103.58,2.28,69.93,48.21,23.29,35.15,running,1,0,4,12,1.0715,2.8472,8.165,0
PUMP-HEALTHY,2026-01-06T19:25:00,480.16,2989.61,102.98,2.98,61.28,48.94,23.5,56.87,running,1,0,3,12,0.7044,-0.6014,-8.6552,0
PUMP-HEALTHY,2026-01-06T19:30:00,484.31,3039.73,104.52,1.55,61.35,51.06,24.73,52.96,running,1,0,3,12,-1.4369,1.5401,0.0706,0
PUMP-HEALTHY,2026-01-06T19:35:00,475.76,3023.04,104.44,1.11,65.29,48.02,22.84,40.72,running,1,0,2,12,-0.4395,-0.0802,3.9385,0
PUMP-HEALTHY,2026-01-06T19:40:00,481.96,3022.95,104.06,2.06,64.61,49.32,23.77,43.76,running,1,0,4,12,0.9576,-0.3719,-0.6756,0
PUMP-HEALTHY,2026-01-06T19:45:00,476.75,2962.79,102.7,2.39,62.33,46.5,22.17,43.11,running,1,0,2,12,0.3249,-1.3625,-2.2864,0
PUMP-HEALTHY,2026-01-06T19:50:00,475.47,3017.58,101.0,1.61,63.67,48.21,22.92,51.31,running,1,0,0,12,-0.7784,-1.6976,1.3487,0
PUMP-HEALTHY,2026-01-06T19:55:00,476.11,3044.45,99.08,2.43,64.47,49.9,23.76,54.24,running,1,0,4,12,0.8148,-1.9255,0.8002,0
PUMP-HEALTHY,2026-01-06T20:00:00,482.33,3048.33,101.16,2.8,63.98,48.08,23.19,40.16,running,1,0,1,12,0.3765,2.0761,-0.4931,0
PUMP-HEALTHY,2026-01-06T20:05:00,479.89,2953.07,104.07,2.11,63.8,45.35,21.76,39.24,running,1,0,4,12,-0.6922,2.918,-0.1864,0
PUMP-HEALTHY,2026-01-06T20:10:00,475.61,3034.68,102.25,1.77,62.47,45.44,21.61,36.04,running,1,0,4,12,-0.3361,-1.8261,-1.3257,0
PUMP-HEALTHY,2026-01-06T20:15:00,484.94,3047.89,100.27,2.09,68.3,49.49,24.0,41.67,running,1,0,2,12,0.3166,-1.9722,5.8281,0
PUMP-HEALTHY,2026-01-06T20:20:00,475.12,3035.78,104.04,2.58,67.4,49.07,23.31,47.87,running,1,0,2,12,0.485,3.7676,-0.8944,0
PUMP-HEALTHY,2026-01-06T20:25:00,480.14,2956.7,100.97,2.98,62.79,48.14,23.11,41.36,running,1,0,0,12,0.4021,-3.0677,-4.6145,0
PUMP-HEALTHY,2026-01-06T20:30:00,483.26,2971.03,101.75,1.72,60.66,48.15,23.27,50.07,running,1,0,0,12,-1.2545,0.7707,-2.129,0
PUMP-HEALTHY,2026-01-06T20:35:00,481.42,3015.09,104.37,2.45,63.2,47.81,23.02,51.09,running,1,0,4,12,0.7288,2.6269,2.5454,0
PUMP-HEALTHY,2026-01-06T20:40:00,481.61,3037.41,103.15,2.61,65.68,48.69,23.45,45.64,running,1,0,4,12,0.1558,-1.2251,2.474,0
PUMP-HEALTHY,2026-01-06T20:45:00,475.61,3049.32,100.2,2.16,61.33,47.19,22.44,46.98,running,1,0,3,12,-0.4503,-2.9459,-4.3505,0
PUMP-HEALTHY,2026-01-06T20:50:00,477.33,3031.02,104.03,2.97,65.4,51.25,24.47,59.09,running,1,0,1,12,0.8154,3.8314,4.076,0
PUMP-HEALTHY,2026-01-06T20:55:00,483.32,3014.87,102.15,1.33,62.35,47.55,22.98,49.2,running,1,0,4,12,-1.6475,-1.8862,-3.0498,0
PUMP-HEALTHY,2026-01-06T21:00:00,480.0,2989.19,103.72,2.89,65.67,50.79,24.38,59.59,running,1,0,4,12,1.5619,1.5716,3.3112,0
PUMP-HEALTHY,2026-01-06T21:05:00,480.57,2971.21,99.02,1.09,61.17,45.88,22.05,39.63,running,1,0,4,12,-1.7978,-4.6984,-4.4961,0
PUMP-HEALTHY,2026-01-06T21:10:00,478.86,2993.4,98.8,2.82,65.08,49.73,23.81,50.78,running,1,0,3,12,1.7305,-0.2176,3.9095,0
PUMP-HEALTHY,2026-01-06T21:15:00,482.15,2962.17,101.83,2.64,61.89,46.58,22.46,44.59,running,1,0,4,12,-0.1844,3.0319,-3.1857,0
PUMP-HEALTHY,2026-01-06T21:20:00,477.89,2981.93,99.71,2.89,65.9,50.67,24.21,53.88,running,1,0,4,12,0.2512,-2.1264,4.0028,0
PUMP-HEALTHY,2026-01-06T21:25:00,481.42,2969.5,100.17,2.73,65.89,51.32,24.71,55.8,running,1,0,0,12,-0.1541,0.4575,-0.0093,0
PUMP-HEALTHY,2026-01-06T21:30:00,479.57,3025.16,104.41,1.01,68.17,46.84,22.46,41.97,running,1,0,0,12,-1.7257,4.2467,2.2867,0
PUMP-HEALTHY,2026-01-06T21:35:00,478.31,3040.29,98.32,1.87,68.97,46.99,22.48,44.75,running,1,0,3,12,0.8587,-6.0895,0.7952,0
PUMP-HEALTHY,2026-01-06T21:40:00,484.16,2979.91,98.61,1.18,68.41,50.01,24.22,59.83,running,1,0,4,12,-0.6851,0.2833,-0.5616,0
PUMP-HEALTHY,2026-01-06T21:45:00,478.24,2989.88,103.73,2.83,62.69,47.1,22.53,50.47,running,1,0,4,12,1.652,5.1198,-5.7186,0
PUMP-HEALTHY,2026-01-06T21:50:00,482.6,2992.99,101.84,1.59,61.41,49.19,23.74,48.36,running,1,0,4,12,-1.2442,-1.888,-1.2804,0
PUMP-HEALTHY,2026-01-06T21:55:00,479.59,2951.54,99.64,1.87,65.55,50.57,24.25,57.44,running,1,0,3,12,0.2785,-2.1991,4.1459,0
PUMP-HEALTHY,2026-01-06T22:00:00,482.82,2957.26,98.21,2.61,64.29,49.54,23.92,44.08,running,1,0,0,12,0.7388,-1.4241,-1.2667,0
PUMP-HEALTHY,2026-01-06T22:05:00,481.93,2973.67,98.16,1.17,64.32,51.57,24.85,52.54,running,1,0,4,12,-1.4318,-0.0585,0.0286,0
PUMP-HEALTHY,2026-01-06T22:10:00,480.77,3033.1,99.31,1.03,69.78,46.88,22.54,48.83,running,1,0,2,12,-0.1446,1.1515,5.4616,0
PUMP-HEALTHY,2026-01-06T22:15:00,484.35,3044.07,103.49,1.72,65.1,49.51,23.98,59.29,running,1,0,0,12,0.693,4.1804,-4.6728,0
PUMP-HEALTHY,2026-01-06T22:20:00,481.71,2963.8,100.08,2.2,67.84,47.57,22.91,37.41,running,1,0,2,12,0.4818,-3.4102,2.7356,0
PUMP-HEALTHY,2026-01-06T22:25:00,475.92,3021.28,100.82,1.28,62.66,47.1,22.42,39.07,running,1,0,0,12,-0.9287,0.7421,-5.1779,0
PUMP-HEALTHY,2026-01-06T22:30:00,479.49,3031.12,104.17,2.83,62.64,48.61,23.31,53.29,running,1,0,2,12,1.5513,3.3518,-0.0194,0
PUMP-HEALTHY,2026-01-06T22:35:00,481.81,2987.28,103.83,1.09,64.35,46.74,22.52,47.64,running,1,0,2,12,-1.7361,-0.3374,1.7078,0
PUMP-HEALTHY,2026-01-06T22:40:00,479.97,2950.01,102.02,2.88,60.5,48.02,23.05,50.8,running,1,0,2,12,1.7855,-1.8124,-3.8534,0
PUMP-HEALTHY,2026-01-06T22:45:00,484.51,2995.94,99.48,1.27,68.48,47.5,23.01,46.75,running,1,0,2,12,-1.6042,-2.5428,7.9784,0
PUMP-HEALTHY,2026-01-06T22:50:00,483.87,3038.55,99.96,1.12,64.85,51.21,24.78,51.3,running,1,0,2,12,-0.1552,0.4811,-3.6214,0
PUMP-HEALTHY,2026-01-06T22:55:00,482.17,2974.04,98.95,1.84,63.89,52.38,25.26,58.35,running,1,0,3,12,0.7225,-1.0062,-0.9599,0
PUMP-HEALTHY,2026-01-06T23:00:00,475.66,3028.63,104.6,2.28,67.53,44.67,21.25,36.48,running,1,0,1,12,0.4436,5.647,3.6357,0
PUMP-HEALTHY,2026-01-06T23:05:00,483.44,3038.59,98.76,2.63,60.86,45.75,22.12,39.65,running,1,0,1,12,0.3496,-5.8363,-6.6688,0
PUMP-HEALTHY,2026-01-06T23:10:00,484.47,3036.22,101.08,2.64,61.36,46.72,22.63,36.1,running,1,0,0,12,0.0091,2.3197,0.4999,0
PUMP-HEALTHY,2026-01-06T23:15:00,475.05,2998.39,104.34,2.66,66.54,50.13,23.81,56.93,running,1,0,2,12,0.0183,3.2582,5.1748,0
PUMP-HEALTHY,2026-01-06T23:20:00,477.27,3014.59,103.58,2.04,64.13,47.42,22.63,48.88,running,1,0,4,12,-0.6161,-0.7602,-2.4044,0
PUMP-HEALTHY,2026-01-06T23:25:00,477.57,3045.65,103.36,1.83,67.33,51.59,24.64,58.98,running,1,0,3,12,-0.217,-0.2202,3.195,0
PUMP-HEALTHY,2026-01-06T23:30:00,477.02,2981.09,101.77,1.43,67.71,47.67,22.74,54.34,running,1,0,4,12,-0.4004,-1.593,0.3781,0
PUMP-HEALTHY,2026-01-06T23:35:00,481.64,2990.33,102.79,1.14,68.92,48.92,23.56,40.33,running,1,0,2,12,-0.289,1.0233,1.2189,0
PUMP-HEALTHY,2026-01-06T23:40:00,480.24,3038.13,99.69,2.74,61.51,48.33,23.21,48.25,running,1,0,0,12,1.6053,-3.0985,-7.4102,0
PUMP-HEALTHY,2026-01-06T23:45:00,482.45,2994.78,102.12,1.44,67.18,46.83,22.6,41.28,running,1,0,2,12,-1.3047,2.4243,5.6636,0
PUMP-HEALTHY,2026-01-06T23:50:00,484.68,2981.79,99.59,2.84,67.98,50.93,24.68,50.77,running,1,0,0,12,1.4042,-2.523,0.8005,0
PUMP-HEALTHY,2026-01-06T23:55:00,478.31,2955.31,103.71,2.85,67.05,47.73,22.83,44.84,running,1,0,3,12,0.0117,4.1192,-0.9311,0
PUMP-HEALTHY,2026-01-07T00:00:00,476.59,3006.46,103.1,1.02,60.34,51.84,24.71,58.42,running,1,0,2,12,-1.8346,-0.6098,-6.7067,0
PUMP-HEALTHY,2026-01-07T00:05:00,482.31,3016.61,102.2,2.78,61.0,45.27,21.83,37.08,running,1,0,0,12,1.7595,-0.9037,0.6572,0
PUMP-HEALTHY,2026-01-07T00:10:00,481.01,3018.67,99.0,2.61,67.04,47.94,23.06,46.13,running,1,0,0,12,-0.1681,-3.2043,6.0443,0
PUMP-HEALTHY,2026-01-07T00:15:00,479.06,3012.1,104.44,1.63,69.2,49.19,23.57,41.7,running,1,0,0,12,-0.9806,5.4394,2.1576,0
PUMP-HEALTHY,2026-01-07T00:20:00,481.67,2968.22,104.31,2.57,69.0,49.9,24.03,43.93,running,1,0,0,12,0.9396,-0.1278,-0.1982,0
PUMP-HEALTHY,2026-01-07T00:25:00,475.79,2961.1,99.5,2.44,61.83,51.77,24.63,56.96,running,1,0,2,12,-0.1309,-4.8056,-7.1701,0
PUMP-HEALTHY,2026-01-07T00:30:00,479.4,3039.06,100.38,1.88,60.44,48.41,23.21,55.87,running,1,0,1,12,-0.5628,0.8763,-1.3927,0
PUMP-HEALTHY,2026-01-07T00:35:00,479.64,3005.07,104.52,2.42,65.9,46.03,22.08,44.15,running,1,0,0,12,0.5405,4.1368,5.4606,0
PUMP-HEALTHY,2026-01-07T00:40:00,475.48,3048.26,100.01,2.36,62.16,48.18,22.91,42.6,running,1,0,0,12,-0.0615,-4.5003,-3.7366,0
PUMP-HEALTHY,2026-01-07T00:45:00,475.03,2984.82,104.56,2.76,64.28,48.96,23.26,47.66,running,1,0,4,12,0.4015,4.5489,2.1218,0
PUMP-HEALTHY,2026-01-07T00:50:00,478.0,3011.34,98.66,1.44,66.54,50.56,24.17,57.01,running,1,0,2,12,-1.3138,-5.9072,2.2553,0
PUMP-HEALTHY,2026-01-07T00:55:00,482.6,2974.36,100.62,2.13,61.47,46.43,22.4,44.03,running,1,0,4,12,0.6914,1.96,-5.0743,0
PUMP-HEALTHY,2026-01-07T01:00:00,484.41,2951.3,98.13,2.14,69.43,50.95,24.68,57.72,running,1,0,3,12,0.0082,-2.482,7.964,0
PUMP-HEALTHY,2026-01-07T01:05:00,479.78,2954.41,102.87,1.48,64.79,48.2,23.13,41.68,running,1,0,1,12,-0.6591,4.7336,-4.6392,0
PUMP-HEALTHY,2026-01-07T01:10:00,480.7,2978.9,102.07,2.93,63.75,45.38,21.82,40.63,running,1,0,1,12,1.4431,-0.8008,-1.0401,0
PUMP-HEALTHY,2026-01-07T01:15:00,478.34,2950.8,99.12,1.7,60.11,50.32,24.07,47.33,running,1,0,3,12,-1.2305,-2.9426,-3.6391,0
PUMP-HEALTHY,2026-01-07T01:20:00,476.84,2960.58,101.76,1.37,60.61,48.66,23.21,39.67,running,1,0,1,12,-0.3283,2.6359,0.5009,0
PUMP-HEALTHY,2026-01-07T01:25:00,478.08,3035.6,98.49,2.47,60.32,47.9,22.9,36.0,running,1,0,2,12,1.1069,-3.2725,-0.292,0
PUMP-HEALTHY,2026-01-07T01:30:00,477.44,3013.72,104.71,2.11,64.14,45.28,21.62,41.33,running,1,0,3,12,-0.3629,6.2253,3.8206,0
PUMP-HEALTHY,2026-01-07T01:35:00,478.93,2971.99,98.95,2.86,62.82,51.09,24.47,51.96,running,1,0,4,12,0.7435,-5.761,-1.3241,0
PUMP-HEALTHY,2026-01-07T01:40:00,480.56,3048.2,101.16,2.71,68.61,47.12,22.64,37.19,running,1,0,1,12,-0.1406,2.2055,5.7911,0
PUMP-HEALTHY,2026-01-07T01:45:00,478.95,2973.09,103.9,1.84,68.04,45.05,21.58,39.48,running,1,0,2,12,-0.8763,2.7441,-0.566,0
PUMP-HEALTHY,2026-01-07T01:50:00,480.21,2957.77,101.23,1.93,60.25,47.0,22.57,49.9,running,1,0,2,12,0.0886,-2.6685,-7.7944,0
PUMP-HEALTHY,2026-01-07T01:55:00,483.42,2972.56,103.26,1.01,61.89,48.41,23.4,52.51,running,1,0,1,12,-0.9145,2.0299,1.6438,0
PUMP-HEALTHY,2026-01-07T02:00:00,475.68,3040.69,101.67,1.25,65.73,46.16,21.96,47.22,running,1,0,0,12,0.2367,-1.5925,3.8381,0
PUMP-HEALTHY,2026-01-07T02:05:00,482.73,3000.31,99.48,1.74,65.5,47.25,22.81,37.04,running,1,0,3,12,0.4939,-2.191,-0.2261,0
PUMP-HEALTHY,2026-01-07T02:10:00,476.67,3019.07,100.67,2.03,67.09,50.49,24.07,53.76,running,1,0,4,12,0.2907,1.192,1.5859,0
PUMP-HEALTHY,2026-01-07T02:15:00,483.58,2956.72,104.85,2.22,61.55,50.61,24.47,57.72,running,1,0,2,12,0.1838,4.1816,-5.5426,0
PUMP-HEALTHY,2026-01-07T02:20:00,484.61,2981.1,98.37,1.19,65.14,48.46,23.48,39.2,running,1,0,4,12,-1.0254,-6.4797,3.5934,0
PUMP-HEALTHY,2026-01-07T02:25:00,477.14,2979.45,98.89,2.85,69.79,48.45,23.12,38.38,running,1,0,2,12,1.6613,0.5183,4.6547,0
PUMP-HEALTHY,2026-01-07T02:30:00,479.87,2977.88,99.48,1.26,67.49,47.09,22.6,48.12,running,1,0,2,12,-1.5899,0.5877,-2.3008,0
PUMP-HEALTHY,2026-01-07T02:35:00,480.77,3021.05,102.91,2.35,67.36,48.18,23.16,53.37,running,1,0,2,12,1.0829,3.4277,-0.1359,0
PUMP-HEALTHY,2026-01-07T02:40:00,484.37,3019.59,99.53,1.26,67.17,50.31,24.37,47.45,running,1,0,1,12,-1.0839,-3.3746,-0.1878,0
PUMP-HEALTHY,2026-01-07T02:45:00,478.73,2969.4,104.29,2.52,65.03,49.62,23.75,45.45,running,1,0,0,12,1.2562,4.7565,-2.136,0
PUMP-HEALTHY,2026-01-07T02:50:00,481.82,3032.49,100.41,2.59,62.31,50.01,24.09,55.7,running,1,0,0,12,0.0675,-3.8785,-2.7253,0
PUMP-HEALTHY,2026-01-07T02:55:00,481.11,2972.42,103.38,2.37,66.52,49.21,23.68,59.77,running,1,0,0,12,-0.2185,2.9643,4.2095,0
PUMP-HEALTHY,2026-01-07T03:00:00,479.7,2987.81,102.26,2.72,61.59,49.77,23.87,53.73,running,1,0,2,12,0.3536,-1.1185,-4.9264,0
PUMP-HEALTHY,2026-01-07T03:05:00,477.48,3046.54,101.79,1.55,66.2,46.46,22.18,44.8,running,1,0,0,12,-1.1694,-0.4683,4.6097,0
PUMP-HEALTHY,2026-01-07T03:10:00,479.2,2951.4,98.39,1.81,68.85,50.26,24.09,59.22,running,1,0,0,12,0.2599,-3.3973,2.6471,0
PUMP-HEALTHY,2026-01-07T03:15:00,478.83,3020.04,104.51,1.17,65.12,47.42,22.71,44.84,running,1,0,2,12,-0.6435,6.1179,-3.7265,0
PUMP-HEALTHY,2026-01-07T03:20:00,478.01,2953.62,104.76,1.78,61.96,48.59,23.23,42.65,running,1,0,2,12,0.6148,0.2482,-3.158,0
PUMP-HEALTHY,2026-01-07T03:25:00,475.09,3014.72,100.64,1.91,61.29,45.19,21.47,39.22,running,1,0,2,12,0.1242,-4.1187,-0.6687,0
PUMP-HEALTHY,2026-01-07T03:30:00,484.69,2975.57,103.5,2.33,69.2,51.78,25.1,53.47,running,1,0,1,12,0.4237,2.8623,7.9016,0
PUMP-HEALTHY,2026-01-07T03:35:00,476.01,3001.47,101.59,2.77,60.39,51.07,24.31,53.37,running,1,0,0,12,0.4416,-1.9081,-8.8034,0
PUMP-HEALTHY,2026-01-07T03:40:00,482.4,3043.03,99.03,1.48,63.11,48.53,23.41,55.52,running,1,0,2,12,-1.2924,-2.56,2.7184,0
PUMP-HEALTHY,2026-01-07T03:45:00,477.21,3005.97,103.63,2.77,67.2,49.52,23.63,59.06,running,1,0,2,12,1.2945,4.6024,4.0903,0
PUMP-HEALTHY,2026-01-07T03:50:00,481.67,2986.47,99.65,1.49,69.49,48.85,23.53,58.73,running,1,0,2,12,-1.2837,-3.984,2.2907,0
PUMP-HEALTHY,2026-01-07T03:55:00,483.48,3002.9,100.84,1.75,67.19,48.12,23.27,44.24,running,1,0,4,12,0.2567,1.1887,-2.3047,0
PUMP-HEALTHY,2026-01-07T04:00:00,481.75,2999.94,103.57,1.8,67.12,51.65,24.88,53.01,running,1,0,2,12,0.055,2.7328,-0.0666,0
PUMP-HEALTHY,2026-01-07T04:05:00,484.47,2986.05,99.68,1.74,64.72,50.1,24.27,56.43,running,1,0,4,12,-0.0613,-3.893,-2.3992,0
PUMP-HEALTHY,2026-01-07T04:10:00,478.82,3030.69,101.02,2.81,61.26,46.14,22.09,39.43,running,1,0,0,12,1.0705,1.3369,-3.4571,0
PUMP-HEALTHY,2026-01-07T04:15:00,480.73,3042.53,104.56,2.83,63.06,46.12,22.17,37.19,running,1,0,2,12,0.0222,3.5416,1.7988,0
PUMP-HEALTHY,2026-01-07T04:20:00,482.87,2987.12,100.67,1.6,64.47,48.74,23.53,37.82,running,1,0,2,12,-1.23,-3.8889,1.4033,0
PUMP-HEALTHY,2026-01-07T04:25:00,476.37,2986.79,103.02,2.97,62.66,49.46,23.56,44.62,running,1,0,2,12,1.3704,2.3528,-1.8099,0
PUMP-HEALTHY,2026-01-07T04:30:00,481.51,3008.35,99.73,2.79,69.41,49.3,23.74,55.41,running,1,0,0,12,-0.1801,-3.2871,6.7526,0
PUMP-HEALTHY,2026-01-07T04:35:00,479.53,2991.26,102.6,1.92,61.04,51.96,24.92,57.69,running,1,0,0,12,-0.8787,2.8698,-8.3671,0
PUMP-HEALTHY,2026-01-07T04:40:00,479.96,3003.08,100.49,1.33,69.32,47.57,22.83,36.99,running,1,0,4,12,-0.5818,-2.1106,8.2767,0
PUMP-HEALTHY,2026-01-07T04:45:00,477.81,2965.64,100.54,2.94,62.79,49.88,23.83,57.41,running,1,0,2,12,1.6049,0.0454,-6.5256,0
PUMP-HEALTHY,2026-01-07T04:50:00,477.67,3018.03,104.23,2.0,61.12,48.84,23.33,39.85,running,1,0,0,12,-0.9428,3.6928,-1.6693,0
PUMP-HEALTHY,2026-01-07T04:55:00,481.92,2991.09,100.39,2.48,61.48,50.38,24.28,57.62,running,1,0,2,12,0.4878,-3.842,0.3516,0
PUMP-HEALTHY,2026-01-07T05:00:00,479.07,2969.5,98.02,1.56,60.62,51.65,24.74,55.69,running,1,0,1,12,-0.9266,-2.3662,-0.8564,0
PUMP-HEALTHY,2026-01-07T05:05:00,483.14,3043.24,98.44,2.86,63.67,50.12,24.21,51.23,running,1,0,1,12,1.2978,0.4163,3.0554,0
PUMP-HEALTHY,2026-01-07T05:10:00,479.84,3018.24,103.11,1.13,61.86,49.76,23.88,46.58,running,1,0,4,12,-1.7237,4.6662,-1.8118,0
PUMP-HEALTHY,2026-01-07T05:15:00,478.01,3046.77,102.85,1.25,69.18,49.68,23.75,54.08,running,1,0,1,12,0.1154,-0.2603,7.3216,0
PUMP-HEALTHY,2026-01-07T05:20:00,484.08,2969.85,99.39,2.24,63.51,48.44,23.45,38.85,running,1,0,4,12,0.998,-3.4593,-5.6741,0
PUMP-HEALTHY,2026-01-07T05:25:00,481.45,3007.56,102.42,1.97,62.46,46.49,22.38,38.2,running,1,0,1,12,-0.2756,3.0314,-1.0493,0
PUMP-HEALTHY,2026-01-07T05:30:00,484.1,2964.84,99.06,2.39,68.15,48.13,23.3,40.67,running,1,0,1,12,0.4172,-3.3627,5.6855,0
PUMP-HEALTHY,2026-01-07T05:35:00,475.01,2986.36,101.32,2.39,68.94,50.75,24.11,55.79,running,1,0,3,12,0.0005,2.2603,0.7972,0
PUMP-HEALTHY,2026-01-07T05:40:00,475.87,2985.0,98.24,1.79,69.07,48.27,22.97,48.78,running,1,0,3,12,-0.5928,-3.0725,0.13,0
PUMP-HEALTHY,2026-01-07T05:45:00,482.88,2962.08,101.54,1.32,68.54,46.65,22.53,44.53,running,1,0,0,12,-0.4774,3.2964,-0.5386,0
PUMP-HEALTHY,2026-01-07T05:50:00,478.54,3034.53,103.77,2.11,68.93,48.93,23.42,48.96,running,1,0,3,12,0.7905,2.2257,0.3941,0
PUMP-HEALTHY,2026-01-07T05:55:00,481.66,3034.18,101.04,2.41,62.62,51.42,24.77,56.49,running,1,0,2,12,0.3077,-2.7222,-6.3081,0
PUMP-HEALTHY,2026-01-07T06:00:00,476.31,2970.98,104.79,1.43,66.91,48.49,23.1,38.82,running,1,0,0,12,-0.9815,3.7459,4.2871,0
PUMP-HEALTHY,2026-01-07T06:05:00,482.54,2979.2,104.98,1.69,69.9,50.64,24.43,56.45,running,1,0,1,12,0.2588,0.1909,2.9954,0
PUMP-HEALTHY,2026-01-07T06:10:00,476.79,3045.84,100.84,1.75,68.21,50.79,24.21,50.45,running,1,0,3,12,0.0618,-4.1448,-1.6934,0
PUMP-HEALTHY,2026-01-07T06:15:00,477.42,3039.71,103.53,1.96,67.99,46.98,22.43,36.67,running,1,0,3,12,0.2035,2.6973,-0.2231,0
PUMP-HEALTHY,2026-01-07T06:20:00,477.76,3032.77,98.04,2.34,62.29,47.85,22.86,48.97,running,1,0,1,12,0.3804,-5.4883,-5.6962,0
PUMP-HEALTHY,2026-01-07T06:25:00,475.14,3016.0,99.54,1.77,64.01,47.29,22.47,36.43,running,1,0,3,12,-0.5673,1.4941,1.7218,0
PUMP-HEALTHY,2026-01-07T06:30:00,481.57,2988.61,100.2,1.55,64.76,47.06,22.66,44.04,running,1,0,0,12,-0.217,0.6586,0.7485,0
PUMP-HEALTHY,2026-01-07T06:35:00,478.68,2992.81,103.04,1.14,65.66,49.69,23.79,57.96,running,1,0,0,12,-0.4097,2.8458,0.9008,0
PUMP-HEALTHY,2026-01-07T06:40:00,480.76,2987.6,104.89,2.18,64.51,49.82,23.95,47.42,running,1,0,1,12,1.0378,1.8507,-1.1537,0
PUMP-HEALTHY,2026-01-07T06:45:00,475.18,2966.87,104.83,2.33,60.71,49.78,23.66,56.67,running,1,0,1,12,0.1515,-0.0586,-3.7974,0
PUMP-HEALTHY,2026-01-07T06:50:00,478.07,3044.08,102.0,2.5,64.3,50.01,23.91,58.67,running,1,0,3,12,0.1705,-2.8337,3.5888,0
PUMP-HEALTHY,2026-01-07T06:55:00,475.36,3045.49,101.32,1.15,64.26,48.86,23.23,57.33,running,1,0,1,12,-1.3554,-0.6791,-0.0363,0
PUMP-HEALTHY,2026-01-07T07:00:00,476.32,3015.2,102.72,1.06,69.59,50.98,24.28,52.39,running,1,0,4,12,-0.0917,1.4027,5.3278,0
PUMP-HEALTHY,2026-01-07T07:05:00,479.2,2973.72,102.46,1.42,66.31,50.47,24.19,49.29,running,1,0,4,12,0.3594,-0.2628,-3.2818,0
PUMP-HEALTHY,2026-01-07T07:10:00,475.92,3027.0,100.3,1.38,69.54,50.13,23.86,51.8,running,1,0,0,12,-0.0393,-2.1601,3.2285,0
PUMP-HEALTHY,2026-01-07T07:15:00,476.45,2965.85,102.1,1.7,60.24,48.81,23.25,43.73,running,1,0,3,12,0.3272,1.8009,-9.3029,0
PUMP-HEALTHY,2026-01-07T07:20:00,483.0,2978.41,98.05,1.1,61.4,50.76,24.52,59.2,running,1,0,3,12,-0.6041,-4.0544,1.1676,0
PUMP-HEALTHY,2026-01-07T07:25:00,479.96,2979.77,101.13,1.9,63.1,50.21,24.1,58.52,running,1,0,3,12,0.8004,3.0866,1.6923,0
PUMP-HEALTHY,2026-01-07T07:30:00,481.91,2953.38,104.01,1.07,64.07,48.84,23.54,43.83,running,1,0,3,12,-0.8342,2.8705,0.972,0
PUMP-HEALTHY,2026-01-07T07:35:00,484.75,3006.5,102.32,2.93,64.41,47.73,23.14,37.75,running,1,0,3,12,1.8597,-1.6901,0.3467,0
PUMP-HEALTHY,2026-01-07T07:40:00,477.23,2970.59,102.86,2.19,67.19,46.27,22.08,39.48,running,1,0,3,12,-0.7386,0.5478,2.7764,0
PUMP-HEALTHY,2026-01-07T07:45:00,481.74,2992.66,99.64,1.16,63.14,47.85,23.05,42.25,running,1,0,2,12,-1.0304,-3.2197,-4.05,0
PUMP-HEALTHY,2026-01-07T07:50:00,481.12,2984.87,99.97,2.31,62.48,51.78,24.91,59.31,running,1,0,2,12,1.1582,0.3285,-0.66,0
PUMP-HEALTHY,2026-01-07T07:55:00,482.45,2980.74,99.8,1.15,68.97,48.84,23.56,50.3,running,1,0,4,12,-1.1689,-0.1701,6.4867,0
PUMP-HEALTHY,2026-01-07T08:00:00,477.42,3020.57,104.0,1.55,64.51,48.63,23.22,40.66,running,1,0,4,12,0.4056,4.2023,-4.458,0
PUMP-HEALTHY,2026-01-07T08:05:00,482.59,3033.68,102.9,1.34,62.25,49.19,23.74,49.83,running,1,0,1,12,-0.2089,-1.1068,-2.2636,0
PUMP-HEALTHY,2026-01-07T08:10:00,484.88,3016.9,101.73,2.54,65.22,49.65,24.07,56.45,running,1,0,0,12,1.1984,-1.165,2.9786,0
PUMP-HEALTHY,2026-01-07T08:15:00,484.98,3026.02,101.12,1.12,61.73,51.63,25.04,56.51,running,1,0,4,12,-1.4187,-0.6134,-3.4905,0
PUMP-HEALTHY,2026-01-07T08:20:00,478.48,2978.71,102.97,1.83,63.37,48.3,23.11,55.01,running,1,0,0,12,0.7032,1.8495,1.6334,0
PUMP-HEALTHY,2026-01-07T08:25:00,475.43,2977.81,101.03,1.61,69.29,47.03,22.36,38.71,running,1,0,1,12,-0.2168,-1.9384,5.9222,0
PUMP-HEALTHY,2026-01-07T08:30:00,483.97,3037.46,98.75,2.56,62.04,49.85,24.13,56.59,running,1,0,4,12,0.9488,-2.2834,-7.2486,0
PUMP-HEALTHY,2026-01-07T08:35:00,478.92,2983.08,100.36,2.36,64.71,47.98,22.98,35.06,running,1,0,4,12,-0.2025,1.6152,2.6731,0
PUMP-HEALTHY,2026-01-07T08:40:00,481.09,3044.44,99.83,1.72,62.98,46.87,22.55,41.48,running,1,0,1,12,-0.6341,-0.534,-1.7301,0
PUMP-HEALTHY,2026-01-07T08:45:00,484.35,3005.07,98.34,1.41,68.9,47.15,22.84,39.76,running,1,0,0,12,-0.3116,-1.4912,5.919,0
PUMP-HEALTHY,2026-01-07T08:50:00,483.58,2969.49,101.2,1.37,64.07,47.63,23.03,51.4,running,1,0,4,12,-0.0432,2.8662,-4.8367,0
PUMP-HEALTHY,2026-01-07T08:55:00,479.16,3024.15,102.72,2.32,67.81,46.77,22.41,48.51,running,1,0,2,12,0.9498,1.5209,3.7485,0
PUMP-HEALTHY,2026-01-07T09:00:00,482.11,3039.72,101.98,1.56,67.53,49.4,23.82,58.98,running,1,0,3,12,-0.7549,-0.74,-0.2817,0
PUMP-HEALTHY,2026-01-07T09:05:00,479.38,2978.6,101.26,1.38,60.38,46.46,22.27,40.2,running,1,0,2,12,-0.1845,-0.7229,-7.1572,0
PUMP-HEALTHY,2026-01-07T09:10:00,484.47,2966.34,103.71,2.22,62.8,47.16,22.85,44.77,running,1,0,1,12,0.8424,2.4448,2.4279,0
PUMP-HEALTHY,2026-01-07T09:15:00,476.99,2963.35,104.96,2.25,62.34,45.2,21.56,38.41,running,1,0,1,12,0.0282,1.2526,-0.4656,0
PUMP-HEALTHY,2026-01-07T09:20:00,477.04,2951.0,98.15,1.39,64.08,48.97,23.36,46.02,running,1,0,3,12,-0.8527,-6.8043,1.7452,0
PUMP-HEALTHY,2026-01-07T09:25:00,478.65,3031.58,101.06,1.85,67.76,48.32,23.13,50.24,running,1,0,0,12,0.4592,2.909,3.6761,0
PUMP-HEALTHY,2026-01-07T09:30:00,476.74,3014.18,99.47,1.16,69.04,51.06,24.34,57.76,running,1,0,3,12,-0.6973,-1.5885,1.2761,0
PUMP-HEALTHY,2026-01-07T09:35:00,476.71,2952.9,99.9,2.84,67.92,46.4,22.12,36.17,running,1,0,4,12,1.6793,0.4217,-1.1111,0
PUMP-HEALTHY,2026-01-07T09:40:00,483.09,3029.72,104.42,1.03,64.54,45.95,22.2,39.08,running,1,0,2,12,-1.803,4.5249,-3.3818,0
PUMP-HEALTHY,2026-01-07T09:45:00,475.58,3031.43,103.06,2.83,62.59,49.76,23.66,57.08,running,1,0,3,12,1.7998,-1.3654,-1.9528,0
PUMP-HEALTHY,2026-01-07T09:50:00,481.42,3019.1,100.25,1.52,61.06,50.36,24.25,54.67,running,1,0,0,12,-1.3117,-2.8077,-1.5307,0
PUMP-HEALTHY,2026-01-07T09:55:00,478.86,3013.98,99.59,2.74,64.41,49.63,23.77,54.72,running,1,0,0,12,1.2239,-0.6561,3.3484,0
PUMP-HEALTHY,2026-01-07T10:00:00,476.8,2981.67,98.28,2.91,67.82,47.15,22.48,43.58,running,1,0,4,12,0.1668,-1.311,3.4123,0
PUMP-HEALTHY,2026-01-07T10:05:00,482.25,2964.74,99.73,1.5,61.88,50.83,24.51,49.34,running,1,0,0,12,-1.4134,1.4511,-5.9431,0
PUMP-HEALTHY,2026-01-07T10:10:00,475.86,2954.71,101.72,2.93,60.42,51.02,24.28,52.42,running,1,0,4,12,1.4338,1.9846,-1.4566,0
PUMP-HEALTHY,2026-01-07T10:15:00,475.5,3041.63,104.83,1.15,68.55,49.75,23.65,56.57,running,1,0,1,12,-1.7842,3.1156,8.1309,0
PUMP-HEALTHY,2026-01-07T10:20:00,480.98,2985.25,102.11,2.24,62.52,48.37,23.27,43.87,running,1,0,0,12,1.091,-2.7177,-6.0324,0
PUMP-HEALTHY,2026-01-07T10:25:00,479.94,2967.27,98.99,1.98,63.88,46.32,22.23,41.36,running,1,0,2,12,-0.2544,-3.1196,1.3599,0
PUMP-HEALTHY,2026-01-07T10:30:00,483.57,2964.97,98.79,1.35,66.79,48.72,23.56,52.13,running,1,0,1,12,-0.6322,-0.2038,2.9132,0
PUMP-HEALTHY,2026-01-07T10:35:00,484.09,3024.0,98.01,2.08,61.96,50.21,24.31,59.4,running,1,0,0,12,0.7269,-0.7804,-4.8363,0
PUMP-HEALTHY,2026-01-07T10:40:00,478.05,3034.06,101.49,2.2,69.22,46.05,22.01,35.29,running,1,0,2,12,0.1193,3.4831,7.2695,0
PUMP-HEALTHY,2026-01-07T10:45:00,481.14,2987.75,101.55,1.7,66.12,49.09,23.62,56.87,running,1,0,4,12,-0.4997,0.0587,-3.1037,0
PUMP-HEALTHY,2026-01-07T10:50:00,482.02,2968.17,100.99,2.32,61.6,51.38,24.77,56.94,running,1,0,3,12,0.6171,-0.5624,-4.5212,0
PUMP-HEALTHY,2026-01-07T10:55:00,484.21,2997.42,103.56,1.32,63.59,47.02,22.77,38.84,running,1,0,0,12,-0.9958,2.5736,1.9873,0
PUMP-HEALTHY,2026-01-07T11:00:00,476.42,3010.46,98.19,1.74,67.25,47.08,22.43,38.94,running,1,0,3,12,0.4177,-5.3691,3.6644,0
PUMP-HEALTHY,2026-01-07T11:05:00,477.18,2965.16,100.22,2.51,67.01,47.62,22.72,45.06,running,1,0,1,12,0.7771,2.0298,-0.24,0
PUMP-HEALTHY,2026-01-07T11:10:00,481.46,2967.24,102.36,1.59,67.64,46.96,22.61,39.5,running,1,0,4,12,-0.9216,2.1327,0.6281,0
PUMP-HEALTHY,2026-01-07T11:15:00,480.14,3014.63,101.86,1.19,62.05,47.41,22.76,37.67,running,1,0,2,12,-0.3991,-0.4984,-5.5918,0
PUMP-HEALTHY,2026-01-07T11:20:00,480.74,3035.17,99.57,2.71,60.64,47.96,23.06,51.06,running,1,0,1,12,1.5169,-2.2874,-1.4053,0
PUMP-HEALTHY,2026-01-07T11:25:00,482.82,2987.21,100.07,2.33,68.83,49.89,24.09,52.78,running,1,0,4,12,-0.3856,0.5014,8.192,0
PUMP-HEALTHY,2026-01-07T11:30:00,480.0,2990.15,104.26,1.21,65.83,47.74,22.91,48.27,running,1,0,2,12,-1.1175,4.1829,-3.0059,0
PUMP-HEALTHY,2026-01-07T11:35:00,482.5,3033.72,102.72,1.09,63.88,49.08,23.68,49.25,running,1,0,4,12,-0.1228,-1.5394,-1.9458,0
PUMP-HEALTHY,2026-01-07T11:40:00,479.8,3033.19,101.65,2.55,69.6,48.28,23.17,50.95,running,1,0,0,12,1.4667,-1.0706,5.715,0
PUMP-HEALTHY,2026-01-07T11:45:00,480.96,3022.42,99.52,2.32,61.12,48.73,23.44,38.52,running,1,0,1,12,-0.2349,-2.1215,-8.4797,0
PUMP-HEALTHY,2026-01-07T11:50:00,476.83,2980.56,98.45,1.57,66.12,49.61,23.66,48.3,running,1,0,4,12,-0.7484,-1.0762,4.9994,0
PUMP-HEALTHY,2026-01-07T11:55:00,484.17,3006.84,104.03,2.73,60.9,50.32,24.36,56.57,running,1,0,4,12,1.163,5.5854,-5.2169,0
PUMP-HEALTHY,2026-01-07T12:00:00,480.94,3011.3,102.03,2.05,66.52,47.49,22.84,47.84,running,1,0,1,12,-0.678,-2.0055,5.6164,0
PUMP-HEALTHY,2026-01-07T12:05:00,483.75,2992.22,98.15,2.38,61.68,44.64,21.6,35.05,running,1,0,4,12,0.3227,-3.881,-4.836,0
PUMP-HEALTHY,2026-01-07T12:10:00,478.37,3004.4,99.32,1.19,63.22,47.61,22.78,36.16,running,1,0,1,12,-1.1837,1.1733,1.5367,0
PUMP-HEALTHY,2026-01-07T12:15:00,480.5,2950.19,100.49,2.38,69.25,50.6,24.31,56.06,running,1,0,4,12,1.1855,1.1671,6.0314,0
PUMP-HEALTHY,2026-01-07T12:20:00,475.62,2995.11,101.74,1.86,68.23,51.07,24.29,53.91,running,1,0,4,12,-0.5138,1.2509,-1.0227,0
PUMP-HEALTHY,2026-01-07T12:25:00,484.93,2970.68,104.1,2.22,63.85,52.1,25.27,54.74,running,1,0,0,12,0.3544,2.3667,-4.3727,0
PUMP-HEALTHY,2026-01-07T12:30:00,480.06,3013.5,104.18,2.93,69.13,50.75,24.36,53.75,running,1,0,1,12,0.7081,0.0783,5.2769,0
PUMP-HEALTHY,2026-01-07T12:35:00,479.34,2980.47,103.44,1.0,60.74,46.97,22.51,38.88,running,1,0,4,12,-1.9253,-0.7441,-8.3867,0
PUMP-HEALTHY,2026-01-07T12:40:00,476.52,3017.3,103.94,2.46,62.24,49.89,23.78,57.44,running,1,0,4,12,1.4605,0.5052,1.4942,0
PUMP-HEALTHY,2026-01-07T12:45:00,479.77,3020.82,103.35,2.88,60.2,50.5,24.23,58.82,running,1,0,3,12,0.4198,-0.5943,-2.0402,0
PUMP-HEALTHY,2026-01-07T12:50:00,482.56,3022.34,103.78,1.33,66.35,50.81,24.52,58.36,running,1,0,1,12,-1.5479,0.4289,6.1502,0
PUMP-HEALTHY,2026-01-07T12:55:00,482.7,3012.12,101.27,1.89,64.1,48.61,23.46,46.52,running,1,0,3,12,0.5551,-2.509,-2.2505,0
PUMP-HEALTHY,2026-01-07T13:00:00,480.8,3003.32,99.73,2.39,63.5,49.54,23.82,47.44,running,1,0,1,12,0.4964,-1.541,-0.5981,0
PUMP-HEALTHY,2026-01-07T13:05:00,482.01,2987.69,102.87,2.64,65.34,50.35,24.27,54.09,running,1,0,1,12,0.2584,3.1429,1.8392,0
PUMP-HEALTHY,2026-01-07T13:10:00,478.24,2970.41,102.32,2.19,68.91,46.19,22.09,39.06,running,1,0,0,12,-0.4576,-0.5543,3.5724,0
PUMP-HEALTHY,2026-01-07T13:15:00,482.64,3023.82,104.21,2.16,66.08,49.03,23.66,46.13,running,1,0,3,12,-0.0277,1.889,-2.8328,0
PUMP-HEALTHY,2026-01-07T13:20:00,480.9,3049.7,98.44,1.88,66.19,48.8,23.47,47.11,running,1,0,2,12,-0.2829,-5.7657,0.1091,0
PUMP-HEALTHY,2026-01-07T13:25:00,481.86,2999.8,101.91,2.37,68.51,46.84,22.57,42.11,running,1,0,4,12,0.4954,3.4735,2.3187,0
PUMP-HEALTHY,2026-01-07T13:30:00,483.02,3034.7,98.79,1.92,62.89,50.39,24.34,46.46,running,1,0,4,12,-0.4471,-3.1262,-5.6163,0
PUMP-HEALTHY,2026-01-07T13:35:00,480.36,3003.32,104.98,1.59,65.84,45.62,21.91,35.7,running,1,0,4,12,-0.3382,6.1929,2.953,0
PUMP-HEALTHY,2026-01-07T13:40:00,483.06,3037.58,100.29,1.34,68.36,49.65,23.98,59.66,running,1,0,3,12,-0.2441,-4.694,2.5141,0
PUMP-HEALTHY,2026-01-07T13:45:00,479.0,3005.29,104.31,1.04,65.44,48.77,23.36,41.76,running,1,0,1,12,-0.3056,4.0255,-2.9133,0
PUMP-HEALTHY,2026-01-07T13:50:00,475.01,3037.73,102.01,1.38,66.66,46.0,21.85,36.03,running,1,0,1,12,0.3438,-2.3002,1.2136,0
PUMP-HEALTHY,2026-01-07T13:55:00,481.19,3023.69,99.83,2.71,69.95,48.55,23.36,48.83,running,1,0,3,12,1.3293,-2.1786,3.2912,0
PUMP-HEALTHY,2026-01-07T14:00:00,482.88,3041.52,98.33,1.43,66.8,50.82,24.54,53.01,running,1,0,4,12,-1.2835,-1.5027,-3.1519,0
PUMP-HEALTHY,2026-01-07T14:05:00,478.56,2970.33,104.38,2.9,63.87,45.66,21.85,37.43,running,1,0,4,12,1.4749,6.0474,-2.9225,0
PUMP-HEALTHY,2026-01-07T14:10:00,481.65,3039.72,100.06,1.9,60.52,51.52,24.81,54.03,running,1,0,4,12,-1.003,-4.3188,-3.3562,0
PUMP-HEALTHY,2026-01-07T14:15:00,479.72,2991.44,102.5,1.07,61.13,49.36,23.68,53.75,running,1,0,1,12,-0.8278,2.4398,0.6121,0
PUMP-HEALTHY,2026-01-07T14:20:00,477.71,2979.56,104.65,1.5,66.01,49.9,23.84,58.45,running,1,0,3,12,0.4343,2.1487,4.8845,0
PUMP-HEALTHY,2026-01-07T14:25:00,480.59,3042.91,103.73,1.75,63.01,45.09,21.67,35.97,running,1,0,2,12,0.2443,-0.9184,-3.0057,0
PUMP-HEALTHY,2026-01-07T14:30:00,481.11,2993.62,101.34,1.63,64.25,48.95,23.55,39.46,running,1,0,2,12,-0.1176,-2.3857,1.2459,0
PUMP-HEALTHY,2026-01-07T14:35:00,477.36,3043.19,102.53,1.59,67.93,46.47,22.18,41.47,running,1,0,2,12,-0.0411,1.1888,3.6766,0
PUMP-HEALTHY,2026-01-07T14:40:00,481.85,2982.57,102.18,2.2,63.26,48.18,23.22,37.41,running,1,0,0,12,0.6118,-0.3516,-4.6687,0
PUMP-HEALTHY,2026-01-07T14:45:00,479.89,2958.18,98.96,1.67,63.48,47.55,22.82,37.54,running,1,0,0,12,-0.5355,-3.2208,0.2144,0
PUMP-HEALTHY,2026-01-07T14:50:00,482.41,2989.44,102.61,2.89,69.31,47.68,23.0,36.7,running,1,0,1,12,1.227,3.6486,5.8282,0
PUMP-HEALTHY,2026-01-07T14:55:00,481.33,2996.33,99.1,2.54,65.36,47.85,23.03,48.64,running,1,0,2,12,-0.3482,-3.5095,-3.9445,0
PUMP-HEALTHY,2026-01-07T15:00:00,480.54,2967.1,102.09,1.61,66.81,48.75,23.43,43.66,running,1,0,4,12,-0.9343,2.9918,1.452,0
PUMP-HEALTHY,2026-01-07T15:05:00,478.28,2986.82,98.59,1.13,63.36,47.8,22.86,36.31,running,1,0,0,12,-0.4774,-3.503,-3.4528,0
PUMP-HEALTHY,2026-01-07T15:10:00,477.58,2995.41,99.88,1.46,63.66,48.15,23.0,40.37,running,1,0,2,12,0.3275,1.2965,0.3013,0
PUMP-HEALTHY,2026-01-07T15:15:00,476.12,3028.95,101.23,1.71,63.0,49.89,23.75,55.14,running,1,0,4,12,0.2522,1.344,-0.6584,0
PUMP-HEALTHY,2026-01-07T15:20:00,477.03,2983.34,101.42,2.07,62.22,45.49,21.7,38.12,running,1,0,1,12,0.3558,0.1896,-0.7803,0
PUMP-HEALTHY,2026-01-07T15:25:00,477.4,3014.43,104.43,2.96,64.27,46.15,22.03,35.94,running,1,0,4,12,0.8922,3.0108,2.0488,0
PUMP-HEALTHY,2026-01-07T15:30:00,475.68,3029.44,101.36,1.95,60.1,49.4,23.5,55.68,running,1,0,1,12,-1.0104,-3.0697,-4.1748,0
PUMP-HEALTHY,2026-01-07T15:35:00,476.22,3019.15,100.86,2.66,62.13,46.36,22.08,43.19,running,1,0,0,12,0.713,-0.4993,2.0306,0
PUMP-HEALTHY,2026-01-07T15:40:00,476.02,3006.45,98.75,1.85,64.78,48.76,23.21,42.31,running,1,0,3,12,-0.8138,-2.1085,2.6566,0
PUMP-HEALTHY,2026-01-07T15:45:00,482.42,3043.35,102.15,1.79,69.32,49.84,24.04,59.67,running,1,0,4,12,-0.0547,3.3958,4.5378,0
PUMP-HEALTHY,2026-01-07T15:50:00,480.76,3038.87,102.4,1.86,69.72,48.34,23.24,43.54,running,1,0,0,12,0.065,0.2563,0.3953,0
PUMP-HEALTHY,2026-01-07T15:55:00,476.12,3003.23,101.88,1.96,65.77,47.3,22.52,48.28,running,1,0,1,12,0.0994,-0.525,-3.9423,0
PUMP-HEALTHY,2026-01-07T16:00:00,475.95,2958.5,102.16,2.33,62.91,47.86,22.78,42.19,running,1,0,4,12,0.3678,0.2824,-2.8693,0
PUMP-HEALTHY,2026-01-07T16:05:00,482.76,2979.75,103.26,2.8,66.7,50.12,24.2,53.1,running,1,0,2,12,0.4747,1.0964,3.7948,0
PUMP-HEALTHY,2026-01-07T16:10:00,483.24,3038.98,100.3,2.42,63.49,50.69,24.5,48.0,running,1,0,0,12,-0.3819,-2.9574,-3.2146,0
PUMP-HEALTHY,2026-01-07T16:15:00,476.79,2957.15,103.22,1.93,65.39,49.65,23.67,51.51,running,1,0,1,12,-0.4944,2.9162,1.9028,0
PUMP-HEALTHY,2026-01-07T16:20:00,477.99,3004.04,102.48,2.81,64.52,44.56,21.3,37.05,running,1,0,2,12,0.8891,-0.7413,-0.8696,0
PUMP-HEALTHY,2026-01-07T16:25:00,484.16,2976.27,100.3,1.2,62.66,50.52,24.46,58.15,running,1,0,3,12,-1.6168,-2.174,-1.8598,0
PUMP-HEALTHY,2026-01-07T16:30:00,484.82,2960.48,99.28,1.44,60.3,48.45,23.49,48.2,running,1,0,0,12,0.2375,-1.0255,-2.3619,0
PUMP-HEALTHY,2026-01-07T16:35:00,480.78,3010.98,104.9,2.67,60.8,49.97,24.02,58.63,running,1,0,4,12,1.2333,5.6253,0.501,0
PUMP-HEALTHY,2026-01-07T16:40:00,481.57,3036.65,103.91,2.15,68.46,49.96,24.06,55.83,running,1,0,1,12,-0.5229,-0.9949,7.6614,0
PUMP-HEALTHY,2026-01-07T16:45:00,480.6,2992.52,100.96,1.42,68.23,48.54,23.33,44.34,running,1,0,4,12,-0.7303,-2.9453,-0.2281,0
PUMP-HEALTHY,2026-01-07T16:50:00,482.51,3025.45,101.25,2.5,67.69,48.3,23.31,51.72,running,1,0,0,12,1.0826,0.292,-0.5431,0
PUMP-HEALTHY,2026-01-07T16:55:00,476.22,2974.11,102.09,1.02,69.59,49.79,23.71,48.32,running,1,0,2,12,-1.4771,0.8387,1.8972,0
PUMP-HEALTHY,2026-01-07T17:00:00,478.5,2974.33,100.99,2.15,66.9,47.79,22.87,43.2,running,1,0,0,12,1.1271,-1.1053,-2.6844,0
PUMP-HEALTHY,2026-01-07T17:05:00,475.43,2982.77,104.16,1.6,67.15,45.13,21.45,40.16,running,1,0,4,12,-0.5493,3.1691,0.2455,0
PUMP-HEALTHY,2026-01-07T17:10:00,479.96,2987.91,100.81,2.83,60.79,49.44,23.73,52.26,running,1,0,1,12,1.2314,-3.3408,-6.3577,0
PUMP-HEALTHY,2026-01-07T17:15:00,478.53,3029.85,98.42,1.01,63.34,49.12,23.51,43.04,running,1,0,0,12,-1.8158,-2.3919,2.55,0
PUMP-HEALTHY,2026-01-07T17:20:00,478.67,3045.56,101.15,1.49,66.51,51.34,24.58,56.52,running,1,0,1,12,0.4784,2.7301,3.168,0
PUMP-HEALTHY,2026-01-07T17:25:00,478.57,3028.99,98.81,1.76,62.46,50.94,24.38,58.91,running,1,0,1,12,0.267,-2.3427,-4.0456,0
PUMP-HEALTHY,2026-01-07T17:30:00,479.72,2968.17,98.2,1.32,65.95,51.36,24.64,59.92,running,1,0,1,12,-0.4428,-0.6126,3.484,0
PUMP-HEALTHY,2026-01-07T17:35:00,477.95,3002.12,100.64,1.51,60.69,48.95,23.4,52.62,running,1,0,3,12,0.193,2.4468,-5.2581,0
PUMP-HEALTHY,2026-01-07T17:40:00,484.59,2982.33,104.24,1.67,68.72,48.74,23.62,50.87,running,1,0,2,12,0.1597,3.5975,8.035,0
PUMP-HEALTHY,2026-01-07T17:45:00,484.63,2953.75,102.68,2.09,61.35,49.13,23.81,59.5,running,1,0,3,12,0.4242,-1.5566,-7.3682,0
PUMP-HEALTHY,2026-01-07T17:50:00,476.34,3035.72,104.11,1.53,62.59,45.68,21.76,41.76,running,1,0,2,12,-0.5671,1.4216,1.2379,0
PUMP-HEALTHY,2026-01-07T17:55:00,482.94,3042.66,102.03,2.15,60.45,47.81,23.09,47.38,running,1,0,4,12,0.6237,-2.0791,-2.1426,0
PUMP-HEALTHY,2026-01-07T18:00:00,481.27,3019.21,98.03,1.35,65.06,48.95,23.56,54.09,running,1,0,2,12,-0.8029,-4.0023,4.6075,0
PUMP-HEALTHY,2026-01-07T18:05:00,483.71,3025.44,100.45,2.71,62.37,49.67,24.02,55.79,running,1,0,3,12,1.364,2.4291,-2.6853,0
PUMP-HEALTHY,2026-01-07T18:10:00,476.23,2976.59,99.38,2.28,64.25,48.71,23.2,48.82,running,1,0,3,12,-0.4278,-1.0784,1.8769,0
PUMP-HEALTHY,2026-01-07T18:15:00,483.39,3032.08,103.43,2.53,60.35,46.79,22.62,42.63,running,1,0,0,12,0.2477,4.0538,-3.897,0
PUMP-HEALTHY,2026-01-07T18:20:00,480.07,2970.55,101.29,2.3,63.59,49.54,23.78,47.8,running,1,0,3,12,-0.2275,-2.1404,3.2403,0
PUMP-HEALTHY,2026-01-07T18:25:00,479.5,3032.94,98.66,2.43,66.05,47.51,22.78,50.57,running,1,0,3,12,0.1311,-2.6292,2.459,0
PUMP-HEALTHY,2026-01-07T18:30:00,484.69,2968.63,98.89,1.27,62.65,45.6,22.1,39.17,running,1,0,1,12,-1.1684,0.234,-3.4054,0
PUMP-HEALTHY,2026-01-07T18:35:00,483.62,2973.26,98.59,1.07,66.52,47.16,22.81,46.26,running,1,0,0,12,-0.1968,-0.2991,3.8787,0
PUMP-HEALTHY,2026-01-07T18:40:00,475.57,3019.01,102.83,2.68,62.72,47.11,22.4,49.13,running,1,0,4,12,1.608,4.2313,-3.8026,0
PUMP-HEALTHY,2026-01-07T18:45:00,481.43,2955.95,101.38,2.23,60.99,47.85,23.04,50.86,running,1,0,3,12,-0.4455,-1.4472,-1.7332,0
PUMP-HEALTHY,2026-01-07T18:50:00,475.28,3023.02,101.91,1.3,63.9,48.79,23.19,41.39,running,1,0,2,12,-0.9302,0.5271,2.9098,0
PUMP-HEALTHY,2026-01-07T18:55:00,475.78,2999.6,100.09,1.29,62.9,48.7,23.17,41.63,running,1,0,3,12,-0.0137,-1.8163,-1.0016,0
PUMP-HEALTHY,2026-01-07T19:00:00,476.0,3003.36,102.35,1.07,63.05,46.73,22.24,48.15,running,1,0,0,12,-0.2174,2.2632,0.1587,0
PUMP-HEALTHY,2026-01-07T19:05:00,476.49,2989.94,102.86,1.34,69.34,44.83,21.36,38.79,running,1,0,1,12,0.2688,0.5082,6.2877,0
PUMP-HEALTHY,2026-01-07T19:10:00,478.91,3030.26,103.05,1.14,63.6,48.23,23.1,45.23,running,1,0,3,12,-0.1995,0.1889,-5.7386,0
PUMP-HEALTHY,2026-01-07T19:15:00,481.05,2953.0,98.67,1.49,63.34,51.84,24.94,54.95,running,1,0,4,12,0.3466,-4.3796,-0.2685,0
PUMP-HEALTHY,2026-01-07T19:20:00,479.61,2968.95,103.45,2.31,61.72,45.51,21.83,37.34,running,1,0,4,12,0.8219,4.7804,-1.6187,0
PUMP-HEALTHY,2026-01-07T19:25:00,479.73,2957.56,100.73,1.29,61.2,48.91,23.46,55.11,running,1,0,2,12,-1.0236,-2.7219,-0.5171,0
PUMP-HEALTHY,2026-01-07T19:30:00,482.43,3029.23,104.99,1.22,61.67,52.0,25.08,55.19,running,1,0,2,12,-0.0632,4.2626,0.4723,0
PUMP-HEALTHY,2026-01-07T19:35:00,478.06,2990.71,104.88,1.29,62.26,48.92,23.39,42.54,running,1,0,2,12,0.0675,-0.1088,0.584,0
PUMP-HEALTHY,2026-01-07T19:40:00,476.44,3014.79,98.11,1.68,62.15,49.67,23.66,49.69,running,1,0,0,12,0.3952,-6.775,-0.1091,0
PUMP-HEALTHY,2026-01-07T19:45:00,480.83,2980.51,103.76,2.6,64.74,47.65,22.91,39.51,running,1,0,2,12,0.911,5.6553,2.5979,0
PUMP-HEALTHY,2026-01-07T19:50:00,478.16,2972.46,98.91,1.82,66.52,48.06,22.98,50.07,running,1,0,1,12,-0.7777,-4.8492,1.7709,0
PUMP-HEALTHY,2026-01-07T19:55:00,477.7,2984.49,102.84,2.17,63.51,46.35,22.14,44.56,running,1,0,2,12,0.3507,3.9304,-3.0079,0
PUMP-HEALTHY,2026-01-07T20:00:00,484.55,3003.7,104.46,1.18,68.05,48.73,23.61,48.51,running,1,0,4,12,-0.9869,1.611,4.5467,0
PUMP-HEALTHY,2026-01-07T20:05:00,483.02,3038.49,99.79,2.11,67.91,50.69,24.49,57.71,running,1,0,3,12,0.9302,-4.6682,-0.1426,0
PUMP-HEALTHY,2026-01-07T20:10:00,484.99,3040.79,101.5,1.54,64.56,47.82,23.19,35.59,running,1,0,0,12,-0.5735,1.7143,-3.3498,0
PUMP-HEALTHY,2026-01-07T20:15:00,484.77,2960.95,98.23,1.58,68.46,47.03,22.8,38.27,running,1,0,4,12,0.0447,-3.2737,3.9018,0
PUMP-HEALTHY,2026-01-07T20:20:00,484.33,3026.85,104.6,1.4,66.08,48.46,23.47,53.26,running,1,0,1,12,-0.18,6.369,-2.3844,0
PUMP-HEALTHY,2026-01-07T20:25:00,477.79,2976.9,101.06,1.9,69.51,46.85,22.39,47.6,running,1,0,2,12,0.4949,-3.5374,3.4265,0
PUMP-HEALTHY,2026-01-07T20:30:00,477.74,2968.75,103.0,1.02,60.66,47.84,22.85,39.16,running,1,0,1,12,-0.8786,1.9416,-8.8467,0
PUMP-HEALTHY,2026-01-07T20:35:00,483.66,2985.93,100.3,2.76,67.61,44.7,21.62,35.05,running,1,0,2,12,1.7378,-2.6989,6.9544,0
PUMP-HEALTHY,2026-01-07T20:40:00,482.44,3049.41,101.17,2.19,66.12,46.6,22.48,35.08,running,1,0,0,12,-0.5698,0.8721,-1.4918,0
PUMP-HEALTHY,2026-01-07T20:45:00,476.21,2961.91,103.59,1.05,69.55,49.35,23.5,56.26,running,1,0,1,12,-1.1412,2.4142,3.4276,0
PUMP-HEALTHY,2026-01-07T20:50:00,476.39,2999.45,104.54,2.48,65.82,49.49,23.57,48.3,running,1,0,4,12,1.438,0.9485,-3.7297,0
PUMP-HEALTHY,2026-01-07T20:55:00,475.45,2950.89,103.57,1.67,65.43,48.04,22.84,56.07,running,1,0,3,12,-0.8107,-0.9706,-0.3865,0
PUMP-HEALTHY,2026-01-07T21:00:00,479.8,2975.8,99.71,1.1,69.21,51.84,24.88,55.4,running,1,0,1,12,-0.5724,-3.8515,3.7803,0
PUMP-HEALTHY,2026-01-07T21:05:00,479.35,3039.03,103.06,1.49,64.46,50.52,24.22,58.24,running,1,0,4,12,0.3873,3.3465,-4.7569,0
PUMP-HEALTHY,2026-01-07T21:10:00,480.55,2986.94,99.81,2.0,67.59,49.92,23.99,59.07,running,1,0,2,12,0.5139,-3.2471,3.1356,0
PUMP-HEALTHY,2026-01-07T21:15:00,483.05,3016.47,98.48,1.41,67.63,47.45,22.92,41.94,running,1,0,4,12,-0.5956,-1.3351,0.0341,0
PUMP-HEALTHY,2026-01-07T21:20:00,481.07,2975.04,102.07,2.41,68.63,46.93,22.57,45.8,running,1,0,1,12,1.0012,3.5951,1.0059,0
PUMP-HEALTHY,2026-01-07T21:25:00,477.67,3014.4,98.11,1.28,67.7,50.96,24.34,57.76,running,1,0,1,12,-1.1295,-3.9618,-0.9324,0
PUMP-HEALTHY,2026-01-07T21:30:00,480.13,3009.65,103.37,2.94,61.49,48.88,23.47,57.27,running,1,0,0,12,1.6577,5.2572,-6.207,0
PUMP-HEALTHY,2026-01-07T21:35:00,479.97,3018.88,104.33,1.94,67.9,49.79,23.9,43.96,running,1,0,1,12,-1.0012,0.9644,6.4038,0
PUMP-HEALTHY,2026-01-07T21:40:00,478.44,2995.44,98.06,1.17,66.2,50.88,24.34,59.81,running,1,0,0,12,-0.7608,-6.2749,-1.6991,0
PUMP-HEALTHY,2026-01-07T21:45:00,480.49,3018.66,104.57,2.26,67.86,50.11,24.08,59.36,running,1,0,3,12,1.0823,6.5089,1.6655,0
PUMP-HEALTHY,2026-01-07T21:50:00,476.14,2953.17,101.25,1.35,60.55,45.99,21.9,45.66,running,1,0,4,12,-0.9109,-3.3153,-7.3092,0
PUMP-HEALTHY,2026-01-07T21:55:00,476.43,2958.67,98.63,2.76,69.07,48.52,23.12,40.01,running,1,0,3,12,1.4122,-2.6244,8.5199,0
PUMP-HEALTHY,2026-01-07T22:00:00,475.69,2958.96,98.21,2.81,69.47,47.21,22.46,52.88,running,1,0,2,12,0.0509,-0.4226,0.3913,0
PUMP-HEALTHY,2026-01-07T22:05:00,477.24,3031.49,104.24,2.83,67.54,48.38,23.09,42.8,running,1,0,1,12,0.018,6.0329,-1.9258,0
PUMP-HEALTHY,2026-01-07T22:10:00,483.94,3047.85,100.93,1.44,66.34,50.22,24.3,44.57,running,1,0,1,12,-1.3894,-3.3057,-1.1991,0
PUMP-HEALTHY,2026-01-07T22:15:00,475.07,2999.92,103.2,2.25,62.05,49.15,23.35,53.3,running,1,0,4,12,0.8143,2.2719,-4.2906,0
PUMP-HEALTHY,2026-01-07T22:20:00,484.61,2958.31,104.99,2.07,61.63,46.52,22.54,42.95,running,1,0,1,12,-0.1823,1.7896,-0.4178,0
PUMP-HEALTHY,2026-01-07T22:25:00,478.94,3048.69,101.57,2.69,67.04,47.36,22.68,44.69,running,1,0,1,12,0.6251,-3.4285,5.4041,0
PUMP-HEALTHY,2026-01-07T22:30:00,483.56,2977.61,98.54,2.85,68.79,50.21,24.28,57.1,running,1,0,2,12,0.1586,-3.0296,1.7573,0
PUMP-HEALTHY,2026-01-07T22:35:00,482.9,2979.35,101.27,1.16,61.6,45.64,22.04,36.5,running,1,0,0,12,-1.6922,2.7335,-7.1968,0
PUMP-HEALTHY,2026-01-07T22:40:00,483.06,2980.33,101.96,2.99,69.74,46.37,22.4,38.14,running,1,0,0,12,1.8258,0.6898,8.1391,0
PUMP-HEALTHY,2026-01-07T22:45:00,478.07,2991.93,103.17,1.76,61.52,44.98,21.51,37.76,running,1,0,2,12,-1.23,1.2131,-8.2119,0
PUMP-HEALTHY,2026-01-07T22:50:00,481.05,3025.12,99.15,1.51,67.86,46.06,22.16,35.43,running,1,0,0,12,-0.2433,-4.0271,6.3329,0
PUMP-HEALTHY,2026-01-07T22:55:00,482.66,2960.11,102.97,1.99,61.96,49.12,23.71,48.76,running,1,0,3,12,0.4726,3.8264,-5.9009,0
PUMP-HEALTHY,2026-01-07T23:00:00,477.34,2972.53,102.74,2.58,65.0,51.19,24.44,56.6,running,1,0,2,12,0.5918,-0.2316,3.0488,0
PUMP-HEALTHY,2026-01-07T23:05:00,480.87,2991.98,98.16,1.81,62.6,49.25,23.68,54.35,running,1,0,0,12,-0.7676,-4.5778,-2.4077,0
PUMP-HEALTHY,2026-01-07T23:10:00,476.82,2966.1,104.15,1.62,66.57,48.5,23.13,41.97,running,1,0,0,12,-0.1883,5.9847,3.9684,0
PUMP-HEALTHY,2026-01-07T23:15:00,482.08,2955.1,102.28,2.9,64.24,49.14,23.69,55.59,running,1,0,4,12,1.2801,-1.868,-2.3263,0
PUMP-HEALTHY,2026-01-07T23:20:00,478.85,3048.75,99.42,1.12,66.99,46.46,22.25,37.63,running,1,0,0,12,-1.7772,-2.8607,2.7498,0
PUMP-HEALTHY,2026-01-07T23:25:00,475.8,3030.76,98.23,1.03,62.98,51.42,24.47,58.42,running,1,0,3,12,-0.0986,-1.1914,-4.0105,0
PUMP-HEALTHY,2026-01-07T23:30:00,482.48,3008.97,101.27,2.3,64.15,48.44,23.37,54.52,running,1,0,1,12,1.2781,3.0394,1.1713,0
PUMP-HEALTHY,2026-01-07T23:35:00,482.61,3043.99,102.79,2.23,67.51,46.78,22.57,36.27,running,1,0,3,12,-0.0708,1.5198,3.3631,0
PUMP-HEALTHY,2026-01-07T23:40:00,483.21,2982.87,100.55,1.02,61.2,47.25,22.83,40.15,running,1,0,0,12,-1.2148,-2.2336,-6.3078,0
PUMP-HEALTHY,2026-01-07T23:45:00,475.23,3042.26,101.91,2.35,68.37,46.27,21.99,48.06,running,1,0,0,12,1.3331,1.3542,7.1664,0
PUMP-HEALTHY,2026-01-07T23:50:00,482.15,2996.79,104.62,1.21,60.27,48.03,23.16,52.26,running,1,0,1,12,-1.1404,2.7117,-8.0963,0
PUMP-HEALTHY,2026-01-07T23:55:00,476.3,2970.28,102.17,2.52,66.34,47.64,22.69,44.6,running,1,0,3,12,1.3048,-2.4484,6.0625,0
PUMP-HEALTHY,2026-01-08T00:00:00,478.39,2972.67,101.13,1.84,68.63,48.24,23.08,57.49,running,1,0,4,12,-0.6779,-1.0382,2.2955,0
PUMP-HEALTHY,2026-01-08T00:05:00,478.66,2985.19,104.07,2.0,60.15,49.8,23.84,51.28,running,1,0,1,12,0.1626,2.9381,-8.4856,0
PUMP-HEALTHY,2026-01-08T00:10:00,477.13,2989.53,99.3,2.94,61.22,49.85,23.79,49.63,running,1,0,3,12,0.9396,-4.7664,1.0681,0
PUMP-HEALTHY,2026-01-08T00:15:00,480.51,3034.69,99.82,2.33,60.2,50.68,24.35,55.02,running,1,0,0,12,-0.6078,0.5135,-1.0162,0
PUMP-HEALTHY,2026-01-08T00:20:00,477.46,3034.97,104.4,1.73,67.49,48.61,23.21,56.94,running,1,0,3,12,-0.6034,4.5837,7.2864,0
PUMP-HEALTHY,2026-01-08T00:25:00,483.95,3032.35,100.72,1.01,69.28,47.06,22.78,40.44,running,1,0,4,12,-0.7205,-3.682,1.7918,0
PUMP-HEALTHY,2026-01-08T00:30:00,482.67,3039.28,99.1,2.7,67.03,50.13,24.2,52.37,running,1,0,2,12,1.6882,-1.623,-2.2493,0
PUMP-HEALTHY,2026-01-08T00:35:00,480.42,2979.28,98.46,1.05,63.01,46.52,22.35,37.68,running,1,0,0,12,-1.6499,-0.6341,-4.0139,0
PUMP-HEALTHY,2026-01-08T00:40:00,478.16,2972.86,99.03,1.74,60.71,47.75,22.83,46.91,running,1,0,3,12,0.6894,0.5698,-2.3016,0
PUMP-HEALTHY,2026-01-08T00:45:00,481.98,2990.43,103.56,1.46,68.68,48.55,23.4,50.36,running,1,0,0,12,-0.2744,4.5278,7.9647,0
PUMP-HEALTHY,2026-01-08T00:50:00,478.26,3032.02,104.16,1.55,64.99,49.3,23.58,41.49,running,1,0,4,12,0.0901,0.6039,-3.6907,0
PUMP-HEALTHY,2026-01-08T00:55:00,482.87,3035.55,98.86,1.94,65.52,49.04,23.68,43.02,running,1,0,0,12,0.3926,-5.3073,0.5314,0
PUMP-HEALTHY,2026-01-08T01:00:00,484.06,3040.76,100.31,1.2,62.34,48.56,23.51,44.3,running,1,0,2,12,-0.748,1.4507,-3.176,0
PUMP-HEALTHY,2026-01-08T01:05:00,476.55,3035.41,102.48,2.52,68.12,47.0,22.4,46.55,running,1,0,2,12,1.3279,2.1698,5.7789,0
PUMP-HEALTHY,2026-01-08T01:10:00,479.35,3023.81,104.94,2.54,64.23,46.89,22.48,46.56,running,1,0,0,12,0.0185,2.459,-3.8925,0
PUMP-HEALTHY,2026-01-08T01:15:00,479.61,2956.11,101.5,1.25,63.84,48.06,23.05,41.59,running,1,0,1,12,-1.2984,-3.4351,-0.3858,0
PUMP-HEALTHY,2026-01-08T01:20:00,479.81,3022.27,99.52,1.97,63.07,45.38,21.77,40.71,running,1,0,0,12,0.7283,-1.9847,-0.7738,0
PUMP-HEALTHY,2026-01-08T01:25:00,483.41,3000.33,100.27,1.92,61.81,47.06,22.75,36.25,running,1,0,3,12,-0.0553,0.7546,-1.2583,0
PUMP-HEALTHY,2026-01-08T01:30:00,481.85,2990.28,99.03,1.9,65.55,52.2,25.15,55.85,running,1,0,1,12,-0.0163,-1.2377,3.7393,0
PUMP-HEALTHY,2026-01-08T01:35:00,475.1,3015.27,100.64,1.41,64.78,47.54,22.58,36.69,running,1,0,4,12,-0.488,1.6082,-0.7677,0
PUMP-HEALTHY,2026-01-08T01:40:00,484.67,2990.09,100.92,1.28,66.04,47.79,23.16,40.45,running,1,0,4,12,-0.137,0.2823,1.2551,0
PUMP-HEALTHY,2026-01-08T01:45:00,475.52,3039.59,102.86,2.59,65.17,52.11,24.78,58.4,running,1,0,0,12,1.3179,1.9356,-0.8673,0
PUMP-HEALTHY,2026-01-08T01:50:00,481.94,3028.02,103.44,1.52,63.47,46.68,22.49,35.63,running,1,0,3,12,-1.0752,0.5834,-1.7016,0
PUMP-HEALTHY,2026-01-08T01:55:00,477.0,2991.81,98.59,2.81,65.96,49.88,23.79,46.23,running,1,0,2,12,1.2902,-4.8553,2.4933,0
PUMP-HEALTHY,2026-01-08T02:00:00,479.11,2955.78,101.32,2.19,64.63,48.8,23.38,52.77,running,1,0,4,12,-0.6189,2.7292,-1.3281,0
PUMP-HEALTHY,2026-01-08T02:05:00,482.04,2952.76,103.82,2.05,61.47,46.12,22.23,39.52,running,1,0,3,12,-0.1368,2.5024,-3.1621,0
PUMP-HEALTHY,2026-01-08T02:10:00,482.29,2968.03,102.94,1.35,66.43,47.09,22.71,47.05,running,1,0,2,12,-0.7031,-0.875,4.963,0
PUMP-HEALTHY,2026-01-08T02:15:00,481.51,2999.01,102.25,2.94,61.07,48.28,23.25,39.11,running,1,0,2,12,1.5865,-0.6959,-5.3686,0
PUMP-HEALTHY,2026-01-08T02:20:00,476.14,2976.82,101.87,2.15,62.33,49.42,23.53,44.37,running,1,0,0,12,-0.7832,-0.3798,1.2608,0
PUMP-HEALTHY,2026-01-08T02:25:00,477.07,3035.65,99.25,1.06,61.8,49.76,23.74,45.33,running,1,0,0,12,-1.0951,-2.6132,-0.5251,0
PUMP-HEALTHY,2026-01-08T02:30:00,484.97,3039.05,99.29,1.8,64.95,46.75,22.67,36.94,running,1,0,3,12,0.7359,0.0365,3.1527,0
PUMP-HEALTHY,2026-01-08T02:35:00,483.84,3025.95,104.45,2.61,60.8,50.56,24.46,58.1,running,1,0,0,12,0.8174,5.1604,-4.1507,0
PUMP-HEALTHY,2026-01-08T02:40:00,484.41,2979.12,99.39,1.37,68.35,49.16,23.81,39.59,running,1,0,0,12,-1.2429,-5.0631,7.5475,0
PUMP-HEALTHY,2026-01-08T02:45:00,483.63,2994.06,101.94,2.57,64.33,47.91,23.17,41.04,running,1,0,0,12,1.1955,2.5544,-4.019,0
PUMP-HEALTHY,2026-01-08T02:50:00,482.41,3025.62,100.28,1.12,68.81,49.72,23.99,50.39,running,1,0,4,12,-1.4433,-1.6667,4.4775,0
PUMP-HEALTHY,2026-01-08T02:55:00,477.19,3010.47,98.89,2.4,69.91,48.45,23.12,47.33,running,1,0,0,12,1.2797,-1.3851,1.1033,0
PUMP-HEALTHY,2026-01-08T03:00:00,483.22,2972.22,102.57,1.6,67.72,48.48,23.43,55.43,running,1,0,3,12,-0.8045,3.675,-2.189,0
PUMP-HEALTHY,2026-01-08T03:05:00,478.95,2983.11,99.2,2.73,65.53,49.49,23.7,42.59,running,1,0,4,12,1.1291,-3.364,-2.1944,0
PUMP-HEALTHY,2026-01-08T03:10:00,478.74,2995.26,98.0,2.72,64.35,49.54,23.72,55.4,running,1,0,3,12,-0.0077,-1.1975,-1.1812,0
PUMP-HEALTHY,2026-01-08T03:15:00,483.46,2952.17,98.31,1.02,67.15,48.89,23.64,37.58,running,1,0,1,12,-1.6979,0.3082,2.8002,0
PUMP-HEALTHY,2026-01-08T03:20:00,476.86,2957.78,100.6,2.65,62.99,50.18,23.93,55.35,running,1,0,0,12,1.6301,2.2877,-4.1558,0
PUMP-HEALTHY,2026-01-08T03:25:00,480.85,2967.34,99.1,2.91,62.47,48.98,23.55,39.33,running,1,0,1,12,0.2637,-1.5017,-0.5203,0
PUMP-HEALTHY,2026-01-08T03:30:00,483.1,3040.59,103.64,1.69,69.73,48.61,23.48,37.84,running,1,0,2,12,-1.2261,4.5394,7.2616,0
PUMP-HEALTHY,2026-01-08T03:35:00,482.96,3018.3,98.23,2.71,65.81,51.44,24.84,55.33,running,1,0,4,12,1.0225,-5.4038,-3.9253,0
PUMP-HEALTHY,2026-01-08T03:40:00,476.94,3027.58,99.35,1.32,68.5,46.47,22.16,44.85,running,1,0,4,12,-1.3862,1.1155,2.6891,0
PUMP-HEALTHY,2026-01-08T03:45:00,475.27,3006.43,103.18,3.0,62.3,48.34,22.97,38.16,running,1,0,1,12,1.6752,3.8337,-6.1931,0
PUMP-HEALTHY,2026-01-08T03:50:00,483.8,2955.75,103.46,2.5,63.93,51.15,24.75,57.69,running,1,0,0,12,-0.4969,0.2776,1.6233,0
PUMP-HEALTHY,2026-01-08T03:55:00,476.43,3046.7,100.81,1.15,64.6,47.76,22.75,49.7,running,1,0,1,12,-1.3522,-2.6501,0.6696,0
PUMP-HEALTHY,2026-01-08T04:00:00,480.95,3036.7,102.49,2.13,69.02,49.86,23.98,43.55,running,1,0,3,12,0.9822,1.676,4.419,0
PUMP-HEALTHY,2026-01-08T04:05:00,479.46,3020.3,98.7,1.74,67.23,46.53,22.31,38.2,running,1,0,1,12,-0.388,-3.7873,-1.7914,0
PUMP-HEALTHY,2026-01-08T04:10:00,481.68,3000.87,104.42,1.5,61.03,51.32,24.72,57.64,running,1,0,3,12,-0.241,5.7255,-6.1966,0
PUMP-HEALTHY,2026-01-08T04:15:00,483.09,2972.86,98.03,2.19,66.6,52.12,25.18,56.98,running,1,0,0,12,0.6824,-6.3931,5.5696,0
PUMP-HEALTHY,2026-01-08T04:20:00,476.91,3020.52,98.44,2.38,68.6,46.91,22.37,43.87,running,1,0,1,12,0.196,0.408,2.0022,0
PUMP-HEALTHY,2026-01-08T04:25:00,476.0,3013.98,100.1,2.33,60.49,49.74,23.68,56.28,running,1,0,2,12,-0.0498,1.657,-8.1069,0
PUMP-HEALTHY,2026-01-08T04:30:00,479.66,3047.38,100.62,2.48,68.6,45.34,21.75,38.83,running,1,0,2,12,0.1501,0.5239,8.106,0
PUMP-HEALTHY,2026-01-08T04:35:00,481.28,3017.54,102.9,2.08,61.09,48.93,23.55,39.51,running,1,0,3,12,-0.4031,2.2824,-7.5051,0
PUMP-HEALTHY,2026-01-08T04:40:00,479.93,2993.14,102.44,2.66,61.98,46.17,22.16,40.22,running,1,0,4,12,0.5796,-0.4646,0.8881,0
PUMP-HEALTHY,2026-01-08T04:45:00,479.3,2959.53,104.11,2.89,61.66,48.52,23.25,46.68,running,1,0,0,12,0.2265,1.6699,-0.3235,0
PUMP-HEALTHY,2026-01-08T04:50:00,483.83,2983.35,101.52,2.57,67.35,50.32,24.35,48.26,running,1,0,2,12,-0.3167,-2.5841,5.6931,0
PUMP-HEALTHY,2026-01-08T04:55:00,481.99,3021.06,101.34,1.81,61.72,48.86,23.55,53.49,running,1,0,1,12,-0.7597,-0.1794,-5.6334,0
PUMP-HEALTHY,2026-01-08T05:00:00,478.62,3042.4,104.04,2.28,63.19,49.01,23.46,44.33,running,1,0,1,12,0.4662,2.6911,1.4698,0
PUMP-HEALTHY,2026-01-08T05:05:00,476.84,2985.04,103.28,2.07,63.53,51.35,24.49,54.9,running,1,0,2,12,-0.2087,-0.751,0.3379,0
PUMP-HEALTHY,2026-01-08T05:10:00,479.47,3005.25,99.32,2.52,68.81,47.53,22.79,51.15,running,1,0,1,12,0.4544,-3.964,5.2814,0
PUMP-HEALTHY,2026-01-08T05:15:00,484.22,2958.72,101.99,1.35,60.11,47.52,23.01,35.34,running,1,0,3,12,-1.171,2.6672,-8.6937,0
PUMP-HEALTHY,2026-01-08T05:20:00,475.4,2990.99,98.0,2.84,68.92,47.85,22.75,55.7,running,1,0,1,12,1.4871,-3.9864,8.8041,0
PUMP-HEALTHY,2026-01-08T05:25:00,475.67,3033.6,102.53,1.04,62.32,47.23,22.46,36.87,running,1,0,2,12,-1.7996,4.5274,-6.6026,0
PUMP-HEALTHY,2026-01-08T05:30:00,482.63,3003.87,99.24,1.32,68.36,48.74,23.52,37.34,running,1,0,0,12,0.2831,-3.2857,6.0475,0
PUMP-HEALTHY,2026-01-08T05:35:00,479.2,2952.13,101.7,1.92,66.59,46.8,22.43,43.01,running,1,0,3,12,0.6022,2.4587,-1.7728,0
PUMP-HEALTHY,2026-01-08T05:40:00,483.31,2955.49,104.83,2.74,63.91,47.66,23.04,40.46,running,1,0,4,12,0.8178,3.1272,-2.6815,0
PUMP-HEALTHY,2026-01-08T05:45:00,478.26,2996.3,99.4,1.85,64.45,46.66,22.31,45.64,running,1,0,1,12,-0.8933,-5.4301,0.5377,0
PUMP-HEALTHY,2026-01-08T05:50:00,482.87,2961.47,102.5,2.59,62.59,51.61,24.92,52.81,running,1,0,0,12,0.7378,3.1012,-1.8572,0
PUMP-HEALTHY,2026-01-08T05:55:00,478.89,2977.6,103.72,1.23,67.49,48.13,23.05,46.49,running,1,0,2,12,-1.3525,1.2195,4.8989,0
PUMP-HEALTHY,2026-01-08T06:00:00,479.77,2992.02,104.43,1.06,68.59,46.22,22.18,40.21,running,1,0,0,12,-0.1693,0.7102,1.0979,0
PUMP-HEALTHY,2026-01-08T06:05:00,483.19,3038.0,103.66,1.95,68.58,47.22,22.82,37.5,running,1,0,3,12,0.8835,-0.7681,-0.0031,0
PUMP-HEALTHY,2026-01-08T06:10:00,481.2,3006.46,99.21,2.39,60.41,47.4,22.81,39.22,running,1,0,2,12,0.4479,-4.4549,-8.1717,0
PUMP-HEALTHY,2026-01-08T06:15:00,475.78,2999.62,99.53,1.69,67.81,49.53,23.57,54.9,running,1,0,4,12,-0.704,0.3261,7.3973,0
PUMP-HEALTHY,2026-01-08T06:20:00,482.61,2951.08,100.51,1.59,65.36,49.39,23.83,53.63,running,1,0,4,12,-0.1039,0.9794,-2.4484,0
PUMP-HEALTHY,2026-01-08T06:25:00,475.41,3018.82,99.21,2.03,67.34,47.73,22.69,41.66,running,1,0,2,12,0.4446,-1.3019,1.9788,0
PUMP-HEALTHY,2026-01-08T06:30:00,477.27,3037.44,102.38,1.63,67.42,45.64,21.78,41.7,running,1,0,4,12,-0.4055,3.1701,0.0798,0
PUMP-HEALTHY,2026-01-08T06:35:00,481.03,3033.52,98.23,2.56,64.77,47.42,22.81,36.94,running,1,0,3,12,0.9361,-4.1532,-2.6496,0
PUMP-HEALTHY,2026-01-08T06:40:00,482.37,2979.36,101.19,2.91,65.23,47.57,22.94,41.9,running,1,0,4,12,0.3503,2.9618,0.4559,0
PUMP-HEALTHY,2026-01-08T06:45:00,482.52,3034.32,104.74,1.7,64.16,51.94,25.06,57.4,running,1,0,1,12,-1.2096,3.5519,-1.0691,0
PUMP-HEALTHY,2026-01-08T06:50:00,479.04,3042.46,104.31,2.56,63.68,48.33,23.15,42.42,running,1,0,4,12,0.8615,-0.4318,-0.4789,0
PUMP-HEALTHY,2026-01-08T06:55:00,480.71,3043.84,99.04,1.95,66.96,47.4,22.78,49.42,running,1,0,0,12,-0.6135,-5.2652,3.2803,0
PUMP-HEALTHY,2026-01-08T07:00:00,481.98,3014.98,103.86,1.77,62.9,47.18,22.74,40.9,running,1,0,0,12,-0.1806,4.8193,-4.0572,0
PUMP-HEALTHY,2026-01-08T07:05:00,477.28,2974.8,99.87,1.85,65.09,46.61,22.25,40.28,running,1,0,0,12,0.0795,-3.9943,2.1914,0
PUMP-HEALTHY,2026-01-08T07:10:00,483.17,2997.1,103.54,2.81,65.48,48.11,23.25,38.39,running,1,0,3,12,0.9599,3.6711,0.388,0
PUMP-HEALTHY,2026-01-08T07:15:00,484.11,3014.24,103.43,2.23,67.71,49.27,23.85,46.3,running,1,0,2,12,-0.5809,-0.1075,2.231,0
PUMP-HEALTHY,2026-01-08T07:20:00,481.76,3030.83,98.33,1.94,62.05,47.53,22.9,45.37,running,1,0,4,12,-0.2872,-5.1059,-5.6585,0
PUMP-HEALTHY,2026-01-08T07:25:00,483.68,3000.37,101.37,1.8,67.42,50.0,24.18,42.87,running,1,0,2,12,-0.1418,3.0442,5.3664,0
PUMP-HEALTHY,2026-01-08T07:30:00,480.71,2963.9,98.83,1.91,62.62,49.9,23.99,56.41,running,1,0,3,12,0.1112,-2.5454,-4.7953,0
PUMP-HEALTHY,2026-01-08T07:35:00,481.83,2994.28,100.85,1.41,68.39,49.49,23.85,54.06,running,1,0,0,12,-0.499,2.0243,5.7657,0
PUMP-HEALTHY,2026-01-08T07:40:00,479.75,3044.35,102.06,1.35,68.37,48.38,23.21,55.98,running,1,0,1,12,-0.0572,1.2116,-0.0196,0
PUMP-HEALTHY,2026-01-08T07:45:00,479.91,3006.19,100.93,1.65,68.84,48.43,23.24,40.1,running,1,0,0,12,0.2911,-1.1308,0.4659,0
PUMP-HEALTHY,2026-01-08T07:50:00,480.34,3032.24,100.16,1.52,64.05,45.76,21.98,42.3,running,1,0,1,12,-0.1209,-0.775,-4.7834,0
PUMP-HEALTHY,2026-01-08T07:55:00,484.72,2958.71,103.4,2.92,63.02,51.55,24.99,59.74,running,1,0,4,12,1.3905,3.2419,-1.0274,0
PUMP-HEALTHY,2026-01-08T08:00:00,481.1,2991.85,98.19,1.76,61.8,50.45,24.27,50.42,running,1,0,2,12,-1.1545,-5.2101,-1.2285,0
PUMP-HEALTHY,2026-01-08T08:05:00,484.96,3003.05,104.71,1.54,65.61,50.12,24.31,47.82,running,1,0,0,12,-0.2177,6.5226,3.8178,0
PUMP-HEALTHY,2026-01-08T08:10:00,481.97,3028.28,102.86,2.64,60.75,48.17,23.22,53.12,running,1,0,0,12,1.1009,-1.854,-4.8607,0
PUMP-HEALTHY,2026-01-08T08:15:00,478.86,2987.69,102.49,2.33,66.78,48.33,23.14,43.59,running,1,0,0,12,-0.3174,-0.3699,6.0246,0
PUMP-HEALTHY,2026-01-08T08:20:00,476.03,3015.05,99.77,2.54,69.21,50.54,24.06,51.45,running,1,0,0,12,0.2182,-2.7181,2.4321,0
PUMP-HEALTHY,2026-01-08T08:25:00,477.0,2994.88,98.32,1.95,69.37,50.1,23.9,59.43,running,1,0,0,12,-0.5929,-1.4435,0.1591,0
PUMP-HEALTHY,2026-01-08T08:30:00,477.04,3001.32,101.78,2.04,68.98,48.64,23.2,59.02,running,1,0,1,12,0.0833,3.4513,-0.3866,0
PUMP-HEALTHY,2026-01-08T08:35:00,481.01,2991.46,99.22,2.74,62.96,47.84,23.01,42.48,running,1,0,0,12,0.7051,-2.559,-6.0227,0
PUMP-HEALTHY,2026-01-08T08:40:00,479.58,3001.63,102.62,2.93,69.51,47.68,22.87,39.6,running,1,0,3,12,0.1916,3.4014,6.5543,0
PUMP-HEALTHY,2026-01-08T08:45:00,480.4,2992.3,102.15,1.22,66.0,51.79,24.88,57.36,running,1,0,3,12,-1.7072,-0.472,-3.5157,0
PUMP-HEALTHY,2026-01-08T08:50:00,476.32,3005.75,101.71,2.68,62.4,44.76,21.32,38.0,running,1,0,3,12,1.4567,-0.4337,-3.5973,0
PUMP-HEALTHY,2026-01-08T08:55:00,476.95,3040.14,99.85,1.54,63.26,49.24,23.49,49.87,running,1,0,4,12,-1.1427,-1.8607,0.8596,0
PUMP-HEALTHY,2026-01-08T09:00:00,481.8,3037.5,104.3,1.16,60.11,51.05,24.6,53.66,running,1,0,1,12,-0.3762,4.448,-3.1511,0
PUMP-HEALTHY,2026-01-08T09:05:00,481.58,2987.39,100.85,1.04,60.9,52.43,25.25,58.15,running,1,0,1,12,-0.1253,-3.4452,0.7907,0
PUMP-HEALTHY,2026-01-08T09:10:00,480.51,2976.63,101.16,2.65,69.27,47.05,22.61,36.47,running,1,0,1,12,1.6087,0.3047,8.3682,0
PUMP-HEALTHY,2026-01-08T09:15:00,484.18,2979.36,100.63,1.27,67.65,47.92,23.2,52.24,running,1,0,3,12,-1.3799,-0.5314,-1.6199,0
PUMP-HEALTHY,2026-01-08T09:20:00,477.56,3025.39,102.9,2.63,67.9,48.72,23.26,54.47,running,1,0,3,12,1.3644,2.2714,0.2492,0
PUMP-HEALTHY,2026-01-08T09:25:00,483.27,2977.2,104.14,2.02,61.47,49.03,23.69,43.81,running,1,0,4,12,-0.6103,1.2409,-6.429,0
PUMP-HEALTHY,2026-01-08T09:30:00,478.69,3043.91,100.8,1.3,61.98,46.48,22.25,38.18,running,1,0,4,12,-0.7155,-3.3398,0.5072,0
PUMP-HEALTHY,2026-01-08T09:35:00,482.75,3047.02,100.85,2.17,61.29,49.41,23.85,49.54,running,1,0,1,12,0.8661,0.0538,-0.6824,0
PUMP-HEALTHY,2026-01-08T09:40:00,476.35,2955.05,99.8,2.21,63.87,46.38,22.1,39.14,running,1,0,3,12,0.0391,-1.0583,2.576,0
PUMP-HEALTHY,2026-01-08T09:45:00,478.98,3046.65,104.64,2.14,64.08,46.45,22.25,39.73,running,1,0,4,12,-0.0713,4.8444,0.2123,0
PUMP-HEALTHY,2026-01-08T09:50:00,481.57,2965.43,104.4,2.21,69.51,47.76,23.0,48.7,running,1,0,3,12,0.068,-0.2367,5.4317,0
PUMP-HEALTHY,2026-01-08T09:55:00,480.56,2996.4,101.47,2.22,63.72,47.91,23.02,54.52,running,1,0,1,12,0.0154,-2.9357,-5.7918,0
PUMP-HEALTHY,2026-01-08T10:00:00,475.49,3044.75,103.65,2.79,68.13,45.16,21.47,37.39,running,1,0,4,12,0.5686,2.1843,4.4093,0
PUMP-HEALTHY,2026-01-08T10:05:00,475.85,3049.1,100.82,1.06,68.97,45.46,21.63,42.24,running,1,0,3,12,-1.7318,-2.8352,0.8371,0
PUMP-HEALTHY,2026-01-08T10:10:00,476.47,3011.69,103.23,1.13,67.92,49.99,23.82,53.53,running,1,0,4,12,0.076,2.4118,-1.044,0
PUMP-HEALTHY,2026-01-08T10:15:00,475.71,2980.05,98.12,2.03,65.75,48.99,23.31,43.03,running,1,0,0,12,0.8985,-5.1122,-2.175,0
PUMP-HEALTHY,2026-01-08T10:20:00,480.91,3004.01,102.51,2.67,63.84,48.24,23.2,38.99,running,1,0,0,12,0.6325,4.3942,-1.9117,0
PUMP-HEALTHY,2026-01-08T10:25:00,478.3,3046.96,102.54,1.11,61.83,46.6,22.29,43.42,running,1,0,3,12,-1.5544,0.0318,-2.0109,0
PUMP-HEALTHY,2026-01-08T10:30:00,479.28,3044.24,98.72,2.89,65.59,47.53,22.78,50.51,running,1,0,4,12,1.7753,-3.8266,3.7605,0
PUMP-HEALTHY,2026-01-08T10:35:00,484.21,3047.9,98.24,2.98,63.7,50.57,24.49,48.35,running,1,0,1,12,0.0889,-0.4784,-1.8868,0
PUMP-HEALTHY,2026-01-08T10:40:00,481.28,2950.28,102.31,1.82,69.36,47.68,22.95,45.77,running,1,0,2,12,-1.1574,4.0721,5.6643,0
PUMP-HEALTHY,2026-01-08T10:45:00,483.5,2950.67,99.74,2.88,64.91,45.79,22.14,38.01,running,1,0,1,12,1.0607,-2.5744,-4.4569,0
PUMP-HEALTHY,2026-01-08T10:50:00,479.82,3011.87,103.95,1.19,60.52,47.28,22.68,47.25,running,1,0,2,12,-1.6849,4.2176,-4.3892,0
PUMP-HEALTHY,2026-01-08T10:55:00,475.62,2991.9,103.3,2.52,61.79,46.92,22.31,36.12,running,1,0,4,12,1.3297,-0.65,1.2751,0
PUMP-HEALTHY,2026-01-08T11:00:00,480.98,2957.1,99.39,1.97,62.1,45.76,22.01,36.01,running,1,0,2,12,-0.555,-3.9151,0.3063,0
PUMP-HEALTHY,2026-01-08T11:05:00,477.75,2994.86,101.85,1.0,62.71,47.83,22.85,45.78,running,1,0,1,12,-0.9684,2.4617,0.6097,0
PUMP-HEALTHY,2026-01-08T11:10:00,482.74,2981.52,98.46,2.94,60.05,49.95,24.11,55.92,running,1,0,0,12,1.9372,-3.3898,-2.658,0
PUMP-HEALTHY,2026-01-08T11:15:00,482.86,3012.99,104.84,2.38,68.53,49.29,23.8,59.37,running,1,0,1,12,-0.5612,6.3824,8.4819,0
PUMP-HEALTHY,2026-01-08T11:20:00,483.64,3009.31,98.55,1.7,61.93,48.17,23.3,41.39,running,1,0,4,12,-0.6728,-6.293,-6.6075,0
PUMP-HEALTHY,2026-01-08T11:25:00,475.01,2984.63,103.19,2.46,68.08,48.67,23.12,43.02,running,1,0,4,12,0.7545,4.6447,6.1517,0
PUMP-HEALTHY,2026-01-08T11:30:00,478.92,2986.57,102.22,1.23,63.98,50.41,24.14,51.17,running,1,0,4,12,-1.2239,-0.978,-4.0939,0
PUMP-HEALTHY,2026-01-08T11:35:00,477.46,3032.89,98.09,1.62,68.93,45.72,21.83,37.93,running,1,0,4,12,0.389,-4.1277,4.9442,0
PUMP-HEALTHY,2026-01-08T11:40:00,484.23,3021.18,99.05,1.16,65.4,50.07,24.25,52.02,running,1,0,0,12,-0.4601,0.9591,-3.5316,0
PUMP-HEALTHY,2026-01-08T11:45:00,477.39,2987.17,103.75,2.11,66.84,49.22,23.5,41.97,running,1,0,4,12,0.9465,4.6981,1.4487,0
PUMP-HEALTHY,2026-01-08T11:50:00,480.4,2965.16,100.25,2.22,63.38,50.23,24.13,59.27,running,1,0,1,12,0.1068,-3.4935,-3.4655,0
PUMP-HEALTHY,2026-01-08T11:55:00,483.67,3022.24,100.4,1.84,62.0,51.22,24.77,58.31,running,1,0,0,12,-0.3811,0.1459,-1.3786,0
PUMP-HEALTHY,2026-01-08T12:00:00,480.03,3000.72,98.37,2.54,64.32,47.37,22.74,36.06,running,1,0,0,12,0.7022,-2.0239,2.3192,0
PUMP-HEALTHY,2026-01-08T12:05:00,480.97,2954.1,102.76,1.23,66.99,48.15,23.16,37.32,running,1,0,2,12,-1.3023,4.3825,2.6729,0
PUMP-HEALTHY,2026-01-08T12:10:00,483.66,2957.89,99.4,2.71,61.45,46.76,22.62,44.74,running,1,0,2,12,1.4773,-3.3586,-5.5403,0
PUMP-HEALTHY,2026-01-08T12:15:00,480.61,2984.29,103.6,1.48,66.58,47.48,22.82,37.79,running,1,0,1,12,-1.2304,4.2046,5.1288,0
PUMP-HEALTHY,2026-01-08T12:20:00,476.47,2981.35,102.2,1.94,60.07,47.24,22.51,46.94,running,1,0,0,12,0.4588,-1.3981,-6.5113,0
PUMP-HEALTHY,2026-01-08T12:25:00,483.64,3017.89,102.75,1.28,66.41,47.26,22.86,39.92,running,1,0,0,12,-0.6656,0.548,6.3356,0
PUMP-HEALTHY,2026-01-08T12:30:00,483.23,3007.23,103.1,2.15,64.21,51.35,24.81,54.82,running,1,0,3,12,0.878,0.352,-2.1935,0
PUMP-HEALTHY,2026-01-08T12:35:00,476.8,2982.67,103.31,1.75,60.03,45.13,21.52,40.8,running,1,0,4,12,-0.4013,0.2082,-4.1845,0
PUMP-HEALTHY,2026-01-08T12:40:00,478.01,2962.97,101.4,2.11,64.48,46.66,22.3,40.4,running,1,0,0,12,0.3592,-1.9095,4.4565,0
PUMP-HEALTHY,2026-01-08T12:45:00,478.93,2954.15,100.77,1.87,60.08,47.33,22.67,36.1,running,1,0,3,12,-0.2431,-0.6325,-4.4006,0
PUMP-HEALTHY,2026-01-08T12:50:00,477.66,2950.8,101.82,1.24,68.6,49.11,23.46,49.67,running,1,0,1,12,-0.6266,1.0445,8.5122,0
PUMP-HEALTHY,2026-01-08T12:55:00,481.39,2964.32,98.95,2.22,63.39,50.58,24.35,52.21,running,1,0,3,12,0.9753,-2.8683,-5.2061,0
PUMP-HEALTHY,2026-01-08T13:00:00,481.96,2986.67,104.0,2.15,68.24,48.99,23.61,59.23,running,1,0,0,12,-0.0677,5.0555,4.8541,0
PUMP-HEALTHY,2026-01-08T13:05:00,476.33,3046.7,100.44,2.63,64.93,46.61,22.2,42.38,running,1,0,4,12,0.4805,-3.5606,-3.3138,0
PUMP-HEALTHY,2026-01-08T13:10:00,484.52,2954.38,100.0,2.11,66.05,51.5,24.95,52.34,running,1,0,4,12,-0.5158,-0.4409,1.1198,0
PUMP-HEALTHY,2026-01-08T13:15:00,475.16,3006.11,103.03,2.19,63.48,46.32,22.01,43.76,running,1,0,2,12,0.0768,3.0278,-2.5711,0
PUMP-HEALTHY,2026-01-08T13:20:00,478.98,2990.61,104.07,2.19,66.86,46.86,22.45,38.74,running,1,0,3,12,0.0038,1.0401,3.3797,0
PUMP-HEALTHY,2026-01-08T13:25:00,478.8,2973.47,103.68,1.21,64.2,46.99,22.5,38.49,running,1,0,3,12,-0.9891,-0.3874,-2.6583,0
PUMP-HEALTHY,2026-01-08T13:30:00,483.64,2965.43,100.95,2.84,60.16,48.69,23.55,39.92,running,1,0,0,12,1.6379,-2.7301,-4.0396,0
PUMP-HEALTHY,2026-01-08T13:35:00,475.71,3045.49,102.77,1.14,62.3,51.01,24.27,53.15,running,1,0,2,12,-1.7073,1.8151,2.1436,0
PUMP-HEALTHY,2026-01-08T13:40:00,479.23,2984.69,101.08,1.12,61.29,45.69,21.89,41.39,running,1,0,3,12,-0.012,-1.686,-1.0145,0
PUMP-HEALTHY,2026-01-08T13:45:00,480.67,2955.66,100.63,1.53,67.45,48.04,23.09,40.34,running,1,0,3,12,0.4048,-0.4526,6.1639,0
PUMP-HEALTHY,2026-01-08T13:50:00,480.84,2981.93,101.22,2.15,67.35,51.51,24.77,53.96,running,1,0,3,12,0.6169,0.594,-0.1,0
PUMP-HEALTHY,2026-01-08T13:55:00,484.64,3043.67,103.93,1.81,62.15,49.71,24.09,43.25,running,1,0,2,12,-0.3361,2.7116,-5.2053,0
PUMP-HEALTHY,2026-01-08T14:00:00,482.13,2999.49,102.39,2.12,63.96,50.27,24.24,58.87,running,1,0,1,12,0.3099,-1.5429,1.8118,0
PUMP-HEALTHY,2026-01-08T14:05:00,484.94,3019.41,103.93,2.6,60.89,49.33,23.92,41.63,running,1,0,1,12,0.4834,1.5425,-3.0729,0
PUMP-HEALTHY,2026-01-08T14:10:00,476.64,3010.35,101.03,1.48,61.9,50.46,24.05,55.43,running,1,0,1,12,-1.1188,-2.9055,1.0095,0
PUMP-HEALTHY,2026-01-08T14:15:00,477.1,3049.83,100.83,1.52,61.86,47.12,22.48,49.02,running,1,0,3,12,0.0344,-0.1933,-0.0361,0
PUMP-HEALTHY,2026-01-08T14:20:00,484.35,3039.58,101.22,2.23,65.94,46.16,22.36,39.67,running,1,0,1,12,0.7165,0.3872,4.077,0
PUMP-HEALTHY,2026-01-08T14:25:00,477.24,3003.49,100.37,1.28,61.37,47.24,22.55,52.15,running,1,0,0,12,-0.9532,-0.8543,-4.5708,0
PUMP-HEALTHY,2026-01-08T14:30:00,475.65,3011.68,99.6,2.6,65.16,46.11,21.93,42.33,running,1,0,4,12,1.3154,-0.7714,3.7961,0
PUMP-HEALTHY,2026-01-08T14:35:00,480.91,2964.94,102.26,2.6,64.83,51.51,24.77,55.5,running,1,0,2,12,0.0026,2.6611,-0.3299,0
PUMP-HEALTHY,2026-01-08T14:40:00,476.27,2988.9,104.4,1.89,64.36,49.58,23.61,52.24,running,1,0,0,12,-0.7143,2.1471,-0.4685,0
PUMP-HEALTHY,2026-01-08T14:45:00,475.29,3021.66,100.75,1.57,62.46,47.68,22.66,51.84,running,1,0,1,12,-0.3164,-3.6504,-1.9056,0
PUMP-HEALTHY,2026-01-08T14:50:00,484.14,2999.28,101.27,1.44,69.39,49.41,23.92,45.35,running,1,0,3,12,-0.132,0.5186,6.9338,0
PUMP-HEALTHY,2026-01-08T14:55:00,479.02,2979.87,101.35,2.85,64.43,46.6,22.32,40.18,running,1,0,2,12,1.4143,0.0749,-4.9628,0
PUMP-HEALTHY,2026-01-08T15:00:00,481.14,2966.95,101.52,1.61,66.3,48.07,23.13,37.12,running,1,0,2,12,-1.2426,0.177,1.8722,0
PUMP-HEALTHY,2026-01-08T15:05:00,482.28,2963.23,101.47,1.04,66.48,49.57,23.91,45.86,running,1,0,3,12,-0.5715,-0.0516,0.1783,0
PUMP-HEALTHY,2026-01-08T15:10:00,479.2,2987.13,104.48,2.68,64.3,48.32,23.16,39.0,running,1,0,4,12,1.6467,3.0096,-2.183,0
PUMP-HEALTHY,2026-01-08T15:15:00,481.62,2985.68,103.93,2.62,64.04,49.78,23.98,58.88,running,1,0,4,12,-0.0646,-0.5534,-0.2616,0
PUMP-HEALTHY,2026-01-08T15:20:00,479.48,2981.51,101.4,2.17,61.04,52.34,25.1,58.13,running,1,0,3,12,-0.4467,-2.5287,-2.9905,0
PUMP-HEALTHY,2026-01-08T15:25:00,482.49,3033.86,102.96,2.68,65.98,47.25,22.8,36.93,running,1,0,4,12,0.5118,1.5566,4.9367,0
PUMP-HEALTHY,2026-01-08T15:30:00,482.4,3038.87,103.7,1.03,62.82,50.31,24.27,52.56,running,1,0,3,12,-1.6558,0.7406,-3.1606,0
PUMP-HEALTHY,2026-01-08T15:35:00,477.97,2962.76,103.22,2.95,62.57,46.37,22.16,44.53,running,1,0,4,12,1.9223,-0.48,-0.2484,0
PUMP-HEALTHY,2026-01-08T15:40:00,483.06,2957.46,104.07,1.21,66.16,48.44,23.4,49.06,running,1,0,0,12,-1.7421,0.8521,3.5866,0
PUMP-HEALTHY,2026-01-08T15:45:00,476.82,2995.04,103.19,2.98,68.76,45.43,21.66,38.44,running,1,0,2,12,1.7668,-0.88,2.5976,0
PUMP-HEALTHY,2026-01-08T15:50:00,484.39,2980.02,103.79,2.86,61.62,48.3,23.4,44.94,running,1,0,4,12,-0.1171,0.5978,-7.1406,0
PUMP-HEALTHY,2026-01-08T15:55:00,482.74,3002.64,104.36,1.26,64.5,50.02,24.15,51.07,running,1,0,2,12,-1.6008,0.576,2.8864,0
PUMP-HEALTHY,2026-01-08T16:00:00,475.67,3002.22,100.69,1.15,67.31,48.1,22.88,52.45,running,1,0,3,12,-0.1035,-3.672,2.8104,0
PUMP-HEALTHY,2026-01-08T16:05:00,482.48,3007.5,101.76,2.74,62.71,47.33,22.84,35.61,running,1,0,4,12,1.5856,1.0644,-4.6027,0
PUMP-HEALTHY,2026-01-08T16:10:00,477.69,3027.5,100.71,2.77,65.42,51.9,24.79,59.28,running,1,0,1,12,0.0275,-1.0476,2.7056,0
PUMP-HEALTHY,2026-01-08T16:15:00,478.95,2961.93,103.88,1.12,68.8,47.63,22.81,45.43,running,1,0,2,12,-1.6485,3.1681,3.3848,0
PUMP-HEALTHY,2026-01-08T16:20:00,478.56,2981.87,101.15,2.01,69.51,48.33,23.13,43.26,running,1,0,2,12,0.8944,-2.7285,0.7103,0
PUMP-HEALTHY,2026-01-08T16:25:00,482.52,2985.85,101.45,1.2,69.66,47.38,22.86,41.37,running,1,0,4,12,-0.8134,0.3074,0.1498,0
PUMP-HEALTHY,2026-01-08T16:30:00,479.46,3002.1,103.67,2.62,68.56,45.8,21.96,42.28,running,1,0,2,12,1.417,2.2103,-1.1023,0
PUMP-HEALTHY,2026-01-08T16:35:00,478.25,2965.39,104.24,2.72,62.6,49.97,23.9,54.25,running,1,0,1,12,0.1064,0.5774,-5.9582,0
PUMP-HEALTHY,2026-01-08T16:40:00,483.02,3033.32,99.41,1.81,65.34,48.52,23.43,45.65,running,1,0,3,12,-0.9101,-4.8313,2.744,0
PUMP-HEALTHY,2026-01-08T16:45:00,483.67,3023.02,101.17,2.92,64.08,47.3,22.88,36.14,running,1,0,1,12,1.1036,1.7573,-1.262,0
PUMP-HEALTHY,2026-01-08T16:50:00,480.13,2991.12,99.21,2.59,63.33,46.97,22.55,36.21,running,1,0,4,12,-0.322,-1.9549,-0.7542,0
PUMP-HEALTHY,2026-01-08T16:55:00,482.77,2977.8,98.48,1.54,65.78,48.89,23.6,49.6,running,1,0,4,12,-1.0564,-0.7294,2.456,0
PUMP-HEALTHY,2026-01-08T17:00:00,479.85,3034.46,103.75,2.15,64.87,49.42,23.71,56.02,running,1,0,1,12,0.6135,5.2647,-0.9141,0
PUMP-HEALTHY,2026-01-08T17:05:00,478.63,3010.94,101.69,1.6,69.14,47.69,22.83,46.6,running,1,0,3,12,-0.5541,-2.0625,4.2739,0
PUMP-HEALTHY,2026-01-08T17:10:00,477.99,3000.94,104.89,2.15,64.98,47.9,22.9,50.98,running,1,0,2,12,0.5484,3.1993,-4.1611,0
PUMP-HEALTHY,2026-01-08T17:15:00,480.84,3012.79,101.84,1.28,69.83,47.24,22.72,35.03,running,1,0,0,12,-0.8654,-3.0461,4.8433,0
PUMP-HEALTHY,2026-01-08T17:20:00,483.01,3046.94,100.48,2.06,69.75,47.26,22.83,38.5,running,1,0,3,12,0.7802,-1.3631,-0.0763,0
PUMP-HEALTHY,2026-01-08T17:25:00,476.91,2981.22,98.29,1.19,67.44,48.92,23.33,51.62,running,1,0,4,12,-0.8682,-2.1903,-2.3086,0
PUMP-HEALTHY,2026-01-08T17:30:00,478.65,3044.86,102.59,1.13,68.99,51.48,24.64,53.45,running,1,0,1,12,-0.0594,4.3081,1.5525,0
PUMP-HEALTHY,2026-01-08T17:35:00,475.04,3002.2,103.07,2.68,63.2,50.27,23.88,51.03,running,1,0,2,12,1.5448,0.4732,-5.7935,0
PUMP-HEALTHY,2026-01-08T17:40:00,476.06,2992.03,99.71,2.53,61.68,48.11,22.9,57.29,running,1,0,3,12,-0.1453,-3.3545,-1.5168,0
PUMP-HEALTHY,2026-01-08T17:45:00,482.16,3025.67,99.16,1.84,64.81,49.5,23.87,58.2,running,1,0,0,12,-0.6929,-0.5526,3.1225,0
PUMP-HEALTHY,2026-01-08T17:50:00,478.84,2968.18,102.13,2.31,66.42,48.76,23.35,52.03,running,1,0,0,12,0.4744,2.9723,1.6168,0
PUMP-HEALTHY,2026-01-08T17:55:00,479.69,3000.07,100.06,1.29,63.81,47.26,22.67,44.05,running,1,0,4,12,-1.021,-2.0682,-2.6076,0
PUMP-HEALTHY,2026-01-08T18:00:00,483.36,3043.36,104.49,1.47,64.6,47.84,23.13,38.61,running,1,0,4,12,0.1778,4.4307,0.7868,0
PUMP-HEALTHY,2026-01-08T18:05:00,475.27,2965.15,99.2,1.94,68.28,46.99,22.33,36.42,running,1,0,2,12,0.4719,-5.2961,3.6736,0
PUMP-HEALTHY,2026-01-08T18:10:00,483.24,3037.29,103.0,2.26,64.48,49.8,24.06,51.78,running,1,0,4,12,0.3123,3.8024,-3.795,0
PUMP-HEALTHY,2026-01-08T18:15:00,478.23,2975.95,102.39,1.89,64.96,47.94,22.93,42.85,running,1,0,4,12,-0.365,-0.6114,0.4838,0
PUMP-HEALTHY,2026-01-08T18:20:00,480.41,3018.55,103.9,2.5,64.63,46.97,22.56,36.66,running,1,0,4,12,0.6076,1.5111,-0.3363,0
PUMP-HEALTHY,2026-01-08T18:25:00,480.81,2986.96,104.91,2.52,66.27,48.43,23.29,39.19,running,1,0,4,12,0.0263,1.012,1.6442,0
PUMP-HEALTHY,2026-01-08T18:30:00,479.43,2970.54,98.16,1.31,60.17,46.73,22.4,46.97,running,1,0,0,12,-1.2131,-6.753,-6.1029,0
PUMP-HEALTHY,2026-01-08T18:35:00,476.8,3043.57,103.5,2.21,66.32,45.89,21.88,43.34,running,1,0,1,12,0.8941,5.3445,6.1514,0
PUMP-HEALTHY,2026-01-08T18:40:00,484.28,3014.7,101.78,2.29,68.47,48.58,23.53,54.6,running,1,0,0,12,0.0819,-1.7243,2.153,0
PUMP-HEALTHY,2026-01-08T18:45:00,481.49,2998.85,104.41,1.78,67.6,48.92,23.55,59.14,running,1,0,1,12,-0.5111,2.6277,-0.8691,0
PUMP-HEALTHY,2026-01-08T18:50:00,477.19,3027.93,102.13,1.29,65.53,48.98,23.37,57.34,running,1,0,3,12,-0.4881,-2.2815,-2.0715,0
PUMP-HEALTHY,2026-01-08T18:55:00,481.61,3010.75,101.18,1.09,67.14,46.6,22.44,36.11,running,1,0,4,12,-0.1955,-0.9475,1.6057,0
PUMP-HEALTHY,2026-01-08T19:00:00,482.83,3036.5,104.98,1.38,63.54,49.74,24.02,46.15,running,1,0,1,12,0.2896,3.797,-3.5953,0
PUMP-HEALTHY,2026-01-08T19:05:00,483.4,3015.82,104.16,1.2,63.29,50.15,24.24,50.8,running,1,0,0,12,-0.1817,-0.8168,-0.2504,0
PUMP-HEALTHY,2026-01-08T19:10:00,478.57,3014.37,101.67,2.24,66.76,49.57,23.72,53.48,running,1,0,0,12,1.0354,-2.4854,3.4623,0
PUMP-HEALTHY,2026-01-08T19:15:00,478.11,3048.19,101.76,1.21,60.76,47.98,22.94,36.6,running,1,0,0,12,-1.0264,0.0882,-5.9915,0
PUMP-HEALTHY,2026-01-08T19:20:00,482.53,3043.62,104.84,2.59,68.51,47.55,22.94,39.96,running,1,0,3,12,1.3772,3.0827,7.7448,0
PUMP-HEALTHY,2026-01-08T19:25:00,483.19,3027.64,102.21,2.49,65.83,50.03,24.17,45.95,running,1,0,1,12,-0.0992,-2.6323,-2.6805,0
PUMP-HEALTHY,2026-01-08T19:30:00,477.32,3047.35,103.63,2.26,63.57,47.44,22.64,47.81,running,1,0,2,12,-0.2322,1.4179,-2.2562,0
PUMP-HEALTHY,2026-01-08T19:35:00,475.25,3026.13,99.62,2.54,67.26,47.02,22.35,45.68,running,1,0,1,12,0.2892,-4.0068,3.6847,0
PUMP-HEALTHY,2026-01-08T19:40:00,481.13,2997.98,103.31,2.01,62.08,47.26,22.74,37.98,running,1,0,1,12,-0.5322,3.6854,-5.1732,0
PUMP-HEALTHY,2026-01-08T19:45:00,481.01,3020.33,99.03,1.88,61.04,48.39,23.28,44.84,running,1,0,1,12,-0.1337,-4.2776,-1.0385,0
PUMP-HEALTHY,2026-01-08T19:50:00,480.65,2958.87,101.91,2.84,66.62,51.23,24.62,51.06,running,1,0,0,12,0.9652,2.8834,5.5743,0
PUMP-HEALTHY,2026-01-08T19:55:00,478.76,3049.27,100.61,2.1,66.27,46.33,22.18,41.36,running,1,0,3,12,-0.7436,-1.3045,-0.3506,0
PUMP-HEALTHY,2026-01-08T20:00:00,484.1,2979.99,103.56,2.69,67.09,49.3,23.87,44.72,running,1,0,2,12,0.5931,2.953,0.8219,0
PUMP-HEALTHY,2026-01-08T20:05:00,480.45,3015.03,104.45,1.97,67.41,50.93,24.47,58.08,running,1,0,2,12,-0.719,0.8881,0.317,0
PUMP-HEALTHY,2026-01-08T20:10:00,475.13,2966.16,99.16,2.03,60.94,46.72,22.2,49.11,running,1,0,0,12,0.0531,-5.292,-6.4668,0
PUMP-HEALTHY,2026-01-08T20:15:00,477.28,3026.32,103.86,2.34,63.87,50.9,24.29,57.23,running,1,0,3,12,0.3081,4.7053,2.9256,0
PUMP-HEALTHY,2026-01-08T20:20:00,483.11,2978.78,103.15,1.26,68.1,50.57,24.43,56.49,running,1,0,1,12,-1.0784,-0.7128,4.2376,0
PUMP-HEALTHY,2026-01-08T20:25:00,484.71,3027.07,98.2,1.3,69.62,51.42,24.93,50.86,running,1,0,4,12,0.0462,-4.9509,1.5138,0
PUMP-HEALTHY,2026-01-08T20:30:00,478.84,3031.92,98.82,2.78,64.16,46.73,22.38,46.31,running,1,0,3,12,1.4783,0.6153,-5.4613,0
PUMP-HEALTHY,2026-01-08T20:35:00,479.36,2957.8,98.98,1.63,63.94,46.02,22.06,41.01,running,1,0,1,12,-1.1545,0.1608,-0.2146,0
PUMP-HEALTHY,2026-01-08T20:40:00,476.34,3019.89,99.54,2.23,65.44,48.27,22.99,36.81,running,1,0,4,12,0.6005,0.5644,1.5006,0
PUMP-HEALTHY,2026-01-08T20:45:00,477.21,2992.1,100.51,2.48,60.94,50.41,24.06,56.61,running,1,0,2,12,0.2533,0.9653,-4.5043,0
PUMP-HEALTHY,2026-01-08T20:50:00,483.14,2962.03,100.06,2.23,62.11,49.46,23.9,54.42,running,1,0,2,12,-0.2472,-0.4502,1.175,0
PUMP-HEALTHY,2026-01-08T20:55:00,479.34,2980.72,104.08,1.75,60.53,47.7,22.87,48.74,running,1,0,0,12,-0.4798,4.0235,-1.5874,0
PUMP-HEALTHY,2026-01-08T21:00:00,480.68,3028.23,100.5,2.81,63.81,48.45,23.29,50.31,running,1,0,1,12,1.0554,-3.5829,3.2885,0
PUMP-HEALTHY,2026-01-08T21:05:00,479.86,2993.87,103.96,1.53,60.93,47.13,22.62,50.2,running,1,0,4,12,-1.2838,3.4587,-2.8871,0
PUMP-HEALTHY,2026-01-08T21:10:00,478.23,3047.28,103.2,1.67,60.64,48.23,23.07,53.05,running,1,0,2,12,0.1436,-0.755,-0.2914,0
PUMP-HEALTHY,2026-01-08T21:15:00,484.25,2975.58,101.85,1.96,61.81,49.67,24.05,57.77,running,1,0,1,12,0.2932,-1.3554,1.1702,0
PUMP-HEALTHY,2026-01-08T21:20:00,484.57,2956.61,104.48,1.55,67.31,49.31,23.89,52.39,running,1,0,1,12,-0.4102,2.6308,5.5065,0
PUMP-HEALTHY,2026-01-08T21:25:00,476.49,2959.28,99.83,2.56,64.58,48.69,23.2,47.93,running,1,0,0,12,1.0113,-4.6511,-2.7323,0
PUMP-HEALTHY,2026-01-08T21:30:00,477.9,3008.32,100.0,1.88,66.51,48.09,22.98,45.62,running,1,0,2,12,-0.6817,0.1729,1.9264,0
PUMP-HEALTHY,2026-01-08T21:35:00,480.02,2955.98,103.06,2.07,69.65,45.51,21.85,37.14,running,1,0,0,12,0.1902,3.0637,3.144,0
PUMP-HEALTHY,2026-01-08T21:40:00,477.5,2993.31,101.74,1.34,61.04,49.64,23.7,55.0,running,1,0,0,12,-0.7302,-1.3176,-8.6114,0
PUMP-HEALTHY,2026-01-08T21:45:00,475.45,3017.14,102.42,1.64,63.01,47.23,22.45,43.27,running,1,0,0,12,0.2985,0.672,1.9731,0
PUMP-HEALTHY,2026-01-08T21:50:00,476.43,2992.78,102.05,1.4,69.24,48.74,23.22,53.04,running,1,0,1,12,-0.2443,-0.3687,6.2331,0
PUMP-HEALTHY,2026-01-08T21:55:00,475.12,2953.32,99.29,1.11,69.59,47.18,22.41,45.79,running,1,0,0,12,-0.2874,-2.7545,0.3444,0
PUMP-HEALTHY,2026-01-08T22:00:00,481.75,3041.55,98.97,1.58,60.96,46.36,22.33,42.23,running,1,0,0,12,0.4682,-0.3261,-8.6336,0
PUMP-HEALTHY,2026-01-08T22:05:00,478.15,2975.61,103.17,2.13,60.19,50.18,23.99,59.58,running,1,0,4,12,0.5562,4.203,-0.7648,0
PUMP-HEALTHY,2026-01-08T22:10:00,476.41,2963.57,98.96,1.07,69.91,48.95,23.32,40.8,running,1,0,0,12,-1.0581,-4.2133,9.7212,0
PUMP-HEALTHY,2026-01-08T22:15:00,478.72,2963.98,98.19,2.92,67.39,51.0,24.42,53.94,running,1,0,4,12,1.847,-0.7637,-2.5205,0
PUMP-HEALTHY,2026-01-08T22:20:00,478.07,2972.36,98.71,1.46,61.74,46.47,22.22,39.54,running,1,0,1,12,-1.4661,0.5145,-5.6485,0
PUMP-HEALTHY,2026-01-08T22:25:00,477.43,3009.77,100.35,2.72,66.79,46.45,22.18,43.33,running,1,0,2,12,1.2642,1.6415,5.0497,0
PUMP-HEALTHY,2026-01-08T22:30:00,481.09,2992.82,98.03,1.53,65.12,47.39,22.8,45.73,running,1,0,4,12,-1.1924,-2.3139,-1.6728,0
PUMP-HEALTHY,2026-01-08T22:35:00,484.51,2974.75,103.25,2.27,64.74,52.03,25.21,57.62,running,1,0,2,12,0.7459,5.2176,-0.3845,0
PUMP-HEALTHY,2026-01-08T22:40:00,476.77,2997.19,99.62,1.81,67.74,46.25,22.05,43.37,running,1,0,2,12,-0.4638,-3.6281,3.0084,0
PUMP-HEALTHY,2026-01-08T22:45:00,483.14,3006.27,98.46,1.98,68.97,50.36,24.33,59.01,running,1,0,0,12,0.1663,-1.16,1.2283,0
PUMP-HEALTHY,2026-01-08T22:50:00,481.2,2991.66,100.1,1.53,67.83,47.06,22.64,44.24,running,1,0,1,12,-0.4426,1.6367,-1.1447,0
PUMP-HEALTHY,2026-01-08T22:55:00,477.89,2994.15,104.95,1.54,67.65,47.35,22.63,45.86,running,1,0,4,12,0.0084,4.846,-0.1807,0
PUMP-HEALTHY,2026-01-08T23:00:00,481.99,3019.97,100.85,2.52,68.81,50.61,24.39,49.41,running,1,0,1,12,0.9822,-4.093,1.1601,0
PUMP-HEALTHY,2026-01-08T23:05:00,483.77,3020.71,104.93,1.99,65.92,47.31,22.89,42.45,running,1,0,3,12,-0.5361,4.0751,-2.8831,0
PUMP-HEALTHY,2026-01-08T23:10:00,484.51,3024.49,101.83,1.45,62.71,50.05,24.25,58.5,running,1,0,3,12,-0.5385,-3.0998,-3.2094,0
PUMP-HEALTHY,2026-01-08T23:15:00,477.46,3007.78,100.89,1.2,67.31,47.01,22.45,38.68,running,1,0,4,12,-0.2467,-0.9387,4.5928,0
PUMP-HEALTHY,2026-01-08T23:20:00,482.52,3025.89,103.51,1.15,60.96,51.08,24.65,56.51,running,1,0,4,12,-0.0482,2.6206,-6.3455,0
PUMP-HEALTHY,2026-01-08T23:25:00,481.56,3019.46,98.62,1.49,64.97,45.89,22.1,40.21,running,1,0,0,12,0.3354,-4.8926,4.0092,0
PUMP-HEALTHY,2026-01-08T23:30:00,484.43,2977.39,102.29,2.63,69.59,48.81,23.65,57.6,running,1,0,2,12,1.1394,3.6761,4.6182,0
PUMP-HEALTHY,2026-01-08T23:35:00,480.74,2961.78,104.85,2.96,63.98,48.32,23.23,39.91,running,1,0,1,12,0.3291,2.5597,-5.6069,0
PUMP-HEALTHY,2026-01-08T23:40:00,478.23,2977.8,99.01,2.16,68.31,48.26,23.08,39.11,running,1,0,1,12,-0.8018,-5.8454,4.3312,0
PUMP-HEALTHY,2026-01-08T23:45:00,484.17,2969.13,98.76,1.28,69.31,50.87,24.63,56.51,running,1,0,3,12,-0.8789,-0.2469,0.994,0
PUMP-HEALTHY,2026-01-08T23:50:00,483.21,2976.23,103.93,1.16,66.68,47.04,22.73,39.54,running,1,0,4,12,-0.1175,5.1632,-2.6298,0
PUMP-HEALTHY,2026-01-08T23:55:00,479.6,3012.04,101.16,2.34,64.12,49.16,23.58,57.23,running,1,0,0,12,1.1846,-2.7649,-2.5608,0
PUMP-HEALTHY,2026-01-09T00:00:00,476.05,2988.96,99.19,2.57,65.71,47.59,22.65,37.84,running,1,0,4,12,0.2261,-1.9718,1.5953,0
PUMP-HEALTHY,2026-01-09T00:05:00,475.34,3025.44,99.36,1.46,69.72,48.55,23.08,40.39,running,1,0,1,12,-1.1073,0.1742,4.0084,0
PUMP-HEALTHY,2026-01-09T00:10:00,484.57,2977.36,103.56,1.56,68.26,49.9,24.18,48.64,running,1,0,0,12,0.0996,4.1991,-1.4654,0
PUMP-HEALTHY,2026-01-09T00:15:00,483.65,2999.36,99.52,1.15,62.51,47.47,22.96,48.61,running,1,0,4,12,-0.4151,-4.0464,-5.7448,0
PUMP-HEALTHY,2026-01-09T00:20:00,481.63,2958.3,98.17,2.7,66.56,52.16,25.12,58.07,running,1,0,3,12,1.549,-1.3412,4.0511,0
PUMP-HEALTHY,2026-01-09T00:25:00,483.53,3042.58,100.83,2.09,60.33,52.44,25.36,59.12,running,1,0,1,12,-0.6083,2.655,-6.2318,0
PUMP-HEALTHY,2026-01-09T00:30:00,476.22,3034.56,99.4,2.0,67.43,47.68,22.71,43.23,running,1,0,1,12,-0.0847,-1.4254,7.0974,0
PUMP-HEALTHY,2026-01-09T00:35:00,478.19,2957.47,98.43,1.96,69.84,47.93,22.92,37.4,running,1,0,4,12,-0.0478,-0.9743,2.4165,0
PUMP-HEALTHY,2026-01-09T00:40:00,478.82,2957.98,103.51,1.2,67.02,46.57,22.3,37.16,running,1,0,0,12,-0.7583,5.0807,-2.8248,0
PUMP-HEALTHY,2026-01-09T00:45:00,480.83,2980.94,103.93,1.03,61.35,51.12,24.58,57.66,running,1,0,4,12,-0.1653,0.4227,-5.6653,0
PUMP-HEALTHY,2026-01-09T00:50:00,480.56,3015.52,100.03,1.24,68.4,48.94,23.52,46.48,running,1,0,0,12,0.206,-3.9079,7.0502,0
PUMP-HEALTHY,2026-01-09T00:55:00,482.73,3010.76,104.79,1.95,65.1,47.91,23.13,47.27,running,1,0,1,12,0.7144,4.763,-3.3031,0
PUMP-HEALTHY,2026-01-09T01:00:00,480.54,3046.4,98.26,2.27,63.02,51.34,24.67,59.27,running,1,0,2,12,0.3214,-6.5257,-2.0841,0
PUMP-HEALTHY,2026-01-09T01:05:00,476.69,3014.14,98.83,1.57,60.48,47.55,22.67,52.75,running,1,0,3,12,-0.7064,0.5702,-2.5378,0
PUMP-HEALTHY,2026-01-09T01:10:00,480.97,2993.33,102.63,1.78,64.07,46.9,22.56,41.33,running,1,0,3,12,0.2092,3.8004,3.5863,0
PUMP-HEALTHY,2026-01-09T01:15:00,482.4,3039.34,98.01,2.27,62.83,48.0,23.16,53.02,running,1,0,4,12,0.4889,-4.6191,-1.2352,0
PUMP-HEALTHY,2026-01-09T01:20:00,482.05,2977.59,101.68,2.82,64.26,49.22,23.73,50.11,running,1,0,0,12,0.5537,3.6659,1.4292,0
PUMP-HEALTHY,2026-01-09T01:25:00,475.31,2960.6,104.93,2.4,63.41,49.7,23.62,46.29,running,1,0,2,12,-0.4181,3.2529,-0.8519,0
PUMP-HEALTHY,2026-01-09T01:30:00,482.78,2979.62,99.02,2.98,64.48,49.61,23.95,53.11,running,1,0,2,12,0.5795,-5.9134,1.0752,0
PUMP-HEALTHY,2026-01-09T01:35:00,479.05,2952.59,100.68,1.02,60.23,45.59,21.84,36.07,running,1,0,0,12,-1.9651,1.66,-4.257,0
PUMP-HEALTHY,2026-01-09T01:40:00,483.39,2950.51,103.73,2.02,69.56,47.2,22.81,45.52,running,1,0,3,12,1.0025,3.0494,9.3317,0
PUMP-HEALTHY,2026-01-09T01:45:00,482.78,2960.26,98.04,2.94,69.8,48.55,23.44,45.3,running,1,0,0,12,0.9183,-5.6928,0.2474,0
PUMP-HEALTHY,2026-01-09T01:50:00,479.86,3003.63,98.05,1.82,61.92,48.02,23.04,53.0,running,1,0,1,12,-1.1215,0.0179,-7.8829,0
PUMP-HEALTHY,2026-01-09T01:55:00,477.29,3005.22,99.27,2.11,62.84,48.37,23.09,48.4,running,1,0,2,12,0.2968,1.2129,0.9173,0
PUMP-HEALTHY,2026-01-09T02:00:00,485.0,3009.11,100.08,1.0,60.92,50.2,24.35,53.16,running,1,0,1,12,-1.1096,0.8133,-1.9164,0
PUMP-HEALTHY,2026-01-09T02:05:00,478.73,3028.18,102.93,2.87,63.47,47.74,22.85,35.74,running,1,0,3,12,1.8694,2.8516,2.5476,0
PUMP-HEALTHY,2026-01-09T02:10:00,484.28,2966.47,102.5,2.18,69.24,48.41,23.44,35.19,running,1,0,2,12,-0.6879,-0.4298,5.7651,0
PUMP-HEALTHY,2026-01-09T02:15:00,484.57,3005.65,98.29,2.52,65.24,48.52,23.51,35.73,running,1,0,2,12,0.3342,-4.2154,-3.9934,0
PUMP-HEALTHY,2026-01-09T02:20:00,476.02,2978.77,104.07,2.89,62.43,45.65,21.73,36.93,running,1,0,4,12,0.3681,5.7805,-2.8161,0
PUMP-HEALTHY,2026-01-09T02:25:00,482.61,2959.56,102.59,1.58,65.56,49.27,23.78,55.0,running,1,0,0,12,-1.3106,-1.4765,3.1309,0
PUMP-HEALTHY,2026-01-09T02:30:00,476.75,3014.16,102.72,2.85,62.23,48.79,23.26,44.64,running,1,0,0,12,1.2769,0.1284,-3.324,0
PUMP-HEALTHY,2026-01-09T02:35:00,481.74,2972.73,101.91,2.55,66.68,48.18,23.21,37.43,running,1,0,3,12,-0.3065,-0.8108,4.4436,0
PUMP-HEALTHY,2026-01-09T02:40:00,477.51,3041.77,99.68,2.44,65.96,47.41,22.64,35.34,running,1,0,3,12,-0.1052,-2.2313,-0.7137,0
PUMP-HEALTHY,2026-01-09T02:45:00,482.84,3009.24,100.14,2.54,65.45,48.09,23.22,41.96,running,1,0,4,12,0.0953,0.4656,-0.5153,0
PUMP-HEALTHY,2026-01-09T02:50:00,484.65,3006.64,98.34,1.6,68.94,50.23,24.34,48.0,running,1,0,0,12,-0.9402,-1.8006,3.4913,0
PUMP-HEALTHY,2026-01-09T02:55:00,478.89,2992.04,99.68,1.9,62.73,46.38,22.21,46.1,running,1,0,3,12,0.3086,1.3423,-6.2049,0
PUMP-HEALTHY,2026-01-09T03:00:00,475.93,2972.27,102.65,1.14,65.88,47.0,22.37,48.8,running,1,0,2,12,-0.7665,2.963,3.1438,0
PUMP-HEALTHY,2026-01-09T03:05:00,476.94,3022.29,102.31,1.32,66.13,46.91,22.37,44.94,running,1,0,1,12,0.1832,-0.3354,0.2512,0
PUMP-HEALTHY,2026-01-09T03:10:00,478.23,3037.64,98.06,1.56,61.84,51.1,24.44,53.6,running,1,0,0,12,0.2425,-4.2477,-4.2868,0
PUMP-HEALTHY,2026-01-09T03:15:00,482.67,2977.39,101.18,1.25,61.11,47.0,22.68,43.27,running,1,0,2,12,-0.3119,3.1165,-0.7357,0
PUMP-HEALTHY,2026-01-09T03:20:00,480.35,2981.53,99.97,2.91,69.28,49.39,23.73,44.6,running,1,0,1,12,1.6613,-1.2081,8.1756,0
PUMP-HEALTHY,2026-01-09T03:25:00,477.78,2986.89,98.43,2.99,62.13,49.55,23.68,51.43,running,1,0,2,12,0.0801,-1.5425,-7.1527,0
PUMP-HEALTHY,2026-01-09T03:30:00,476.81,2972.22,98.58,2.28,69.22,46.21,22.03,38.48,running,1,0,1,12,-0.7134,0.1479,7.0873,0
PUMP-HEALTHY,2026-01-09T03:35:00,481.05,2989.23,104.33,2.38,66.0,46.78,22.5,46.07,running,1,0,1,12,0.1002,5.7558,-3.2153,0
PUMP-HEALTHY,2026-01-09T03:40:00,483.29,2952.64,98.61,1.93,69.28,45.85,22.16,39.42,running,1,0,3,12,-0.4523,-5.7247,3.2752,0
PUMP-HEALTHY,2026-01-09T03:45:00,478.82,2970.99,104.01,2.67,63.96,51.92,24.86,59.66,running,1,0,0,12,0.7404,5.4,-5.314,0
PUMP-HEALTHY,2026-01-09T03:50:00,483.39,3008.64,101.5,1.6,67.8,48.31,23.35,55.53,running,1,0,4,12,-1.0643,-2.5083,3.8402,0
PUMP-HEALTHY,2026-01-09T03:55:00,475.49,3007.65,102.5,1.42,66.19,48.08,22.86,47.24,running,1,0,0,12,-0.1808,1.0001,-1.6124,0
PUMP-HEALTHY,2026-01-09T04:00:00,476.84,3008.18,100.39,1.2,61.46,49.33,23.52,56.04,running,1,0,3,12,-0.2244,-2.1098,-4.7277,0
PUMP-HEALTHY,2026-01-09T04:05:00,475.64,3024.0,100.48,2.2,60.02,49.95,23.76,46.24,running,1,0,0,12,1.0005,0.0861,-1.4377,0
PUMP-HEALTHY,2026-01-09T04:10:00,477.86,3027.96,103.09,2.95,61.37,49.03,23.43,40.86,running,1,0,4,12,0.7554,2.6114,1.3426,0
PUMP-HEALTHY,2026-01-09T04:15:00,482.68,2978.49,100.64,1.88,62.88,45.68,22.05,41.13,running,1,0,2,12,-1.0726,-2.4508,1.5122,0
PUMP-HEALTHY,2026-01-09T04:20:00,476.96,3011.43,104.39,2.84,66.7,50.14,23.92,59.35,running,1,0,0,12,0.9578,3.7492,3.8214,0
PUMP-HEALTHY,2026-01-09T04:25:00,478.45,3015.88,102.54,2.52,60.67,46.59,22.29,35.66,running,1,0,2,12,-0.3207,-1.8503,-6.0318,0
PUMP-HEALTHY,2026-01-09T04:30:00,479.77,2955.49,102.64,2.59,66.25,45.97,22.05,38.9,running,1,0,4,12,0.075,0.0985,5.5805,0
PUMP-HEALTHY,2026-01-09T04:35:00,481.8,2994.18,100.7,2.65,66.33,46.35,22.33,40.11,running,1,0,0,12,0.0575,-1.9306,0.0766,0
PUMP-HEALTHY,2026-01-09T04:40:00,480.39,3008.58,98.5,1.28,68.19,47.8,22.96,47.92,running,1,0,3,12,-1.3757,-2.2034,1.8612,0
PUMP-HEALTHY,2026-01-09T04:45:00,475.84,2978.61,99.07,1.62,60.22,47.07,22.4,35.72,running,1,0,1,12,0.347,0.5643,-7.9716,0
PUMP-HEALTHY,2026-01-09T04:50:00,480.7,3003.79,104.36,1.3,62.43,48.32,23.23,52.43,running,1,0,4,12,-0.3261,5.2895,2.2172,0
PUMP-HEALTHY,2026-01-09T04:55:00,483.51,2988.0,99.46,2.94,67.55,48.03,23.22,48.38,running,1,0,3,12,1.6448,-4.8942,5.1168,0
PUMP-HEALTHY,2026-01-09T05:00:00,479.13,3007.01,104.18,1.68,62.1,46.75,22.4,48.09,running,1,0,0,12,-1.2601,4.7159,-5.4466,0
PUMP-HEALTHY,2026-01-09T05:05:00,483.15,3030.38,99.15,1.86,62.93,49.97,24.14,45.78,running,1,0,2,12,0.1743,-5.031,0.8253,0
PUMP-HEALTHY,2026-01-09T05:10:00,475.64,2964.45,99.28,1.56,69.43,48.16,22.91,40.52,running,1,0,2,12,-0.2966,0.1359,6.5023,0
PUMP-HEALTHY,2026-01-09T05:15:00,481.73,2981.4,103.26,2.23,69.77,47.38,22.82,41.5,running,1,0,1,12,0.6679,3.978,0.3436,0
PUMP-HEALTHY,2026-01-09T05:20:00,477.79,3030.22,100.02,1.74,61.2,48.0,22.93,42.67,running,1,0,4,12,-0.492,-3.2437,-8.5711,0
PUMP-HEALTHY,2026-01-09T05:25:00,476.3,3006.75,100.29,2.07,63.34,47.76,22.75,37.75,running,1,0,1,12,0.3324,0.2731,2.1349,0
PUMP-HEALTHY,2026-01-09T05:30:00,482.51,3037.58,102.98,1.36,69.45,50.65,24.44,53.49,running,1,0,1,12,-0.709,2.6878,6.1085,0
PUMP-HEALTHY,2026-01-09T05:35:00,477.57,3037.73,104.07,1.15,65.76,48.93,23.37,42.53,running,1,0,1,12,-0.2127,1.0886,-3.6913,0
PUMP-HEALTHY,2026-01-09T05:40:00,476.47,2969.59,104.25,1.92,69.84,50.53,24.08,52.24,running,1,0,2,12,0.777,0.1855,4.0844,0
PUMP-HEALTHY,2026-01-09T05:45:00,484.11,3047.25,103.06,1.93,68.77,49.78,24.1,44.34,running,1,0,3,12,0.0043,-1.1896,-1.0675,0
PUMP-HEALTHY,2026-01-09T05:50:00,475.24,2973.02,102.28,1.27,62.93,49.77,23.65,48.89,running,1,0,1,12,-0.6594,-0.7845,-5.8462,0
PUMP-HEALTHY,2026-01-09T05:55:00,476.93,3014.51,104.17,2.39,69.26,48.27,23.02,52.47,running,1,0,3,12,1.1189,1.8891,6.3386,0
PUMP-HEALTHY,2026-01-09T06:00:00,479.0,3022.98,98.08,1.39,66.3,50.63,24.25,51.77,running,1,0,3,12,-0.9926,-6.0836,-2.9632,0
PUMP-HEALTHY,2026-01-09T06:05:00,477.0,2961.28,104.92,2.77,68.25,47.97,22.88,35.68,running,1,0,4,12,1.3723,6.8368,1.953,0
PUMP-HEALTHY,2026-01-09T06:10:00,477.92,3041.81,98.89,2.63,67.73,48.85,23.35,56.74,running,1,0,3,12,-0.1323,-6.0336,-0.5221,0
PUMP-HEALTHY,2026-01-09T06:15:00,481.76,2988.1,104.63,2.02,69.39,49.98,24.08,52.28,running,1,0,0,12,-0.6152,5.7435,1.6527,0
PUMP-HEALTHY,2026-01-09T06:20:00,481.97,2988.12,103.96,2.28,62.53,52.16,25.14,57.93,running,1,0,0,12,0.2612,-0.6662,-6.8531,0
PUMP-HEALTHY,2026-01-09T06:25:00,480.62,2987.05,100.94,2.14,68.34,45.61,21.92,37.84,running,1,0,0,12,-0.1437,-3.0276,5.8075,0
PUMP-HEALTHY,2026-01-09T06:30:00,484.08,3043.05,100.62,2.65,69.69,48.89,23.66,56.87,running,1,0,0,12,0.5132,-0.3157,1.3518,0
PUMP-HEALTHY,2026-01-09T06:35:00,479.75,3028.71,101.71,2.38,67.08,48.06,23.06,36.5,running,1,0,4,12,-0.2679,1.0948,-2.6064,0
PUMP-HEALTHY,2026-01-09T06:40:00,480.77,3025.73,103.15,1.57,66.38,44.89,21.58,36.53,running,1,0,3,12,-0.8102,1.4329,-0.7042,0
PUMP-HEALTHY,2026-01-09T06:45:00,483.94,2983.99,102.81,2.67,61.91,47.89,23.18,50.86,running,1,0,2,12,1.0956,-0.3374,-4.4713,0
PUMP-HEALTHY,2026-01-09T06:50:00,479.58,2985.23,98.35,1.08,66.39,46.34,22.22,37.58,running,1,0,3,12,-1.5832,-4.4602,4.4823,0
PUMP-HEALTHY,2026-01-09T06:55:00,476.1,3034.08,101.16,1.52,60.91,48.3,22.99,58.18,running,1,0,0,12,0.4404,2.8061,-5.4795,0
PUMP-HEALTHY,2026-01-09T07:00:00,479.05,3010.63,102.86,2.29,62.04,49.12,23.53,52.54,running,1,0,3,12,0.7671,1.7018,1.13,0
PUMP-HEALTHY,2026-01-09T07:05:00,479.24,3029.88,104.84,1.23,65.69,49.68,23.81,46.75,running,1,0,4,12,-1.066,1.987,3.6454,0
PUMP-HEALTHY,2026-01-09T07:10:00,477.02,2969.92,100.9,1.95,60.42,45.61,21.76,43.02,running,1,0,2,12,0.7273,-3.9476,-5.2707,0
PUMP-HEALTHY,2026-01-09T07:15:00,476.9,2985.65,101.77,2.18,64.22,46.62,22.23,45.99,running,1,0,1,12,0.2231,0.8771,3.803,0
PUMP-HEALTHY,2026-01-09T07:20:00,484.87,3007.85,102.15,2.52,61.63,47.02,22.8,38.98,running,1,0,3,12,0.346,0.379,-2.5889,0
PUMP-HEALTHY,2026-01-09T07:25:00,478.35,2954.33,102.77,2.08,62.68,48.27,23.09,45.63,running,1,0,1,12,-0.4433,0.6164,1.0459,0
PUMP-HEALTHY,2026-01-09T07:30:00,475.06,3028.87,100.39,1.32,68.26,47.71,22.66,39.47,running,1,0,1,12,-0.7637,-2.3824,5.5805,0
PUMP-HEALTHY,2026-01-09T07:35:00,477.55,2956.96,100.6,2.48,60.61,49.03,23.42,43.0,running,1,0,0,12,1.1621,0.21,-7.645,0
PUMP-HEALTHY,2026-01-09T07:40:00,484.68,2950.44,101.81,2.64,69.41,48.39,23.45,35.19,running,1,0,0,12,0.1591,1.2138,8.8015,0
PUMP-HEALTHY,2026-01-09T07:45:00,481.39,3026.55,99.57,2.73,68.45,51.86,24.97,58.75,running,1,0,0,12,0.0937,-2.2443,-0.9677,0
PUMP-HEALTHY,2026-01-09T07:50:00,476.21,3026.0,100.05,1.64,66.93,48.16,22.94,47.02,running,1,0,4,12,-1.092,0.4811,-1.5132,0
PUMP-HEALTHY,2026-01-09T07:55:00,475.61,2994.26,98.58,1.15,68.27,48.27,22.96,52.91,running,1,0,3,12,-0.4917,-1.4668,1.3399,0
PUMP-HEALTHY,2026-01-09T08:00:00,477.17,3017.78,98.36,2.48,64.83,50.41,24.05,55.54,running,1,0,4,12,1.3314,-0.2178,-3.4385,0
PUMP-HEALTHY,2026-01-09T08:05:00,483.34,3028.37,104.32,2.87,66.78,49.1,23.73,49.56,running,1,0,3,12,0.3916,5.9602,1.9443,0
PUMP-HEALTHY,2026-01-09T08:10:00,478.5,2989.88,103.39,1.81,60.41,49.64,23.75,50.23,running,1,0,2,12,-1.0559,-0.9354,-6.3716,0
PUMP-HEALTHY,2026-01-09T08:15:00,482.79,2951.61,102.3,1.73,61.61,49.37,23.83,55.6,running,1,0,2,12,-0.0801,-1.0827,1.2078,0
PUMP-HEALTHY,2026-01-09T08:20:00,476.96,2995.89,99.4,2.39,61.27,44.75,21.34,37.21,running,1,0,0,12,0.6558,-2.9029,-0.3429,0
PUMP-HEALTHY,2026-01-09T08:25:00,479.59,2986.18,99.99,2.34,64.21,49.03,23.52,54.06,running,1,0,0,12,-0.0456,0.5896,2.9415,0
PUMP-HEALTHY,2026-01-09T08:30:00,484.08,2982.88,103.22,1.19,60.69,51.47,24.91,52.72,running,1,0,0,12,-1.1512,3.225,-3.5209,0
PUMP-HEALTHY,2026-01-09T08:35:00,476.35,2984.86,102.0,1.42,62.62,47.45,22.6,46.72,running,1,0,1,12,0.2255,-1.2138,1.9241,0
PUMP-HEALTHY,2026-01-09T08:40:00,477.21,2978.9,101.5,1.41,64.92,45.22,21.58,37.23,running,1,0,4,12,-0.0038,-0.5,2.3034,0
PUMP-HEALTHY,2026-01-09T08:45:00,475.91,2975.21,99.7,2.79,65.05,48.35,23.01,45.33,running,1,0,1,12,1.3785,-1.8055,0.1336,0
PUMP-HEALTHY,2026-01-09T08:50:00,483.12,2952.29,99.45,2.88,69.5,50.95,24.61,52.32,running,1,0,4,12,0.0923,-0.2436,4.4435,0
PUMP-HEALTHY,2026-01-09T08:55:00,476.42,2989.28,100.33,2.72,65.92,47.63,22.69,39.16,running,1,0,0,12,-0.1682,0.8778,-3.5746,0
PUMP-HEALTHY,2026-01-09T09:00:00,483.11,3018.92,103.14,2.32,60.21,46.52,22.47,44.78,running,1,0,0,12,-0.401,2.811,-5.7145,0
PUMP-HEALTHY,2026-01-09T09:05:00,478.2,3008.92,101.92,1.68,62.08,48.3,23.1,38.58,running,1,0,0,12,-0.6398,-1.2261,1.8768,0
PUMP-HEALTHY,2026-01-09T09:10:00,483.79,3019.61,99.39,1.47,68.99,52.06,25.18,56.13,running,1,0,1,12,-0.2069,-2.5293,6.9013,0
PUMP-HEALTHY,2026-01-09T09:15:00,483.12,2958.94,98.41,2.44,65.89,49.31,23.82,48.16,running,1,0,4,12,0.9758,-0.9795,-3.0927,0
PUMP-HEALTHY,2026-01-09T09:20:00,476.14,2950.36,104.58,2.71,65.32,46.29,22.04,36.12,running,1,0,2,12,0.2625,6.1761,-0.5764,0
PUMP-HEALTHY,2026-01-09T09:25:00,475.64,3004.38,104.6,2.51,66.25,47.12,22.41,36.26,running,1,0,1,12,-0.1952,0.0197,0.933,0
PUMP-HEALTHY,2026-01-09T09:30:00,481.33,2991.72,98.62,2.54,63.94,49.38,23.77,48.34,running,1,0,1,12,0.0286,-5.9836,-2.3109,0
PUMP-HEALTHY,2026-01-09T09:35:00,484.85,3017.44,101.0,1.13,68.53,50.89,24.67,56.63,running,1,0,2,12,-1.4071,2.384,4.5914,0
PUMP-HEALTHY,2026-01-09T09:40:00,482.69,3034.68,104.1,2.82,62.2,52.45,25.32,59.84,running,1,0,4,12,1.6892,3.0991,-6.3276,0
PUMP-HEALTHY,2026-01-09T09:45:00,484.47,3017.43,103.19,1.02,66.13,47.72,23.12,47.43,running,1,0,1,12,-1.806,-0.9109,3.9258,0
PUMP-HEALTHY,2026-01-09T09:50:00,475.95,3008.45,98.87,1.62,66.67,48.59,23.13,50.16,running,1,0,0,12,0.6001,-4.3182,0.5439,0
PUMP-HEALTHY,2026-01-09T09:55:00,482.57,2960.38,103.69,1.85,66.9,46.94,22.65,37.46,running,1,0,4,12,0.2374,4.8125,0.2281,0
PUMP-HEALTHY,2026-01-09T10:00:00,480.43,3045.82,100.86,1.47,65.45,51.08,24.54,57.65,running,1,0,3,12,-0.3819,-2.8219,-1.4533,0
PUMP-HEALTHY,2026-01-09T10:05:00,483.79,3028.23,99.13,2.85,61.72,47.03,22.75,38.97,running,1,0,4,12,1.3763,-1.7339,-3.7285,0
PUMP-HEALTHY,2026-01-09T10:10:00,475.11,3019.92,99.36,2.29,60.86,48.94,23.25,44.88,running,1,0,4,12,-0.5615,0.2328,-0.8627,0
PUMP-HEALTHY,2026-01-09T10:15:00,481.76,3021.41,104.77,1.0,62.91,50.31,24.24,49.59,running,1,0,2,12,-1.2858,5.4092,2.0581,0
PUMP-HEALTHY,2026-01-09T10:20:00,478.41,2997.66,101.25,1.87,69.75,49.45,23.66,55.9,running,1,0,4,12,0.8663,-3.5182,6.831,0
PUMP-HEALTHY,2026-01-09T10:25:00,478.69,3024.21,98.17,1.06,60.72,51.13,24.48,52.76,running,1,0,3,12,-0.809,-3.0815,-9.0209,0
PUMP-HEALTHY,2026-01-09T10:30:00,478.3,3005.14,99.32,1.14,68.23,50.61,24.21,49.76,running,1,0,0,12,0.0813,1.1468,7.5052,0
PUMP-HEALTHY,2026-01-09T10:35:00,480.34,2994.14,102.54,2.68,63.08,46.48,22.33,45.71,running,1,0,0,12,1.5431,3.2187,-5.1459,0
PUMP-HEALTHY,2026-01-09T10:40:00,482.18,2968.36,99.89,2.41,61.81,50.99,24.59,58.7,running,1,0,3,12,-0.275,-2.6496,-1.2742,0
PUMP-HEALTHY,2026-01-09T10:45:00,484.92,3012.65,102.5,2.55,65.9,45.2,21.92,35.45,running,1,0,0,12,0.1399,2.6095,4.087,0
PUMP-HEALTHY,2026-01-09T10:50:00,475.64,3000.72,103.85,1.07,62.75,50.38,23.97,49.29,running,1,0,2,12,-1.4756,1.3514,-3.1441,0
PUMP-HEALTHY,2026-01-09T10:55:00,476.49,2968.12,99.59,1.38,66.05,50.24,23.94,55.52,running,1,0,0,12,0.3058,-4.2599,3.2949,0
PUMP-HEALTHY,2026-01-09T11:00:00,475.14,3045.22,102.47,1.04,61.36,45.76,21.74,41.54,running,1,0,1,12,-0.3384,2.8831,-4.6863,0
PUMP-HEALTHY,2026-01-09T11:05:00,477.6,3030.49,101.16,1.48,69.45,48.56,23.19,53.37,running,1,0,3,12,0.4388,-1.3139,8.0909,0
PUMP-HEALTHY,2026-01-09T11:10:00,483.84,3019.04,103.65,2.53,63.05,52.72,25.51,58.65,running,1,0,3,12,1.0468,2.4887,-6.4012,0
PUMP-HEALTHY,2026-01-09T11:15:00,477.56,3022.04,101.8,1.99,62.08,48.02,22.93,51.15,running,1,0,0,12,-0.5394,-1.8481,-0.968,0
PUMP-HEALTHY,2026-01-09T11:20:00,477.81,3015.53,104.27,2.95,66.63,49.71,23.75,45.47,running,1,0,2,12,0.9645,2.475,4.5438,0
PUMP-HEALTHY,2026-01-09T11:25:00,480.07,3028.65,101.93,2.71,66.61,51.1,24.53,58.17,running,1,0,3,12,-0.2381,-2.3433,-0.0131,0
PUMP-HEALTHY,2026-01-09T11:30:00,483.32,2971.58,104.85,2.66,65.18,45.78,22.12,41.01,running,1,0,2,12,-0.0526,2.9195,-1.4377,0
PUMP-HEALTHY,2026-01-09T11:35:00,480.25,2950.46,101.56,2.22,62.44,50.4,24.21,54.33,running,1,0,1,12,-0.4418,-3.2952,-2.7388,0
PUMP-HEALTHY,2026-01-09T11:40:00,481.57,3014.88,100.11,2.74,67.29,51.68,24.89,59.92,running,1,0,0,12,0.5246,-1.4499,4.851,0
PUMP-HEALTHY,2026-01-09T11:45:00,482.63,3029.04,100.23,1.12,69.95,45.36,21.89,35.8,running,1,0,0,12,-1.6234,0.1285,2.6573,0
PUMP-HEALTHY,2026-01-09T11:50:00,475.51,2969.71,99.21,2.97,66.04,44.99,21.39,39.9,running,1,0,3,12,1.8525,-1.0284,-3.9102,0
PUMP-HEALTHY,2026-01-09T11:55:00,484.07,3034.45,102.13,1.54,67.88,48.71,23.58,43.63,running,1,0,0,12,-1.4323,2.9265,1.8496,0
PUMP-HEALTHY,2026-01-09T12:00:00,475.63,2963.77,101.91,1.7,63.54,49.74,23.66,51.91,running,1,0,2,12,0.163,-0.2184,-4.3412,0
PUMP-HEALTHY,2026-01-09T12:05:00,475.23,2968.5,101.94,1.62,63.43,48.44,23.02,57.12,running,1,0,1,12,-0.079,0.0226,-0.1093,0
PUMP-HEALTHY,2026-01-09T12:10:00,483.24,3025.06,102.34,2.66,63.31,47.81,23.1,36.97,running,1,0,1,12,1.0416,0.4068,-0.1281,0
PUMP-HEALTHY,2026-01-09T12:15:00,481.57,3007.61,99.92,2.74,64.01,47.1,22.68,39.62,running,1,0,3,12,0.073,-2.4197,0.7049,0
PUMP-HEALTHY,2026-01-09T12:20:00,484.06,3030.61,100.41,2.38,65.24,48.98,23.71,47.4,running,1,0,2,12,-0.3541,0.4842,1.2247,0
PUMP-HEALTHY,2026-01-09T12:25:00,477.93,3045.46,99.82,2.51,69.77,51.01,24.38,54.95,running,1,0,2,12,0.1294,-0.5908,4.5323,0
PUMP-HEALTHY,2026-01-09T12:30:00,475.94,2997.66,104.31,1.61,68.29,48.11,22.9,42.82,running,1,0,3,12,-0.9043,4.4963,-1.48,0
PUMP-HEALTHY,2026-01-09T12:35:00,476.36,2968.65,103.92,1.83,62.0,47.53,22.64,46.06,running,1,0,0,12,0.2226,-0.3967,-6.29,0
PUMP-HEALTHY,2026-01-09T12:40:00,481.68,3033.05,100.62,1.85,67.22,49.02,23.61,56.74,running,1,0,1,12,0.0149,-3.2945,5.2212,0
PUMP-HEALTHY,2026-01-09T12:45:00,482.53,2952.87,99.8,1.24,69.76,49.03,23.66,51.38,running,1,0,0,12,-0.6093,-0.8191,2.5379,0
PUMP-HEALTHY,2026-01-09T12:50:00,479.24,2973.4,102.22,1.86,60.2,51.73,24.79,56.1,running,1,0,3,12,0.6259,2.4218,-9.5553,0
PUMP-HEALTHY,2026-01-09T12:55:00,482.45,3044.1,100.18,1.06,63.3,49.63,23.95,50.39,running,1,0,3,12,-0.798,-2.0492,3.0975,0
PUMP-HEALTHY,2026-01-09T13:00:00,479.41,3017.67,98.7,1.35,67.61,46.43,22.26,42.01,running,1,0,4,12,0.2815,-1.4756,4.3066,0
PUMP-HEALTHY,2026-01-09T13:05:00,484.57,2980.86,100.41,2.87,66.58,47.84,23.18,51.26,running,1,0,3,12,1.525,1.7094,-1.0302,0
PUMP-HEALTHY,2026-01-09T13:10:00,477.98,2954.62,102.76,2.11,67.85,46.19,22.08,40.94,running,1,0,2,12,-0.7656,2.3476,1.2786,0
PUMP-HEALTHY,2026-01-09T13:15:00,479.42,2996.66,102.24,1.13,67.18,45.67,21.89,42.32,running,1,0,0,12,-0.9781,-0.512,-0.671,0
PUMP-HEALTHY,2026-01-09T13:20:00,480.21,3020.72,102.53,1.5,68.83,49.66,23.85,44.31,running,1,0,1,12,0.3696,0.2836,1.646,0
PUMP-HEALTHY,2026-01-09T13:25:00,481.64,3008.53,101.39,2.36,61.07,45.1,21.72,35.39,running,1,0,3,12,0.8589,-1.1428,-7.7573,0
PUMP-HEALTHY,2026-01-09T13:30:00,481.05,2988.98,103.48,1.68,60.64,49.85,23.98,46.3,running,1,0,1,12,-0.6769,2.0903,-0.4297,0
PUMP-HEALTHY,2026-01-09T13:35:00,481.85,2958.34,98.38,2.01,62.29,47.86,23.06,50.46,running,1,0,4,12,0.3274,-5.1008,1.6436,0
PUMP-HEALTHY,2026-01-09T13:40:00,484.0,3028.68,101.1,2.36,64.35,49.9,24.15,47.1,running,1,0,3,12,0.352,2.7235,2.0656,0
PUMP-HEALTHY,2026-01-09T13:45:00,479.87,2994.21,100.04,2.7,67.4,48.4,23.22,56.01,running,1,0,2,12,0.3421,-1.0545,3.0534,0
PUMP-HEALTHY,2026-01-09T13:50:00,478.18,2951.04,104.92,1.01,67.76,49.07,23.47,44.43,running,1,0,4,12,-1.6891,4.8732,0.3563,0
PUMP-HEALTHY,2026-01-09T13:55:00,475.34,2971.3,104.58,2.28,68.8,45.94,21.84,39.25,running,1,0,0,12,1.2641,-0.3364,1.0438,0
PUMP-HEALTHY,2026-01-09T14:00:00,477.38,3027.91,99.91,2.21,67.19,46.64,22.26,40.14,running,1,0,2,12,-0.0667,-4.6755,-1.6167,0
PUMP-HEALTHY,2026-01-09T14:05:00,481.25,3003.65,103.07,1.48,64.24,46.86,22.55,47.62,running,1,0,1,12,-0.729,3.1598,-2.9486,0
PUMP-HEALTHY,2026-01-09T14:10:00,479.46,2957.17,104.1,1.63,62.44,45.76,21.94,42.02,running,1,0,0,12,0.147,1.0342,-1.8028,0
PUMP-HEALTHY,2026-01-09T14:15:00,475.99,3003.54,101.83,1.72,62.36,46.31,22.04,35.79,running,1,0,3,12,0.0962,-2.2711,-0.0764,0
PUMP-HEALTHY,2026-01-09T14:20:00,480.23,3022.37,102.46,1.44,68.41,47.65,22.88,40.94,running,1,0,3,12,-0.2788,0.6319,6.0505,0
PUMP-HEALTHY,2026-01-09T14:25:00,484.9,3023.83,102.2,1.93,65.1,50.48,24.48,52.66,running,1,0,0,12,0.4872,-0.2586,-3.3082,0
PUMP-HEALTHY,2026-01-09T14:30:00,475.23,2962.94,99.8,2.43,67.81,51.91,24.67,59.16,running,1,0,2,12,0.5028,-2.4028,2.7026,0
PUMP-HEALTHY,2026-01-09T14:35:00,480.61,3037.14,98.19,2.31,65.33,47.5,22.83,50.17,running,1,0,2,12,-0.1261,-1.6058,-2.4741,0
PUMP-HEALTHY,2026-01-09T14:40:00,475.81,2961.01,103.47,2.51,66.22,48.76,23.2,54.96,running,1,0,4,12,0.1985,5.2745,0.8908,0
PUMP-HEALTHY,2026-01-09T14:45:00,479.73,3011.68,100.41,1.78,61.15,46.83,22.46,39.65,running,1,0,0,12,-0.728,-3.0587,-5.0733,0
PUMP-HEALTHY,2026-01-09T14:50:00,481.88,3017.57,101.5,2.5,68.46,46.96,22.63,41.01,running,1,0,3,12,0.7212,1.0945,7.3157,0
PUMP-HEALTHY,2026-01-09T14:55:00,484.24,2994.06,99.53,1.05,63.63,45.98,22.27,40.19,running,1,0,3,12,-1.4496,-1.972,-4.83,0
PUMP-HEALTHY,2026-01-09T15:00:00,482.47,3032.32,98.33,2.46,62.17,50.32,24.28,51.38,running,1,0,0,12,1.4084,-1.2055,-1.4604,0
PUMP-HEALTHY,2026-01-09T15:05:00,478.02,3028.75,104.2,1.35,64.24,47.41,22.66,53.19,running,1,0,3,12,-1.1071,5.8745,2.0685,0
PUMP-HEALTHY,2026-01-09T15:10:00,479.16,2959.68,100.09,2.25,61.02,47.11,22.57,39.64,running,1,0,4,12,0.9006,-4.1129,-3.22,0
PUMP-HEALTHY,2026-01-09T15:15:00,482.37,2970.72,104.46,1.52,60.27,46.88,22.61,41.26,running,1,0,4,12,-0.7286,4.3742,-0.7505,0
PUMP-HEALTHY,2026-01-09T15:20:00,480.11,2998.3,98.15,1.75,65.59,48.65,23.36,59.03,running,1,0,4,12,0.2309,-6.3086,5.3152,0
PUMP-HEALTHY,2026-01-09T15:25:00,484.21,2972.78,103.1,2.38,60.79,50.1,24.26,43.61,running,1,0,4,12,0.6254,4.9496,-4.7997,0
PUMP-HEALTHY,2026-01-09T15:30:00,476.14,3014.38,101.38,1.12,63.3,45.24,21.54,40.58,running,1,0,1,12,-1.2649,-1.7247,2.5107,0
PUMP-HEALTHY,2026-01-09T15:35:00,480.79,2958.2,101.16,1.26,61.57,48.6,23.37,47.0,running,1,0,3,12,0.1413,-0.2162,-1.7295,0
PUMP-HEALTHY,2026-01-09T15:40:00,481.97,3027.27,104.62,2.3,68.48,49.33,23.78,47.01,running,1,0,4,12,1.0474,3.4604,6.911,0
PUMP-HEALTHY,2026-01-09T15:45:00,481.56,3033.26,101.34,1.57,66.14,47.47,22.86,50.61,running,1,0,0,12,-0.7343,-3.2826,-2.3368,0
PUMP-HEALTHY,2026-01-09T15:50:00,479.9,2961.04,101.82,1.82,63.36,48.24,23.15,45.44,running,1,0,0,12,0.2487,0.4845,-2.7855,0
PUMP-HEALTHY,2026-01-09T15:55:00,484.95,3039.14,98.07,1.15,62.11,51.73,25.09,55.02,running,1,0,1,12,-0.6645,-3.7581,-1.2449,0
PUMP-HEALTHY,2026-01-09T16:00:00,475.95,2990.79,103.8,1.34,64.61,51.59,24.55,58.88,running,1,0,3,12,0.1824,5.7377,2.4974,0
PUMP-HEALTHY,2026-01-09T16:05:00,476.03,3009.67,102.26,1.44,69.14,46.61,22.19,47.68,running,1,0,4,12,0.0995,-1.542,4.5286,0
PUMP-HEALTHY,2026-01-09T16:10:00,481.48,3038.71,98.37,2.06,69.48,48.02,23.12,52.44,running,1,0,3,12,0.625,-3.8868,0.339,0
PUMP-HEALTHY,2026-01-09T16:15:00,475.77,3049.11,100.44,2.59,66.96,45.35,21.58,37.87,running,1,0,0,12,0.5299,2.0615,-2.5215,0
PUMP-HEALTHY,2026-01-09T16:20:00,483.02,2974.21,101.29,2.72,63.29,50.17,24.23,49.46,running,1,0,0,12,0.1313,0.855,-3.6618,0
PUMP-HEALTHY,2026-01-09T16:25:00,477.43,3017.26,102.21,2.5,63.72,49.59,23.68,54.41,running,1,0,1,12,-0.2225,0.9182,0.4215,0
PUMP-HEALTHY,2026-01-09T16:30:00,481.8,3041.71,101.84,2.66,61.53,52.27,25.19,56.27,running,1,0,1,12,0.1623,-0.3725,-2.1842,0
PUMP-HEALTHY,2026-01-09T16:35:00,484.11,3027.72,104.24,1.21,68.09,47.36,22.93,36.74,running,1,0,0,12,-1.45,2.4067,6.5557,0
PUMP-HEALTHY,2026-01-09T16:40:00,481.29,3034.3,104.32,2.66,68.32,51.9,24.98,56.69,running,1,0,1,12,1.4513,0.0788,0.2335,0
PUMP-HEALTHY,2026-01-09T16:45:00,482.07,2990.58,98.26,2.39,63.95,48.09,23.18,49.29,running,1,0,4,12,-0.2705,-6.0613,-4.3691,0
PUMP-HEALTHY,2026-01-09T16:50:00,477.52,2973.38,100.2,1.44,60.53,48.76,23.29,41.06,running,1,0,4,12,-0.9572,1.9364,-3.4244,0
PUMP-HEALTHY,2026-01-09T16:55:00,481.61,2983.77,104.71,1.09,65.87,48.79,23.5,52.39,running,1,0,3,12,-0.343,4.5079,5.3442,0
PUMP-HEALTHY,2026-01-09T17:00:00,476.36,2977.76,103.11,2.12,67.49,47.42,22.59,50.13,running,1,0,1,12,1.0325,-1.5999,1.6212,0
PUMP-HEALTHY,2026-01-09T17:05:00,478.29,3044.57,104.48,1.84,65.08,45.28,21.66,36.66,running,1,0,3,12,-0.2877,1.3744,-2.4104,0
PUMP-HEALTHY,2026-01-09T17:10:00,479.53,2997.82,98.95,1.96,62.26,45.63,21.88,42.34,running,1,0,1,12,0.1206,-5.5275,-2.8186,0
PUMP-HEALTHY,2026-01-09T17:15:00,481.46,3023.5,104.62,1.19,66.17,51.74,24.91,56.99,running,1,0,3,12,-0.7695,5.6631,3.9037,0
PUMP-HEALTHY,2026-01-09T17:20:00,481.74,2974.56,103.13,1.87,63.09,48.08,23.16,35.36,running,1,0,2,12,0.6796,-1.481,-3.0819,0
PUMP-HEALTHY,2026-01-09T17:25:00,477.68,2979.65,104.8,2.75,62.71,49.79,23.78,51.74,running,1,0,2,12,0.8775,1.6695,-0.3779,0
PUMP-HEALTHY,2026-01-09T17:30:00,475.07,3010.09,101.07,1.7,68.94,46.97,22.31,37.27,running,1,0,2,12,-1.0432,-3.7296,6.2369,0
PUMP-HEALTHY,2026-01-09T17:35:00,479.17,2977.4,102.29,2.15,61.03,47.23,22.63,47.37,running,1,0,1,12,0.4498,1.2143,-7.914,0
PUMP-HEALTHY,2026-01-09T17:40:00,479.67,2981.99,103.82,1.27,68.39,51.47,24.69,59.75,running,1,0,1,12,-0.8834,1.5269,7.3572,0
PUMP-HEALTHY,2026-01-09T17:45:00,478.86,2957.61,104.31,2.56,60.27,46.64,22.33,39.99,running,1,0,4,12,1.2913,0.497,-8.1161,0
PUMP-HEALTHY,2026-01-09T17:50:00,480.94,2967.54,102.44,1.35,64.8,49.31,23.71,52.78,running,1,0,4,12,-1.2108,-1.8735,4.5312,0
PUMP-HEALTHY,2026-01-09T17:55:00,476.73,2966.79,100.43,1.46,63.84,46.96,22.39,49.22,running,1,0,1,12,0.1144,-2.0104,-0.9656,0
PUMP-HEALTHY,2026-01-09T18:00:00,481.09,2951.62,102.35,1.46,67.94,47.58,22.89,38.17,running,1,0,3,12,-0.0024,1.919,4.1027,0
PUMP-HEALTHY,2026-01-09T18:05:00,479.25,2967.77,103.21,1.54,61.91,50.56,24.23,55.15,running,1,0,1,12,0.0793,0.865,-6.0268,0
PUMP-HEALTHY,2026-01-09T18:10:00,477.57,2997.26,98.72,2.91,65.27,48.51,23.17,45.9,running,1,0,2,12,1.3738,-4.4951,3.3549,0
PUMP-HEALTHY,2026-01-09T18:15:00,483.12,2967.57,99.74,2.12,63.84,47.89,23.13,50.51,running,1,0,2,12,-0.7901,1.0259,-1.4309,0
PUMP-HEALTHY,2026-01-09T18:20:00,477.04,3032.12,98.15,2.72,61.63,49.71,23.71,53.98,running,1,0,4,12,0.5999,-1.5917,-2.2063,0
PUMP-HEALTHY,2026-01-09T18:25:00,484.89,3010.88,104.15,2.84,68.44,49.6,24.05,56.64,running,1,0,3,12,0.1184,6.002,6.8044,0
PUMP-HEALTHY,2026-01-09T18:30:00,477.83,2970.95,102.21,2.68,64.7,46.63,22.28,43.2,running,1,0,1,12,-0.1633,-1.9474,-3.732,0
PUMP-HEALTHY,2026-01-09T18:35:00,475.05,3026.2,103.59,1.68,61.36,48.0,22.8,47.72,running,1,0,4,12,-0.9986,1.3806,-3.3395,0
PUMP-HEALTHY,2026-01-09T18:40:00,481.45,3016.7,101.61,1.87,64.5,49.16,23.67,48.47,running,1,0,0,12,0.1868,-1.9728,3.136,0
PUMP-HEALTHY,2026-01-09T18:45:00,479.58,3035.34,102.5,2.74,68.67,46.42,22.26,45.83,running,1,0,0,12,0.8771,0.8829,4.1656,0
PUMP-HEALTHY,2026-01-09T18:50:00,475.81,3046.34,99.5,2.05,67.96,51.96,24.72,58.78,running,1,0,3,12,-0.6972,-2.9931,-0.7042,0
PUMP-HEALTHY,2026-01-09T18:55:00,483.29,2991.88,103.1,1.0,63.39,49.04,23.7,48.57,running,1,0,3,12,-1.0471,3.591,-4.5741,0
PUMP-HEALTHY,2026-01-09T19:00:00,479.91,2979.25,101.94,2.45,61.81,46.4,22.27,42.1,running,1,0,3,12,1.4463,-1.1544,-1.58,0
PUMP-HEALTHY,2026-01-09T19:05:00,480.75,2982.77,104.18,2.98,62.78,47.85,23.0,53.99,running,1,0,4,12,0.538,2.2398,0.9754,0
PUMP-HEALTHY,2026-01-09T19:10:00,482.91,2972.93,100.4,1.09,68.25,48.97,23.65,53.73,running,1,0,0,12,-1.8933,-3.7785,5.4659,0
PUMP-HEALTHY,2026-01-09T19:15:00,479.72,3020.3,102.11,2.8,68.02,48.67,23.35,38.11,running,1,0,1,12,1.7079,1.7127,-0.2329,0
PUMP-HEALTHY,2026-01-09T19:20:00,480.39,3037.13,104.99,1.86,61.72,49.35,23.71,44.41,running,1,0,3,12,-0.9434,2.8782,-6.2911,0
PUMP-HEALTHY,2026-01-09T19:25:00,482.61,2974.94,102.53,2.15,67.59,48.59,23.45,45.18,running,1,0,2,12,0.2903,-2.4652,5.8631,0
PUMP-HEALTHY,2026-01-09T19:30:00,480.12,2972.07,103.04,1.17,67.7,48.7,23.38,56.25,running,1,0,2,12,-0.9768,0.5129,0.1104,0
PUMP-HEALTHY,2026-01-09T19:35:00,475.84,3030.65,102.54,1.0,62.94,51.53,24.52,58.02,running,1,0,3,12,-0.1661,-0.501,-4.7583,0
PUMP-HEALTHY,2026-01-09T19:40:00,479.6,3002.42,103.31,1.1,62.16,46.33,22.22,43.19,running,1,0,1,12,0.0945,0.7733,-0.7771,0
PUMP-HEALTHY,2026-01-09T19:45:00,477.54,3018.0,99.48,2.19,64.03,49.12,23.46,54.52,running,1,0,0,12,1.0927,-3.8339,1.8673,0
PUMP-HEALTHY,2026-01-09T19:50:00,480.37,3017.43,99.05,1.44,64.4,48.14,23.12,45.54,running,1,0,3,12,-0.7456,-0.4252,0.3678,0
PUMP-HEALTHY,2026-01-09T19:55:00,483.83,3033.82,104.2,1.6,68.66,50.24,24.31,46.52,running,1,0,1,12,0.1582,5.1476,4.2664,0
PUMP-HEALTHY,2026-01-09T20:00:00,478.88,3044.32,101.11,1.63,60.41,50.61,24.24,50.36,running,1,0,3,12,0.0234,-3.0899,-8.2525,0
PUMP-HEALTHY,2026-01-09T20:05:00,477.65,2999.58,103.41,1.75,62.73,46.35,22.14,42.17,running,1,0,2,12,0.1223,2.3022,2.3147,0
PUMP-HEALTHY,2026-01-09T20:10:00,476.38,2985.41,99.33,2.5,67.87,51.43,24.5,56.95,running,1,0,3,12,0.7511,-4.0819,5.146,0
PUMP-HEALTHY,2026-01-09T20:15:00,478.89,2991.99,101.33,1.05,68.72,47.78,22.88,35.56,running,1,0,2,12,-1.4498,1.9954,0.8491,0
PUMP-HEALTHY,2026-01-09T20:20:00,480.97,2985.07,100.09,1.15,67.54,50.44,24.26,54.16,running,1,0,0,12,0.102,-1.2409,-1.1774,0
PUMP-HEALTHY,2026-01-09T20:25:00,482.89,3014.33,98.33,2.7,67.38,49.61,23.96,54.91,running,1,0,1,12,1.5501,-1.7608,-0.1591,0
PUMP-HEALTHY,2026-01-09T20:30:00,482.45,3022.24,100.4,2.05,69.59,48.63,23.46,43.34,running,1,0,1,12,-0.6515,2.0783,2.2012,0
PUMP-HEALTHY,2026-01-09T20:35:00,484.14,3036.49,98.91,1.82,69.84,51.15,24.76,50.78,running,1,0,0,12,-0.2274,-1.4929,0.2526,0
PUMP-HEALTHY,2026-01-09T20:40:00,477.6,2952.89,105.0,2.47,60.7,50.67,24.2,53.39,running,1,0,2,12,0.6505,6.0858,-9.1371,0
PUMP-HEALTHY,2026-01-09T20:45:00,483.24,2957.78,102.2,2.53,65.02,48.83,23.6,49.79,running,1,0,4,12,0.057,-2.7967,4.3172,0
PUMP-HEALTHY,2026-01-09T20:50:00,476.02,3038.67,101.52,2.5,64.48,49.76,23.68,58.23,running,1,0,3,12,-0.033,-0.6834,-0.5404,0
PUMP-HEALTHY,2026-01-09T20:55:00,479.49,3042.33,101.58,2.53,64.08,46.45,22.27,47.17,running,1,0,3,12,0.0305,0.0584,-0.3946,0
PUMP-HEALTHY,2026-01-09T21:00:00,479.0,3015.09,103.47,1.77,68.85,47.47,22.74,52.7,running,1,0,3,12,-0.7614,1.8987,4.7708,0
PUMP-HEALTHY,2026-01-09T21:05:00,478.43,3010.04,100.62,2.05,66.19,46.07,22.04,41.91,running,1,0,1,12,0.2867,-2.8493,-2.6661,0
PUMP-HEALTHY,2026-01-09T21:10:00,480.74,2968.59,100.96,1.57,60.17,47.54,22.85,41.96,running,1,0,1,12,-0.482,0.3352,-6.0148,0
PUMP-HEALTHY,2026-01-09T21:15:00,484.15,2956.71,98.38,1.13,68.76,48.54,23.5,48.3,running,1,0,1,12,-0.4371,-2.5761,8.5832,0
PUMP-HEALTHY,2026-01-09T21:20:00,477.13,3009.08,98.63,1.91,67.41,46.63,22.25,43.49,running,1,0,1,12,0.7731,0.2485,-1.3502,0
PUMP-HEALTHY,2026-01-09T21:25:00,475.03,2982.73,99.84,1.21,69.3,49.93,23.72,53.66,running,1,0,4,12,-0.7013,1.2052,1.8937,0
PUMP-HEALTHY,2026-01-09T21:30:00,479.81,2972.57,100.5,1.16,69.16,50.37,24.17,52.05,running,1,0,3,12,-0.042,0.6643,-0.1425,0
PUMP-HEALTHY,2026-01-09T21:35:00,479.79,2959.55,98.63,1.41,63.66,47.31,22.7,47.64,running,1,0,1,12,0.2429,-1.8702,-5.4931,0
PUMP-HEALTHY,2026-01-09T21:40:00,477.68,3044.47,100.93,1.64,68.15,49.48,23.64,43.73,running,1,0,2,12,0.2294,2.2976,4.4825,0
PUMP-HEALTHY,2026-01-09T21:45:00,481.38,3019.38,101.42,2.2,63.44,49.7,23.92,50.57,running,1,0,0,12,0.5681,0.4939,-4.7099,0
PUMP-HEALTHY,2026-01-09T21:50:00,484.17,3047.11,101.88,1.75,63.61,50.53,24.47,47.97,running,1,0,2,12,-0.4544,0.4553,0.1728,0
PUMP-HEALTHY,2026-01-09T21:55:00,482.58,2967.78,101.77,2.88,60.97,47.64,22.99,40.51,running,1,0,0,12,1.1347,-0.1117,-2.6391,0
PUMP-HEALTHY,2026-01-09T22:00:00,482.32,3049.28,104.72,1.13,62.58,47.26,22.8,44.63,running,1,0,1,12,-1.7549,2.9574,1.611,0
PUMP-HEALTHY,2026-01-09T22:05:00,478.12,2965.7,102.82,2.75,65.74,48.46,23.17,53.61,running,1,0,4,12,1.6225,-1.8997,3.1603,0
PUMP-HEALTHY,2026-01-09T22:10:00,482.36,2960.16,98.44,1.63,64.72,45.73,22.06,39.83,running,1,0,0,12,-1.1238,-4.3808,-1.0205,0
PUMP-HEALTHY,2026-01-09T22:15:00,476.97,2958.38,104.18,1.71,61.96,44.54,21.24,36.35,running,1,0,2,12,0.0839,5.7354,-2.764,0
PUMP-HEALTHY,2026-01-09T22:20:00,477.97,2994.98,101.73,2.34,61.0,48.34,23.11,36.19,running,1,0,4,12,0.6307,-2.4488,-0.9597,0
PUMP-HEALTHY,2026-01-09T22:25:00,478.03,3026.81,100.24,1.81,68.39,49.08,23.46,45.8,running,1,0,2,12,-0.5299,-1.4914,7.396,0
PUMP-HEALTHY,2026-01-09T22:30:00,476.2,3005.84,104.82,2.2,60.98,48.27,22.99,45.17,running,1,0,1,12,0.3817,4.5779,-7.4113,0
PUMP-HEALTHY,2026-01-09T22:35:00,475.55,2980.68,98.57,2.24,67.34,46.07,21.91,37.57,running,1,0,3,12,0.041,-6.242,6.3546,0
PUMP-HEALTHY,2026-01-09T22:40:00,484.82,2988.05,102.31,1.03,68.95,52.1,25.26,57.2,running,1,0,1,12,-1.2017,3.7368,1.6143,0
PUMP-HEALTHY,2026-01-09T22:45:00,481.64,2963.4,103.18,1.81,61.41,51.85,24.97,55.61,running,1,0,3,12,0.7745,0.8694,-7.5378,0
PUMP-HEALTHY,2026-01-09T22:50:00,478.56,3013.8,99.19,2.56,68.36,48.26,23.1,49.21,running,1,0,2,12,0.7553,-3.9869,6.9426,0
PUMP-HEALTHY,2026-01-09T22:55:00,479.97,3029.96,102.96,2.49,60.11,47.41,22.76,49.22,running,1,0,2,12,-0.0728,3.7654,-8.2454,0
PUMP-HEALTHY,2026-01-09T23:00:00,479.92,3026.01,101.86,1.91,67.03,45.13,21.66,38.95,running,1,0,2,12,-0.5798,-1.1,6.9234,0
PUMP-HEALTHY,2026-01-09T23:05:00,480.59,3011.57,103.15,1.51,61.91,46.92,22.55,46.58,running,1,0,2,12,-0.4036,1.2862,-5.1208,0
PUMP-HEALTHY,2026-01-09T23:10:00,476.86,3021.72,98.31,2.35,65.12,50.77,24.21,58.14,running,1,0,4,12,0.8456,-4.8322,3.2035,0
PUMP-HEALTHY,2026-01-09T23:15:00,478.99,3030.6,98.31,2.1,61.74,49.15,23.54,58.38,running,1,0,2,12,-0.2489,-0.0054,-3.3822,0
PUMP-HEALTHY,2026-01-09T23:20:00,483.86,2976.35,104.68,1.8,69.8,49.14,23.78,59.15,running,1,0,0,12,-0.3066,6.3749,8.0623,0
PUMP-HEALTHY,2026-01-09T23:25:00,481.35,3047.21,102.09,1.66,63.92,48.32,23.26,52.2,running,1,0,2,12,-0.1373,-2.5914,-5.8759,0
PUMP-HEALTHY,2026-01-09T23:30:00,479.31,2963.45,101.6,1.98,65.09,49.45,23.7,47.76,running,1,0,4,12,0.3233,-0.4872,1.1652,0
PUMP-HEALTHY,2026-01-09T23:35:00,481.23,2973.77,99.44,2.32,60.52,50.86,24.47,51.18,running,1,0,0,12,0.3337,-2.1617,-4.5619,0
PUMP-HEALTHY,2026-01-09T23:40:00,484.92,3029.94,104.08,2.11,60.09,49.29,23.9,41.99,running,1,0,0,12,-0.206,4.6349,-0.4335,0
PUMP-HEALTHY,2026-01-09T23:45:00,482.54,3011.54,99.5,1.03,63.29,50.85,24.54,54.0,running,1,0,2,12,-1.0787,-4.5767,3.2015,0
PUMP-HEALTHY,2026-01-09T23:50:00,482.3,3006.01,104.66,2.14,63.08,50.16,24.19,49.73,running,1,0,0,12,1.1057,5.1549,-0.2123,0
PUMP-HEALTHY,2026-01-09T23:55:00,484.57,2973.34,101.08,2.12,65.89,52.48,25.43,57.07,running,1,0,0,12,-0.0175,-3.5717,2.8048,0
PUMP-HEALTHY,2026-01-10T00:00:00,483.2,2983.14,99.55,2.32,63.94,46.83,22.63,35.2,running,1,0,3,12,0.1934,-1.5361,-1.9468,0
PUMP-HEALTHY,2026-01-10T00:05:00,483.15,3002.87,103.39,2.67,63.32,48.26,23.32,52.22,running,1,0,4,12,0.3544,3.8441,-0.6211,0
PUMP-HEALTHY,2026-01-10T00:10:00,481.64,3037.26,99.11,2.81,67.17,51.53,24.82,57.53,running,1,0,1,12,0.143,-4.2796,3.8518,0
PUMP-HEALTHY,2026-01-10T00:15:00,478.74,2954.17,104.29,2.03,64.27,50.19,24.03,53.19,running,1,0,3,12,-0.784,5.176,-2.8981,0
PUMP-HEALTHY,2026-01-10T00:20:00,481.39,3000.24,102.28,1.8,63.24,48.82,23.5,48.79,running,1,0,2,12,-0.23,-2.0123,-1.0315,0
PUMP-HEALTHY,2026-01-10T00:25:00,483.31,2997.49,99.03,1.46,66.36,46.85,22.64,37.03,running,1,0,2,12,-0.3363,-3.2498,3.1223,0
PUMP-HEALTHY,2026-01-10T00:30:00,481.0,2965.86,101.52,2.25,62.75,51.43,24.74,52.71,running,1,0,2,12,0.7832,2.4947,-3.6164,0
PUMP-HEALTHY,2026-01-10T00:35:00,484.71,2988.58,104.21,2.86,64.29,46.63,22.6,43.08,running,1,0,4,12,0.6118,2.6906,1.54,0
PUMP-HEALTHY,2026-01-10T00:40:00,481.19,2992.44,100.34,1.54,64.06,48.23,23.21,54.68,running,1,0,2,12,-1.3206,-3.8687,-0.2228,0
PUMP-HEALTHY,2026-01-10T00:45:00,483.87,3011.14,101.08,2.2,62.38,51.53,24.93,53.07,running,1,0,2,12,0.6613,0.7417,-1.6868,0
PUMP-HEALTHY,2026-01-10T00:50:00,482.36,3031.82,98.43,1.22,67.84,48.61,23.45,55.93,running,1,0,1,12,-0.9772,-2.657,5.467,0
PUMP-HEALTHY,2026-01-10T00:55:00,476.73,2978.08,98.88,1.56,65.41,48.6,23.17,53.63,running,1,0,3,12,0.341,0.4566,-2.4283,0
PUMP-HEALTHY,2026-01-10T01:00:00,479.1,2954.88,102.4,2.53,64.36,51.17,24.51,52.35,running,1,0,0,12,0.9711,3.5152,-1.0556,0
PUMP-HEALTHY,2026-01-10T01:05:00,477.75,3029.36,99.38,1.6,60.05,49.22,23.51,55.96,running,1,0,2,12,-0.9326,-3.0233,-4.3089,0
PUMP-HEALTHY,2026-01-10T01:10:00,482.95,3002.7,100.8,2.49,61.04,47.15,22.77,43.65,running,1,0,1,12,0.8937,1.426,0.9932,0
PUMP-HEALTHY,2026-01-10T01:15:00,480.86,3039.25,98.29,2.78,64.85,48.57,23.35,41.68,running,1,0,1,12,0.2873,-2.5154,3.8023,0
PUMP-HEALTHY,2026-01-10T01:20:00,479.96,2954.81,100.33,1.41,69.25,49.33,23.68,56.31,running,1,0,1,12,-1.3686,2.043,4.4062,0
PUMP-HEALTHY,2026-01-10T01:25:00,482.11,3032.1,100.44,1.89,66.27,50.76,24.47,52.07,running,1,0,0,12,0.4765,0.1139,-2.9864,0
PUMP-HEALTHY,2026-01-10T01:30:00,483.79,3044.93,104.79,2.45,68.5,50.16,24.27,51.23,running,1,0,3,12,0.5564,4.3458,2.2325,0
PUMP-HEALTHY,2026-01-10T01:35:00,479.54,3037.48,101.84,1.18,61.59,46.12,22.12,39.56,running,1,0,3,12,-1.2666,-2.9458,-6.9108,0
PUMP-HEALTHY,2026-01-10T01:40:00,481.41,2976.7,103.24,1.01,65.61,48.0,23.11,54.42,running,1,0,4,12,-0.1736,1.3956,4.0246,0
PUMP-HEALTHY,2026-01-10T01:45:00,481.97,3043.82,102.25,1.13,64.83,46.74,22.53,44.26,running,1,0,0,12,0.1243,-0.9887,-0.779,0
PUMP-HEALTHY,2026-01-10T01:50:00,482.93,3010.4,99.16,1.41,61.0,51.15,24.7,57.94,running,1,0,1,12,0.2827,-3.0936,-3.8296,0
PUMP-HEALTHY,2026-01-10T01:55:00,480.17,3014.41,102.64,1.95,64.4,47.79,22.95,45.86,running,1,0,3,12,0.5397,3.4843,3.3966,0
PUMP-HEALTHY,2026-01-10T02:00:00,475.19,2982.61,103.08,1.53,67.94,48.19,22.9,40.26,running,1,0,4,12,-0.4251,0.4362,3.5382,0
PUMP-HEALTHY,2026-01-10T02:05:00,479.71,2999.26,100.35,1.82,65.64,51.46,24.68,58.77,running,1,0,4,12,0.2944,-2.723,-2.3011,0
PUMP-HEALTHY,2026-01-10T02:10:00,483.59,2955.38,100.83,2.9,62.41,49.88,24.12,56.63,running,1,0,0,12,1.0779,0.4804,-3.2269,0
PUMP-HEALTHY,2026-01-10T02:15:00,484.94,3016.4,98.77,2.9,66.43,50.23,24.36,46.56,running,1,0,2,12,0.0006,-2.0659,4.0246,0
PUMP-HEALTHY,2026-01-10T02:20:00,477.4,2957.18,104.26,1.52,65.37,46.09,22.01,38.34,running,1,0,2,12,-1.3747,5.4925,-1.0689,0
PUMP-HEALTHY,2026-01-10T02:25:00,479.01,2960.39,100.4,2.3,67.31,46.79,22.41,47.19,running,1,0,2,12,0.7715,-3.8628,1.9467,0
PUMP-HEALTHY,2026-01-10T02:30:00,479.68,3011.96,100.2,1.48,61.45,47.41,22.74,44.17,running,1,0,4,12,-0.8207,-0.1997,-5.8666,0
PUMP-HEALTHY,2026-01-10T02:35:00,482.86,3033.67,101.4,2.2,68.33,48.17,23.26,44.05,running,1,0,1,12,0.72,1.2034,6.883,0
PUMP-HEALTHY,2026-01-10T02:40:00,482.87,3040.99,103.41,1.52,66.4,49.68,23.99,54.42,running,1,0,2,12,-0.6706,2.012,-1.9259,0
PUMP-HEALTHY,2026-01-10T02:45:00,479.44,2980.06,101.26,1.5,68.07,50.52,24.22,59.93,running,1,0,3,12,-0.0217,-2.1588,1.6659,0
PUMP-HEALTHY,2026-01-10T02:50:00,481.69,2998.91,103.67,2.64,62.46,47.97,23.11,42.27,running,1,0,0,12,1.1378,2.4104,-5.6131,0
PUMP-HEALTHY,2026-01-10T02:55:00,480.18,2971.68,104.57,1.75,67.67,46.33,22.25,35.93,running,1,0,0,12,-0.8953,0.9063,5.2103,0
PUMP-HEALTHY,2026-01-10T03:00:00,475.19,2996.01,102.31,1.06,68.46,49.06,23.31,53.95,running,1,0,4,12,-0.6832,-2.2614,0.798,0
PUMP-HEALTHY,2026-01-10T03:05:00,482.91,2976.97,98.23,2.09,67.01,47.46,22.92,39.45,running,1,0,1,12,1.0235,-4.0763,-1.4565,0
PUMP-HEALTHY,2026-01-10T03:10:00,476.1,3029.81,102.05,2.56,66.65,51.14,24.35,54.27,running,1,0,1,12,0.4752,3.814,-0.3615,0
PUMP-HEALTHY,2026-01-10T03:15:00,478.53,2969.79,101.0,3.0,63.68,48.63,23.27,51.85,running,1,0,3,12,0.4385,-1.0491,-2.9657,0
PUMP-HEALTHY,2026-01-10T03:20:00,475.58,2962.81,101.74,1.43,67.79,49.21,23.4,59.18,running,1,0,1,12,-1.5709,0.7388,4.1108,0
PUMP-HEALTHY,2026-01-10T03:25:00,481.12,2957.44,99.33,2.21,69.11,47.76,22.98,42.75,running,1,0,3,12,0.7784,-2.4109,1.3169,0
PUMP-HEALTHY,2026-01-10T03:30:00,479.05,3017.24,99.58,1.96,67.72,48.54,23.25,49.19,running,1,0,2,12,-0.2476,0.2482,-1.3888,0
PUMP-HEALTHY,2026-01-10T03:35:00,480.2,2952.23,102.93,2.71,68.91,44.57,21.4,35.28,running,1,0,2,12,0.7487,3.35,1.1941,0
PUMP-HEALTHY,2026-01-10T03:40:00,482.74,2993.7,100.55,2.63,63.9,45.34,21.89,35.63,running,1,0,3,12,-0.0808,-2.3719,-5.0147,0
PUMP-HEALTHY,2026-01-10T03:45:00,477.37,3022.95,103.67,2.89,67.08,48.25,23.03,55.0,running,1,0,3,12,0.2644,3.1151,3.1771,0
PUMP-HEALTHY,2026-01-10T03:50:00,479.29,3008.33,98.62,1.25,61.28,48.33,23.17,39.9,running,1,0,1,12,-1.6394,-5.0492,-5.7912,0
PUMP-HEALTHY,2026-01-10T03:55:00,478.22,2965.91,100.64,2.85,65.86,49.89,23.86,54.74,running,1,0,2,12,1.594,2.0241,4.5716,0
PUMP-HEALTHY,2026-01-10T04:00:00,483.1,3036.51,100.76,2.52,63.18,51.41,24.84,59.09,running,1,0,1,12,-0.3301,0.1169,-2.6711,0
PUMP-HEALTHY,2026-01-10T04:05:00,476.81,3018.64,100.22,1.57,60.76,49.57,23.63,48.02,running,1,0,2,12,-0.9436,-0.541,-2.4206,0
PUMP-HEALTHY,2026-01-10T04:10:00,475.85,2988.2,101.15,2.02,60.18,45.71,21.75,43.45,running,1,0,4,12,0.4496,0.9318,-0.5812,0
PUMP-HEALTHY,2026-01-10T04:15:00,476.0,3009.31,101.11,2.9,64.29,45.72,21.76,42.52,running,1,0,3,12,0.88,-0.0391,4.1055,0
PUMP-HEALTHY,2026-01-10T04:20:00,484.39,2976.02,102.7,1.33,69.46,47.93,23.22,41.53,running,1,0,0,12,-1.5708,1.5834,5.1728,0
PUMP-HEALTHY,2026-01-10T04:25:00,483.99,2961.13,101.1,2.08,69.11,44.69,21.63,35.29,running,1,0,2,12,0.7518,-1.5949,-0.347,0
PUMP-HEALTHY,2026-01-10T04:30:00,479.69,2998.29,103.13,1.02,64.22,49.01,23.51,51.63,running,1,0,3,12,-1.0623,2.0258,-4.8963,0
PUMP-HEALTHY,2026-01-10T04:35:00,478.77,3024.05,100.61,1.97,66.54,47.56,22.77,52.23,running,1,0,3,12,0.9452,-2.514,2.3242,0
PUMP-HEALTHY,2026-01-10T04:40:00,476.47,2978.19,101.66,2.03,65.61,47.37,22.57,51.42,running,1,0,0,12,0.0659,1.0526,-0.9329,0
PUMP-HEALTHY,2026-01-10T04:45:00,477.26,3032.71,99.13,2.69,66.54,48.68,23.23,54.9,running,1,0,4,12,0.6576,-2.532,0.9343,0
PUMP-HEALTHY,2026-01-10T04:50:00,481.13,2990.13,100.26,2.81,67.53,47.22,22.72,50.23,running,1,0,4,12,0.1225,1.1275,0.9839,0
PUMP-HEALTHY,2026-01-10T04:55:00,475.33,3006.46,102.97,1.97,60.15,46.6,22.15,42.46,running,1,0,4,12,-0.8393,2.7073,-7.3727,0
PUMP-HEALTHY,2026-01-10T05:00:00,479.51,2955.31,101.87,2.47,63.74,47.59,22.82,49.35,running,1,0,3,12,0.5017,-1.1014,3.583,0
PUMP-HEALTHY,2026-01-10T05:05:00,479.65,2951.08,99.94,1.24,63.32,47.77,22.91,41.17,running,1,0,1,12,-1.2391,-1.9253,-0.4165,0
PUMP-HEALTHY,2026-01-10T05:10:00,482.81,2984.09,99.2,2.59,61.41,47.33,22.85,37.83,running,1,0,4,12,1.356,-0.7378,-1.9152,0
PUMP-HEALTHY,2026-01-10T05:15:00,479.55,3029.27,101.6,1.28,68.43,47.77,22.91,50.09,running,1,0,4,12,-1.3087,2.3977,7.0245,0
PUMP-HEALTHY,2026-01-10T05:20:00,483.28,2969.21,103.87,2.28,60.04,47.16,22.79,44.05,running,1,0,3,12,0.9944,2.2736,-8.3878,0
PUMP-HEALTHY,2026-01-10T05:25:00,478.11,3041.83,100.64,1.44,66.9,45.8,21.9,43.63,running,1,0,0,12,-0.8422,-3.2327,6.8601,0
PUMP-HEALTHY,2026-01-10T05:30:00,484.07,3026.52,99.05,2.09,61.89,48.68,23.57,49.28,running,1,0,3,12,0.6508,-1.5879,-5.0087,0
PUMP-HEALTHY,2026-01-10T05:35:00,480.66,2951.19,99.54,2.62,68.62,48.37,23.25,46.34,running,1,0,0,12,0.5299,0.49,6.7292,0
PUMP-HEALTHY,2026-01-10T05:40:00,476.92,2984.54,101.5,2.82,68.93,45.93,21.9,42.59,running,1,0,0,12,0.1991,1.9584,0.3093,0
PUMP-HEALTHY,2026-01-10T05:45:00,478.3,3046.32,99.77,2.62,67.61,49.36,23.61,50.78,running,1,0,4,12,-0.1968,-1.7286,-1.3249,0
PUMP-HEALTHY,2026-01-10T05:50:00,477.59,3025.61,101.17,2.67,64.58,49.74,23.75,56.64,running,1,0,1,12,0.0472,1.4012,-3.0326,0
PUMP-HEALTHY,2026-01-10T05:55:00,478.1,3044.17,102.59,2.43,65.87,50.07,23.94,52.9,running,1,0,0,12,-0.2366,1.4176,1.2962,0
PUMP-HEALTHY,2026-01-10T06:00:00,481.39,2997.24,99.65,1.46,61.77,48.71,23.45,49.5,running,1,0,2,12,-0.9735,-2.938,-4.1008,0
PUMP-HEALTHY,2026-01-10T06:05:00,484.12,3048.36,104.27,1.53,68.68,45.17,21.87,37.91,running,1,0,0,12,0.0728,4.6186,6.9123,0
PUMP-HEALTHY,2026-01-10T06:10:00,480.87,3020.09,104.88,2.45,62.17,45.27,21.77,37.93,running,1,0,2,12,0.9227,0.6096,-6.5106,0
PUMP-HEALTHY,2026-01-10T06:15:00,483.45,2966.22,98.36,2.19,68.49,50.04,24.19,57.28,running,1,0,3,12,-0.262,-6.5223,6.3149,0
PUMP-HEALTHY,2026-01-10T06:20:00,479.14,2961.74,98.75,1.97,69.93,47.58,22.8,46.82,running,1,0,2,12,-0.2205,0.3923,1.4452,0
PUMP-HEALTHY,2026-01-10T06:25:00,479.18,2996.13,101.58,2.58,61.52,48.28,23.14,44.69,running,1,0,0,12,0.6123,2.8296,-8.4153,0
PUMP-HEALTHY,2026-01-10T06:30:00,482.58,3008.0,102.26,1.52,66.85,48.29,23.3,48.21,running,1,0,3,12,-1.0649,0.6798,5.3358,0
PUMP-HEALTHY,2026-01-10T06:35:00,482.24,3022.89,99.27,2.73,66.5,48.64,23.46,56.57,running,1,0,4,12,1.2154,-2.988,-0.3533,0
PUMP-HEALTHY,2026-01-10T06:40:00,479.76,3012.48,104.04,2.77,68.9,47.75,22.91,45.98,running,1,0,4,12,0.0353,4.7621,2.4042,0
PUMP-HEALTHY,2026-01-10T06:45:00,480.65,3032.54,99.01,1.45,64.68,48.16,23.15,39.59,running,1,0,0,12,-1.3207,-5.0259,-4.2193,0
PUMP-HEALTHY,2026-01-10T06:50:00,475.55,2993.78,99.67,1.72,61.3,47.31,22.5,49.93,running,1,0,4,12,0.2695,0.6583,-3.3842,0
PUMP-HEALTHY,2026-01-10T06:55:00,484.67,3015.32,99.18,1.4,62.32,50.87,24.66,52.11,running,1,0,4,12,-0.3117,-0.4931,1.0181,0
PUMP-HEALTHY,2026-01-10T07:00:00,480.89,2972.98,99.96,1.05,64.01,47.67,22.93,52.71,running,1,0,4,12,-0.3583,0.784,1.6931,0
PUMP-HEALTHY,2026-01-10T07:05:00,484.85,2975.86,99.59,2.83,63.99,46.77,22.68,43.59,running,1,0,3,12,1.7891,-0.3735,-0.0231,0
PUMP-HEALTHY,2026-01-10T07:10:00,478.23,2964.06,100.14,1.27,63.44,49.66,23.75,47.06,running,1,0,2,12,-1.5612,0.5527,-0.5519,0
PUMP-HEALTHY,2026-01-10T07:15:00,477.54,3038.58,101.89,1.57,64.79,49.34,23.56,58.68,running,1,0,4,12,0.3015,1.7512,1.3524,0
PUMP-HEALTHY,2026-01-10T07:20:00,482.83,2975.59,100.53,2.93,69.05,46.94,22.67,48.24,running,1,0,2,12,1.3516,-1.355,4.2564,0
PUMP-HEALTHY,2026-01-10T07:25:00,484.71,2986.52,103.61,1.96,68.6,51.18,24.8,58.78,running,1,0,3,12,-0.9668,3.0702,-0.4487,0
PUMP-HEALTHY,2026-01-10T07:30:00,475.27,2968.04,99.6,2.18,61.3,48.01,22.82,38.06,running,1,0,0,12,0.2208,-4.0042,-7.2958,0
PUMP-HEALTHY,2026-01-10T07:35:00,481.21,3021.71,100.28,1.8,64.15,47.71,22.96,40.22,running,1,0,3,12,-0.3776,0.6814,2.8464,0
PUMP-HEALTHY,2026-01-10T07:40:00,480.66,3027.67,99.12,2.77,64.97,50.87,24.45,55.66,running,1,0,2,12,0.9685,-1.1658,0.8236,0
PUMP-HEALTHY,2026-01-10T07:45:00,480.67,3029.72,99.22,2.63,64.74,48.92,23.52,51.66,running,1,0,1,12,-0.1362,0.0994,-0.2317,0
PUMP-HEALTHY,2026-01-10T07:50:00,476.95,2968.28,101.9,1.01,60.04,48.31,23.04,43.1,running,1,0,2,12,-1.6216,2.6812,-4.694,0
PUMP-HEALTHY,2026-01-10T07:55:00,481.85,2965.01,98.15,2.36,67.31,47.42,22.85,51.4,running,1,0,2,12,1.349,-3.7485,7.2613,0
PUMP-HEALTHY,2026-01-10T08:00:00,478.67,2977.16,100.79,2.06,66.2,49.94,23.9,51.46,running,1,0,3,12,-0.3026,2.64,-1.1111,0
PUMP-HEALTHY,2026-01-10T08:05:00,479.15,3037.44,100.24,2.48,67.8,47.45,22.74,43.89,running,1,0,2,12,0.4198,-0.5517,1.604,0
PUMP-HEALTHY,2026-01-10T08:10:00,476.71,2955.08,104.07,1.8,64.81,49.48,23.59,57.71,running,1,0,1,12,-0.683,3.8373,-2.9864,0
PUMP-HEALTHY,2026-01-10T08:15:00,477.02,3007.29,100.61,2.9,61.42,47.34,22.58,40.95,running,1,0,0,12,1.1082,-3.4668,-3.3952,0
PUMP-HEALTHY,2026-01-10T08:20:00,479.26,3029.56,104.05,1.67,69.78,45.47,21.79,38.84,running,1,0,4,12,-1.2335,3.4438,8.3606,0
PUMP-HEALTHY,2026-01-10T08:25:00,478.42,3020.37,102.35,1.92,60.96,44.8,21.43,36.11,running,1,0,3,12,0.2495,-1.7043,-8.8217,0
PUMP-HEALTHY,2026-01-10T08:30:00,481.69,2952.77,98.9,1.15,61.31,47.23,22.75,37.98,running,1,0,1,12,-0.7734,-3.4428,0.3504,0
PUMP-HEALTHY,2026-01-10T08:35:00,477.38,3020.5,104.79,1.9,60.04,47.88,22.86,41.72,running,1,0,2,12,0.7527,5.8828,-1.2694,0
PUMP-HEALTHY,2026-01-10T08:40:00,480.06,3009.34,98.72,2.07,69.38,52.05,24.99,57.71,running,1,0,1,12,0.1711,-6.0647,9.3416,0
PUMP-HEALTHY,2026-01-10T08:45:00,483.02,3014.59,98.58,2.2,69.74,50.49,24.39,57.6,running,1,0,0,12,0.132,-0.139,0.3569,0
PUMP-HEALTHY,2026-01-10T08:50:00,484.95,3046.32,104.4,1.6,68.11,50.76,24.62,55.67,running,1,0,4,12,-0.605,5.8202,-1.6289,0
PUMP-HEALTHY,2026-01-10T08:55:00,475.8,3042.57,99.66,1.14,63.0,50.44,24.0,49.38,running,1,0,3,12,-0.4579,-4.739,-5.1032,0
PUMP-HEALTHY,2026-01-10T09:00:00,477.36,3042.4,101.04,2.58,64.8,49.08,23.43,57.05,running,1,0,2,12,1.4386,1.3756,1.7964,0
PUMP-HEALTHY,2026-01-10T09:05:00,483.6,3012.26,101.24,1.99,66.04,49.95,24.16,56.68,running,1,0,2,12,-0.588,0.1974,1.2358,0
PUMP-HEALTHY,2026-01-10T09:10:00,477.23,3001.85,102.73,1.09,61.57,48.38,23.09,57.89,running,1,0,4,12,-0.9048,1.4974,-4.4691,0
PUMP-HEALTHY,2026-01-10T09:15:00,481.47,3014.07,98.88,1.94,68.64,51.25,24.68,59.03,running,1,0,0,12,0.8558,-3.8569,7.0745,0
PUMP-HEALTHY,2026-01-10T09:20:00,481.01,2991.9,100.48,1.46,64.15,46.35,22.3,42.2,running,1,0,1,12,-0.4857,1.6028,-4.4894,0
PUMP-HEALTHY,2026-01-10T09:25:00,476.26,2976.17,99.08,1.07,64.13,46.9,22.34,49.99,running,1,0,2,12,-0.39,-1.4038,-0.0261,0
PUMP-HEALTHY,2026-01-10T09:30:00,484.23,3012.95,98.41,1.2,63.32,47.19,22.85,46.67,running,1,0,1,12,0.1344,-0.666,-0.805,0
PUMP-HEALTHY,2026-01-10T09:35:00,483.2,2989.6,104.38,1.52,69.6,48.33,23.35,43.21,running,1,0,0,12,0.3167,5.9696,6.2791,0
PUMP-HEALTHY,2026-01-10T09:40:00,480.22,2962.59,102.27,1.45,69.79,51.01,24.49,50.27,running,1,0,1,12,-0.0717,-2.1075,0.1889,0
PUMP-HEALTHY,2026-01-10T09:45:00,476.58,3003.87,99.7,2.59,67.62,49.91,23.79,54.05,running,1,0,3,12,1.1423,-2.5761,-2.1723,0
PUMP-HEALTHY,2026-01-10T09:50:00,482.88,3029.73,98.58,1.71,68.63,45.3,21.88,35.5,running,1,0,2,12,-0.882,-1.1196,1.0139,0
PUMP-HEALTHY,2026-01-10T09:55:00,479.65,3027.94,100.82,1.02,67.2,47.17,22.62,38.58,running,1,0,0,12,-0.6846,2.2418,-1.4334,0
PUMP-HEALTHY,2026-01-10T10:00:00,479.32,3034.24,100.85,2.73,66.45,47.41,22.72,42.53,running,1,0,2,12,1.7081,0.0273,-0.7478,0
PUMP-HEALTHY,2026-01-10T10:05:00,478.18,3015.87,98.37,2.84,61.76,46.87,22.41,41.21,running,1,0,0,12,0.1128,-2.4786,-4.6889,0
PUMP-HEALTHY,2026-01-10T10:10:00,482.35,2994.29,100.55,2.73,69.46,46.29,22.33,40.62,running,1,0,3,12,-0.116,2.1783,7.7005,0
PUMP-HEALTHY,2026-01-10T10:15:00,480.87,2977.72,103.98,2.48,66.72,51.43,24.73,56.63,running,1,0,3,12,-0.2475,3.4299,-2.7422,0
PUMP-HEALTHY,2026-01-10T10:20:00,480.58,2972.24,101.2,1.5,67.98,50.22,24.13,47.77,running,1,0,1,12,-0.9824,-2.779,1.2627,0
PUMP-HEALTHY,2026-01-10T10:25:00,477.77,2974.86,104.29,2.36,60.5,50.24,24.0,59.64,running,1,0,2,12,0.8622,3.0903,-7.4767,0
PUMP-HEALTHY,2026-01-10T10:30:00,482.58,3043.34,98.15,2.14,63.74,49.57,23.92,52.86,running,1,0,0,12,-0.2183,-6.1356,3.2383,0
PUMP-HEALTHY,2026-01-10T10:35:00,478.24,2957.26,98.34,1.5,61.32,44.7,21.38,37.4,running,1,0,2,12,-0.643,0.1859,-2.4224,0
PUMP-HEALTHY,2026-01-10T10:40:00,478.24,3035.92,98.38,2.18,69.66,49.8,23.82,50.85,running,1,0,2,12,0.6784,0.0416,8.3429,0
PUMP-HEALTHY,2026-01-10T10:45:00,484.46,2989.33,98.5,2.19,61.56,51.75,25.07,55.33,running,1,0,0,12,0.0119,0.1195,-8.1009,0
PUMP-HEALTHY,2026-01-10T10:50:00,484.41,3027.07,98.53,1.18,62.49,52.96,25.65,59.43,running,1,0,1,12,-1.0052,0.0291,0.932,0
PUMP-HEALTHY,2026-01-10T10:55:00,482.29,2981.01,104.73,2.86,69.74,50.76,24.48,50.41,running,1,0,2,12,1.6809,6.1994,7.2464,0
PUMP-HEALTHY,2026-01-10T11:00:00,478.58,3044.94,104.26,1.78,67.98,47.02,22.5,39.34,running,1,0,3,12,-1.0785,-0.468,-1.7656,0
PUMP-HEALTHY,2026-01-10T11:05:00,477.46,3033.99,101.01,2.49,61.34,50.61,24.16,56.3,running,1,0,3,12,0.7053,-3.2449,-6.6341,0
PUMP-HEALTHY,2026-01-10T11:10:00,477.37,2963.14,104.12,1.0,64.36,44.58,21.28,36.83,running,1,0,4,12,-1.4884,3.1039,3.0169,0
PUMP-HEALTHY,2026-01-10T11:15:00,481.6,3000.1,100.51,2.3,65.96,46.81,22.55,46.51,running,1,0,3,12,1.3027,-3.6085,1.5983,0
PUMP-HEALTHY,2026-01-10T11:20:00,475.24,3043.33,98.29,2.53,60.38,47.77,22.7,36.1,running,1,0,0,12,0.2267,-2.2153,-5.577,0
PUMP-HEALTHY,2026-01-10T11:25:00,483.5,3023.27,102.2,1.97,65.13,47.24,22.84,47.52,running,1,0,3,12,-0.5597,3.905,4.755,0
PUMP-HEALTHY,2026-01-10T11:30:00,481.56,2988.59,99.7,2.05,64.08,49.55,23.86,47.71,running,1,0,2,12,0.0748,-2.4978,-1.0581,0
PUMP-HEALTHY,2026-01-10T11:35:00,484.33,3043.1,98.32,1.7,60.35,48.66,23.57,49.78,running,1,0,1,12,-0.345,-1.3813,-3.7245,0
PUMP-HEALTHY,2026-01-10T11:40:00,478.8,2967.61,98.24,1.96,61.56,49.69,23.79,47.21,running,1,0,0,12,0.2573,-0.0803,1.209,0
PUMP-HEALTHY,2026-01-10T11:45:00,481.73,3044.36,100.03,1.31,61.93,47.07,22.68,40.27,running,1,0,0,12,-0.6497,1.7928,0.3707,0
PUMP-HEALTHY,2026-01-10T11:50:00,484.59,2972.19,103.38,2.21,69.52,49.42,23.95,48.01,running,1,0,0,12,0.8986,3.3478,7.5914,0
PUMP-HEALTHY,2026-01-10T11:55:00,481.42,2984.67,99.99,2.1,64.12,49.47,23.82,57.29,running,1,0,3,12,-0.1101,-3.3921,-5.4064,0
PUMP-HEALTHY,2026-01-10T12:00:00,478.79,3001.51,100.92,1.75,68.68,47.68,22.83,43.44,running,1,0,2,12,-0.3521,0.9366,4.5674,0
PUMP-HEALTHY,2026-01-10T12:05:00,479.31,2985.11,102.25,1.73,64.02,49.72,23.83,59.92,running,1,0,3,12,-0.0143,1.3283,-4.6623,0
PUMP-HEALTHY,2026-01-10T12:10:00,477.1,3043.2,98.11,1.06,63.49,49.2,23.47,55.87,running,1,0,1,12,-0.6661,-4.1395,-0.5268,0
PUMP-HEALTHY,2026-01-10T12:15:00,482.71,3020.35,101.37,1.48,66.77,46.95,22.66,37.49,running,1,0,1,12,0.4192,3.261,3.2752,0
PUMP-HEALTHY,2026-01-10T12:20:00,483.4,2960.77,99.98,1.96,61.54,48.99,23.68,56.3,running,1,0,2,12,0.4771,-1.3926,-5.2331,0
PUMP-HEALTHY,2026-01-10T12:25:00,484.55,2979.01,100.25,2.32,69.97,49.98,24.22,42.39,running,1,0,0,12,0.3554,0.2666,8.4309,0
PUMP-HEALTHY,2026-01-10T12:30:00,481.66,3008.61,101.85,1.42,68.47,48.08,23.16,45.04,running,1,0,2,12,-0.8988,1.6052,-1.5015,0
PUMP-HEALTHY,2026-01-10T12:35:00,478.78,2989.17,98.09,2.6,67.72,46.2,22.12,41.22,running,1,0,4,12,1.1791,-3.7616,-0.747,0
PUMP-HEALTHY,2026-01-10T12:40:00,475.79,2972.34,99.1,1.61,69.37,50.35,23.96,59.65,running,1,0,3,12,-0.9822,1.0094,1.649,0
PUMP-HEALTHY,2026-01-10T12:45:00,484.92,3006.64,102.51,1.63,62.71,48.72,23.62,53.86,running,1,0,2,12,0.0138,3.405,-6.6537,0
PUMP-HEALTHY,2026-01-10T12:50:00,476.0,3010.56,100.64,1.29,61.55,49.99,23.8,54.45,running,1,0,1,12,-0.3376,-1.8636,-1.1627,0
PUMP-HEALTHY,2026-01-10T12:55:00,475.37,2972.45,104.68,1.08,63.82,49.43,23.5,46.7,running,1,0,2,12,-0.2126,4.0343,2.2704,0
PUMP-HEALTHY,2026-01-10T13:00:00,475.79,2986.9,101.95,1.09,62.62,51.51,24.51,58.08,running,1,0,0,12,0.0091,-2.7304,-1.1985,0
PUMP-HEALTHY,2026-01-10T13:05:00,478.37,2991.28,101.02,2.42,68.01,48.86,23.37,56.25,running,1,0,2,12,1.3323,-0.9275,5.3864,0
PUMP-HEALTHY,2026-01-10T13:10:00,482.71,2998.59,102.3,2.17,63.82,45.73,22.07,39.84,running,1,0,2,12,-0.2519,1.28,-4.1942,0
PUMP-HEALTHY,2026-01-10T13:15:00,483.29,3031.03,103.99,1.56,63.03,45.28,21.88,35.37,running,1,0,1,12,-0.6037,1.6891,-0.7869,0
PUMP-HEALTHY,2026-01-10T13:20:00,477.51,3004.42,100.75,2.45,62.44,48.02,22.93,46.54,running,1,0,0,12,0.8847,-3.2384,-0.5861,0
PUMP-HEALTHY,2026-01-10T13:25:00,483.38,3037.15,104.39,1.06,61.52,50.16,24.25,51.98,running,1,0,0,12,-1.3852,3.6436,-0.9182,0
PUMP-HEALTHY,2026-01-10T13:30:00,481.04,2974.85,102.02,1.01,60.85,49.3,23.71,41.59,running,1,0,4,12,-0.0503,-2.3775,-0.6723,0
PUMP-HEALTHY,2026-01-10T13:35:00,483.33,2962.41,98.71,2.16,68.0,46.4,22.43,38.13,running,1,0,4,12,1.1475,-3.3027,7.1432,0
PUMP-HEALTHY,2026-01-10T13:40:00,476.43,2980.38,101.4,2.12,66.69,45.21,21.54,40.29,running,1,0,2,12,-0.0399,2.6899,-1.3051,0
PUMP-HEALTHY,2026-01-10T13:45:00,475.93,3025.56,101.61,1.22,68.58,50.34,23.96,56.37,running,1,0,2,12,-0.8987,0.2063,1.8878,0
PUMP-HEALTHY,2026-01-10T13:50:00,484.22,3019.74,99.62,1.63,61.16,51.26,24.82,56.85,running,1,0,4,12,0.408,-1.9895,-7.4202,0
PUMP-HEALTHY,2026-01-10T13:55:00,478.61,2950.14,103.21,2.58,68.07,50.06,23.96,57.57,running,1,0,3,12,0.955,3.5937,6.9083,0
PUMP-HEALTHY,2026-01-10T14:00:00,480.27,2956.92,99.39,1.53,68.07,49.31,23.68,54.07,running,1,0,1,12,-1.0594,-3.8284,0.0057,0
PUMP-HEALTHY,2026-01-10T14:05:00,479.58,3016.14,101.31,1.54,60.55,47.64,22.85,53.14,running,1,0,3,12,0.0122,1.9212,-7.5259,0
PUMP-HEALTHY,2026-01-10T14:10:00,477.66,3011.82,102.06,2.84,65.25,47.89,22.88,35.09,running,1,0,1,12,1.3046,0.7576,4.7061,0
PUMP-HEALTHY,2026-01-10T14:15:00,478.93,3046.97,102.3,1.18,68.16,47.23,22.62,45.11,running,1,0,1,12,-1.6643,0.2397,2.9056,0
PUMP-HEALTHY,2026-01-10T14:20:00,476.68,3025.91,101.16,1.47,60.65,47.11,22.46,51.15,running,1,0,1,12,0.2896,-1.1477,-7.5045,0
PUMP-HEALTHY,2026-01-10T14:25:00,475.88,3033.65,98.57,2.99,66.03,48.04,22.86,51.1,running,1,0,1,12,1.5254,-2.5879,5.3719,0
PUMP-HEALTHY,2026-01-10T14:30:00,478.96,2988.85,100.02,1.12,64.41,50.09,23.99,58.76,running,1,0,3,12,-1.87,1.4518,-1.6175,0
PUMP-HEALTHY,2026-01-10T14:35:00,482.75,3013.61,103.71,2.18,65.09,48.72,23.52,47.92,running,1,0,0,12,1.059,3.6938,0.6795,0
PUMP-HEALTHY,2026-01-10T14:40:00,475.25,2955.36,104.24,2.6,60.04,46.17,21.94,36.8,running,1,0,3,12,0.414,0.5301,-5.0484,0
PUMP-HEALTHY,2026-01-10T14:45:00,478.13,3040.75,102.17,2.62,68.16,50.12,23.97,58.36,running,1,0,0,12,0.022,-2.0756,8.1194,0
PUMP-HEALTHY,2026-01-10T14:50:00,479.42,3007.37,103.31,2.66,69.93,45.6,21.86,41.95,running,1,0,2,12,0.0464,1.1436,1.7683,0
PUMP-HEALTHY,2026-01-10T14:55:00,475.86,3047.17,100.5,2.7,64.23,46.14,21.96,41.98,running,1,0,4,12,0.0341,-2.8155,-5.6983,0
PUMP-HEALTHY,2026-01-10T15:00:00,482.3,3048.49,104.48,1.75,61.62,47.48,22.9,49.19,running,1,0,1,12,-0.9504,3.9826,-2.6112,0
PUMP-HEALTHY,2026-01-10T15:05:00,482.27,2986.02,104.35,2.75,67.57,48.67,23.47,42.78,running,1,0,3,12,1.0048,-0.1312,5.9537,0
PUMP-HEALTHY,2026-01-10T15:10:00,484.8,2971.44,100.7,1.22,67.4,50.18,24.32,46.94,running,1,0,1,12,-1.5295,-3.6467,-0.1743,0
PUMP-HEALTHY,2026-01-10T15:15:00,484.62,3036.91,103.34,2.39,61.55,49.83,24.15,47.66,running,1,0,4,12,1.1656,2.642,-5.8493,0
PUMP-HEALTHY,2026-01-10T15:20:00,483.23,3034.58,100.63,1.66,66.61,48.94,23.65,55.89,running,1,0,4,12,-0.7298,-2.7106,5.0648,0
PUMP-HEALTHY,2026-01-10T15:25:00,479.53,2959.25,102.91,2.98,69.59,46.29,22.2,41.84,running,1,0,4,12,1.3229,2.2763,2.977,0
PUMP-HEALTHY,2026-01-10T15:30:00,478.91,3043.72,101.01,1.73,65.59,48.16,23.06,37.53,running,1,0,1,12,-1.2515,-1.8961,-3.9974,0
PUMP-HEALTHY,2026-01-10T15:35:00,476.18,3021.71,100.72,1.68,63.93,49.86,23.74,55.29,running,1,0,2,12,-0.0526,-0.2929,-1.6601,0
PUMP-HEALTHY,2026-01-10T15:40:00,478.93,2990.06,103.74,2.07,65.96,48.04,23.01,35.39,running,1,0,2,12,0.3922,3.0172,2.0277,0
PUMP-HEALTHY,2026-01-10T15:45:00,478.61,2950.49,104.12,2.2,62.37,49.06,23.48,51.54,running,1,0,4,12,0.1284,0.3802,-3.5863,0
PUMP-HEALTHY,2026-01-10T15:50:00,484.86,2989.75,103.23,2.93,63.62,48.61,23.57,38.15,running,1,0,4,12,0.7312,-0.886,1.2478,0
PUMP-HEALTHY,2026-01-10T15:55:00,484.24,2988.94,98.38,1.1,60.8,52.24,25.3,58.96,running,1,0,0,12,-1.8339,-4.8564,-2.8191,0
PUMP-HEALTHY,2026-01-10T16:00:00,483.18,2992.41,100.91,2.69,64.6,50.24,24.28,49.05,running,1,0,4,12,1.5964,2.5318,3.7947,0
PUMP-HEALTHY,2026-01-10T16:05:00,475.82,3044.76,103.99,1.0,66.73,47.01,22.37,48.9,running,1,0,2,12,-1.6898,3.081,2.1291,0
PUMP-HEALTHY,2026-01-10T16:10:00,481.66,2987.55,102.01,1.1,66.8,52.37,25.22,58.75,running,1,0,3,12,0.1001,-1.9772,0.0781,0
PUMP-HEALTHY,2026-01-10T16:15:00,476.28,3017.39,99.53,1.12,66.65,48.35,23.03,48.23,running,1,0,1,12,0.0203,-2.4844,-0.1509,0
PUMP-HEALTHY,2026-01-10T16:20:00,481.28,2991.27,104.31,1.73,63.17,48.72,23.45,45.47,running,1,0,4,12,0.6029,4.781,-3.483,0
PUMP-HEALTHY,2026-01-10T16:25:00,480.47,3037.88,98.15,1.43,60.82,49.2,23.64,53.18,running,1,0,0,12,-0.299,-6.1604,-2.354,0
PUMP-HEALTHY,2026-01-10T16:30:00,481.38,3012.74,103.02,2.66,61.56,49.33,23.75,45.34,running,1,0,1,12,1.2303,4.8775,0.7393,0
PUMP-HEALTHY,2026-01-10T16:35:00,479.24,2968.93,104.39,2.22,60.66,49.79,23.86,56.19,running,1,0,1,12,-0.438,1.3669,-0.8942,0
PUMP-HEALTHY,2026-01-10T16:40:00,482.82,3016.64,102.99,2.47,66.59,49.49,23.9,59.44,running,1,0,3,12,0.2494,-1.4003,5.9247,0
PUMP-HEALTHY,2026-01-10T16:45:00,483.05,3041.15,99.22,2.78,62.4,49.6,23.96,49.58,running,1,0,1,12,0.3078,-3.7675,-4.1819,0
PUMP-HEALTHY,2026-01-10T16:50:00,484.36,2981.3,104.35,1.83,62.57,48.1,23.3,42.53,running,1,0,3,12,-0.9472,5.1253,0.1686,0
PUMP-HEALTHY,2026-01-10T16:55:00,482.67,3022.96,101.05,1.23,69.72,46.28,22.34,37.9,running,1,0,3,12,-0.603,-3.3039,7.1473,0
PUMP-HEALTHY,2026-01-10T17:00:00,477.58,3010.5,101.64,1.64,65.0,45.82,21.88,37.13,running,1,0,0,12,0.415,0.5931,-4.7231,0
PUMP-HEALTHY,2026-01-10T17:05:00,482.71,3040.98,102.89,1.33,64.81,49.12,23.71,46.97,running,1,0,0,12,-0.3072,1.252,-0.182,0
PUMP-HEALTHY,2026-01-10T17:10:00,481.88,2951.58,103.11,2.91,69.54,47.03,22.66,46.7,running,1,0,3,12,1.5753,0.2179,4.7223,0
PUMP-HEALTHY,2026-01-10T17:15:00,478.95,2952.25,99.02,1.65,62.97,46.65,22.34,48.38,running,1,0,4,12,-1.2611,-4.0879,-6.5676,0
PUMP-HEALTHY,2026-01-10T17:20:00,480.89,3045.14,101.28,1.45,64.55,50.79,24.42,57.92,running,1,0,3,12,-0.1932,2.2586,1.5842,0
PUMP-HEALTHY,2026-01-10T17:25:00,483.53,2981.58,100.42,2.13,66.43,48.13,23.27,38.65,running,1,0,0,12,0.6739,-0.8551,1.8813,0
PUMP-HEALTHY,2026-01-10T17:30:00,479.79,2971.66,100.74,2.84,60.12,49.18,23.6,52.76,running,1,0,3,12,0.7162,0.3168,-6.3165,0
PUMP-HEALTHY,2026-01-10T17:35:00,483.63,2960.41,99.12,2.9,62.92,49.25,23.82,56.25,running,1,0,0,12,0.0513,-1.6184,2.7981,0
PUMP-HEALTHY,2026-01-10T17:40:00,478.61,3045.62,98.22,2.9,66.99,47.45,22.71,49.45,running,1,0,1,12,-0.0007,-0.8977,4.0776,0
PUMP-HEALTHY,2026-01-10T17:45:00,480.11,2972.32,104.36,2.73,67.99,46.37,22.26,35.98,running,1,0,0,12,-0.1665,6.1393,0.9995,0
PUMP-HEALTHY,2026-01-10T17:50:00,476.72,2994.14,103.01,2.96,67.62,46.73,22.28,42.27,running,1,0,0,12,0.2342,-1.3499,-0.3687,0
PUMP-HEALTHY,2026-01-10T17:55:00,475.64,2994.92,98.16,1.59,65.45,47.77,22.72,41.33,running,1,0,3,12,-1.3733,-4.8563,-2.1773,0
PUMP-HEALTHY,2026-01-10T18:00:00,481.13,2992.99,104.22,2.26,63.26,48.03,23.11,38.93,running,1,0,0,12,0.6686,6.0586,-2.1852,0
PUMP-HEALTHY,2026-01-10T18:05:00,475.18,2986.34,98.57,2.03,66.18,50.07,23.79,52.22,running,1,0,1,12,-0.2319,-5.6508,2.922,0
PUMP-HEALTHY,2026-01-10T18:10:00,477.08,2954.77,99.47,1.02,64.52,45.93,21.91,38.23,running,1,0,1,12,-1.0051,0.9033,-1.6665,0
PUMP-HEALTHY,2026-01-10T18:15:00,475.03,3040.44,102.69,2.37,68.77,47.55,22.59,50.99,running,1,0,4,12,1.3441,3.219,4.2536,0
PUMP-HEALTHY,2026-01-10T18:20:00,476.15,2993.47,102.01,2.7,65.6,48.32,23.01,56.61,running,1,0,0,12,0.3332,-0.6758,-3.169,0
PUMP-HEALTHY,2026-01-10T18:25:00,479.22,3039.99,100.98,1.77,65.58,48.73,23.35,53.17,running,1,0,2,12,-0.9278,-1.028,-0.021,0
PUMP-HEALTHY,2026-01-10T18:30:00,478.74,3040.99,98.45,1.04,61.0,48.28,23.11,44.77,running,1,0,2,12,-0.7333,-2.534,-4.5856,0
PUMP-HEALTHY,2026-01-10T18:35:00,477.9,3023.44,101.87,1.2,67.29,46.18,22.07,37.37,running,1,0,1,12,0.162,3.4163,6.2928,0
PUMP-HEALTHY,2026-01-10T18:40:00,480.16,3008.63,100.07,1.24,60.06,50.61,24.3,55.45,running,1,0,4,12,0.0383,-1.7962,-7.228,0
PUMP-HEALTHY,2026-01-10T18:45:00,484.78,2991.57,103.12,2.55,61.22,51.3,24.87,55.91,running,1,0,1,12,1.3076,3.0456,1.161,0
PUMP-HEALTHY,2026-01-10T18:50:00,476.33,3029.32,101.87,1.1,65.03,50.4,24.01,48.71,running,1,0,1,12,-1.4497,-1.2469,3.8105,0
PUMP-HEALTHY,2026-01-10T18:55:00,478.5,2977.1,98.4,2.4,67.13,48.03,22.98,47.42,running,1,0,1,12,1.3029,-3.4679,2.0989,0
PUMP-HEALTHY,2026-01-10T19:00:00,480.96,2954.67,98.75,1.23,63.3,46.39,22.31,38.98,running,1,0,1,12,-1.1673,0.3447,-3.835,0
PUMP-HEALTHY,2026-01-10T19:05:00,479.63,3020.41,101.87,1.35,60.4,46.42,22.26,37.06,running,1,0,1,12,0.1227,3.1196,-2.8924,0
PUMP-HEALTHY,2026-01-10T19:10:00,475.2,3040.85,100.51,2.8,68.91,49.01,23.29,47.69,running,1,0,4,12,1.4505,-1.3539,8.5052,0
PUMP-HEALTHY,2026-01-10T19:15:00,479.32,3029.93,103.95,1.62,69.01,49.01,23.49,39.45,running,1,0,2,12,-1.1858,3.4356,0.102,0
PUMP-HEALTHY,2026-01-10T19:20:00,484.6,3026.82,102.63,1.73,68.79,47.83,23.18,36.13,running,1,0,2,12,0.1099,-1.3216,-0.2181,0
PUMP-HEALTHY,2026-01-10T19:25:00,479.45,3009.96,104.88,1.18,66.81,51.75,24.81,54.63,running,1,0,2,12,-0.5524,2.2526,-1.9866,0
PUMP-HEALTHY,2026-01-10T19:30:00,482.59,2996.77,104.8,1.88,62.5,50.7,24.47,54.18,running,1,0,4,12,0.7078,-0.0769,-4.3051,0
PUMP-HEALTHY,2026-01-10T19:35:00,480.7,3039.22,100.5,2.06,64.65,51.82,24.91,58.71,running,1,0,1,12,0.1769,-4.3044,2.1464,0
PUMP-HEALTHY,2026-01-10T19:40:00,476.82,3027.66,99.41,2.42,65.95,45.76,21.82,44.4,running,1,0,3,12,0.3574,-1.0866,1.3036,0
PUMP-HEALTHY,2026-01-10T19:45:00,481.81,2957.03,102.7,2.27,68.88,49.98,24.08,49.67,running,1,0,3,12,-0.1474,3.2914,2.9301,0
PUMP-HEALTHY,2026-01-10T19:50:00,477.81,3040.25,103.18,2.5,67.31,49.71,23.75,49.31,running,1,0,4,12,0.2242,0.482,-1.576,0
PUMP-HEALTHY,2026-01-10T19:55:00,476.27,2960.51,104.34,1.66,63.94,47.34,22.55,36.22,running,1,0,3,12,-0.8387,1.1612,-3.3658,0
PUMP-HEALTHY,2026-01-10T20:00:00,482.48,3038.19,102.74,2.77,61.46,48.72,23.51,44.14,running,1,0,4,12,1.1083,-1.6082,-2.4841,0
PUMP-HEALTHY,2026-01-10T20:05:00,478.97,3015.2,101.82,2.53,67.76,50.44,24.16,59.23,running,1,0,4,12,-0.2311,-0.9137,6.3041,0
PUMP-HEALTHY,2026-01-10T20:10:00,475.09,2950.41,99.66,2.17,66.15,51.7,24.56,59.51,running,1,0,2,12,-0.3592,-2.1622,-1.6047,0
PUMP-HEALTHY,2026-01-10T20:15:00,482.82,2981.26,102.79,2.29,62.53,49.24,23.78,55.0,running,1,0,3,12,0.1104,3.1275,-3.6283,0
PUMP-HEALTHY,2026-01-10T20:20:00,480.82,3032.83,103.21,1.27,66.4,49.68,23.88,58.16,running,1,0,2,12,-1.0143,0.4188,3.876,0
PUMP-HEALTHY,2026-01-10T20:25:00,484.94,2960.91,100.74,2.87,67.34,48.15,23.35,41.24,running,1,0,4,12,1.6025,-2.4697,0.9338,0
PUMP-HEALTHY,2026-01-10T20:30:00,480.16,3045.48,102.46,2.72,67.41,48.82,23.44,46.55,running,1,0,2,12,-0.1489,1.7208,0.0715,0
PUMP-HEALTHY,2026-01-10T20:35:00,480.06,2981.42,101.55,1.45,66.72,48.45,23.26,43.25,running,1,0,3,12,-1.2785,-0.9061,-0.6884,0
PUMP-HEALTHY,2026-01-10T20:40:00,480.26,3049.6,99.53,1.61,60.39,50.88,24.44,56.03,running,1,0,0,12,0.1672,-2.0251,-6.3299,0
PUMP-HEALTHY,2026-01-10T20:45:00,483.06,3034.02,101.26,1.78,68.8,51.08,24.68,52.15,running,1,0,0,12,0.1627,1.7333,8.4122,0
PUMP-HEALTHY,2026-01-10T20:50:00,479.92,3003.46,100.72,1.31,61.91,49.52,23.76,52.89,running,1,0,1,12,-0.4624,-0.5445,-6.8941,0
PUMP-HEALTHY,2026-01-10T20:55:00,479.09,3008.79,100.38,2.91,63.33,50.58,24.23,54.15,running,1,0,1,12,1.5944,-0.3349,1.4228,0
PUMP-HEALTHY,2026-01-10T21:00:00,484.3,3018.34,100.75,1.39,64.59,48.75,23.61,42.84,running,1,0,4,12,-1.5167,0.3676,1.2557,0
PUMP-HEALTHY,2026-01-10T21:05:00,479.5,2976.25,102.83,1.38,69.69,47.29,22.68,41.14,running,1,0,4,12,-0.0144,2.0817,5.0998,0
PUMP-HEALTHY,2026-01-10T21:10:00,478.3,2953.34,99.7,1.71,63.68,51.23,24.5,52.37,running,1,0,0,12,0.3371,-3.1286,-6.0043,0
PUMP-HEALTHY,2026-01-10T21:15:00,475.41,2961.35,99.76,1.39,69.74,48.85,23.22,41.64,running,1,0,3,12,-0.3247,0.0592,6.0623,0
PUMP-HEALTHY,2026-01-10T21:20:00,482.99,2961.12,99.12,2.1,62.49,47.9,23.14,51.57,running,1,0,0,12,0.7129,-0.6395,-7.2509,0
PUMP-HEALTHY,2026-01-10T21:25:00,483.43,2982.49,101.06,1.81,69.06,45.94,22.21,39.22,running,1,0,0,12,-0.2916,1.9424,6.5685,0
PUMP-HEALTHY,2026-01-10T21:30:00,478.65,2979.6,100.93,2.39,62.48,45.23,21.65,35.11,running,1,0,2,12,0.5795,-0.1285,-6.5779,0
PUMP-HEALTHY,2026-01-10T21:35:00,480.81,2955.11,104.79,1.42,63.33,46.39,22.3,35.17,running,1,0,2,12,-0.9655,3.852,0.845,0
PUMP-HEALTHY,2026-01-10T21:40:00,484.23,2971.64,102.52,1.98,68.58,48.41,23.44,39.79,running,1,0,3,12,0.5518,-2.2635,5.25,0
PUMP-HEALTHY,2026-01-10T21:45:00,475.35,3001.95,102.86,2.65,64.0,48.25,22.94,44.43,running,1,0,3,12,0.6733,0.3368,-4.5752,0
PUMP-HEALTHY,2026-01-10T21:50:00,483.9,3006.28,99.29,2.37,61.5,48.66,23.55,49.11,running,1,0,0,12,-0.2783,-3.5738,-2.5064,0
PUMP-HEALTHY,2026-01-10T21:55:00,479.58,3010.55,101.02,2.88,64.62,48.66,23.34,57.94,running,1,0,0,12,0.5058,1.7355,3.1256,0
PUMP-HEALTHY,2026-01-10T22:00:00,475.56,3008.4,99.46,1.62,60.33,47.8,22.73,45.91,running,1,0,1,12,-1.2584,-1.5602,-4.2906,0
PUMP-HEALTHY,2026-01-10T22:05:00,482.28,3005.12,99.36,1.48,66.86,48.47,23.38,40.78,running,1,0,4,12,-0.1433,-0.106,6.5309,0
PUMP-HEALTHY,2026-01-10T22:10:00,476.58,3041.99,103.48,2.22,61.12,48.74,23.23,56.25,running,1,0,3,12,0.7435,4.1269,-5.7378,0
PUMP-HEALTHY,2026-01-10T22:15:00,475.42,2955.57,101.91,2.77,65.11,48.63,23.12,51.31,running,1,0,0,12,0.5501,-1.5678,3.9843,0
PUMP-HEALTHY,2026-01-10T22:20:00,478.16,3012.04,100.27,2.47,65.35,46.81,22.38,46.12,running,1,0,3,12,-0.2982,-1.6455,0.2454,0
PUMP-HEALTHY,2026-01-10T22:25:00,476.94,2965.88,102.62,2.66,67.47,44.48,21.21,35.64,running,1,0,4,12,0.1905,2.3526,2.1184,0
PUMP-HEALTHY,2026-01-10T22:30:00,480.53,3040.15,99.81,2.41,63.66,47.5,22.83,49.49,running,1,0,0,12,-0.2538,-2.8108,-3.8162,0
PUMP-HEALTHY,2026-01-10T22:35:00,483.45,2991.7,102.85,1.04,64.27,49.38,23.87,55.76,running,1,0,2,12,-1.3685,3.0375,0.6091,0
PUMP-HEALTHY,2026-01-10T22:40:00,476.77,2996.1,101.17,1.93,62.51,49.88,23.78,47.37,running,1,0,4,12,0.8926,-1.6769,-1.7598,0
PUMP-HEALTHY,2026-01-10T22:45:00,477.73,2981.81,101.28,2.55,60.53,46.63,22.28,45.85,running,1,0,3,12,0.6193,0.1054,-1.9775,0
PUMP-HEALTHY,2026-01-10T22:50:00,484.53,2965.32,100.14,1.8,60.61,49.42,23.95,49.97,running,1,0,0,12,-0.7531,-1.1325,0.0844,0
PUMP-HEALTHY,2026-01-10T22:55:00,482.07,3025.59,99.8,1.88,60.01,47.33,22.81,39.9,running,1,0,0,12,0.0773,-0.3441,-0.5999,0
PUMP-HEALTHY,2026-01-10T23:00:00,478.35,3022.86,100.78,2.03,67.95,47.85,22.89,36.86,running,1,0,3,12,0.1555,0.9846,7.9359,0
PUMP-HEALTHY,2026-01-10T23:05:00,484.69,3007.72,100.57,1.13,64.66,50.64,24.54,48.09,running,1,0,2,12,-0.9024,-0.2109,-3.2869,0
PUMP-HEALTHY,2026-01-10T23:10:00,476.34,3018.47,99.67,1.75,66.86,45.96,21.89,37.08,running,1,0,0,12,0.618,-0.9062,2.1946,0
PUMP-HEALTHY,2026-01-10T23:15:00,484.77,3005.64,99.83,1.04,64.4,49.36,23.93,58.27,running,1,0,3,12,-0.7067,0.1643,-2.4568,0
PUMP-HEALTHY,2026-01-10T23:20:00,479.86,3039.84,100.57,1.08,64.67,48.55,23.3,37.59,running,1,0,2,12,0.0394,0.7373,0.2735,0
PUMP-HEALTHY,2026-01-10T23:25:00,477.26,2992.46,101.84,1.75,64.43,48.58,23.18,44.48,running,1,0,0,12,0.6672,1.2667,-0.247,0
PUMP-HEALTHY,2026-01-10T23:30:00,481.7,2982.75,98.47,1.07,68.29,48.81,23.51,58.13,running,1,0,3,12,-0.676,-3.3642,3.8604,0
PUMP-HEALTHY,2026-01-10T23:35:00,480.55,2986.21,103.09,1.02,60.48,47.07,22.62,43.7,running,1,0,1,12,-0.0463,4.614,-7.8061,0
PUMP-HEALTHY,2026-01-10T23:40:00,482.03,3011.78,98.23,1.02,66.75,50.8,24.49,50.5,running,1,0,4,12,0.0003,-4.8562,6.2652,0
PUMP-HEALTHY,2026-01-10T23:45:00,479.73,3014.84,102.72,2.31,68.6,46.7,22.4,43.34,running,1,0,3,12,1.284,4.4917,1.8551,0
PUMP-HEALTHY,2026-01-10T23:50:00,482.48,2975.44,103.32,1.69,63.84,50.02,24.13,51.96,running,1,0,1,12,-0.6148,0.5995,-4.7652,0
PUMP-HEALTHY,2026-01-10T23:55:00,475.56,2958.34,99.99,1.7,67.19,46.07,21.91,46.02,running,1,0,2,12,0.0053,-3.3311,3.3522,0
PUMP-HEALTHY,2026-01-11T00:00:00,475.93,3039.81,99.31,1.92,67.81,47.64,22.67,50.32,running,1,0,3,12,0.2187,-0.6759,0.6218,0
PUMP-HEALTHY,2026-01-11T00:05:00,482.42,3027.14,102.81,1.89,65.34,51.45,24.82,53.59,running,1,0,4,12,-0.0226,3.4935,-2.474,0
PUMP-HEALTHY,2026-01-11T00:10:00,478.2,2999.64,98.62,2.59,63.01,50.31,24.06,51.43,running,1,0,3,12,0.6969,-4.1883,-2.3239,0
PUMP-HEALTHY,2026-01-11T00:15:00,480.16,2957.88,99.91,2.22,65.16,48.54,23.31,40.29,running,1,0,2,12,-0.3669,1.2913,2.1433,0
PUMP-HEALTHY,2026-01-11T00:20:00,482.34,3017.38,101.11,1.53,60.27,49.5,23.88,50.43,running,1,0,1,12,-0.6935,1.1994,-4.887,0
PUMP-HEALTHY,2026-01-11T00:25:00,478.17,3047.4,103.16,1.22,69.01,48.41,23.15,37.26,running,1,0,0,12,-0.3125,2.047,8.7455,0
PUMP-HEALTHY,2026-01-11T00:30:00,484.62,2975.03,102.74,2.79,66.1,50.6,24.52,51.71,running,1,0,0,12,1.5756,-0.4145,-2.9167,0
PUMP-HEALTHY,2026-01-11T00:35:00,477.43,3032.68,100.88,2.0,62.1,49.59,23.67,55.47,running,1,0,4,12,-0.794,-1.8576,-4.0004,0
PUMP-HEALTHY,2026-01-11T00:40:00,475.08,3025.94,104.19,1.3,68.58,46.47,22.08,41.62,running,1,0,1,12,-0.7046,3.3089,6.4878,0
PUMP-HEALTHY,2026-01-11T00:45:00,475.09,3035.16,100.08,2.65,68.23,49.75,23.64,47.93,running,1,0,0,12,1.3569,-4.1177,-0.3579,0
PUMP-HEALTHY,2026-01-11T00:50:00,482.18,2964.09,98.45,2.52,62.82,49.88,24.05,59.29,running,1,0,2,12,-0.1351,-1.6259,-5.4072,0
PUMP-HEALTHY,2026-01-11T00:55:00,478.87,2979.47,102.09,2.87,69.58,48.56,23.26,47.04,running,1,0,1,12,0.3536,3.6375,6.7649,0
PUMP-HEALTHY,2026-01-11T01:00:00,475.81,2992.98,101.21,2.0,65.35,48.97,23.3,55.22,running,1,0,1,12,-0.8729,-0.881,-4.2308,0
PUMP-HEALTHY,2026-01-11T01:05:00,479.24,3036.43,103.87,2.24,65.03,48.98,23.47,51.23,running,1,0,3,12,0.2413,2.6664,-0.3189,0
PUMP-HEALTHY,2026-01-11T01:10:00,478.31,2977.88,101.59,2.77,67.58,49.45,23.65,59.16,running,1,0,1,12,0.5276,-2.2834,2.5504,0
PUMP-HEALTHY,2026-01-11T01:15:00,482.22,3008.12,102.84,1.43,69.95,51.38,24.77,57.92,running,1,0,3,12,-1.3409,1.2544,2.3623,0
PUMP-HEALTHY,2026-01-11T01:20:00,478.33,3049.1,104.92,2.16,62.51,50.26,24.04,57.4,running,1,0,2,12,0.7368,2.0717,-7.4355,0
PUMP-HEALTHY,2026-01-11T01:25:00,483.41,3002.8,103.51,1.96,62.42,50.5,24.41,52.97,running,1,0,0,12,-0.2058,-1.4017,-0.0877,0
PUMP-HEALTHY,2026-01-11T01:30:00,484.81,2990.96,103.62,1.27,61.32,52.32,25.37,58.04,running,1,0,3,12,-0.6848,0.1098,-1.1009,0
PUMP-HEALTHY,2026-01-11T01:35:00,475.28,2991.89,102.29,2.04,68.66,48.67,23.13,59.2,running,1,0,3,12,0.7647,-1.3302,7.3408,0
PUMP-HEALTHY,2026-01-11T01:40:00,481.36,2979.95,99.74,1.43,64.4,50.69,24.4,51.88,running,1,0,3,12,-0.6106,-2.5565,-4.264,0
PUMP-HEALTHY,2026-01-11T01:45:00,475.67,2991.39,102.54,1.57,64.57,49.55,23.57,56.86,running,1,0,0,12,0.1422,2.8044,0.1658,0
PUMP-HEALTHY,2026-01-11T01:50:00,476.3,2957.65,101.81,1.03,65.45,48.45,23.07,39.65,running,1,0,3,12,-0.5399,-0.7357,0.8796,0
PUMP-HEALTHY,2026-01-11T01:55:00,479.16,2981.89,104.17,1.69,68.62,47.33,22.68,43.28,running,1,0,2,12,0.6648,2.3688,3.1724,0
PUMP-HEALTHY,2026-01-11T02:00:00,475.8,3043.01,99.16,2.71,66.81,45.3,21.55,39.4,running,1,0,4,12,1.0156,-5.0173,-1.811,0
PUMP-HEALTHY,2026-01-11T02:05:00,482.05,2988.12,102.09,2.82,63.16,49.85,24.03,58.81,running,1,0,4,12,0.1136,2.9313,-3.6456,0
PUMP-HEALTHY,2026-01-11T02:10:00,482.61,2967.56,101.51,1.31,66.93,48.06,23.19,48.32,running,1,0,0,12,-1.51,-0.5775,3.7658,0
PUMP-HEALTHY,2026-01-11T02:15:00,477.43,3016.98,103.88,1.34,66.17,50.2,23.97,48.89,running,1,0,1,12,0.0225,2.3676,-0.7579,0
PUMP-HEALTHY,2026-01-11T02:20:00,477.1,2965.93,98.12,2.73,69.45,50.33,24.01,48.07,running,1,0,3,12,1.3998,-5.7608,3.2775,0
PUMP-HEALTHY,2026-01-11T02:25:00,480.45,2963.62,104.61,2.4,67.78,45.75,21.98,39.65,running,1,0,0,12,-0.3301,6.4958,-1.6685,0
PUMP-HEALTHY,2026-01-11T02:30:00,482.22,2964.95,101.54,2.83,64.49,46.58,22.46,40.66,running,1,0,0,12,0.4207,-3.0725,-3.2896,0
PUMP-HEALTHY,2026-01-11T02:35:00,479.07,3016.58,99.59,1.44,66.38,49.26,23.6,43.67,running,1,0,2,12,-1.3818,-1.9478,1.8889,0
PUMP-HEALTHY,2026-01-11T02:40:00,479.8,2984.21,100.98,1.39,66.5,51.55,24.74,56.47,running,1,0,0,12,-0.058,1.3841,0.1265,0
PUMP-HEALTHY,2026-01-11T02:45:00,475.56,2983.06,100.38,1.71,65.84,48.68,23.15,40.46,running,1,0,1,12,0.3272,-0.5994,-0.6636,0
PUMP-HEALTHY,2026-01-11T02:50:00,476.7,2984.44,104.47,1.9,69.12,46.08,21.97,42.8,running,1,0,1,12,0.1834,4.0937,3.2759,0
PUMP-HEALTHY,2026-01-11T02:55:00,478.31,2983.78,104.36,2.04,67.26,48.2,23.06,52.51,running,1,0,3,12,0.1461,-0.1136,-1.8515,0
PUMP-HEALTHY,2026-01-11T03:00:00,481.49,2979.32,98.73,1.95,65.58,48.54,23.37,56.35,running,1,0,2,12,-0.0891,-5.6297,-1.6853,0
PUMP-HEALTHY,2026-01-11T03:05:00,479.0,3014.49,99.63,1.78,67.87,49.67,23.79,56.84,running,1,0,2,12,-0.1714,0.9019,2.2885,0
PUMP-HEALTHY,2026-01-11T03:10:00,480.15,3042.74,99.85,2.34,64.99,46.09,22.13,40.71,running,1,0,1,12,0.5603,0.222,-2.8731,0
PUMP-HEALTHY,2026-01-11T03:15:00,477.83,3010.23,100.47,1.93,66.89,46.89,22.4,35.73,running,1,0,4,12,-0.4118,0.6138,1.9001,0
PUMP-HEALTHY,2026-01-11T03:20:00,477.62,2981.28,103.88,2.35,62.79,45.92,21.93,38.99,running,1,0,4,12,0.4245,3.4164,-4.1042,0
PUMP-HEALTHY,2026-01-11T03:25:00,480.95,2970.63,98.6,2.89,60.47,49.23,23.68,56.49,running,1,0,1,12,0.5331,-5.2861,-2.3185,0
PUMP-HEALTHY,2026-01-11T03:30:00,482.21,3000.46,98.64,2.52,61.44,46.92,22.62,40.6,running,1,0,4,12,-0.3697,0.0418,0.9658,0
PUMP-HEALTHY,2026-01-11T03:35:00,482.75,2957.57,101.79,1.03,61.17,49.04,23.67,55.47,running,1,0,2,12,-1.4846,3.148,-0.2681,0
PUMP-HEALTHY,2026-01-11T03:40:00,479.04,2952.12,102.45,1.9,61.66,47.95,22.97,54.17,running,1,0,4,12,0.8659,0.6653,0.4873,0
PUMP-HEALTHY,2026-01-11T03:45:00,479.31,3012.1,101.24,2.83,66.68,49.42,23.69,42.4,running,1,0,4,12,0.9333,-1.2125,5.0209,0
PUMP-HEALTHY,2026-01-11T03:50:00,478.71,2986.78,104.24,1.65,66.49,48.84,23.38,52.21,running,1,0,3,12,-1.1846,2.9985,-0.1925,0
PUMP-HEALTHY,2026-01-11T03:55:00,476.15,3001.39,104.13,2.91,62.86,45.21,21.53,36.86,running,1,0,2,12,1.2657,-0.1099,-3.6231,0
PUMP-HEALTHY,2026-01-11T04:00:00,476.31,3035.32,104.28,1.29,69.33,51.81,24.68,58.56,running,1,0,4,12,-1.6273,0.1509,6.468,0
PUMP-HEALTHY,2026-01-11T04:05:00,476.64,3025.93,100.76,1.63,68.74,49.61,23.64,50.26,running,1,0,2,12,0.3398,-3.5177,-0.5936,0
PUMP-HEALTHY,2026-01-11T04:10:00,479.91,3021.05,100.24,1.12,62.05,50.5,24.24,54.74,running,1,0,4,12,-0.5066,-0.5228,-6.6916,0
PUMP-HEALTHY,2026-01-11T04:15:00,483.82,2996.32,98.18,2.46,65.47,46.2,22.35,42.5,running,1,0,1,12,1.3412,-2.0576,3.4242,0
PUMP-HEALTHY,2026-01-11T04:20:00,476.72,3043.72,103.5,2.48,62.85,48.53,23.13,59.78,running,1,0,3,12,0.0144,5.3204,-2.6241,0
PUMP-HEALTHY,2026-01-11T04:25:00,477.34,3014.4,103.56,1.04,62.51,47.74,22.79,39.4,running,1,0,2,12,-1.4315,0.0597,-0.34,0
PUMP-HEALTHY,2026-01-11T04:30:00,482.18,3016.0,100.48,2.14,65.83,44.86,21.63,36.53,running,1,0,2,12,1.0992,-3.085,3.3248,0
PUMP-HEALTHY,2026-01-11T04:35:00,475.89,3030.05,102.59,2.81,63.25,46.13,21.95,45.17,running,1,0,0,12,0.6651,2.1128,-2.5808,0
PUMP-HEALTHY,2026-01-11T04:40:00,477.04,2980.26,104.74,2.95,62.62,47.78,22.79,47.56,running,1,0,4,12,0.1463,2.1548,-0.6293,0
PUMP-HEALTHY,2026-01-11T04:45:00,479.32,2967.59,101.23,2.09,60.87,47.63,22.83,47.34,running,1,0,1,12,-0.8611,-3.5109,-1.748,0
PUMP-HEALTHY,2026-01-11T04:50:00,475.26,2966.54,98.6,2.39,62.04,45.18,21.47,37.09,running,1,0,2,12,0.2979,-2.6276,1.1663,0
PUMP-HEALTHY,2026-01-11T04:55:00,480.6,2966.28,101.68,2.2,65.56,50.1,24.08,51.12,running,1,0,2,12,-0.1869,3.0753,3.5224,0
PUMP-HEALTHY,2026-01-11T05:00:00,483.1,2965.78,98.82,2.14,66.76,48.61,23.48,56.72,running,1,0,1,12,-0.0601,-2.8604,1.2004,0
PUMP-HEALTHY,2026-01-11T05:05:00,478.21,3046.42,103.09,2.39,60.94,49.4,23.62,58.98,running,1,0,3,12,0.2478,4.2703,-5.82,0
PUMP-HEALTHY,2026-01-11T05:10:00,479.89,3049.17,104.82,2.42,66.96,46.54,22.33,36.73,running,1,0,4,12,0.0307,1.7272,6.0167,0
PUMP-HEALTHY,2026-01-11T05:15:00,484.02,2959.22,98.81,2.01,67.63,47.23,22.86,42.26,running,1,0,1,12,-0.4107,-6.0105,0.6696,0
PUMP-HEALTHY,2026-01-11T05:20:00,482.82,2952.29,104.21,1.5,69.53,47.19,22.79,41.59,running,1,0,2,12,-0.5143,5.4054,1.8996,0
PUMP-HEALTHY,2026-01-11T05:25:00,483.94,2997.47,100.74,1.12,67.16,49.68,24.04,46.34,running,1,0,3,12,-0.382,-3.4756,-2.3713,0
PUMP-HEALTHY,2026-01-11T05:30:00,476.52,2957.52,100.64,2.49,61.18,44.91,21.4,35.65,running,1,0,0,12,1.3767,-0.0946,-5.9789,0
PUMP-HEALTHY,2026-01-11T05:35:00,475.93,3047.24,102.7,2.95,60.55,50.19,23.89,54.26,running,1,0,0,12,0.4604,2.0616,-0.628,0
PUMP-HEALTHY,2026-01-11T05:40:00,484.54,3025.97,102.01,1.76,67.71,46.55,22.55,36.51,running,1,0,4,12,-1.195,-0.6895,7.1662,0
PUMP-HEALTHY,2026-01-11T05:45:00,481.08,2990.26,102.18,2.67,63.97,48.46,23.31,52.16,running,1,0,1,12,0.9164,0.1671,-3.7458,0
PUMP-HEALTHY,2026-01-11T05:50:00,477.18,2996.12,98.2,1.22,66.81,46.45,22.17,48.07,running,1,0,0,12,-1.4584,-3.9754,2.8428,0
PUMP-HEALTHY,2026-01-11T05:55:00,477.74,2954.86,100.95,1.5,62.16,45.2,21.6,40.39,running,1,0,4,12,0.2831,2.741,-4.6498,0
PUMP-HEALTHY,2026-01-11T06:00:00,482.78,2979.32,104.17,2.08,65.26,48.9,23.61,39.82,running,1,0,4,12,0.5841,3.2258,3.0993,0
PUMP-HEALTHY,2026-01-11T06:05:00,482.32,3034.07,101.45,1.28,68.51,48.12,23.21,43.13,running,1,0,4,12,-0.7991,-2.7216,3.2479,0
PUMP-HEALTHY,2026-01-11T06:10:00,484.46,3024.27,100.49,3.0,61.13,47.92,23.21,50.51,running,1,0,0,12,1.7136,-0.9577,-7.3835,0
PUMP-HEALTHY,2026-01-11T06:15:00,484.64,3041.93,101.64,1.33,67.51,48.78,23.64,45.71,running,1,0,3,12,-1.6677,1.1432,6.3842,0
PUMP-HEALTHY,2026-01-11T06:20:00,476.95,3037.8,103.89,1.39,69.53,46.57,22.21,48.3,running,1,0,3,12,0.0548,2.2527,2.0186,0
PUMP-HEALTHY,2026-01-11T06:25:00,478.64,2981.12,100.95,2.6,65.17,51.28,24.55,53.45,running,1,0,3,12,1.2141,-2.9407,-4.3559,0
PUMP-HEALTHY,2026-01-11T06:30:00,482.67,2963.03,100.8,1.21,63.33,50.83,24.53,57.26,running,1,0,2,12,-1.3878,-0.1454,-1.8434,0
PUMP-HEALTHY,2026-01-11T06:35:00,478.58,2980.19,101.59,1.22,67.76,45.64,21.84,41.33,running,1,0,2,12,0.0105,0.7878,4.4334,0
PUMP-HEALTHY,2026-01-11T06:40:00,482.11,3020.3,104.24,1.15,65.39,46.24,22.29,37.96,running,1,0,3,12,-0.0764,2.6513,-2.3724,0
PUMP-HEALTHY,2026-01-11T06:45:00,475.76,3001.64,99.16,2.5,60.22,46.8,22.27,43.32,running,1,0,2,12,1.3516,-5.0767,-5.1688,0
PUMP-HEALTHY,2026-01-11T06:50:00,484.1,2967.54,100.79,2.94,63.8,51.73,25.04,53.83,running,1,0,1,12,0.4425,1.623,3.5764,0
PUMP-HEALTHY,2026-01-11T06:55:00,480.0,2958.95,99.87,1.05,62.9,48.99,23.51,54.98,running,1,0,2,12,-1.8849,-0.9192,-0.8971,0
PUMP-HEALTHY,2026-01-11T07:00:00,483.48,2985.42,100.87,1.85,60.09,52.46,25.36,59.81,running,1,0,1,12,0.7934,1.0035,-2.812,0
PUMP-HEALTHY,2026-01-11T07:05:00,476.52,3027.54,104.7,2.94,63.76,50.28,23.96,49.68,running,1,0,3,12,1.0894,3.8233,3.6754,0
PUMP-HEALTHY,2026-01-11T07:10:00,482.44,3030.29,100.73,2.06,65.35,50.96,24.59,51.45,running,1,0,3,12,-0.8766,-3.9612,1.5867,0
PUMP-HEALTHY,2026-01-11T07:15:00,475.21,3029.0,99.36,1.06,67.16,48.11,22.86,49.34,running,1,0,4,12,-1.002,-1.3783,1.8106,0
PUMP-HEALTHY,2026-01-11T07:20:00,476.14,2968.9,103.62,2.58,68.56,51.16,24.36,53.84,running,1,0,2,12,1.5227,4.2689,1.4,0
PUMP-HEALTHY,2026-01-11T07:25:00,480.62,2968.88,103.22,1.95,64.63,46.1,22.16,35.39,running,1,0,2,12,-0.6337,-0.4062,-3.9273,0
PUMP-HEALTHY,2026-01-11T07:30:00,482.13,3007.64,104.13,1.25,68.11,48.57,23.42,49.85,running,1,0,3,12,-0.6995,0.9154,3.479,0
PUMP-HEALTHY,2026-01-11T07:35:00,480.76,2979.37,103.85,2.96,67.52,49.29,23.7,46.9,running,1,0,1,12,1.7137,-0.2868,-0.5973,0
PUMP-HEALTHY,2026-01-11T07:40:00,479.75,2966.86,98.05,1.02,64.15,52.02,24.96,58.26,running,1,0,0,12,-1.938,-5.7929,-3.3667,0
PUMP-HEALTHY,2026-01-11T07:45:00,481.48,2994.68,99.9,1.92,66.62,48.71,23.45,42.11,running,1,0,0,12,0.898,1.842,2.4736,0
PUMP-HEALTHY,2026-01-11T07:50:00,483.16,3021.16,101.86,2.65,64.23,50.71,24.5,57.74,running,1,0,0,12,0.7247,1.9593,-2.397,0
PUMP-HEALTHY,2026-01-11T07:55:00,475.53,2994.5,101.26,2.93,61.03,49.49,23.54,52.08,running,1,0,3,12,0.2853,-0.5998,-3.1912,0
PUMP-HEALTHY,2026-01-11T08:00:00,484.52,3023.77,99.68,2.71,68.74,51.94,25.17,54.45,running,1,0,2,12,-0.219,-1.58,7.7052,0
PUMP-HEALTHY,2026-01-11T08:05:00,476.74,3020.56,102.46,2.78,62.45,50.33,24.0,52.84,running,1,0,4,12,0.0662,2.7838,-6.2873,0
PUMP-HEALTHY,2026-01-11T08:10:00,477.02,2971.33,99.18,2.07,64.72,47.29,22.56,43.98,running,1,0,0,12,-0.7093,-3.2768,2.2665,0
PUMP-HEALTHY,2026-01-11T08:15:00,481.6,2954.83,98.97,2.77,63.78,51.1,24.61,50.93,running,1,0,2,12,0.7008,-0.2132,-0.9351,0
PUMP-HEALTHY,2026-01-11T08:20:00,480.18,2962.99,103.1,2.97,68.36,52.05,24.99,56.63,running,1,0,4,12,0.1987,4.1317,4.5743,0
PUMP-HEALTHY,2026-01-11T08:25:00,482.9,2977.76,104.53,2.87,64.88,47.6,22.99,49.42,running,1,0,3,12,-0.0972,1.4252,-3.4815,0
PUMP-HEALTHY,2026-01-11T08:30:00,477.58,2988.18,102.55,2.94,69.99,48.92,23.36,56.41,running,1,0,2,12,0.0637,-1.9791,5.1172,0
PUMP-HEALTHY,2026-01-11T08:35:00,476.72,3026.74,104.11,1.98,69.6,50.37,24.01,55.33,running,1,0,2,12,-0.9567,1.5647,-0.3974,0
PUMP-HEALTHY,2026-01-11T08:40:00,484.7,2968.47,101.48,2.44,64.83,48.71,23.61,42.31,running,1,0,0,12,0.4643,-2.6328,-4.7677,0
PUMP-HEALTHY,2026-01-11T08:45:00,475.57,3006.03,104.21,2.27,63.41,48.43,23.03,39.31,running,1,0,4,12,-0.1782,2.7322,-1.4222,0
PUMP-HEALTHY,2026-01-11T08:50:00,483.28,3005.06,99.14,1.33,64.83,49.19,23.77,59.29,running,1,0,0,12,-0.9331,-5.0675,1.4243,0
PUMP-HEALTHY,2026-01-11T08:55:00,476.48,2993.04,104.37,2.69,65.49,47.26,22.52,40.38,running,1,0,3,12,1.3552,5.23,0.6624,0
PUMP-HEALTHY,2026-01-11T09:00:00,478.07,3025.8,102.68,1.27,61.08,50.68,24.23,52.93,running,1,0,3,12,-1.42,-1.6935,-4.409,0
PUMP-HEALTHY,2026-01-11T09:05:00,475.1,3025.7,102.16,2.97,64.47,49.49,23.51,55.27,running,1,0,4,12,1.7005,-0.5244,3.386,0
PUMP-HEALTHY,2026-01-11T09:10:00,482.52,2991.69,103.0,2.53,67.51,49.64,23.95,58.48,running,1,0,0,12,-0.4403,0.8391,3.0444,0
PUMP-HEALTHY,2026-01-11T09:15:00,480.71,3038.93,101.6,1.55,62.71,47.84,22.99,38.86,running,1,0,4,12,-0.9815,-1.3912,-4.8014,0
PUMP-HEALTHY,2026-01-11T09:20:00,479.4,2990.94,102.79,2.23,63.48,51.28,24.58,56.31,running,1,0,2,12,0.6855,1.1849,0.7629,0
PUMP-HEALTHY,2026-01-11T09:25:00,478.95,2994.16,100.99,1.79,66.77,47.01,22.51,37.25,running,1,0,4,12,-0.441,-1.7993,3.2937,0
PUMP-HEALTHY,2026-01-11T09:30:00,477.71,2997.66,100.45,2.72,68.06,46.32,22.13,39.85,running,1,0,1,12,0.9279,-0.5393,1.2948,0
PUMP-HEALTHY,2026-01-11T09:35:00,479.37,2967.96,102.28,2.95,60.58,47.78,22.91,38.13,running,1,0,2,12,0.2352,1.83,-7.4812,0
PUMP-HEALTHY,2026-01-11T09:40:00,476.72,3042.64,104.67,1.45,60.1,51.16,24.39,57.76,running,1,0,2,12,-1.508,2.3869,-0.4824,0
PUMP-HEALTHY,2026-01-11T09:45:00,482.76,2953.92,100.67,1.67,64.33,48.66,23.49,43.57,running,1,0,3,12,0.2247,-3.9994,4.2257,0
PUMP-HEALTHY,2026-01-11T09:50:00,478.68,2962.51,102.96,1.4,67.6,50.71,24.27,49.37,running,1,0,1,12,-0.2698,2.289,3.2738,0
PUMP-HEALTHY,2026-01-11T09:55:00,478.99,3042.41,100.86,2.86,61.94,47.35,22.68,47.31,running,1,0,4,12,1.4612,-2.0993,-5.6593,0
PUMP-HEALTHY,2026-01-11T10:00:00,484.44,3019.72,99.12,2.89,65.2,50.34,24.39,46.63,running,1,0,3,12,0.0315,-1.742,3.2551,0
PUMP-HEALTHY,2026-01-11T10:05:00,481.74,2968.62,103.26,1.42,60.35,50.96,24.55,55.25,running,1,0,0,12,-1.4771,4.141,-4.8429,0
PUMP-HEALTHY,2026-01-11T10:10:00,475.07,3019.29,100.19,2.31,62.51,48.74,23.15,57.4,running,1,0,1,12,0.8942,-3.071,2.1564,0
PUMP-HEALTHY,2026-01-11T10:15:00,477.33,3026.17,102.78,2.26,65.37,48.57,23.18,55.27,running,1,0,0,12,-0.0454,2.5942,2.8642,0
PUMP-HEALTHY,2026-01-11T10:20:00,476.28,3014.57,104.24,2.25,60.13,47.84,22.79,46.62,running,1,0,2,12,-0.0126,1.4564,-5.2476,0
PUMP-HEALTHY,2026-01-11T10:25:00,482.53,3018.71,98.8,2.9,65.71,46.31,22.35,44.64,running,1,0,2,12,0.6471,-5.4403,5.5873,0
PUMP-HEALTHY,2026-01-11T10:30:00,478.7,3020.6,100.15,2.46,66.91,46.58,22.3,37.4,running,1,0,3,12,-0.4431,1.3544,1.1979,0
PUMP-HEALTHY,2026-01-11T10:35:00,481.21,2965.73,100.03,1.65,67.13,49.03,23.6,50.73,running,1,0,4,12,-0.8094,-0.1246,0.2213,0
PUMP-HEALTHY,2026-01-11T10:40:00,479.29,3002.93,102.32,1.53,69.62,48.83,23.4,48.15,running,1,0,1,12,-0.1203,2.2916,2.4827,0
PUMP-HEALTHY,2026-01-11T10:45:00,481.03,3011.36,102.25,2.83,66.77,47.59,22.89,47.95,running,1,0,0,12,1.3013,-0.0669,-2.8461,0
PUMP-HEALTHY,2026-01-11T10:50:00,477.38,2959.46,101.57,2.52,68.24,47.36,22.61,45.52,running,1,0,0,12,-0.3123,-0.6817,1.4734,0
PUMP-HEALTHY,2026-01-11T10:55:00,476.28,2951.17,101.05,2.75,67.36,48.9,23.29,48.1,running,1,0,3,12,0.2388,-0.5173,-0.8783,0
PUMP-HEALTHY,2026-01-11T11:00:00,477.23,2979.77,100.92,1.19,62.98,49.34,23.55,49.21,running,1,0,4,12,-1.5667,-0.1285,-4.386,0
PUMP-HEALTHY,2026-01-11T11:05:00,478.58,3011.56,104.23,1.0,65.28,45.6,21.82,39.63,running,1,0,0,12,-0.1853,3.3112,2.2989,0
PUMP-HEALTHY,2026-01-11T11:10:00,478.25,3006.6,100.8,2.82,64.42,47.79,22.85,40.15,running,1,0,2,12,1.8131,-3.431,-0.8597,0
PUMP-HEALTHY,2026-01-11T11:15:00,481.15,3041.7,100.02,1.4,65.63,48.81,23.49,43.01,running,1,0,2,12,-1.413,-0.7799,1.2112,0
PUMP-HEALTHY,2026-01-11T11:20:00,476.98,2996.99,101.59,1.43,60.54,47.74,22.77,53.46,running,1,0,3,12,0.0323,1.5716,-5.0931,0
PUMP-HEALTHY,2026-01-11T11:25:00,484.4,2988.02,100.63,2.37,69.73,47.81,23.16,43.77,running,1,0,1,12,0.9314,-0.9625,9.194,0
PUMP-HEALTHY,2026-01-11T11:30:00,476.7,3022.97,100.0,2.01,62.68,48.91,23.31,40.35,running,1,0,0,12,-0.3558,-0.6367,-7.0507,0
PUMP-HEALTHY,2026-01-11T11:35:00,480.8,2953.34,98.07,2.1,64.31,50.52,24.29,53.0,running,1,0,1,12,0.0874,-1.9229,1.6289,0
PUMP-HEALTHY,2026-01-11T11:40:00,479.13,2980.42,103.29,2.55,65.58,49.56,23.75,49.28,running,1,0,4,12,0.4497,5.2155,1.2683,0
PUMP-HEALTHY,2026-01-11T11:45:00,478.63,3043.94,98.64,2.98,67.95,50.19,24.02,54.67,running,1,0,0,12,0.4363,-4.6486,2.3734,0
PUMP-HEALTHY,2026-01-11T11:50:00,484.18,2979.26,104.56,2.41,66.62,49.76,24.09,50.96,running,1,0,3,12,-0.5689,5.9244,-1.331,0
PUMP-HEALTHY,2026-01-11T11:55:00,483.15,3021.58,100.93,2.92,68.35,47.68,23.04,41.37,running,1,0,1,12,0.5082,-3.6347,1.7354,0
PUMP-HEALTHY,2026-01-11T12:00:00,480.4,3026.81,104.18,2.49,67.86,49.89,23.97,58.62,running,1,0,2,12,-0.4343,3.246,-0.4901,0
PUMP-HEALTHY,2026-01-11T12:05:00,478.89,2984.48,104.91,2.11,64.43,49.01,23.47,54.97,running,1,0,4,12,-0.3821,0.7363,-3.4388,0
PUMP-HEALTHY,2026-01-11T12:10:00,484.22,3003.97,99.65,1.89,62.46,46.01,22.28,41.6,running,1,0,4,12,-0.2161,-5.2568,-1.9699,0
PUMP-HEALTHY,2026-01-11T12:15:00,477.14,2954.06,99.1,1.65,61.5,47.71,22.76,36.13,running,1,0,3,12,-0.2434,-0.5505,-0.9571,0
PUMP-HEALTHY,2026-01-11T12:20:00,477.8,3030.22,104.67,1.33,69.3,48.96,23.39,42.45,running,1,0,4,12,-0.3159,5.5619,7.8054,0
PUMP-HEALTHY,2026-01-11T12:25:00,478.3,3049.67,99.31,1.2,63.56,45.24,21.64,35.8,running,1,0,4,12,-0.1266,-5.3595,-5.7467,0
PUMP-HEALTHY,2026-01-11T12:30:00,475.45,2983.01,100.17,2.24,63.82,45.12,21.45,35.02,running,1,0,3,12,1.0395,0.8657,0.2609,0
PUMP-HEALTHY,2026-01-11T12:35:00,477.6,2977.62,101.01,2.83,61.23,47.76,22.81,53.54,running,1,0,2,12,0.5842,0.8398,-2.5924,0
PUMP-HEALTHY,2026-01-11T12:40:00,475.44,3025.46,103.09,2.63,64.05,46.73,22.22,42.83,running,1,0,0,12,-0.1957,2.077,2.8253,0
PUMP-HEALTHY,2026-01-11T12:45:00,481.38,3040.29,98.31,2.58,63.03,48.24,23.22,42.85,running,1,0,4,12,-0.0566,-4.7783,-1.0236,0
PUMP-HEALTHY,2026-01-11T12:50:00,479.16,3021.51,100.81,1.2,62.23,48.64,23.31,42.84,running,1,0,4,12,-1.3748,2.4967,-0.7927,0
PUMP-HEALTHY,2026-01-11T12:55:00,478.39,3035.46,99.35,2.04,61.06,48.23,23.07,56.9,running,1,0,2,12,0.8365,-1.4565,-1.175,0
PUMP-HEALTHY,2026-01-11T13:00:00,483.56,2959.47,101.79,2.82,65.59,49.99,24.17,44.62,running,1,0,4,12,0.7851,2.4427,4.5301,0
PUMP-HEALTHY,2026-01-11T13:05:00,480.68,3007.84,99.33,1.8,67.84,49.55,23.82,44.34,running,1,0,4,12,-1.0201,-2.466,2.2547,0
PUMP-HEALTHY,2026-01-11T13:10:00,477.23,3042.87,100.88,1.88,65.02,49.62,23.68,54.87,running,1,0,2,12,0.0737,1.5546,-2.8274,0
PUMP-HEALTHY,2026-01-11T13:15:00,481.1,2964.76,103.95,2.41,67.51,52.06,25.04,58.69,running,1,0,2,12,0.5382,3.0723,2.4955,0
PUMP-HEALTHY,2026-01-11T13:20:00,475.17,3041.84,102.91,2.2,60.84,49.11,23.34,59.07,running,1,0,1,12,-0.2139,-1.0409,-6.6748,0
PUMP-HEALTHY,2026-01-11T13:25:00,477.79,2985.3,104.73,1.08,68.72,51.22,24.47,56.49,running,1,0,1,12,-1.1161,1.8181,7.878,0
PUMP-HEALTHY,2026-01-11T13:30:00,479.78,3017.62,104.55,1.94,63.63,48.32,23.18,48.89,running,1,0,0,12,0.8582,-0.1826,-5.0832,0
PUMP-HEALTHY,2026-01-11T13:35:00,478.89,2960.62,102.83,2.79,69.82,51.44,24.63,57.63,running,1,0,1,12,0.8502,-1.7159,6.1843,0
PUMP-HEALTHY,2026-01-11T13:40:00,484.17,3049.47,102.14,2.66,69.43,48.54,23.5,45.73,running,1,0,4,12,-0.1323,-0.6902,-0.3845,0
PUMP-HEALTHY,2026-01-11T13:45:00,479.32,3033.15,98.44,1.16,61.21,50.98,24.44,53.25,running,1,0,4,12,-1.4966,-3.6991,-8.2175,0
PUMP-HEALTHY,2026-01-11T13:50:00,483.44,3042.62,99.37,1.36,63.57,50.56,24.44,56.87,running,1,0,1,12,0.2005,0.9254,2.3574,0
PUMP-HEALTHY,2026-01-11T13:55:00,475.6,3028.8,99.55,2.58,68.16,47.19,22.44,43.52,running,1,0,4,12,1.2172,0.1785,4.5882,0
PUMP-HEALTHY,2026-01-11T14:00:00,484.96,3031.55,103.92,2.76,67.04,49.85,24.17,50.83,running,1,0,2,12,0.1815,4.3726,-1.121,0
PUMP-HEALTHY,2026-01-11T14:05:00,478.59,2984.38,98.62,1.28,60.49,46.85,22.42,40.43,running,1,0,2,12,-1.481,-5.2974,-6.5494,0
PUMP-HEALTHY,2026-01-11T14:10:00,482.76,3044.14,104.23,2.54,62.53,51.12,24.68,53.68,running,1,0,0,12,1.2554,5.6063,2.0422,0
PUMP-HEALTHY,2026-01-11T14:15:00,481.92,2999.96,98.72,1.08,67.74,49.34,23.78,56.02,running,1,0,4,12,-1.4611,-5.5142,5.2125,0
PUMP-HEALTHY,2026-01-11T14:20:00,483.75,2952.98,100.83,2.18,68.12,51.26,24.8,53.51,running,1,0,1,12,1.105,2.1121,0.3713,0
PUMP-HEALTHY,2026-01-11T14:25:00,481.92,2995.67,100.38,1.86,65.58,50.09,24.14,52.11,running,1,0,0,12,-0.3168,-0.4442,-2.5405,0
PUMP-HEALTHY,2026-01-11T14:30:00,479.87,2964.17,104.88,1.16,61.43,47.14,22.62,50.47,running,1,0,3,12,-0.708,4.4963,-4.1443,0
PUMP-HEALTHY,2026-01-11T14:35:00,484.08,2967.91,103.94,2.35,66.27,47.56,23.02,42.19,running,1,0,4,12,1.1926,-0.9438,4.8403,0
PUMP-HEALTHY,2026-01-11T14:40:00,483.06,2969.53,98.67,2.88,69.67,48.88,23.61,47.38,running,1,0,2,12,0.5273,-5.2657,3.4009,0
PUMP-HEALTHY,2026-01-11T14:45:00,481.72,2987.53,101.63,2.16,60.14,52.64,25.36,59.15,running,1,0,3,12,-0.7114,2.9612,-9.5287,0
PUMP-HEALTHY,2026-01-11T14:50:00,484.57,2958.48,103.31,1.77,67.69,48.85,23.67,48.5,running,1,0,4,12,-0.391,1.6786,7.544,0
PUMP-HEALTHY,2026-01-11T14:55:00,476.27,3030.79,100.8,2.1,69.17,51.18,24.38,59.95,running,1,0,3,12,0.3229,-2.5097,1.4876,0
PUMP-HEALTHY,2026-01-11T15:00:00,478.7,2965.74,101.48,1.98,66.84,44.64,21.37,36.12,running,1,0,1,12,-0.1146,0.6833,-2.3367,0
PUMP-HEALTHY,2026-01-11T15:05:00,477.06,3021.68,99.03,1.3,61.79,45.57,21.74,40.08,running,1,0,0,12,-0.6862,-2.4508,-5.045,0
PUMP-HEALTHY,2026-01-11T15:10:00,475.01,2982.1,103.86,2.68,63.09,45.89,21.8,44.76,running,1,0,0,12,1.3795,4.8258,1.2959,0
PUMP-HEALTHY,2026-01-11T15:15:00,478.39,2965.02,102.38,2.82,68.97,48.72,23.31,43.26,running,1,0,2,12,0.141,-1.4769,5.8819,0
PUMP-HEALTHY,2026-01-11T15:20:00,478.71,2991.37,100.31,2.92,66.24,46.09,22.06,42.2,running,1,0,0,12,0.105,-2.0759,-2.7342,0
PUMP-HEALTHY,2026-01-11T15:25:00,475.07,2958.52,99.03,2.76,62.71,48.03,22.82,41.45,running,1,0,2,12,-0.165,-1.2775,-3.5281,0
PUMP-HEALTHY,2026-01-11T15:30:00,484.09,3014.07,98.53,2.72,68.07,50.22,24.31,48.46,running,1,0,1,12,-0.0321,-0.5025,5.3658,0
PUMP-HEALTHY,2026-01-11T15:35:00,481.81,3013.52,104.13,1.96,67.62,48.63,23.43,38.78,running,1,0,0,12,-0.7608,5.6059,-0.4539,0
PUMP-HEALTHY,2026-01-11T15:40:00,479.27,3003.09,99.6,1.43,66.23,49.51,23.73,49.15,running,1,0,0,12,-0.5294,-4.5351,-1.3935,0
PUMP-HEALTHY,2026-01-11T15:45:00,481.53,3046.01,103.63,2.13,61.51,49.72,23.94,42.77,running,1,0,4,12,0.6997,4.0315,-4.7211,0
PUMP-HEALTHY,2026-01-11T15:50:00,482.55,2993.52,99.52,1.66,65.04,47.67,23.0,46.29,running,1,0,1,12,-0.4687,-4.1088,3.5333,0
PUMP-HEALTHY,2026-01-11T15:55:00,479.17,3026.72,100.1,2.05,65.33,48.14,23.07,39.89,running,1,0,2,12,0.3804,0.5842,0.2925,0
PUMP-HEALTHY,2026-01-11T16:00:00,478.11,3024.79,98.9,1.64,63.27,46.31,22.14,36.69,running,1,0,1,12,-0.4015,-1.2057,-2.0625,0
PUMP-HEALTHY,2026-01-11T16:05:00,480.54,2983.11,104.89,1.5,63.66,48.95,23.52,48.85,running,1,0,0,12,-0.1403,5.9965,0.3859,0
PUMP-HEALTHY,2026-01-11T16:10:00,484.87,2994.14,101.31,1.76,63.79,45.42,22.02,36.11,running,1,0,2,12,0.2559,-3.5846,0.1334,0
PUMP-HEALTHY,2026-01-11T16:15:00,482.07,3032.78,101.13,2.45,61.29,48.54,23.4,50.64,running,1,0,1,12,0.6865,-0.1825,-2.4948,0
PUMP-HEALTHY,2026-01-11T16:20:00,482.17,2989.0,100.52,1.38,63.71,48.4,23.34,53.75,running,1,0,0,12,-1.0668,-0.6079,2.4204,0
PUMP-HEALTHY,2026-01-11T16:25:00,479.81,2979.55,104.29,1.16,67.9,45.48,21.82,41.58,running,1,0,3,12,-0.2148,3.77,4.1893,0
PUMP-HEALTHY,2026-01-11T16:30:00,475.82,3042.2,100.49,2.18,68.67,46.89,22.31,44.55,running,1,0,1,12,1.0174,-3.801,0.7691,0
PUMP-HEALTHY,2026-01-11T16:35:00,477.14,3009.52,102.29,1.96,68.11,48.59,23.18,52.09,running,1,0,2,12,-0.2241,1.798,-0.5649,0
PUMP-HEALTHY,2026-01-11T16:40:00,482.85,3043.28,99.15,1.86,66.15,44.77,21.62,35.71,running,1,0,2,12,-0.0934,-3.1339,-1.9551,0
PUMP-HEALTHY,2026-01-11T16:45:00,477.26,2980.15,102.2,1.73,67.11,50.48,24.09,52.53,running,1,0,4,12,-0.1357,3.0452,0.9618,0
PUMP-HEALTHY,2026-01-11T16:50:00,480.23,2959.23,104.53,2.02,60.54,51.24,24.61,52.76,running,1,0,4,12,0.2949,2.3306,-6.5775,0
PUMP-HEALTHY,2026-01-11T16:55:00,480.91,2999.91,99.79,1.91,69.78,45.87,22.06,40.49,running,1,0,0,12,-0.1108,-4.7423,9.2394,0
PUMP-HEALTHY,2026-01-11T17:00:00,484.53,2971.07,98.82,1.33,62.29,48.44,23.47,50.05,running,1,0,0,12,-0.5779,-0.9632,-7.4852,0
PUMP-HEALTHY,2026-01-11T17:05:00,477.9,2970.67,98.82,1.62,69.42,51.06,24.4,53.45,running,1,0,3,12,0.2896,0.0009,7.1269,0
PUMP-HEALTHY,2026-01-11T17:10:00,478.1,2997.16,104.01,1.51,64.59,46.68,22.32,40.53,running,1,0,2,12,-0.1127,5.1859,-4.8276,0
PUMP-HEALTHY,2026-01-11T17:15:00,479.02,2950.37,104.77,1.76,67.17,48.92,23.43,39.05,running,1,0,1,12,0.2436,0.7593,2.5801,0
PUMP-HEALTHY,2026-01-11T17:20:00,482.87,3014.5,98.89,2.16,69.28,50.42,24.35,56.47,running,1,0,3,12,0.4068,-5.8794,2.1088,0
PUMP-HEALTHY,2026-01-11T17:25:00,480.56,2976.16,101.08,1.85,67.08,46.14,22.17,40.39,running,1,0,2,12,-0.3087,2.1931,-2.1962,0
PUMP-HEALTHY,2026-01-11T17:30:00,481.44,3049.83,101.02,1.33,67.6,50.07,24.11,57.5,running,1,0,2,12,-0.5211,-0.0663,0.5218,0
PUMP-HEALTHY,2026-01-11T17:35:00,480.43,3048.85,98.66,1.4,66.53,49.52,23.79,41.62,running,1,0,4,12,0.0726,-2.3547,-1.0706,0
PUMP-HEALTHY,2026-01-11T17:40:00,483.78,3006.24,98.79,2.04,63.09,50.22,24.29,56.51,running,1,0,1,12,0.6369,0.1258,-3.4414,0
PUMP-HEALTHY,2026-01-11T17:45:00,476.18,3037.29,103.25,1.94,66.82,48.94,23.31,46.85,running,1,0,1,12,-0.1063,4.4583,3.7292,0
PUMP-HEALTHY,2026-01-11T17:50:00,482.89,2975.24,104.65,1.19,66.89,50.13,24.21,53.17,running,1,0,4,12,-0.7457,1.4023,0.0709,0
PUMP-HEALTHY,2026-01-11T17:55:00,483.06,3020.98,102.01,1.52,60.73,47.96,23.17,41.17,running,1,0,3,12,0.3263,-2.6388,-6.1605,0
PUMP-HEALTHY,2026-01-11T18:00:00,476.93,3018.93,100.36,1.99,64.89,48.2,22.99,46.53,running,1,0,1,12,0.4771,-1.6538,4.1561,0
PUMP-HEALTHY,2026-01-11T18:05:00,478.61,3005.9,98.5,2.67,63.09,50.36,24.1,47.14,running,1,0,4,12,0.6738,-1.8519,-1.8026,0
PUMP-HEALTHY,2026-01-11T18:10:00,475.23,3004.77,101.81,1.6,64.32,46.64,22.16,47.28,running,1,0,3,12,-1.0713,3.3076,1.2375,0
PUMP-HEALTHY,2026-01-11T18:15:00,483.5,2961.5,104.06,1.07,60.75,46.02,22.25,40.6,running,1,0,2,12,-0.5292,2.2503,-3.5736,0
PUMP-HEALTHY,2026-01-11T18:20:00,477.83,3024.94,100.89,1.5,66.18,48.58,23.21,53.95,running,1,0,0,12,0.4359,-3.1723,5.4348,0
PUMP-HEALTHY,2026-01-11T18:25:00,483.64,3002.46,100.76,2.6,63.84,51.58,24.95,55.48,running,1,0,0,12,1.0982,-0.1324,-2.34,0
PUMP-HEALTHY,2026-01-11T18:30:00,478.12,3012.88,103.61,2.21,69.56,49.31,23.58,43.57,running,1,0,0,12,-0.3949,2.8487,5.7125,0
PUMP-HEALTHY,2026-01-11T18:35:00,478.81,3011.31,102.01,1.92,62.31,50.15,24.01,46.3,running,1,0,0,12,-0.282,-1.5991,-7.2455,0
PUMP-HEALTHY,2026-01-11T18:40:00,483.01,3026.17,101.21,1.86,62.24,46.79,22.6,39.34,running,1,0,3,12,-0.0589,-0.7996,-0.0745,0
PUMP-HEALTHY,2026-01-11T18:45:00,484.81,3039.58,104.38,2.24,64.69,50.7,24.58,51.61,running,1,0,3,12,0.3762,3.1717,2.4525,0
PUMP-HEALTHY,2026-01-11T18:50:00,481.18,2965.7,104.14,1.93,61.19,48.7,23.43,52.03,running,1,0,3,12,-0.3071,-0.2431,-3.5043,0
PUMP-HEALTHY,2026-01-11T18:55:00,481.76,2970.56,103.66,2.46,68.5,48.33,23.28,35.12,running,1,0,4,12,0.5265,-0.4765,7.315,0
PUMP-HEALTHY,2026-01-11T19:00:00,480.52,3003.6,102.49,2.1,67.54,47.53,22.84,35.87,running,1,0,1,12,-0.3597,-1.1727,-0.9572,0
PUMP-HEALTHY,2026-01-11T19:05:00,484.42,3000.1,104.9,1.96,68.3,51.17,24.79,58.01,running,1,0,1,12,-0.1429,2.4182,0.7563,0
PUMP-HEALTHY,2026-01-11T19:10:00,484.93,2991.07,99.9,1.99,61.68,47.57,23.07,40.02,running,1,0,2,12,0.0347,-5.0034,-6.6174,0
PUMP-HEALTHY,2026-01-11T19:15:00,480.95,3030.85,103.59,2.47,65.18,48.88,23.51,51.4,running,1,0,2,12,0.4783,3.6887,3.5003,0
PUMP-HEALTHY,2026-01-11T19:20:00,484.72,3024.46,100.44,2.68,68.09,49.18,23.84,40.97,running,1,0,0,12,0.2132,-3.1474,2.9091,0
PUMP-HEALTHY,2026-01-11T19:25:00,482.17,2962.97,98.16,1.73,64.43,47.83,23.06,39.24,running,1,0,4,12,-0.9548,-2.2775,-3.6646,0
PUMP-HEALTHY,2026-01-11T19:30:00,481.11,2981.48,99.59,2.25,63.33,46.28,22.26,35.67,running,1,0,0,12,0.5184,1.4243,-1.0992,0
PUMP-HEALTHY,2026-01-11T19:35:00,482.73,2998.2,98.05,1.46,62.16,49.3,23.8,53.23,running,1,0,4,12,-0.7883,-1.5379,-1.1685,0
PUMP-HEALTHY,2026-01-11T19:40:00,476.21,2990.71,100.66,2.95,65.25,48.23,22.97,52.42,running,1,0,3,12,1.4929,2.6074,3.0895,0
PUMP-HEALTHY,2026-01-11T19:45:00,477.09,3046.76,104.13,1.17,60.01,48.89,23.33,57.0,running,1,0,0,12,-1.7773,3.4699,-5.2355,0
PUMP-HEALTHY,2026-01-11T19:50:00,478.14,2954.59,103.17,1.28,63.61,47.31,22.62,40.76,running,1,0,1,12,0.1076,-0.9617,3.5966,0
PUMP-HEALTHY,2026-01-11T19:55:00,483.91,3042.45,101.27,2.3,62.66,52.21,25.26,59.59,running,1,0,0,12,1.0131,-1.8957,-0.9449,0
PUMP-HEALTHY,2026-01-11T20:00:00,477.48,3035.08,104.66,2.81,61.97,50.09,23.92,54.59,running,1,0,1,12,0.5114,3.3905,-0.6991,0
PUMP-HEALTHY,2026-01-11T20:05:00,482.83,3020.87,103.31,1.57,68.16,45.13,21.79,36.33,running,1,0,0,12,-1.2395,-1.3562,6.1915,0
PUMP-HEALTHY,2026-01-11T20:10:00,479.83,3003.33,102.77,2.19,61.15,47.7,22.89,42.48,running,1,0,4,12,0.6253,-0.5309,-7.0073,0
PUMP-HEALTHY,2026-01-11T20:15:00,481.34,2970.22,99.37,1.47,68.35,47.39,22.81,45.68,running,1,0,2,12,-0.7205,-3.4002,7.1954,0
PUMP-HEALTHY,2026-01-11T20:20:00,477.7,3044.65,101.7,1.42,63.41,52.01,24.84,58.65,running,1,0,1,12,-0.0514,2.3225,-4.9313,0
PUMP-HEALTHY,2026-01-11T20:25:00,479.1,2968.57,101.27,2.45,68.61,48.07,23.03,46.76,running,1,0,4,12,1.0317,-0.4253,5.1932,0
PUMP-HEALTHY,2026-01-11T20:30:00,481.8,2961.98,99.12,1.36,68.83,46.63,22.46,44.98,running,1,0,1,12,-1.0877,-2.152,0.2233,0
PUMP-HEALTHY,2026-01-11T20:35:00,479.92,2975.36,102.19,2.18,69.65,49.02,23.53,59.0,running,1,0,1,12,0.8118,3.0681,0.8235,0
PUMP-HEALTHY,2026-01-11T20:40:00,479.98,3043.52,101.12,1.67,66.93,47.85,22.97,54.46,running,1,0,3,12,-0.5076,-1.0663,-2.7197,0
PUMP-HEALTHY,2026-01-11T20:45:00,483.45,2986.34,104.21,2.64,62.67,50.68,24.5,47.4,running,1,0,2,12,0.9684,3.0839,-4.261,0
PUMP-HEALTHY,2026-01-11T20:50:00,479.41,3023.08,101.59,1.39,60.11,48.76,23.38,41.36,running,1,0,2,12,-1.2448,-2.6191,-2.567,0
PUMP-HEALTHY,2026-01-11T20:55:00,481.6,3019.01,98.05,1.58,62.62,45.75,22.04,38.23,running,1,0,0,12,0.1896,-3.5354,2.5169,0
PUMP-HEALTHY,2026-01-11T21:00:00,483.67,3005.41,103.73,1.49,66.63,50.3,24.33,44.75,running,1,0,3,12,-0.0924,5.6835,4.009,0
PUMP-HEALTHY,2026-01-11T21:05:00,479.92,3001.93,103.22,2.01,62.67,46.54,22.33,41.53,running,1,0,4,12,0.5154,-0.5114,-3.9624,0
PUMP-HEALTHY,2026-01-11T21:10:00,484.01,3049.65,102.11,1.05,69.96,49.14,23.79,59.29,running,1,0,0,12,-0.9572,-1.1094,7.2887,0
PUMP-HEALTHY,2026-01-11T21:15:00,483.45,3032.48,99.08,2.24,67.81,46.59,22.53,38.1,running,1,0,0,12,1.1907,-3.0318,-2.1461,0
PUMP-HEALTHY,2026-01-11T21:20:00,483.99,3010.71,102.19,2.24,63.81,49.46,23.94,40.47,running,1,0,1,12,0.0063,3.1052,-4.0014,0
PUMP-HEALTHY,2026-01-11T21:25:00,478.58,3046.43,100.47,2.94,69.78,46.7,22.35,35.73,running,1,0,2,12,0.6932,-1.7184,5.9737,0
PUMP-HEALTHY,2026-01-11T21:30:00,483.05,3034.16,103.63,2.37,62.08,45.76,22.1,39.08,running,1,0,2,12,-0.5729,3.1618,-7.6999,0
PUMP-HEALTHY,2026-01-11T21:35:00,477.15,3005.84,104.45,1.01,62.92,47.62,22.72,40.01,running,1,0,3,12,-1.3565,0.8195,0.8373,0
PUMP-HEALTHY,2026-01-11T21:40:00,484.33,2962.63,104.36,1.6,68.74,48.31,23.4,54.54,running,1,0,2,12,0.5932,-0.0897,5.8228,0
PUMP-HEALTHY,2026-01-11T21:45:00,477.97,2978.79,101.14,2.83,63.59,49.48,23.65,53.91,running,1,0,4,12,1.2285,-3.2219,-5.1557,0
PUMP-HEALTHY,2026-01-11T21:50:00,484.41,2965.04,103.82,1.66,66.8,49.05,23.76,40.92,running,1,0,1,12,-1.1714,2.6792,3.2099,0
PUMP-HEALTHY,2026-01-11T21:55:00,479.86,3035.96,99.31,2.03,61.38,51.89,24.9,58.29,running,1,0,0,12,0.3714,-4.5026,-5.4183,0
PUMP-HEALTHY,2026-01-11T22:00:00,480.04,2968.47,100.54,2.29,66.86,50.92,24.44,54.35,running,1,0,2,12,0.2626,1.2218,5.4748,0
PUMP-HEALTHY,2026-01-11T22:05:00,480.92,2974.37,104.56,1.25,64.23,50.97,24.51,53.17,running,1,0,4,12,-1.0452,4.0217,-2.6234,0
PUMP-HEALTHY,2026-01-11T22:10:00,479.53,2960.33,103.59,1.03,67.09,47.8,22.92,42.35,running,1,0,2,12,-0.2181,-0.9636,2.8539,0
PUMP-HEALTHY,2026-01-11T22:15:00,482.37,3001.04,98.95,1.51,64.07,46.75,22.55,42.26,running,1,0,3,12,0.4808,-4.6408,-3.0139,0
PUMP-HEALTHY,2026-01-11T22:20:00,480.96,2986.11,103.49,2.2,68.0,50.06,24.07,58.35,running,1,0,0,12,0.6921,4.5334,3.927,0
PUMP-HEALTHY,2026-01-11T22:25:00,480.08,3021.18,102.65,1.89,67.76,48.73,23.39,42.5,running,1,0,3,12,-0.3094,-0.8386,-0.2396,0
PUMP-HEALTHY,2026-01-11T22:30:00,477.72,3007.44,99.26,1.57,67.08,46.73,22.33,38.15,running,1,0,4,12,-0.3255,-3.3889,-0.6792,0
PUMP-HEALTHY,2026-01-11T22:35:00,483.12,2974.83,102.17,2.23,60.17,45.98,22.21,36.55,running,1,0,2,12,0.6636,2.9135,-6.9101,0
PUMP-HEALTHY,2026-01-11T22:40:00,480.47,2981.05,102.82,1.83,68.96,51.87,24.92,58.05,running,1,0,1,12,-0.3993,0.643,8.7936,0
PUMP-HEALTHY,2026-01-11T22:45:00,481.78,2984.09,100.95,2.69,61.17,48.28,23.26,43.25,running,1,0,1,12,0.8588,-1.8635,-7.7898,0
PUMP-HEALTHY,2026-01-11T22:50:00,482.77,2993.09,99.84,2.47,60.21,49.01,23.66,42.53,running,1,0,3,12,-0.2224,-1.1079,-0.9659,0
PUMP-HEALTHY,2026-01-11T22:55:00,476.48,2998.27,100.52,2.61,69.42,51.48,24.53,55.43,running,1,0,0,12,0.1421,0.6786,9.2109,0
PUMP-HEALTHY,2026-01-11T23:00:00,479.96,3042.89,103.73,1.11,62.83,48.16,23.12,44.11,running,1,0,4,12,-1.4988,3.2107,-6.59,0
PUMP-HEALTHY,2026-01-11T23:05:00,484.63,3038.77,100.54,1.87,61.87,49.21,23.85,38.08,running,1,0,1,12,0.7585,-3.1892,-0.9558,0
PUMP-HEALTHY,2026-01-11T23:10:00,478.73,3047.01,102.61,2.4,68.61,48.1,23.02,45.37,running,1,0,2,12,0.5284,2.0615,6.7331,0
PUMP-HEALTHY,2026-01-11T23:15:00,482.59,2980.15,103.62,2.16,60.3,49.26,23.77,45.43,running,1,0,0,12,-0.2377,1.0185,-8.3067,0
PUMP-HEALTHY,2026-01-11T23:20:00,478.71,2982.96,101.3,1.64,61.59,49.32,23.61,50.64,running,1,0,4,12,-0.5189,-2.3239,1.2871,0
PUMP-HEALTHY,2026-01-11T23:25:00,478.84,2954.62,104.57,2.36,62.43,47.23,22.62,36.71,running,1,0,4,12,0.7212,3.2661,0.8389,0
PUMP-HEALTHY,2026-01-11T23:30:00,484.83,3004.63,102.52,1.05,60.88,49.52,24.01,44.21,running,1,0,0,12,-1.3144,-2.0433,-1.5457,0
PUMP-HEALTHY,2026-01-11T23:35:00,476.08,3034.12,99.21,1.32,62.85,46.95,22.35,35.82,running,1,0,1,12,0.2746,-3.3111,1.9704,0
PUMP-HEALTHY,2026-01-11T23:40:00,484.4,2993.34,101.5,1.09,69.1,51.22,24.81,51.64,running,1,0,4,12,-0.2384,2.2859,6.2461,0
PUMP-HEALTHY,2026-01-11T23:45:00,476.7,3015.49,104.66,2.12,66.15,47.53,22.66,48.21,running,1,0,3,12,1.0341,3.166,-2.9471,0
PUMP-HEALTHY,2026-01-11T23:50:00,482.73,2993.23,99.74,2.76,68.81,51.1,24.67,55.11,running,1,0,0,12,0.6447,-4.9252,2.6574,0
PUMP-HEALTHY,2026-01-11T23:55:00,476.86,2968.63,103.36,1.87,64.81,47.97,22.88,38.72,running,1,0,2,12,-0.894,3.6222,-3.9994,0
PUMP-HEALTHY,2026-01-12T00:00:00,479.63,3005.88,103.37,2.53,67.62,48.7,23.36,49.98,running,1,0,2,12,0.66,0.004,2.8089,0
PUMP-HEALTHY,2026-01-12T00:05:00,480.18,3018.31,101.85,1.89,68.55,47.81,22.96,41.82,running,1,0,0,12,-0.6427,-1.5178,0.9311,0
PUMP-HEALTHY,2026-01-12T00:10:00,478.06,3044.99,100.69,2.22,69.83,49.51,23.67,49.23,running,1,0,2,12,0.3325,-1.1595,1.2802,0
PUMP-HEALTHY,2026-01-12T00:15:00,483.08,2990.34,102.58,1.39,62.79,51.3,24.78,58.54,running,1,0,0,12,-0.8278,1.887,-7.0361,0
PUMP-HEALTHY,2026-01-12T00:20:00,483.47,3043.87,103.64,1.54,69.55,48.01,23.21,44.72,running,1,0,0,12,0.1446,1.0613,6.76,0
PUMP-HEALTHY,2026-01-12T00:25:00,481.61,3003.78,103.88,2.15,67.91,48.62,23.41,41.07,running,1,0,1,12,0.6165,0.242,-1.6448,0
PUMP-HEALTHY,2026-01-12T00:30:00,477.66,3006.02,98.96,2.81,62.27,46.98,22.44,40.19,running,1,0,3,12,0.6536,-4.9169,-5.6411,0
PUMP-HEALTHY,2026-01-12T00:35:00,481.75,2956.43,101.6,1.98,63.01,50.5,24.33,57.08,running,1,0,0,12,-0.8228,2.6412,0.7425,0
PUMP-HEALTHY,2026-01-12T00:40:00,484.28,3028.72,100.3,1.77,68.0,51.36,24.87,57.24,running,1,0,2,12,-0.2138,-1.3078,4.9928,0
PUMP-HEALTHY,2026-01-12T00:45:00,483.26,2996.04,100.7,2.35,60.54,46.43,22.44,43.81,running,1,0,3,12,0.5839,0.4026,-7.4597,0
PUMP-HEALTHY,2026-01-12T00:50:00,481.52,2976.11,99.79,2.2,62.15,47.19,22.72,45.36,running,1,0,0,12,-0.1507,-0.9095,1.6072,0
PUMP-HEALTHY,2026-01-12T00:55:00,477.55,2993.44,99.35,1.5,62.53,45.45,21.71,36.06,running,1,0,3,12,-0.7007,-0.438,0.3836,0
PUMP-HEALTHY,2026-01-12T01:00:00,479.43,2995.59,98.7,1.74,60.51,48.24,23.13,43.14,running,1,0,2,12,0.2347,-0.6519,-2.0249,0
PUMP-HEALTHY,2026-01-12T01:05:00,481.71,3015.74,103.63,1.82,66.27,46.77,22.53,40.89,running,1,0,4,12,0.0804,4.933,5.7664,0
PUMP-HEALTHY,2026-01-12T01:10:00,475.88,2976.31,99.31,1.37,61.86,49.96,23.77,49.07,running,1,0,1,12,-0.4464,-4.3185,-4.4154,0
PUMP-HEALTHY,2026-01-12T01:15:00,476.86,2999.0,102.14,2.43,67.79,45.44,21.67,38.22,running,1,0,4,12,1.0621,2.8245,5.9361,0
PUMP-HEALTHY,2026-01-12T01:20:00,481.16,2957.74,103.76,1.09,63.64,45.29,21.79,38.17,running,1,0,2,12,-1.3469,1.627,-4.1579,0
PUMP-HEALTHY,2026-01-12T01:25:00,480.8,3026.66,100.53,2.2,63.34,45.04,21.66,38.32,running,1,0,3,12,1.1108,-3.2314,-0.2988,0
PUMP-HEALTHY,2026-01-12T01:30:00,475.96,2961.31,100.03,1.63,69.8,47.84,22.77,55.54,running,1,0,3,12,-0.5641,-0.5034,6.4636,0
PUMP-HEALTHY,2026-01-12T01:35:00,479.79,3039.68,103.04,1.25,60.4,47.01,22.55,36.92,running,1,0,1,12,-0.3861,3.0073,-9.3996,0
PUMP-HEALTHY,2026-01-12T01:40:00,476.09,3004.98,101.19,1.68,69.36,48.12,22.91,55.58,running,1,0,1,12,0.4313,-1.8464,8.9571,0
PUMP-HEALTHY,2026-01-12T01:45:00,475.44,2974.58,102.27,1.89,62.49,45.97,21.85,37.17,running,1,0,0,12,0.2086,1.0767,-6.8695,0
PUMP-HEALTHY,2026-01-12T01:50:00,476.76,2970.12,98.61,1.83,63.56,48.0,22.88,47.75,running,1,0,2,12,-0.0593,-3.662,1.0689,0
PUMP-HEALTHY,2026-01-12T01:55:00,478.38,2992.1,104.58,2.79,66.74,49.56,23.71,45.13,running,1,0,2,12,0.9609,5.9761,3.1865,0
PUMP-HEALTHY,2026-01-12T02:00:00,476.13,2950.77,104.72,2.81,68.45,51.8,24.66,57.94,running,1,0,4,12,0.0183,0.1399,1.7101,0
PUMP-HEALTHY,2026-01-12T02:05:00,475.03,2996.24,98.53,1.14,61.78,47.39,22.51,52.45,running,1,0,4,12,-1.6648,-6.189,-6.6763,0
PUMP-HEALTHY,2026-01-12T02:10:00,477.03,2968.02,99.69,2.6,61.88,50.71,24.19,55.09,running,1,0,2,12,1.4569,1.1544,0.0979,0
PUMP-HEALTHY,2026-01-12T02:15:00,477.73,2978.19,102.08,1.64,60.82,49.35,23.58,56.77,running,1,0,4,12,-0.9595,2.3928,-1.0572,0
PUMP-HEALTHY,2026-01-12T02:20:00,477.97,2964.53,98.76,2.06,60.32,46.94,22.43,41.79,running,1,0,2,12,0.4167,-3.3214,-0.4983,0
PUMP-HEALTHY,2026-01-12T02:25:00,481.28,3018.41,103.17,2.15,61.43,44.84,21.58,35.86,running,1,0,2,12,0.091,4.4166,1.1062,0
PUMP-HEALTHY,2026-01-12T02:30:00,482.1,3004.44,98.23,1.63,60.5,46.61,22.47,40.53,running,1,0,1,12,-0.5149,-4.9451,-0.9278,0
PUMP-HEALTHY,2026-01-12T02:35:00,484.81,2970.31,99.67,1.63,67.09,47.57,23.06,44.21,running,1,0,0,12,-0.0007,1.4374,6.5876,0
PUMP-HEALTHY,2026-01-12T02:40:00,480.78,3004.03,99.97,1.81,69.91,49.13,23.62,40.83,running,1,0,0,12,0.1798,0.3058,2.8219,0
PUMP-HEALTHY,2026-01-12T02:45:00,482.86,2951.07,104.77,1.54,60.61,49.59,23.94,55.47,running,1,0,4,12,-0.2721,4.7939,-9.2937,0
PUMP-HEALTHY,2026-01-12T02:50:00,483.99,3033.47,99.57,1.42,69.11,51.3,24.83,55.49,running,1,0,4,12,-0.1148,-5.1988,8.4967,0
PUMP-HEALTHY,2026-01-12T02:55:00,478.74,3002.92,101.18,2.21,63.75,46.17,22.1,43.87,running,1,0,4,12,0.7859,1.6103,-5.3619,0
PUMP-HEALTHY,2026-01-12T03:00:00,477.39,3026.35,98.48,1.11,63.47,49.02,23.4,44.08,running,1,0,4,12,-1.0958,-2.6938,-0.2781,0
PUMP-HEALTHY,2026-01-12T03:05:00,476.89,3021.75,98.52,2.18,69.95,48.31,23.04,44.39,running,1,0,2,12,1.0633,0.0311,6.4786,0
PUMP-HEALTHY,2026-01-12T03:10:00,482.23,2954.32,100.45,2.43,66.29,52.14,25.14,58.2,running,1,0,2,12,0.257,1.9372,-3.6555,0
PUMP-HEALTHY,2026-01-12T03:15:00,480.71,3043.14,100.58,1.04,64.97,50.12,24.09,58.51,running,1,0,3,12,-1.3918,0.1276,-1.3202,0
PUMP-HEALTHY,2026-01-12T03:20:00,476.8,2951.23,101.77,2.3,64.25,49.85,23.77,51.31,running,1,0,1,12,1.2532,1.1856,-0.7208,0
PUMP-HEALTHY,2026-01-12T03:25:00,479.11,3026.01,104.85,2.66,66.58,51.05,24.46,54.69,running,1,0,4,12,0.3643,3.0815,2.3227,0
PUMP-HEALTHY,2026-01-12T03:30:00,483.61,2952.0,98.82,2.98,68.86,49.89,24.13,54.7,running,1,0,4,12,0.3193,-6.0246,2.285,0
PUMP-HEALTHY,2026-01-12T03:35:00,477.78,3007.18,103.7,1.13,64.67,45.12,21.56,36.22,running,1,0,1,12,-1.8452,4.8793,-4.188,0
PUMP-HEALTHY,2026-01-12T03:40:00,480.27,2984.47,103.91,2.34,66.9,49.69,23.87,46.55,running,1,0,0,12,1.2022,0.206,2.2296,0
PUMP-HEALTHY,2026-01-12T03:45:00,477.78,3008.87,98.94,1.77,61.29,48.85,23.34,58.97,running,1,0,4,12,-0.5653,-4.9691,-5.6087,0
PUMP-HEALTHY,2026-01-12T03:50:00,484.09,2980.59,98.2,1.98,62.02,48.45,23.45,42.95,running,1,0,0,12,0.2103,-0.7417,0.7284,0
PUMP-HEALTHY,2026-01-12T03:55:00,484.9,3031.74,99.05,1.71,68.16,52.39,25.41,56.11,running,1,0,4,12,-0.2735,0.8479,6.1367,0
PUMP-HEALTHY,2026-01-12T04:00:00,484.34,3016.29,103.58,2.46,67.82,48.81,23.64,50.25,running,1,0,3,12,0.753,4.5345,-0.3352,0
PUMP-HEALTHY,2026-01-12T04:05:00,479.67,2976.57,103.67,2.05,66.39,47.29,22.68,39.73,running,1,0,3,12,-0.4113,0.0938,-1.4347,0
PUMP-HEALTHY,2026-01-12T04:10:00,482.27,2976.21,101.14,2.96,64.99,48.72,23.49,50.18,running,1,0,2,12,0.9109,-2.5284,-1.3984,0
PUMP-HEALTHY,2026-01-12T04:15:00,481.55,2980.69,101.76,1.75,66.04,50.09,24.12,49.76,running,1,0,0,12,-1.2151,0.6144,1.0528,0
PUMP-HEALTHY,2026-01-12T04:20:00,483.42,3011.16,98.43,1.76,62.54,47.96,23.18,51.01,running,1,0,4,12,0.0142,-3.3283,-3.5024,0
PUMP-HEALTHY,2026-01-12T04:25:00,475.89,2992.02,102.1,1.38,63.7,47.86,22.78,51.96,running,1,0,3,12,-0.3816,3.6658,1.1539,0
PUMP-HEALTHY,2026-01-12T04:30:00,480.57,2953.96,102.49,2.06,65.16,50.8,24.41,53.45,running,1,0,2,12,0.6824,0.3929,1.4604,0
PUMP-HEALTHY,2026-01-12T04:35:00,476.78,3018.95,98.37,2.2,62.77,48.47,23.11,48.72,running,1,0,1,12,0.1357,-4.1169,-2.3883,0
PUMP-HEALTHY,2026-01-12T04:40:00,480.59,2990.32,103.98,2.18,62.9,47.81,22.98,44.21,running,1,0,1,12,-0.018,5.6086,0.1362,0
PUMP-HEALTHY,2026-01-12T04:45:00,476.37,2972.1,101.08,1.92,64.32,48.11,22.92,57.64,running,1,0,3,12,-0.2583,-2.898,1.4112,0
PUMP-HEALTHY,2026-01-12T04:50:00,478.74,3025.8,102.54,1.63,69.65,49.29,23.6,52.32,running,1,0,0,12,-0.2876,1.4551,5.3393,0
PUMP-HEALTHY,2026-01-12T04:55:00,479.59,2970.38,104.4,2.34,62.12,47.97,23.01,51.02,running,1,0,0,12,0.7061,1.8638,-7.5375,0
PUMP-HEALTHY,2026-01-12T05:00:00,475.69,2983.04,100.46,2.71,61.41,48.93,23.28,59.22,running,1,0,1,12,0.3755,-3.9404,-0.7096,0
PUMP-HEALTHY,2026-01-12T05:05:00,478.81,3020.18,100.61,2.29,69.92,47.49,22.74,39.66,running,1,0,3,12,-0.4268,0.1501,8.5109,0
PUMP-HEALTHY,2026-01-12T05:10:00,480.36,3038.99,103.54,2.95,68.07,48.04,23.08,48.43,running,1,0,1,12,0.6657,2.9248,-1.8522,0
PUMP-HEALTHY,2026-01-12T05:15:00,482.74,3007.92,104.41,1.53,61.06,48.33,23.33,54.65,running,1,0,4,12,-1.4209,0.8741,-7.0043,0
PUMP-HEALTHY,2026-01-12T05:20:00,479.74,3012.22,100.44,2.68,61.5,48.43,23.23,58.02,running,1,0,4,12,1.1509,-3.9694,0.441,0
PUMP-HEALTHY,2026-01-12T05:25:00,480.46,3014.04,100.91,2.79,66.22,48.69,23.39,37.84,running,1,0,4,12,0.1043,0.468,4.722,0
PUMP-HEALTHY,2026-01-12T05:30:00,477.45,2994.83,104.67,1.42,63.07,48.89,23.34,47.57,running,1,0,3,12,-1.367,3.7631,-3.1577,0
PUMP-HEALTHY,2026-01-12T05:35:00,475.38,2968.87,101.21,1.79,66.43,51.18,24.33,56.77,running,1,0,1,12,0.371,-3.4663,3.3634,0
PUMP-HEALTHY,2026-01-12T05:40:00,478.84,2980.19,104.59,2.82,62.84,48.67,23.3,59.73,running,1,0,1,12,1.0259,3.3793,-3.5919,0
PUMP-HEALTHY,2026-01-12T05:45:00,478.42,2975.07,100.73,2.42,61.7,49.43,23.65,51.59,running,1,0,0,12,-0.3988,-3.8599,-1.1422,0
PUMP-HEALTHY,2026-01-12T05:50:00,482.51,2974.61,100.07,1.55,63.83,48.59,23.45,36.55,running,1,0,2,12,-0.866,-0.66,2.1341,0
PUMP-HEALTHY,2026-01-12T05:55:00,479.72,2954.96,102.63,1.83,67.96,47.68,22.88,41.25,running,1,0,3,12,0.2819,2.5682,4.1308,0
PUMP-HEALTHY,2026-01-12T06:00:00,480.78,3027.38,98.76,1.38,61.33,48.58,23.36,41.49,running,1,0,1,12,-0.4545,-3.8754,-6.6264,0
PUMP-HEALTHY,2026-01-12T06:05:00,476.65,3013.31,101.41,1.8,63.83,46.64,22.23,36.04,running,1,0,0,12,0.4189,2.6547,2.4951,0
PUMP-HEALTHY,2026-01-12T06:10:00,480.29,3045.43,100.35,1.24,62.18,46.78,22.47,39.93,running,1,0,4,12,-0.555,-1.0628,-1.6464,0
PUMP-HEALTHY,2026-01-12T06:15:00,478.41,3044.04,103.6,1.13,69.05,50.82,24.31,52.42,running,1,0,4,12,-0.109,3.2504,6.8646,0
PUMP-HEALTHY,2026-01-12T06:20:00,475.99,2987.32,101.31,1.34,60.6,48.4,23.04,43.23,running,1,0,0,12,0.2062,-2.2868,-8.4525,0
PUMP-HEALTHY,2026-01-12T06:25:00,483.14,3036.28,102.5,1.21,62.83,50.77,24.53,49.26,running,1,0,0,12,-0.1356,1.1878,2.236,0
PUMP-HEALTHY,2026-01-12T06:30:00,477.84,3025.11,99.51,2.03,63.62,50.89,24.32,52.58,running,1,0,2,12,0.8212,-2.9871,0.7868,0
PUMP-HEALTHY,2026-01-12T06:35:00,483.55,2991.22,99.08,2.81,68.29,48.41,23.41,55.52,running,1,0,1,12,0.7851,-0.4379,4.6703,0
PUMP-HEALTHY,2026-01-12T06:40:00,475.52,3040.22,102.53,2.4,64.36,50.39,23.96,59.49,running,1,0,4,12,-0.4078,3.4494,-3.9301,0
PUMP-HEALTHY,2026-01-12T06:45:00,477.97,2957.41,101.8,1.93,69.39,47.82,22.86,50.0,running,1,0,2,12,-0.477,-0.729,5.0366,0
PUMP-HEALTHY,2026-01-12T06:50:00,484.49,3045.16,104.39,1.62,62.73,48.05,23.28,50.98,running,1,0,1,12,-0.3024,2.5947,-6.6638,0
PUMP-HEALTHY,2026-01-12T06:55:00,482.19,3005.97,98.18,1.19,61.91,50.34,24.27,47.93,running,1,0,4,12,-0.4341,-6.2139,-0.8242,0
PUMP-HEALTHY,2026-01-12T07:00:00,482.68,3038.72,99.65,1.37,62.51,47.79,23.07,52.88,running,1,0,2,12,0.1759,1.4727,0.6002,0
PUMP-HEALTHY,2026-01-12T07:05:00,478.95,3044.27,101.34,1.16,62.43,47.76,22.88,54.51,running,1,0,2,12,-0.2027,1.6855,-0.0801,0
PUMP-HEALTHY,2026-01-12T07:10:00,476.59,3003.69,101.09,1.08,64.48,46.99,22.4,44.62,running,1,0,1,12,-0.0846,-0.2492,2.0549,0
PUMP-HEALTHY,2026-01-12T07:15:00,481.52,3013.45,102.63,2.18,65.35,50.95,24.53,50.99,running,1,0,3,12,1.1014,1.5407,0.8707,0
PUMP-HEALTHY,2026-01-12T07:20:00,478.02,3047.13,102.91,2.79,64.99,48.32,23.1,56.58,running,1,0,2,12,0.6113,0.2778,-0.3606,0
PUMP-HEALTHY,2026-01-12T07:25:00,483.43,2955.18,99.69,1.44,60.36,51.56,24.93,54.78,running,1,0,4,12,-1.3541,-3.2179,-4.6341,0
PUMP-HEALTHY,2026-01-12T07:30:00,482.15,2999.3,104.42,1.57,64.62,50.24,24.22,59.37,running,1,0,0,12,0.13,4.7329,4.2616,0
PUMP-HEALTHY,2026-01-12T07:35:00,479.37,3031.08,104.92,2.19,62.07,49.04,23.51,39.45,running,1,0,1,12,0.6179,0.5009,-2.5458,0
PUMP-HEALTHY,2026-01-12T07:40:00,480.81,2981.91,99.3,2.11,61.03,50.03,24.05,48.78,running,1,0,3,12,-0.0741,-5.6246,-1.0397,0
PUMP-HEALTHY,2026-01-12T07:45:00,481.48,3047.02,102.39,2.55,64.59,49.42,23.79,51.27,running,1,0,0,12,0.443,3.0889,3.5602,0
PUMP-HEALTHY,2026-01-12T07:50:00,477.74,3015.07,99.63,2.81,64.57,47.36,22.62,51.26,running,1,0,1,12,0.2534,-2.7602,-0.0281,0
PUMP-HEALTHY,2026-01-12T07:55:00,475.71,2958.06,100.98,2.16,61.87,45.07,21.44,37.02,running,1,0,0,12,-0.6504,1.3589,-2.6952,0
PUMP-HEALTHY,2026-01-12T08:00:00,478.46,3031.51,104.88,2.99,60.03,46.35,22.18,46.99,running,1,0,2,12,0.8361,3.8992,-1.8379,0
PUMP-HEALTHY,2026-01-12T08:05:00,480.66,3015.86,102.27,2.58,63.99,49.7,23.89,54.56,running,1,0,3,12,-0.4086,-2.6179,3.962,0
PUMP-HEALTHY,2026-01-12T08:10:00,476.25,2957.07,101.83,1.02,63.25,46.88,22.33,49.47,running,1,0,2,12,-1.5618,-0.4381,-0.7414,0
PUMP-HEALTHY,2026-01-12T08:15:00,482.4,2977.79,99.2,2.8,65.83,46.8,22.58,43.42,running,1,0,0,12,1.7775,-2.6286,2.5734,0
PUMP-HEALTHY,2026-01-12T08:20:00,482.42,3011.23,100.46,1.19,64.13,48.89,23.58,51.49,running,1,0,0,12,-1.6079,1.2579,-1.6923,0
PUMP-HEALTHY,2026-01-12T08:25:00,475.26,2991.07,100.16,1.21,62.3,51.5,24.48,56.51,running,1,0,4,12,0.022,-0.2968,-1.8308,0
PUMP-HEALTHY,2026-01-12T08:30:00,475.1,3035.35,103.14,1.5,64.91,49.81,23.67,47.42,running,1,0,1,12,0.2891,2.9775,2.6084,0
PUMP-HEALTHY,2026-01-12T08:35:00,479.2,3020.21,103.9,2.57,64.66,48.71,23.34,59.01,running,1,0,1,12,1.0701,0.7651,-0.2511,0
PUMP-HEALTHY,2026-01-12T08:40:00,477.16,3032.55,98.78,2.03,64.41,51.55,24.6,57.17,running,1,0,4,12,-0.5418,-5.1187,-0.2477,0
PUMP-HEALTHY,2026-01-12T08:45:00,482.5,2985.33,104.03,2.35,67.42,49.62,23.94,56.29,running,1,0,0,12,0.3176,5.2408,3.0038,0
PUMP-HEALTHY,2026-01-12T08:50:00,484.03,2994.12,100.22,2.16,62.44,52.06,25.2,56.42,running,1,0,4,12,-0.1868,-3.8048,-4.9756,0
PUMP-HEALTHY,2026-01-12T08:55:00,483.41,2970.58,104.93,1.21,60.16,48.6,23.5,48.38,running,1,0,3,12,-0.9524,4.7135,-2.2802,0
PUMP-HEALTHY,2026-01-12T09:00:00,482.32,2983.43,104.8,2.78,66.73,45.55,21.97,35.66,running,1,0,0,12,1.5669,-0.1362,6.5718,0
PUMP-HEALTHY,2026-01-12T09:05:00,477.43,2991.75,101.83,1.74,60.93,44.43,21.21,35.94,running,1,0,0,12,-1.0328,-2.9676,-5.8065,0
PUMP-HEALTHY,2026-01-12T09:10:00,482.06,2952.37,98.61,1.09,65.18,49.1,23.67,59.31,running,1,0,3,12,-0.6534,-3.2193,4.2512,0
PUMP-HEALTHY,2026-01-12T09:15:00,481.42,3013.23,99.29,1.13,65.68,50.45,24.29,49.35,running,1,0,1,12,0.0374,0.6753,0.5008,0
PUMP-HEALTHY,2026-01-12T09:20:00,484.63,2978.01,102.51,2.33,62.56,49.17,23.83,53.11,running,1,0,2,12,1.2001,3.2236,-3.1206,0
PUMP-HEALTHY,2026-01-12T09:25:00,475.66,2954.5,98.15,2.69,60.02,45.16,21.48,35.3,running,1,0,2,12,0.3583,-4.3639,-2.5387,0
PUMP-HEALTHY,2026-01-12T09:30:00,478.34,3024.52,102.0,1.27,67.21,51.57,24.67,54.0,running,1,0,1,12,-1.4206,3.8529,7.1881,0
PUMP-HEALTHY,2026-01-12T09:35:00,480.97,2985.73,103.29,2.99,64.64,49.29,23.71,51.42,running,1,0,4,12,1.7247,1.2866,-2.565,0
PUMP-HEALTHY,2026-01-12T09:40:00,483.01,3009.99,103.31,2.88,65.54,51.39,24.82,52.88,running,1,0,3,12,-0.1092,0.0244,0.9006,0
PUMP-HEALTHY,2026-01-12T09:45:00,482.36,3041.78,104.05,1.44,64.8,47.96,23.14,51.41,running,1,0,4,12,-1.4464,0.7438,-0.7393,0
PUMP-HEALTHY,2026-01-12T09:50:00,484.71,2972.32,101.2,2.27,61.61,47.85,23.19,41.94,running,1,0,4,12,0.8362,-2.8581,-3.1965,0
PUMP-HEALTHY,2026-01-12T09:55:00,477.53,2984.16,101.51,2.86,68.08,47.42,22.64,37.11,running,1,0,2,12,0.5871,0.3137,6.4775,0
PUMP-HEALTHY,2026-01-12T10:00:00,476.13,3005.55,102.8,2.0,69.74,50.05,23.83,51.43,running,1,0,0,12,-0.8615,1.2901,1.6599,0
PUMP-HEALTHY,2026-01-12T10:05:00,478.48,2998.45,100.23,1.66,61.93,49.8,23.83,49.22,running,1,0,3,12,-0.3344,-2.5661,-7.8177,0
PUMP-HEALTHY,2026-01-12T10:10:00,482.2,2953.3,104.3,2.65,66.01,50.27,24.24,54.18,running,1,0,2,12,0.9916,4.0707,4.0824,0
PUMP-HEALTHY,2026-01-12T10:15:00,477.52,3044.32,99.6,1.63,64.2,46.71,22.3,46.4,running,1,0,0,12,-1.0265,-4.7084,-1.8047,0
PUMP-HEALTHY,2026-01-12T10:20:00,482.68,2969.72,101.91,1.56,60.55,49.99,24.13,57.38,running,1,0,1,12,-0.0698,2.3171,-3.6531,0
PUMP-HEALTHY,2026-01-12T10:25:00,481.74,2976.7,104.56,2.7,64.5,50.74,24.44,58.48,running,1,0,3,12,1.1406,2.6463,3.9501,0
PUMP-HEALTHY,2026-01-12T10:30:00,481.99,3000.33,101.68,2.94,65.88,50.99,24.58,56.92,running,1,0,0,12,0.2453,-2.8794,1.3764,0
PUMP-HEALTHY,2026-01-12T10:35:00,482.62,2953.13,98.27,2.56,66.79,45.67,22.04,35.23,running,1,0,3,12,-0.3848,-3.4085,0.9132,0
PUMP-HEALTHY,2026-01-12T10:40:00,482.6,2956.81,98.87,1.35,64.03,49.08,23.69,52.2,running,1,0,2,12,-1.2117,0.6027,-2.766,0
PUMP-HEALTHY,2026-01-12T10:45:00,475.95,3038.77,104.67,2.97,65.52,46.13,21.96,45.22,running,1,0,1,12,1.6236,5.7944,1.4942,0
PUMP-HEALTHY,2026-01-12T10:50:00,484.6,2962.61,100.05,2.65,69.61,45.99,22.28,36.48,running,1,0,0,12,-0.3237,-4.6215,4.0924,0
PUMP-HEALTHY,2026-01-12T10:55:00,483.05,3047.97,101.51,1.93,60.14,46.95,22.68,41.05,running,1,0,2,12,-0.715,1.4682,-9.4741,0
PUMP-HEALTHY,2026-01-12T11:00:00,477.24,3025.47,101.25,1.27,68.4,50.13,23.92,51.49,running,1,0,3,12,-0.6632,-0.2695,8.2633,0
PUMP-HEALTHY,2026-01-12T11:05:00,481.57,2975.64,103.68,2.36,67.55,47.54,22.89,50.98,running,1,0,0,12,1.0894,2.4339,-0.8534,0
PUMP-HEALTHY,2026-01-12T11:10:00,483.03,2994.23,102.16,2.48,69.33,48.18,23.27,49.34,running,1,0,3,12,0.1227,-1.5154,1.7874,0
PUMP-HEALTHY,2026-01-12T11:15:00,475.22,3035.51,98.85,2.86,66.8,46.21,21.96,36.48,running,1,0,1,12,0.3768,-3.3151,-2.5341,0
PUMP-HEALTHY,2026-01-12T11:20:00,477.47,3031.41,104.46,2.38,68.16,47.67,22.76,37.42,running,1,0,0,12,-0.4795,5.6078,1.355,0
PUMP-HEALTHY,2026-01-12T11:25:00,483.98,2997.46,98.15,1.54,69.04,47.49,22.99,46.51,running,1,0,3,12,-0.8362,-6.3053,0.8794,0
PUMP-HEALTHY,2026-01-12T11:30:00,483.06,2996.9,98.2,2.63,69.68,48.49,23.43,52.22,running,1,0,1,12,1.0826,0.0473,0.6397,0
PUMP-HEALTHY,2026-01-12T11:35:00,477.06,2957.3,100.36,1.22,60.66,50.4,24.04,49.8,running,1,0,3,12,-1.4066,2.1576,-9.0104,0
PUMP-HEALTHY,2026-01-12T11:40:00,475.12,2960.25,103.16,2.3,62.04,48.86,23.22,54.6,running,1,0,2,12,1.0808,2.8031,1.3744,0
PUMP-HEALTHY,2026-01-12T11:45:00,477.65,3014.67,100.97,2.85,66.54,51.36,24.53,58.66,running,1,0,2,12,0.5557,-2.1922,4.5008,0
PUMP-HEALTHY,2026-01-12T11:50:00,481.7,2981.6,100.97,1.25,64.09,50.03,24.1,59.08,running,1,0,4,12,-1.6075,0.0041,-2.4463,0
PUMP-HEALTHY,2026-01-12T11:55:00,478.11,3023.46,100.89,2.4,65.34,49.29,23.57,56.28,running,1,0,2,12,1.1562,-0.0793,1.2458,0
PUMP-HEALTHY,2026-01-12T12:00:00,480.35,2965.42,101.71,2.44,66.25,45.03,21.63,36.5,running,1,0,2,12,0.0361,0.8182,0.9093,0
PUMP-HEALTHY,2026-01-12T12:05:00,484.67,2968.3,99.34,1.39,65.55,50.66,24.55,49.83,running,1,0,2,12,-1.05,-2.3692,-0.6971,0
PUMP-HEALTHY,2026-01-12T12:10:00,483.76,2967.14,101.63,1.67,69.26,47.03,22.75,47.4,running,1,0,0,12,0.2824,2.2846,3.709,0
PUMP-HEALTHY,2026-01-12T12:15:00,480.86,3038.25,102.41,1.9,62.12,48.7,23.42,41.48,running,1,0,1,12,0.23,0.7881,-7.1424,0
PUMP-HEALTHY,2026-01-12T12:20:00,477.8,3020.12,101.45,1.96,62.85,50.47,24.12,57.74,running,1,0,0,12,0.0627,-0.9668,0.7346,0
PUMP-HEALTHY,2026-01-12T12:25:00,478.06,2978.23,98.37,1.87,63.87,48.58,23.22,48.3,running,1,0,3,12,-0.0953,-3.0763,1.0126,0
PUMP-HEALTHY,2026-01-12T12:30:00,476.26,3024.17,101.2,2.61,68.02,48.6,23.15,47.42,running,1,0,4,12,0.7429,2.8322,4.1579,0
PUMP-HEALTHY,2026-01-12T12:35:00,478.52,3015.16,100.03,2.61,60.21,45.11,21.59,37.52,running,1,0,3,12,-0.0035,-1.1705,-7.8163,0
PUMP-HEALTHY,2026-01-12T12:40:00,476.57,2986.05,103.67,1.71,61.98,46.34,22.09,45.88,running,1,0,4,12,-0.9005,3.637,1.7742,0
PUMP-HEALTHY,2026-01-12T12:45:00,483.54,3031.43,98.99,2.26,62.53,46.99,22.72,35.78,running,1,0,0,12,0.556,-4.6794,0.5476,0
PUMP-HEALTHY,2026-01-12T12:50:00,482.07,2979.66,98.87,1.79,60.57,45.3,21.84,38.29,running,1,0,4,12,-0.476,-0.1187,-1.961,0
PUMP-HEALTHY,2026-01-12T12:55:00,477.97,3017.4,102.18,2.87,62.59,45.95,21.96,41.69,running,1,0,1,12,1.0804,3.3118,2.0188,0
PUMP-HEALTHY,2026-01-12T13:00:00,479.27,3028.64,101.5,2.82,65.7,48.85,23.41,53.15,running,1,0,2,12,-0.0482,-0.6868,3.1125,0
PUMP-HEALTHY,2026-01-12T13:05:00,482.11,2985.4,101.19,2.01,61.16,47.27,22.79,46.22,running,1,0,2,12,-0.8065,-0.3007,-4.5393,0
PUMP-HEALTHY,2026-01-12T13:10:00,481.81,3036.32,103.61,1.88,61.06,48.88,23.55,40.71,running,1,0,0,12,-0.1353,2.4122,-0.095,0
PUMP-HEALTHY,2026-01-12T13:15:00,476.61,3009.97,99.46,2.72,69.14,46.57,22.2,46.89,running,1,0,0,12,0.8461,-4.1465,8.0776,0
PUMP-HEALTHY,2026-01-12T13:20:00,482.66,2977.68,98.28,2.46,63.89,47.91,23.12,51.59,running,1,0,4,12,-0.2682,-1.1776,-5.2479,0
PUMP-HEALTHY,2026-01-12T13:25:00,475.79,2962.28,98.11,1.01,61.36,48.39,23.02,56.74,running,1,0,3,12,-1.4437,-0.1717,-2.5358,0
PUMP-HEALTHY,2026-01-12T13:30:00,482.75,2979.2,102.46,2.18,61.7,50.89,24.57,58.66,running,1,0,3,12,1.1622,4.3437,0.3385,0
PUMP-HEALTHY,2026-01-12T13:35:00,479.9,3029.46,99.28,2.25,63.18,49.13,23.58,41.62,running,1,0,3,12,0.0746,-3.1771,1.4864,0
PUMP-HEALTHY,2026-01-12T13:40:00,476.94,3028.75,103.01,2.04,62.16,48.91,23.33,45.46,running,1,0,2,12,-0.2098,3.7302,-1.024,0
PUMP-HEALTHY,2026-01-12T13:45:00,476.2,2951.19,100.66,1.98,67.57,45.06,21.46,36.69,running,1,0,4,12,-0.0606,-2.3527,5.4064,0
PUMP-HEALTHY,2026-01-12T13:50:00,478.85,3037.72,102.67,1.77,67.9,48.81,23.37,55.78,running,1,0,2,12,-0.2141,2.0099,0.3348,0
PUMP-HEALTHY,2026-01-12T13:55:00,479.76,2961.14,98.18,1.36,65.6,47.06,22.58,48.99,running,1,0,4,12,-0.4023,-4.481,-2.2976,0
PUMP-HEALTHY,2026-01-12T14:00:00,484.88,2955.17,102.36,2.68,64.67,52.15,25.29,56.25,running,1,0,3,12,1.3196,4.1745,-0.9324,0
PUMP-HEALTHY,2026-01-12T14:05:00,484.89,3038.91,99.93,1.17,63.11,49.81,24.15,43.5,running,1,0,3,12,-1.5113,-2.4328,-1.5573,0
PUMP-HEALTHY,2026-01-12T14:10:00,481.7,3049.77,102.25,2.66,66.97,48.45,23.34,48.14,running,1,0,0,12,1.4876,2.3197,3.8538,0
PUMP-HEALTHY,2026-01-12T14:15:00,479.72,2967.28,101.93,2.26,60.85,47.99,23.02,38.92,running,1,0,2,12,-0.4024,-0.3203,-6.1133,0
PUMP-HEALTHY,2026-01-12T14:20:00,478.47,2974.53,104.97,2.4,65.7,48.17,23.05,54.31,running,1,0,4,12,0.1428,3.0463,4.8484,0
PUMP-HEALTHY,2026-01-12T14:25:00,484.07,3039.37,101.61,1.93,63.51,48.49,23.47,46.51,running,1,0,1,12,-0.4702,-3.3591,-2.1946,0
PUMP-HEALTHY,2026-01-12T14:30:00,475.14,3043.59,101.68,1.11,64.34,46.33,22.01,35.08,running,1,0,0,12,-0.8157,0.0678,0.8317,0
PUMP-HEALTHY,2026-01-12T14:35:00,476.69,3029.53,99.96,2.89,69.33,46.29,22.07,36.18,running,1,0,2,12,1.7803,-1.7227,4.9881,0
PUMP-HEALTHY,2026-01-12T14:40:00,480.16,3028.14,100.27,2.37,63.38,51.12,24.55,59.77,running,1,0,2,12,-0.5281,0.3141,-5.9467,0
PUMP-HEALTHY,2026-01-12T14:45:00,475.43,3011.86,104.36,1.35,62.48,46.94,22.32,45.31,running,1,0,4,12,-1.0136,4.0893,-0.8998,0
PUMP-HEALTHY,2026-01-12T14:50:00,479.29,2983.91,101.78,1.25,67.67,46.08,22.09,38.36,running,1,0,4,12,-0.1023,-2.5799,5.1906,0
PUMP-HEALTHY,2026-01-12T14:55:00,477.7,3016.21,104.39,2.36,66.89,48.77,23.3,57.67,running,1,0,1,12,1.1143,2.6119,-0.784,0
PUMP-HEALTHY,2026-01-12T15:00:00,484.29,3010.48,99.41,2.15,62.87,50.09,24.26,45.64,running,1,0,3,12,-0.216,-4.9848,-4.0224,0
PUMP-HEALTHY,2026-01-12T15:05:00,479.49,3046.87,101.09,2.79,65.6,49.88,23.92,56.93,running,1,0,2,12,0.6408,1.683,2.7321,0
PUMP-HEALTHY,2026-01-12T15:10:00,480.33,2994.65,102.34,2.92,60.86,49.35,23.7,44.88,running,1,0,3,12,0.1267,1.2528,-4.737,0
PUMP-HEALTHY,2026-01-12T15:15:00,477.9,2959.16,101.13,1.47,65.79,50.12,23.95,48.45,running,1,0,0,12,-1.4432,-1.211,4.9302,0
PUMP-HEALTHY,2026-01-12T15:20:00,484.67,2977.87,99.49,2.69,64.31,48.59,23.55,41.65,running,1,0,2,12,1.2147,-1.6439,-1.479,0
PUMP-HEALTHY,2026-01-12T15:25:00,484.82,3048.66,101.07,1.03,64.4,47.95,23.25,42.32,running,1,0,0,12,-1.6578,1.5805,0.0924,0
PUMP-HEALTHY,2026-01-12T15:30:00,483.02,3033.8,100.61,2.57,61.78,49.28,23.81,45.8,running,1,0,1,12,1.5436,-0.4569,-2.6196,0
PUMP-HEALTHY,2026-01-12T15:35:00,481.68,3044.85,99.11,2.91,69.64,48.4,23.32,54.41,running,1,0,1,12,0.3329,-1.4996,7.8547,0
PUMP-HEALTHY,2026-01-12T15:40:00,484.89,2965.43,99.74,1.05,67.8,48.79,23.66,46.45,running,1,0,0,12,-1.8519,0.6309,-1.8347,0
PUMP-HEALTHY,2026-01-12T15:45:00,478.67,2964.19,100.13,1.68,63.88,46.6,22.31,35.49,running,1,0,2,12,0.6271,0.3904,-3.9207,0
PUMP-HEALTHY,2026-01-12T15:50:00,484.17,3031.12,99.49,2.31,60.46,49.06,23.75,58.84,running,1,0,1,12,0.6259,-0.6445,-3.4218,0
PUMP-HEALTHY,2026-01-12T15:55:00,483.22,2990.57,102.58,1.25,65.16,50.26,24.29,45.84,running,1,0,4,12,-1.0567,3.0896,4.6941,0
PUMP-HEALTHY,2026-01-12T16:00:00,484.98,2994.38,103.04,1.88,69.65,51.23,24.85,53.41,running,1,0,2,12,0.6324,0.4612,4.497,0
PUMP-HEALTHY,2026-01-12T16:05:00,484.39,2959.93,99.95,1.48,68.72,45.01,21.8,35.78,running,1,0,3,12,-0.4032,-3.0949,-0.934,0
PUMP-HEALTHY,2026-01-12T16:10:00,484.92,3039.17,99.99,1.78,64.38,50.23,24.36,51.51,running,1,0,4,12,0.2958,0.04,-4.342,0
PUMP-HEALTHY,2026-01-12T16:15:00,484.1,2995.84,99.31,1.16,63.58,48.75,23.6,46.95,running,1,0,2,12,-0.6164,-0.6808,-0.799,0
PUMP-HEALTHY,2026-01-12T16:20:00,477.55,2987.47,101.51,1.86,65.24,47.56,22.71,42.26,running,1,0,1,12,0.6995,2.2059,1.6574,0
PUMP-HEALTHY,2026-01-12T16:25:00,479.89,2986.15,99.64,1.13,61.09,49.61,23.81,53.35,running,1,0,2,12,-0.7311,-1.8741,-4.147,0
PUMP-HEALTHY,2026-01-12T16:30:00,481.86,2967.2,102.43,1.27,67.14,49.39,23.8,49.41,running,1,0,1,12,0.1457,2.7939,6.0493,0
PUMP-HEALTHY,2026-01-12T16:35:00,476.23,3006.32,98.17,1.92,68.22,48.82,23.25,40.29,running,1,0,2,12,0.6493,-4.2643,1.0844,0
PUMP-HEALTHY,2026-01-12T16:40:00,484.48,2975.86,103.46,1.84,69.24,48.3,23.4,47.07,running,1,0,3,12,-0.0822,5.2973,1.0146,0
PUMP-HEALTHY,2026-01-12T16:45:00,481.5,2987.99,98.05,1.63,65.48,50.5,24.32,55.95,running,1,0,2,12,-0.2085,-5.4145,-3.756,0
PUMP-HEALTHY,2026-01-12T16:50:00,478.71,3015.29,101.44,2.57,66.67,49.48,23.68,46.25,running,1,0,3,12,0.9425,3.3914,1.1931,0
PUMP-HEALTHY,2026-01-12T16:55:00,478.85,3036.13,101.36,1.79,65.62,46.77,22.4,38.14,running,1,0,1,12,-0.7857,-0.0762,-1.0522,0
PUMP-HEALTHY,2026-01-12T17:00:00,480.86,2981.09,104.16,2.85,60.71,47.16,22.68,44.09,running,1,0,4,12,1.065,2.7986,-4.9153,0
PUMP-HEALTHY,2026-01-12T17:05:00,476.34,3005.83,101.41,1.29,63.61,47.89,22.81,53.51,running,1,0,4,12,-1.566,-2.7497,2.8998,0
PUMP-HEALTHY,2026-01-12T17:10:00,478.62,2954.06,104.23,1.34,68.27,49.01,23.46,46.69,running,1,0,2,12,0.0532,2.8193,4.6628,0
PUMP-HEALTHY,2026-01-12T17:15:00,475.35,2987.99,101.35,1.61,68.61,48.19,22.91,45.79,running,1,0,0,12,0.2702,-2.8802,0.3397,0
PUMP-HEALTHY,2026-01-12T17:20:00,477.57,2955.56,98.62,2.39,70.0,48.75,23.28,55.52,running,1,0,0,12,0.782,-2.7299,1.3898,0
PUMP-HEALTHY,2026-01-12T17:25:00,484.22,3030.1,101.56,2.34,64.0,47.91,23.2,41.29,running,1,0,2,12,-0.0554,2.9354,-5.9934,0
PUMP-HEALTHY,2026-01-12T17:30:00,476.33,2978.95,99.07,1.79,63.44,46.89,22.33,41.91,running,1,0,3,12,-0.5518,-2.4838,-0.5688,0
PUMP-HEALTHY,2026-01-12T17:35:00,482.08,3002.33,100.22,2.87,69.58,49.23,23.73,56.99,running,1,0,0,12,1.0895,1.1473,6.1404,0
PUMP-HEALTHY,2026-01-12T17:40:00,481.57,2982.82,104.78,2.91,69.14,49.88,24.02,45.8,running,1,0,4,12,0.0356,4.5605,-0.4378,0
PUMP-HEALTHY,2026-01-12T17:45:00,482.12,3007.52,102.97,2.49,64.37,47.46,22.88,41.26,running,1,0,3,12,-0.4214,-1.808,-4.765,0
PUMP-HEALTHY,2026-01-12T17:50:00,484.04,3019.25,102.2,2.5,69.93,51.79,25.07,54.37,running,1,0,3,12,0.0108,-0.7741,5.5582,0
PUMP-HEALTHY,2026-01-12T17:55:00,484.34,2980.65,101.29,2.41,61.68,48.75,23.61,39.9,running,1,0,1,12,-0.0926,-0.9064,-8.2507,0
PUMP-HEALTHY,2026-01-12T18:00:00,479.32,3036.0,103.86,1.97,65.9,47.03,22.54,39.78,running,1,0,0,12,-0.4369,2.5619,4.2173,0
PUMP-HEALTHY,2026-01-12T18:05:00,475.9,3037.77,98.92,2.98,68.17,46.49,22.13,47.36,running,1,0,4,12,1.0056,-4.9378,2.2689,0
PUMP-HEALTHY,2026-01-12T18:10:00,478.13,3022.03,102.73,1.25,60.09,49.22,23.53,48.5,running,1,0,0,12,-1.7217,3.8149,-8.0772,0
PUMP-HEALTHY,2026-01-12T18:15:00,482.76,3030.17,102.46,2.14,66.34,51.5,24.86,57.48,running,1,0,2,12,0.8898,-0.2741,6.2488,0
PUMP-HEALTHY,2026-01-12T18:20:00,479.17,2968.29,98.25,1.78,64.25,48.38,23.18,40.43,running,1,0,2,12,-0.3629,-4.209,-2.0889,0
PUMP-HEALTHY,2026-01-12T18:25:00,475.36,2965.57,99.32,1.26,61.28,47.15,22.41,41.01,running,1,0,0,12,-0.5184,1.0707,-2.968,0
PUMP-HEALTHY,2026-01-12T18:30:00,481.43,2981.39,104.61,2.19,65.27,48.39,23.29,42.1,running,1,0,2,12,0.9276,5.2905,3.9883,0
PUMP-HEALTHY,2026-01-12T18:35:00,480.29,2968.96,104.64,1.1,62.8,48.21,23.15,35.36,running,1,0,1,12,-1.0921,0.0257,-2.4703,0
PUMP-HEALTHY,2026-01-12T18:40:00,484.42,3001.55,103.98,2.28,68.82,49.27,23.87,50.2,running,1,0,2,12,1.1808,-0.6517,6.0195,0
PUMP-HEALTHY,2026-01-12T18:45:00,484.28,2970.22,98.17,2.24,64.68,47.32,22.92,37.4,running,1,0,1,12,-0.0398,-5.8164,-4.1391,0
PUMP-HEALTHY,2026-01-12T18:50:00,484.39,2962.92,104.09,1.95,66.43,48.29,23.39,47.24,running,1,0,3,12,-0.29,5.9206,1.7501,0
PUMP-HEALTHY,2026-01-12T18:55:00,476.27,2985.7,104.63,1.68,63.1,49.31,23.49,58.17,running,1,0,3,12,-0.2743,0.5402,-3.3308,0
PUMP-HEALTHY,2026-01-12T19:00:00,479.06,2960.58,104.24,1.49,62.17,50.68,24.28,54.3,running,1,0,3,12,-0.181,-0.3899,-0.9283,0
PUMP-HEALTHY,2026-01-12T19:05:00,482.08,3033.23,104.73,1.69,69.34,48.45,23.36,37.46,running,1,0,1,12,0.1974,0.4928,7.1658,0
PUMP-HEALTHY,2026-01-12T19:10:00,480.69,2993.67,101.31,2.71,65.4,50.66,24.35,50.33,running,1,0,3,12,1.0179,-3.4242,-3.9414,0
PUMP-HEALTHY,2026-01-12T19:15:00,479.73,2971.52,104.19,2.13,68.31,49.41,23.7,50.08,running,1,0,0,12,-0.5794,2.8841,2.9175,0
PUMP-HEALTHY,2026-01-12T19:20:00,481.89,2960.96,104.9,1.69,62.42,49.04,23.63,52.42,running,1,0,2,12,-0.4367,0.7128,-5.8893,0
PUMP-HEALTHY,2026-01-12T19:25:00,483.02,2958.43,103.18,1.84,66.73,49.11,23.72,59.58,running,1,0,2,12,0.1496,-1.729,4.3092,0
PUMP-HEALTHY,2026-01-12T19:30:00,480.98,2954.59,103.02,2.67,61.9,46.37,22.31,41.28,running,1,0,1,12,0.8255,-0.1558,-4.8375,0
PUMP-HEALTHY,2026-01-12T19:35:00,482.49,3006.34,103.56,2.18,62.53,48.25,23.28,38.91,running,1,0,0,12,-0.4918,0.5407,0.6329,0
PUMP-HEALTHY,2026-01-12T19:40:00,479.63,2965.02,104.44,2.92,63.98,47.8,22.93,47.51,running,1,0,4,12,0.7388,0.8783,1.4509,0
PUMP-HEALTHY,2026-01-12T19:45:00,484.02,3042.01,104.45,1.64,64.82,48.55,23.5,36.41,running,1,0,1,12,-1.2761,0.0132,0.8443,0
PUMP-HEALTHY,2026-01-12T19:50:00,475.39,2954.36,98.3,1.12,64.23,47.33,22.5,50.85,running,1,0,3,12,-0.5192,-6.1485,-0.5941,0
PUMP-HEALTHY,2026-01-12T19:55:00,484.32,3038.47,99.99,1.74,64.13,49.03,23.75,46.99,running,1,0,0,12,0.6194,1.6821,-0.0981,0
PUMP-HEALTHY,2026-01-12T20:00:00,477.41,2977.42,100.95,1.43,61.84,46.89,22.39,42.18,running,1,0,3,12,-0.3062,0.9623,-2.2938,0
PUMP-HEALTHY,2026-01-12T20:05:00,483.56,3002.84,104.57,2.54,63.34,50.9,24.62,53.71,running,1,0,3,12,1.1093,3.6198,1.5037,0
PUMP-HEALTHY,2026-01-12T20:10:00,477.04,3047.29,103.29,2.64,65.15,47.46,22.64,37.71,running,1,0,3,12,0.0928,-1.2738,1.8049,0
PUMP-HEALTHY,2026-01-12T20:15:00,478.59,3031.7,100.53,2.16,63.27,46.2,22.11,45.3,running,1,0,1,12,-0.4754,-2.7676,-1.8746,0
PUMP-HEALTHY,2026-01-12T20:20:00,482.05,2994.77,100.2,1.36,68.43,49.85,24.03,53.42,running,1,0,4,12,-0.7952,-0.3231,5.158,0
PUMP-HEALTHY,2026-01-12T20:25:00,476.6,3047.08,98.9,1.19,62.66,49.28,23.49,43.83,running,1,0,1,12,-0.1795,-1.3083,-5.7744,0
PUMP-HEALTHY,2026-01-12T20:30:00,479.53,2963.05,101.39,1.83,62.73,49.29,23.63,42.12,running,1,0,4,12,0.6413,2.4975,0.0745,0
PUMP-HEALTHY,2026-01-12T20:35:00,483.46,2954.62,98.54,2.58,61.55,47.82,23.12,49.76,running,1,0,2,12,0.7537,-2.8504,-1.1776,0
PUMP-HEALTHY,2026-01-12T20:40:00,481.38,2964.86,104.25,2.34,66.06,47.72,22.97,39.15,running,1,0,2,12,-0.2378,5.7051,4.5086,0
PUMP-HEALTHY,2026-01-12T20:45:00,480.68,3039.78,101.9,1.05,68.05,50.07,24.07,51.92,running,1,0,0,12,-1.2912,-2.3485,1.9915,0
PUMP-HEALTHY,2026-01-12T20:50:00,484.21,2996.78,104.54,2.32,66.56,49.64,24.04,53.79,running,1,0,3,12,1.2673,2.6379,-1.4899,0
PUMP-HEALTHY,2026-01-12T20:55:00,480.06,2981.07,100.79,2.96,63.77,47.94,23.01,42.72,running,1,0,0,12,0.6426,-3.7422,-2.7899,0
PUMP-HEALTHY,2026-01-12T21:00:00,481.8,3006.51,100.17,2.04,65.06,51.38,24.75,56.97,running,1,0,2,12,-0.925,-0.6296,1.2827,0
PUMP-HEALTHY,2026-01-12T21:05:00,478.35,2968.08,103.51,1.85,65.71,49.24,23.55,54.82,running,1,0,1,12,-0.1817,3.3448,0.6531,0
PUMP-HEALTHY,2026-01-12T21:10:00,483.07,3027.81,100.29,2.47,61.59,49.44,23.88,41.13,running,1,0,4,12,0.6145,-3.2181,-4.1202,0
PUMP-HEALTHY,2026-01-12T21:15:00,483.2,3010.57,99.16,2.92,67.28,46.49,22.46,41.76,running,1,0,2,12,0.4531,-1.1322,5.6882,0
PUMP-HEALTHY,2026-01-12T21:20:00,481.38,3037.52,104.85,1.83,61.05,49.75,23.95,43.84,running,1,0,3,12,-1.0895,5.6875,-6.223,0
PUMP-HEALTHY,2026-01-12T21:25:00,475.87,2954.82,100.65,2.03,61.69,49.16,23.39,55.34,running,1,0,4,12,0.194,-4.198,0.6345,0
PUMP-HEALTHY,2026-01-12T21:30:00,484.56,3044.26,102.31,1.34,69.72,51.34,24.88,50.1,running,1,0,4,12,-0.6876,1.6635,8.0306,0
PUMP-HEALTHY,2026-01-12T21:35:00,478.6,3002.01,100.99,2.41,64.17,47.24,22.61,37.17,running,1,0,4,12,1.0757,-1.3218,-5.5478,0
PUMP-HEALTHY,2026-01-12T21:40:00,477.28,3015.58,104.08,2.09,65.44,46.94,22.4,38.03,running,1,0,4,12,-0.3256,3.0911,1.2737,0
PUMP-HEALTHY,2026-01-12T21:45:00,475.68,2963.52,103.83,2.84,64.94,50.04,23.8,47.35,running,1,0,4,12,0.7479,-0.2537,-0.505,0
PUMP-HEALTHY,2026-01-12T21:50:00,483.07,2959.11,102.71,1.32,69.3,46.22,22.33,35.7,running,1,0,1,12,-1.5214,-1.1139,4.3642,0
PUMP-HEALTHY,2026-01-12T21:55:00,475.31,3012.72,99.68,1.2,61.52,45.02,21.4,36.83,running,1,0,1,12,-0.1167,-3.0309,-7.7848,0
PUMP-HEALTHY,2026-01-12T22:00:00,481.79,2979.11,98.03,2.11,60.8,47.37,22.82,47.13,running,1,0,3,12,0.9078,-1.6491,-0.7235,0
PUMP-HEALTHY,2026-01-12T22:05:00,479.84,2953.5,98.79,2.24,66.04,52.12,25.01,57.44,running,1,0,3,12,0.1382,0.7527,5.2485,0
PUMP-HEALTHY,2026-01-12T22:10:00,481.36,2989.89,102.03,2.38,60.08,44.86,21.59,35.14,running,1,0,0,12,0.1337,3.2403,-5.9659,0
PUMP-HEALTHY,2026-01-12T22:15:00,484.51,2987.62,100.4,2.92,62.13,51.84,25.12,53.94,running,1,0,2,12,0.5405,-1.6278,2.0476,0
PUMP-HEALTHY,2026-01-12T22:20:00,484.91,3028.42,101.57,2.56,61.14,50.07,24.28,57.83,running,1,0,4,12,-0.3627,1.1729,-0.9883,0
PUMP-HEALTHY,2026-01-12T22:25:00,476.15,2996.52,102.38,2.8,66.9,46.55,22.16,46.3,running,1,0,0,12,0.2396,0.8123,5.7622,0
PUMP-HEALTHY,2026-01-12T22:30:00,483.44,2955.32,102.36,2.31,67.33,50.37,24.35,47.99,running,1,0,2,12,-0.4822,-0.0218,0.4283,0
PUMP-HEALTHY,2026-01-12T22:35:00,481.27,3006.79,98.8,2.67,61.68,48.84,23.51,44.51,running,1,0,1,12,0.3612,-3.5645,-5.6504,0
PUMP-HEALTHY,2026-01-12T22:40:00,476.78,3019.79,101.82,1.28,67.36,48.45,23.1,43.76,running,1,0,0,12,-1.3971,3.0265,5.683,0
PUMP-HEALTHY,2026-01-12T22:45:00,483.84,2958.83,98.78,1.87,65.64,48.55,23.49,53.14,running,1,0,1,12,0.5956,-3.0428,-1.7203,0
PUMP-HEALTHY,2026-01-12T22:50:00,483.91,2999.41,98.19,2.5,60.83,47.08,22.78,46.15,running,1,0,3,12,0.6253,-0.5959,-4.8056,0
PUMP-HEALTHY,2026-01-12T22:55:00,482.95,3024.2,100.88,1.27,65.98,45.74,22.09,39.49,running,1,0,2,12,-1.2272,2.694,5.1436,0
PUMP-HEALTHY,2026-01-12T23:00:00,482.54,2993.23,99.64,1.03,61.71,48.47,23.39,50.37,running,1,0,2,12,-0.2399,-1.243,-4.2669,0
PUMP-HEALTHY,2026-01-12T23:05:00,477.09,3035.71,99.98,2.35,63.61,47.38,22.6,39.93,running,1,0,2,12,1.3159,0.3434,1.899,0
PUMP-HEALTHY,2026-01-12T23:10:00,475.27,2982.24,100.24,2.06,65.02,45.81,21.77,39.1,running,1,0,1,12,-0.2922,0.2577,1.4079,0
PUMP-HEALTHY,2026-01-12T23:15:00,482.82,3000.42,101.05,2.22,60.5,47.19,22.78,35.17,running,1,0,3,12,0.1647,0.815,-4.5229,0
PUMP-HEALTHY,2026-01-12T23:20:00,478.93,3015.99,103.82,1.68,65.1,48.53,23.24,43.05,running,1,0,1,12,-0.5405,2.7623,4.6043,0
PUMP-HEALTHY,2026-01-12T23:25:00,479.42,2995.46,102.16,1.89,69.3,45.62,21.87,38.44,running,1,0,4,12,0.2059,-1.6508,4.1991,0
PUMP-HEALTHY,2026-01-12T23:30:00,484.08,2963.04,100.53,1.18,61.58,49.38,23.9,55.66,running,1,0,3,12,-0.7054,-1.6376,-7.722,0
PUMP-HEALTHY,2026-01-12T23:35:00,480.34,2957.3,102.33,1.08,60.29,47.3,22.72,42.57,running,1,0,2,12,-0.1009,1.7986,-1.2818,0
PUMP-HEALTHY,2026-01-12T23:40:00,483.56,2997.46,98.54,1.18,60.49,48.53,23.47,44.82,running,1,0,4,12,0.0984,-3.7822,0.1955,0
PUMP-HEALTHY,2026-01-12T23:45:00,479.36,3001.02,100.84,1.39,66.57,48.8,23.39,39.09,running,1,0,3,12,0.2131,2.2953,6.0834,0
PUMP-HEALTHY,2026-01-12T23:50:00,482.38,3010.42,100.16,1.6,66.85,50.9,24.55,58.5,running,1,0,0,12,0.205,-0.6834,0.2738,0
PUMP-HEALTHY,2026-01-12T23:55:00,484.14,2959.98,103.27,2.69,68.21,47.78,23.13,43.38,running,1,0,3,12,1.0935,3.1161,1.3621,0
PUMP-HEALTHY,2026-01-13T00:00:00,479.16,2957.12,104.02,1.26,65.64,47.94,22.97,53.44,running,1,0,0,12,-1.4305,0.7521,-2.5645,0
PUMP-HEALTHY,2026-01-13T00:05:00,479.5,2980.64,98.53,2.8,68.7,49.55,23.76,46.67,running,1,0,1,12,1.5405,-5.4979,3.0551,0
PUMP-HEALTHY,2026-01-13T00:10:00,480.55,2975.16,104.9,2.91,63.05,47.27,22.71,47.62,running,1,0,1,12,0.1155,6.3705,-5.6467,0
PUMP-HEALTHY,2026-01-13T00:15:00,482.29,2955.93,104.42,2.27,66.44,46.38,22.37,39.56,running,1,0,1,12,-0.6423,-0.4744,3.39,0
PUMP-HEALTHY,2026-01-13T00:20:00,478.61,3000.2,99.22,1.92,61.71,50.72,24.27,50.19,running,1,0,3,12,-0.3551,-5.1993,-4.7294,0
PUMP-HEALTHY,2026-01-13T00:25:00,483.92,3012.7,99.14,2.8,60.3,49.27,23.84,55.39,running,1,0,1,12,0.8851,-0.0787,-1.4138,0
PUMP-HEALTHY,2026-01-13T00:30:00,482.14,3029.99,100.16,1.77,65.34,48.39,23.33,41.66,running,1,0,2,12,-1.034,1.0145,5.037,0
PUMP-HEALTHY,2026-01-13T00:35:00,482.23,2989.29,102.74,1.26,62.4,47.77,23.03,36.94,running,1,0,1,12,-0.5065,2.5809,-2.9397,0
PUMP-HEALTHY,2026-01-13T00:40:00,482.89,2965.55,99.74,2.95,68.67,51.71,24.97,55.76,running,1,0,1,12,1.6849,-2.9967,6.2677,0
PUMP-HEALTHY,2026-01-13T00:45:00,475.57,2960.44,100.97,1.49,67.8,47.22,22.46,37.92,running,1,0,1,12,-1.4549,1.2264,-0.8698,0
PUMP-HEALTHY,2026-01-13T00:50:00,477.55,3018.9,100.4,2.94,64.16,49.1,23.45,45.03,running,1,0,1,12,1.4529,-0.5653,-3.6394,0
PUMP-HEALTHY,2026-01-13T00:55:00,476.95,2995.94,99.98,1.53,63.63,50.23,23.96,52.92,running,1,0,1,12,-1.4119,-0.4204,-0.5253,0
PUMP-HEALTHY,2026-01-13T01:00:00,477.71,2979.05,99.03,1.15,64.67,47.61,22.74,41.63,running,1,0,3,12,-0.3777,-0.9521,1.0412,0
PUMP-HEALTHY,2026-01-13T01:05:00,481.42,2966.67,103.69,2.26,65.31,49.19,23.68,42.48,running,1,0,4,12,1.1086,4.6596,0.6429,0
PUMP-HEALTHY,2026-01-13T01:10:00,476.1,2986.71,99.13,1.22,69.79,48.82,23.24,45.2,running,1,0,2,12,-1.0411,-4.5607,4.4722,0
PUMP-HEALTHY,2026-01-13T01:15:00,481.61,2978.83,102.11,2.76,69.91,46.98,22.63,39.34,running,1,0,4,12,1.5344,2.9765,0.1199,0
PUMP-HEALTHY,2026-01-13T01:20:00,481.18,3038.22,100.62,2.29,68.12,49.44,23.79,44.0,running,1,0,0,12,-0.4666,-1.4839,-1.7872,0
PUMP-HEALTHY,2026-01-13T01:25:00,477.61,3048.16,102.56,2.59,62.2,48.89,23.35,41.95,running,1,0,1,12,0.3036,1.9338,-5.9174,0
PUMP-HEALTHY,2026-01-13T01:30:00,475.49,3045.79,103.69,2.12,62.6,51.25,24.37,53.5,running,1,0,1,12,-0.4785,1.133,0.3983,0
PUMP-HEALTHY,2026-01-13T01:35:00,477.51,3047.97,104.33,1.48,64.78,50.28,24.01,51.0,running,1,0,1,12,-0.6382,0.6393,2.1833,0
PUMP-HEALTHY,2026-01-13T01:40:00,482.45,3048.78,102.45,2.84,66.32,46.25,22.31,35.33,running,1,0,0,12,1.3646,-1.8788,1.535,0
PUMP-HEALTHY,2026-01-13T01:45:00,478.78,3036.49,102.39,1.48,64.46,46.0,22.02,42.74,running,1,0,0,12,-1.3571,-0.0632,-1.8603,0
PUMP-HEALTHY,2026-01-13T01:50:00,480.19,2999.11,104.69,2.26,63.86,44.67,21.45,35.22,running,1,0,2,12,0.773,2.3037,-0.6012,0
PUMP-HEALTHY,2026-01-13T01:55:00,480.81,2960.24,104.3,1.64,61.39,49.15,23.63,59.77,running,1,0,0,12,-0.6208,-0.3875,-2.4696,0
PUMP-HEALTHY,2026-01-13T02:00:00,476.87,3048.28,99.16,2.86,66.21,49.89,23.79,45.39,running,1,0,1,12,1.2199,-5.1473,4.8219,0
PUMP-HEALTHY,2026-01-13T02:05:00,476.13,2967.27,101.88,2.78,62.64,49.33,23.49,52.55,running,1,0,3,12,-0.0796,2.7239,-3.5671,0
PUMP-HEALTHY,2026-01-13T02:10:00,481.18,3026.29,102.33,2.63,67.52,49.94,24.03,46.32,running,1,0,0,12,-0.1483,0.4459,4.8818,0
PUMP-HEALTHY,2026-01-13T02:15:00,477.86,2977.83,99.89,1.51,60.14,49.63,23.72,46.89,running,1,0,4,12,-1.1141,-2.4374,-7.3861,0
PUMP-HEALTHY,2026-01-13T02:20:00,484.17,2956.77,104.86,2.16,61.7,51.19,24.79,52.62,running,1,0,4,12,0.6429,4.9705,1.5582,0
PUMP-HEALTHY,2026-01-13T02:25:00,477.73,3047.53,102.62,2.4,62.13,49.46,23.63,53.84,running,1,0,4,12,0.2374,-2.2404,0.4368,0
PUMP-HEALTHY,2026-01-13T02:30:00,477.3,2984.0,101.49,2.15,66.6,48.92,23.35,50.02,running,1,0,3,12,-0.2455,-1.1255,4.4674,0
PUMP-HEALTHY,2026-01-13T02:35:00,475.16,2981.19,102.38,1.08,65.87,49.54,23.54,50.13,running,1,0,2,12,-1.0688,0.8878,-0.7345,0
PUMP-HEALTHY,2026-01-13T02:40:00,483.17,2972.99,98.39,1.47,69.73,46.62,22.52,45.84,running,1,0,4,12,0.392,-3.9904,3.8645,0
PUMP-HEALTHY,2026-01-13T02:45:00,481.33,3011.9,104.75,1.85,60.15,48.03,23.12,50.44,running,1,0,3,12,0.3783,6.3571,-9.5801,0
PUMP-HEALTHY,2026-01-13T02:50:00,475.17,2998.62,103.92,2.59,60.87,45.46,21.6,37.22,running,1,0,3,12,0.7433,-0.83,0.7199,0
PUMP-HEALTHY,2026-01-13T02:55:00,478.11,3015.54,104.4,2.05,68.76,45.84,21.92,38.27,running,1,0,2,12,-0.5416,0.4873,7.8938,0
PUMP-HEALTHY,2026-01-13T03:00:00,484.83,3010.65,99.64,1.81,62.4,46.52,22.55,38.94,running,1,0,4,12,-0.2422,-4.7652,-6.3605,0
PUMP-HEALTHY,2026-01-13T03:05:00,478.31,3032.3,103.06,1.83,66.82,48.89,23.38,44.06,running,1,0,2,12,0.0242,3.4202,4.414,0
PUMP-HEALTHY,2026-01-13T03:10:00,480.6,3024.95,103.09,2.45,67.5,46.52,22.36,43.26,running,1,0,4,12,0.6201,0.0281,0.6811,0
PUMP-HEALTHY,2026-01-13T03:15:00,483.29,2991.93,103.55,2.69,60.51,50.76,24.53,51.49,running,1,0,3,12,0.2366,0.4645,-6.9853,0
PUMP-HEALTHY,2026-01-13T03:20:00,480.89,3013.45,99.23,1.55,66.86,49.9,24.0,56.19,running,1,0,4,12,-1.1439,-4.3257,6.3427,0
PUMP-HEALTHY,2026-01-13T03:25:00,478.97,2975.48,104.11,2.9,65.64,44.69,21.41,36.32,running,1,0,2,12,1.3529,4.8879,-1.2191,0
PUMP-HEALTHY,2026-01-13T03:30:00,475.38,2950.09,101.92,2.52,63.42,50.9,24.19,52.86,running,1,0,2,12,-0.3812,-2.1921,-2.2125,0
PUMP-HEALTHY,2026-01-13T03:35:00,479.7,2982.02,103.86,2.09,60.69,51.45,24.68,59.83,running,1,0,1,12,-0.4325,1.9382,-2.733,0
PUMP-HEALTHY,2026-01-13T03:40:00,478.34,3011.5,100.92,1.62,67.23,47.61,22.78,53.7,running,1,0,0,12,-0.4621,-2.9395,6.5383,0
PUMP-HEALTHY,2026-01-13T03:45:00,478.98,2974.61,99.84,1.82,60.69,49.01,23.48,49.97,running,1,0,1,12,0.1906,-1.0764,-6.5407,0
PUMP-HEALTHY,2026-01-13T03:50:00,481.51,3040.19,104.98,2.79,61.89,47.44,22.84,40.46,running,1,0,4,12,0.971,5.132,1.1965,0
PUMP-HEALTHY,2026-01-13T03:55:00,475.66,2958.5,104.19,1.77,69.92,48.16,22.91,40.06,running,1,0,4,12,-1.017,-0.786,8.0379,0
PUMP-HEALTHY,2026-01-13T04:00:00,483.15,2979.19,98.61,2.3,62.5,50.96,24.62,51.32,running,1,0,0,12,0.531,-5.5823,-7.4258,0
PUMP-HEALTHY,2026-01-13T04:05:00,481.3,3041.8,98.61,1.94,65.53,45.26,21.78,36.21,running,1,0,1,12,-0.3578,0.0023,3.0352,0
PUMP-HEALTHY,2026-01-13T04:10:00,484.3,2998.55,104.84,2.86,64.99,48.57,23.52,46.44,running,1,0,3,12,0.9212,6.225,-0.5465,0
PUMP-HEALTHY,2026-01-13T04:15:00,478.77,2985.71,100.09,2.23,60.58,49.17,23.54,41.25,running,1,0,2,12,-0.6286,-4.7435,-4.405,0
PUMP-HEALTHY,2026-01-13T04:20:00,477.02,3027.15,103.05,1.22,60.51,46.59,22.22,44.55,running,1,0,0,12,-1.0192,2.9619,-0.0765,0
PUMP-HEALTHY,2026-01-13T04:25:00,480.37,3023.16,98.95,2.38,61.89,48.92,23.5,58.65,running,1,0,0,12,1.1665,-4.1064,1.3807,0
PUMP-HEALTHY,2026-01-13T04:30:00,478.11,3015.48,100.2,2.49,60.28,45.75,21.87,35.57,running,1,0,3,12,0.1111,1.2572,-1.601,0
PUMP-HEALTHY,2026-01-13T04:35:00,475.14,2994.0,103.02,1.64,69.99,48.44,23.02,53.66,running,1,0,1,12,-0.8538,2.8168,9.7058,0
PUMP-HEALTHY,2026-01-13T04:40:00,476.07,3043.63,104.85,2.92,65.62,49.03,23.34,41.12,running,1,0,4,12,1.2787,1.829,-4.3659,0
PUMP-HEALTHY,2026-01-13T04:45:00,479.54,2955.45,102.08,1.11,65.67,51.65,24.77,55.63,running,1,0,1,12,-1.811,-2.7681,0.043,0
PUMP-HEALTHY,2026-01-13T04:50:00,477.29,3029.76,104.7,2.01,62.06,46.6,22.24,46.55,running,1,0,2,12,0.9071,2.6226,-3.6054,0
PUMP-HEALTHY,2026-01-13T04:55:00,480.31,3026.65,102.22,1.17,66.7,50.41,24.21,55.68,running,1,0,2,12,-0.8452,-2.4864,4.6365,0
PUMP-HEALTHY,2026-01-13T05:00:00,484.52,2988.41,103.08,2.25,60.67,50.19,24.32,52.67,running,1,0,2,12,1.0806,0.8585,-6.0268,0
PUMP-HEALTHY,2026-01-13T05:05:00,484.98,2993.26,103.37,1.29,68.25,45.77,22.2,35.15,running,1,0,1,12,-0.9611,0.2956,7.5745,0
PUMP-HEALTHY,2026-01-13T05:10:00,484.78,3037.89,103.16,1.75,65.38,48.16,23.35,43.26,running,1,0,4,12,0.4626,-0.2103,-2.8632,0
PUMP-HEALTHY,2026-01-13T05:15:00,479.7,2998.81,102.81,2.53,61.25,48.86,23.44,52.12,running,1,0,4,12,0.7776,-0.3494,-4.1341,0
PUMP-HEALTHY,2026-01-13T05:20:00,481.79,2972.85,101.43,2.52,69.53,51.49,24.81,57.59,running,1,0,0,12,-0.0115,-1.3818,8.2812,0
PUMP-HEALTHY,2026-01-13T05:25:00,482.97,2980.96,98.54,1.97,67.11,50.26,24.27,55.72,running,1,0,0,12,-0.5504,-2.8936,-2.4197,0
PUMP-HEALTHY,2026-01-13T05:30:00,481.73,2960.58,98.68,2.33,60.13,49.11,23.66,47.18,running,1,0,3,12,0.3601,0.1472,-6.9851,0
PUMP-HEALTHY,2026-01-13T05:35:00,483.85,2985.01,100.27,1.35,63.45,50.41,24.39,51.19,running,1,0,1,12,-0.9723,1.5811,3.3273,0
PUMP-HEALTHY,2026-01-13T05:40:00,483.69,3026.03,103.28,1.98,68.99,46.49,22.49,43.46,running,1,0,3,12,0.6248,3.0158,5.538,0
PUMP-HEALTHY,2026-01-13T05:45:00,480.21,3000.81,100.43,2.49,61.1,49.12,23.59,43.13,running,1,0,3,12,0.5057,-2.8484,-7.893,0
PUMP-HEALTHY,2026-01-13T05:50:00,479.15,3048.58,104.24,2.96,65.66,49.11,23.53,45.51,running,1,0,0,12,0.4753,3.8077,4.5586,0
PUMP-HEALTHY,2026-01-13T05:55:00,478.42,3038.26,100.2,2.39,61.17,49.12,23.5,57.66,running,1,0,1,12,-0.5695,-4.0453,-4.4911,0
PUMP-HEALTHY,2026-01-13T06:00:00,476.87,2976.08,100.6,1.15,61.49,47.43,22.62,44.87,running,1,0,1,12,-1.2419,0.4051,0.3202,0
PUMP-HEALTHY,2026-01-13T06:05:00,481.41,2992.97,101.97,2.69,68.92,49.97,24.06,48.95,running,1,0,4,12,1.5421,1.3724,7.4339,0
PUMP-HEALTHY,2026-01-13T06:10:00,478.04,2998.17,103.28,2.01,66.07,46.77,22.36,45.21,running,1,0,0,12,-0.6764,1.3031,-2.8546,0
PUMP-HEALTHY,2026-01-13T06:15:00,478.48,2999.47,98.36,2.42,63.89,52.07,24.91,56.88,running,1,0,4,12,0.4023,-4.919,-2.1784,0
PUMP-HEALTHY,2026-01-13T06:20:00,482.32,2992.2,98.93,1.01,61.21,48.29,23.29,47.07,running,1,0,0,12,-1.4086,0.5754,-2.6818,0
PUMP-HEALTHY,2026-01-13T06:25:00,479.88,2970.38,98.76,2.21,65.71,48.25,23.15,47.56,running,1,0,0,12,1.2032,-0.1766,4.5017,0
PUMP-HEALTHY,2026-01-13T06:30:00,483.37,2986.28,100.42,2.62,60.04,48.82,23.6,54.7,running,1,0,3,12,0.4127,1.6659,-5.6624,0
PUMP-HEALTHY,2026-01-13T06:35:00,479.7,3014.12,100.47,1.91,63.92,48.23,23.14,53.29,running,1,0,0,12,-0.7151,0.0482,3.8716,0
PUMP-HEALTHY,2026-01-13T06:40:00,475.02,2979.8,98.06,2.95,60.35,48.37,22.98,56.38,running,1,0,1,12,1.0391,-2.4107,-3.5626,0
PUMP-HEALTHY,2026-01-13T06:45:00,478.09,3002.38,102.97,1.61,66.95,48.85,23.35,44.52,running,1,0,1,12,-1.3395,4.9073,6.5943,0
PUMP-HEALTHY,2026-01-13T06:50:00,482.87,3033.91,98.57,2.11,66.91,49.08,23.7,38.78,running,1,0,3,12,0.5044,-4.4001,-0.0426,0
PUMP-HEALTHY,2026-01-13T06:55:00,483.57,3017.26,103.04,1.66,66.66,47.01,22.73,45.33,running,1,0,0,12,-0.4545,4.4731,-0.2431,0
PUMP-HEALTHY,2026-01-13T07:00:00,482.1,2959.39,104.51,2.01,60.79,49.07,23.66,47.11,running,1,0,3,12,0.346,1.4717,-5.8759,0
PUMP-HEALTHY,2026-01-13T07:05:00,479.24,2989.32,100.75,2.44,66.17,48.43,23.21,47.0,running,1,0,2,12,0.4351,-3.7648,5.3807,0
PUMP-HEALTHY,2026-01-13T07:10:00,480.82,2977.99,98.07,1.4,66.84,49.99,24.03,50.28,running,1,0,0,12,-1.038,-2.6748,0.6719,0
PUMP-HEALTHY,2026-01-13T07:15:00,483.33,2999.06,99.53,2.27,61.98,50.56,24.44,53.56,running,1,0,2,12,0.8638,1.4598,-4.8593,0
PUMP-HEALTHY,2026-01-13T07:20:00,476.26,3018.93,104.67,1.66,64.52,46.96,22.36,37.45,running,1,0,1,12,-0.6058,5.139,2.5369,0
PUMP-HEALTHY,2026-01-13T07:25:00,475.55,2990.28,101.18,1.12,67.9,47.93,22.79,38.15,running,1,0,4,12,-0.5369,-3.4866,3.3806,0
PUMP-HEALTHY,2026-01-13T07:30:00,477.92,3004.18,98.51,1.71,67.99,48.85,23.34,49.98,running,1,0,0,12,0.5879,-2.6777,0.0964,0
PUMP-HEALTHY,2026-01-13T07:35:00,484.07,2957.38,98.85,2.17,64.42,48.8,23.62,45.34,running,1,0,3,12,0.4631,0.3399,-3.5761,0
PUMP-HEALTHY,2026-01-13T07:40:00,483.57,2994.05,103.87,1.28,69.02,45.88,22.19,39.16,running,1,0,0,12,-0.8989,5.0284,4.6051,0
PUMP-HEALTHY,2026-01-13T07:45:00,483.4,3015.55,102.6,2.42,65.64,51.81,25.04,55.37,running,1,0,4,12,1.1415,-1.2782,-3.3867,0
PUMP-HEALTHY,2026-01-13T07:50:00,483.56,3008.04,100.08,2.34,67.45,49.18,23.78,41.4,running,1,0,3,12,-0.0751,-2.5203,1.8113,0
PUMP-HEALTHY,2026-01-13T07:55:00,483.63,2957.68,104.17,2.84,65.36,49.07,23.73,45.92,running,1,0,0,12,0.4953,4.0944,-2.0863,0
PUMP-HEALTHY,2026-01-13T08:00:00,482.07,3008.26,98.63,1.74,63.47,48.05,23.16,45.01,running,1,0,4,12,-1.1021,-5.537,-1.8938,0
PUMP-HEALTHY,2026-01-13T08:05:00,481.97,3047.3,103.49,1.73,69.36,47.88,23.08,49.78,running,1,0,4,12,-0.0058,4.8573,5.8914,0
PUMP-HEALTHY,2026-01-13T08:10:00,482.8,2958.7,102.46,1.06,63.83,48.37,23.35,49.05,running,1,0,4,12,-0.6678,-1.0303,-5.5296,0
PUMP-HEALTHY,2026-01-13T08:15:00,479.93,2954.16,104.55,1.27,66.69,47.86,22.97,35.73,running,1,0,1,12,0.2102,2.0926,2.8608,0
PUMP-HEALTHY,2026-01-13T08:20:00,480.51,3004.91,104.6,1.32,67.58,48.65,23.38,49.45,running,1,0,1,12,0.0443,0.0521,0.8941,0
PUMP-HEALTHY,2026-01-13T08:25:00,479.43,3044.43,99.4,1.89,62.95,46.27,22.18,41.26,running,1,0,3,12,0.5717,-5.2091,-4.6311,0
PUMP-HEALTHY,2026-01-13T08:30:00,475.01,3014.06,102.06,2.39,63.48,48.16,22.87,51.48,running,1,0,1,12,0.5054,2.6597,0.5227,0
PUMP-HEALTHY,2026-01-13T08:35:00,480.89,2998.91,98.24,1.52,68.19,46.26,22.24,40.03,running,1,0,0,12,-0.8718,-3.8174,4.7119,0
PUMP-HEALTHY,2026-01-13T08:40:00,480.9,3024.27,100.39,2.98,68.94,49.3,23.71,51.35,running,1,0,0,12,1.4542,2.1543,0.7556,0
PUMP-HEALTHY,2026-01-13T08:45:00,482.55,3001.75,101.52,2.07,60.58,46.09,22.24,39.02,running,1,0,1,12,-0.9079,1.1263,-8.3613,0
PUMP-HEALTHY,2026-01-13T08:50:00,479.22,3038.22,98.89,1.54,64.95,46.72,22.39,47.71,running,1,0,0,12,-0.5234,-2.6238,4.372,0
PUMP-HEALTHY,2026-01-13T08:55:00,478.06,3034.94,103.46,1.77,68.32,48.74,23.3,50.21,running,1,0,0,12,0.228,4.5626,3.3664,0
PUMP-HEALTHY,2026-01-13T09:00:00,484.16,3017.15,104.76,2.85,64.51,50.74,24.56,47.98,running,1,0,1,12,1.0782,1.3062,-3.8124,0
PUMP-HEALTHY,2026-01-13T09:05:00,481.31,3022.85,99.98,2.69,67.53,47.75,22.98,40.8,running,1,0,2,12,-0.1613,-4.7818,3.0249,0
PUMP-HEALTHY,2026-01-13T09:10:00,476.05,2960.73,101.72,2.89,63.78,45.15,21.49,36.69,running,1,0,2,12,0.2035,1.7365,-3.7527,0
PUMP-HEALTHY,2026-01-13T09:15:00,477.94,3043.25,101.79,1.51,67.93,47.44,22.67,39.38,running,1,0,4,12,-1.3864,0.073,4.1499,0
PUMP-HEALTHY,2026-01-13T09:20:00,481.56,2969.63,100.47,1.6,67.48,47.69,22.97,49.45,running,1,0,1,12,0.0942,-1.3173,-0.4496,0
PUMP-HEALTHY,2026-01-13T09:25:00,478.14,2994.85,102.37,2.64,60.36,50.26,24.03,52.08,running,1,0,3,12,1.0404,1.9004,-7.1164,0
PUMP-HEALTHY,2026-01-13T09:30:00,481.79,3048.73,100.72,1.86,69.94,46.85,22.57,44.68,running,1,0,2,12,-0.7805,-1.6497,9.5739,0
PUMP-HEALTHY,2026-01-13T09:35:00,483.96,3033.75,104.26,2.56,68.31,45.56,22.05,35.42,running,1,0,4,12,0.7018,3.5354,-1.623,0
PUMP-HEALTHY,2026-01-13T09:40:00,477.18,2996.11,100.03,2.4,61.94,48.48,23.14,48.2,running,1,0,4,12,-0.1628,-4.2283,-6.3702,0
PUMP-HEALTHY,2026-01-13T09:45:00,481.65,3013.36,104.11,2.64,67.06,48.26,23.24,39.51,running,1,0,0,12,0.2384,4.0768,5.1122,0
PUMP-HEALTHY,2026-01-13T09:50:00,479.72,2984.83,100.16,1.16,63.26,48.58,23.3,40.56,running,1,0,4,12,-1.4782,-3.9458,-3.7994,0
PUMP-HEALTHY,2026-01-13T09:55:00,479.15,2984.11,103.8,1.81,64.52,45.1,21.61,36.79,running,1,0,4,12,0.6523,3.642,1.2662,0
PUMP-HEALTHY,2026-01-13T10:00:00,480.53,2963.48,98.23,1.46,69.22,50.66,24.34,48.27,running,1,0,2,12,-0.3566,-5.5709,4.6955,0
PUMP-HEALTHY,2026-01-13T10:05:00,475.33,3000.35,103.27,1.37,66.8,45.64,21.69,35.32,running,1,0,3,12,-0.0839,5.0332,-2.4229,0
PUMP-HEALTHY,2026-01-13T10:10:00,476.11,3037.19,99.19,2.52,64.72,49.67,23.65,58.22,running,1,0,0,12,1.1478,-4.0786,-2.0743,0
PUMP-HEALTHY,2026-01-13T10:15:00,476.89,2990.49,102.03,1.83,69.48,47.56,22.68,52.45,running,1,0,3,12,-0.6908,2.8451,4.7588,0
PUMP-HEALTHY,2026-01-13T10:20:00,478.56,2967.77,101.1,1.6,68.07,51.03,24.42,51.95,running,1,0,2,12,-0.2275,-0.9295,-1.4126,0
PUMP-HEALTHY,2026-01-13T10:25:00,476.39,2991.93,103.91,2.21,69.67,50.45,24.03,52.68,running,1,0,0,12,0.6062,2.8016,1.6038,0
PUMP-HEALTHY,2026-01-13T10:30:00,483.19,2981.47,101.03,2.79,67.87,48.39,23.38,48.59,running,1,0,3,12,0.5792,-2.876,-1.7979,0
PUMP-HEALTHY,2026-01-13T10:35:00,479.94,2953.71,100.58,2.32,67.51,50.23,24.11,56.16,running,1,0,4,12,-0.4643,-0.4516,-0.3644,0
PUMP-HEALTHY,2026-01-13T10:40:00,482.35,3049.25,104.02,1.45,64.34,48.37,23.33,52.56,running,1,0,3,12,-0.8754,3.4385,-3.1699,0
PUMP-HEALTHY,2026-01-13T10:45:00,475.52,3042.17,100.09,2.49,63.44,45.8,21.78,40.07,running,1,0,1,12,1.0444,-3.922,-0.8982,0
PUMP-HEALTHY,2026-01-13T10:50:00,477.44,3012.37,104.2,1.28,67.69,47.48,22.67,46.3,running,1,0,2,12,-1.2143,4.1058,4.252,0
PUMP-HEALTHY,2026-01-13T10:55:00,482.22,3035.32,104.57,2.28,64.02,46.92,22.63,48.39,running,1,0,2,12,0.9991,0.3698,-3.6688,0
PUMP-HEALTHY,2026-01-13T11:00:00,484.95,3023.9,104.36,1.93,63.78,50.7,24.58,51.63,running,1,0,4,12,-0.348,-0.214,-0.2489,0
PUMP-HEALTHY,2026-01-13T11:05:00,484.09,2987.78,104.55,2.92,62.51,49.74,24.08,45.45,running,1,0,3,12,0.9892,0.1927,-1.266,0
PUMP-HEALTHY,2026-01-13T11:10:00,475.25,3018.45,100.41,2.99,64.7,50.32,23.91,53.94,running,1,0,0,12,0.07,-4.1369,2.1865,0
PUMP-HEALTHY,2026-01-13T11:15:00,480.71,3036.78,104.43,2.59,61.55,51.42,24.72,53.1,running,1,0,1,12,-0.3941,4.0142,-3.1457,0
PUMP-HEALTHY,2026-01-13T11:20:00,484.33,3020.17,98.98,2.51,60.01,52.88,25.61,58.48,running,1,0,4,12,-0.0857,-5.4496,-1.5404,0
PUMP-HEALTHY,2026-01-13T11:25:00,477.51,3023.23,104.38,1.72,63.42,48.72,23.26,41.96,running,1,0,4,12,-0.7863,5.4036,3.4075,0
PUMP-HEALTHY,2026-01-13T11:30:00,483.88,3041.63,98.6,2.53,60.51,47.28,22.88,40.81,running,1,0,1,12,0.8106,-5.7813,-2.9056,0
PUMP-HEALTHY,2026-01-13T11:35:00,480.05,2993.11,99.34,2.34,68.71,48.28,23.18,35.23,running,1,0,3,12,-0.1962,0.7367,8.1991,0
PUMP-HEALTHY,2026-01-13T11:40:00,478.6,2960.03,103.8,2.01,67.14,47.5,22.73,51.36,running,1,0,2,12,-0.328,4.4627,-1.5729,0
PUMP-HEALTHY,2026-01-13T11:45:00,475.6,2991.78,103.95,1.82,65.36,49.51,23.55,44.65,running,1,0,0,12,-0.1919,0.1548,-1.7755,0
PUMP-HEALTHY,2026-01-13T11:50:00,481.85,3002.39,104.11,2.08,62.11,50.45,24.31,49.42,running,1,0,4,12,0.261,0.1595,-3.2535,0
PUMP-HEALTHY,2026-01-13T11:55:00,482.91,3013.99,100.77,2.87,66.64,46.62,22.51,44.82,running,1,0,4,12,0.7893,-3.3472,4.5348,0
PUMP-HEALTHY,2026-01-13T12:00:00,477.94,2954.19,101.28,2.49,69.67,47.89,22.89,38.81,running,1,0,3,12,-0.3774,0.5182,3.0307,0
PUMP-HEALTHY,2026-01-13T12:05:00,478.12,2954.91,103.78,1.57,68.86,48.68,23.27,47.49,running,1,0,1,12,-0.9205,2.494,-0.8117,0
PUMP-HEALTHY,2026-01-13T12:10:00,477.54,3015.2,99.56,2.99,60.35,48.58,23.2,58.57,running,1,0,3,12,1.4265,-4.2196,-8.5171,0
PUMP-HEALTHY,2026-01-13T12:15:00,477.35,2987.53,99.25,2.5,61.44,48.66,23.23,41.85,running,1,0,0,12,-0.491,-0.3055,1.0911,0
PUMP-HEALTHY,2026-01-13T12:20:00,480.33,2983.13,102.31,2.85,69.51,48.59,23.34,38.81,running,1,0,0,12,0.3494,3.0548,8.0764,0
PUMP-HEALTHY,2026-01-13T12:25:00,481.34,3001.15,101.69,1.16,63.83,50.49,24.3,59.56,running,1,0,0,12,-1.6933,-0.6179,-5.6867,0
PUMP-HEALTHY,2026-01-13T12:30:00,476.83,2988.95,98.04,1.84,60.18,45.55,21.72,37.6,running,1,0,4,12,0.6781,-3.6465,-3.6506,0
PUMP-HEALTHY,2026-01-13T12:35:00,476.06,3032.28,100.66,2.64,69.02,49.08,23.36,41.94,running,1,0,4,12,0.8036,2.6153,8.8394,0
PUMP-HEALTHY,2026-01-13T12:40:00,480.44,2981.94,101.29,2.86,68.48,45.31,21.77,38.69,running,1,0,2,12,0.2185,0.6363,-0.5315,0
PUMP-HEALTHY,2026-01-13T12:45:00,476.53,2971.15,101.67,1.39,62.66,48.5,23.11,41.36,running,1,0,0,12,-1.4697,0.3794,-5.8229,0
PUMP-HEALTHY,2026-01-13T12:50:00,481.87,3025.59,102.32,1.75,61.69,47.53,22.9,51.53,running,1,0,0,12,0.3596,0.642,-0.9715,0
PUMP-HEALTHY,2026-01-13T12:55:00,483.41,2993.37,98.66,2.08,62.34,46.38,22.42,40.56,running,1,0,2,12,0.3321,-3.6558,0.6505,0
PUMP-HEALTHY,2026-01-13T13:00:00,479.55,3026.04,100.5,2.47,60.66,49.99,23.97,49.07,running,1,0,4,12,0.3893,1.8378,-1.68,0
PUMP-HEALTHY,2026-01-13T13:05:00,476.78,2950.58,103.48,2.02,66.71,47.93,22.85,48.72,running,1,0,4,12,-0.4558,2.9832,6.0549,0
PUMP-HEALTHY,2026-01-13T13:10:00,483.6,3018.01,98.97,2.69,68.73,47.54,22.99,48.69,running,1,0,3,12,0.6742,-4.5102,2.0147,0
PUMP-HEALTHY,2026-01-13T13:15:00,476.66,3046.49,103.96,2.52,64.77,47.9,22.83,40.7,running,1,0,0,12,-0.171,4.9864,-3.9571,0
PUMP-HEALTHY,2026-01-13T13:20:00,477.32,3010.08,99.67,1.49,69.64,48.91,23.35,53.76,running,1,0,2,12,-1.0244,-4.287,4.8699,0
PUMP-HEALTHY,2026-01-13T13:25:00,481.0,3031.41,103.52,1.48,62.3,49.89,24.0,59.01,running,1,0,1,12,-0.0147,3.848,-7.3386,0
PUMP-HEALTHY,2026-01-13T13:30:00,479.82,2989.3,99.8,2.19,65.92,47.9,22.99,38.86,running,1,0,0,12,0.7128,-3.7201,3.6152,0
PUMP-HEALTHY,2026-01-13T13:35:00,476.91,3048.53,101.66,2.28,68.21,46.98,22.41,42.19,running,1,0,0,12,0.0889,1.8609,2.2926,0
PUMP-HEALTHY,2026-01-13T13:40:00,480.15,3031.21,100.33,1.11,68.3,50.58,24.28,58.43,running,1,0,4,12,-1.1667,-1.3303,0.0874,0
PUMP-HEALTHY,2026-01-13T13:45:00,475.28,2981.5,101.9,2.82,64.67,44.91,21.35,39.26,running,1,0,2,12,1.7082,1.5708,-3.6325,0
PUMP-HEALTHY,2026-01-13T13:50:00,479.71,3019.09,101.98,2.38,64.72,47.46,22.77,47.11,running,1,0,2,12,-0.439,0.0763,0.0504,0
PUMP-HEALTHY,2026-01-13T13:55:00,478.57,3002.79,104.23,2.38,69.15,47.88,22.92,48.25,running,1,0,3,12,-0.008,2.2517,4.4369,0
PUMP-HEALTHY,2026-01-13T14:00:00,477.94,2977.81,100.65,1.75,60.05,46.31,22.13,38.38,running,1,0,3,12,-0.6215,-3.5791,-9.1044,0
PUMP-HEALTHY,2026-01-13T14:05:00,477.63,2964.8,101.91,2.09,61.93,47.27,22.58,47.92,running,1,0,1,12,0.3324,1.2598,1.8805,0
PUMP-HEALTHY,2026-01-13T14:10:00,482.91,3017.84,102.1,1.56,63.06,50.25,24.27,49.52,running,1,0,3,12,-0.5224,0.1911,1.1318,0
PUMP-HEALTHY,2026-01-13T14:15:00,481.08,3020.86,101.38,1.88,61.32,50.2,24.15,57.95,running,1,0,0,12,0.3182,-0.7174,-1.7374,0
PUMP-HEALTHY,2026-01-13T14:20:00,477.17,3024.06,100.99,1.8,65.23,46.73,22.3,46.5,running,1,0,1,12,-0.0815,-0.3906,3.9084,0
PUMP-HEALTHY,2026-01-13T14:25:00,478.38,2998.75,104.2,1.31,68.3,49.35,23.61,58.67,running,1,0,4,12,-0.4873,3.2134,3.0672,0
PUMP-HEALTHY,2026-01-13T14:30:00,482.63,2985.79,102.2,1.27,66.98,48.51,23.41,56.23,running,1,0,1,12,-0.0422,-2.0089,-1.3178,0
PUMP-HEALTHY,2026-01-13T14:35:00,476.81,3030.58,103.86,2.76,62.9,48.3,23.03,56.63,running,1,0,3,12,1.488,1.6609,-4.0791,0
PUMP-HEALTHY,2026-01-13T14:40:00,483.36,2980.46,104.85,1.54,64.89,50.22,24.27,51.8,running,1,0,4,12,-1.2147,0.9911,1.9916,0
PUMP-HEALTHY,2026-01-13T14:45:00,484.53,2953.99,104.88,1.92,60.68,49.36,23.92,42.75,running,1,0,4,12,0.373,0.0326,-4.2159,0
PUMP-HEALTHY,2026-01-13T14:50:00,479.79,2995.07,102.27,1.19,69.29,50.36,24.16,51.58,running,1,0,1,12,-0.7295,-2.6133,8.6161,0
PUMP-HEALTHY,2026-01-13T14:55:00,484.09,2990.15,104.33,2.46,60.97,48.33,23.4,36.28,running,1,0,3,12,1.2704,2.0604,-8.3289,0
PUMP-HEALTHY,2026-01-13T15:00:00,484.66,2981.38,102.37,1.56,62.15,49.67,24.08,46.85,running,1,0,4,12,-0.9028,-1.9533,1.1801,0
PUMP-HEALTHY,2026-01-13T15:05:00,481.6,3000.62,102.63,2.6,66.77,50.04,24.1,45.61,running,1,0,4,12,1.0479,0.258,4.6285,0
PUMP-HEALTHY,2026-01-13T15:10:00,479.63,2973.16,99.73,2.53,61.19,48.89,23.45,41.59,running,1,0,3,12,-0.0774,-2.9016,-5.5872,0
PUMP-HEALTHY,2026-01-13T15:15:00,479.49,3041.29,104.59,1.77,68.09,49.58,23.77,52.36,running,1,0,4,12,-0.7563,4.8555,6.905,0
PUMP-HEALTHY,2026-01-13T15:20:00,483.4,2966.62,101.43,2.12,66.41,48.45,23.42,48.35,running,1,0,4,12,0.3544,-3.1524,-1.6788,0
PUMP-HEALTHY,2026-01-13T15:25:00,475.64,3037.92,98.18,2.06,61.0,49.78,23.68,52.39,running,1,0,2,12,-0.0648,-3.253,-5.4142,0
PUMP-HEALTHY,2026-01-13T15:30:00,476.93,3021.33,98.43,2.59,62.15,48.9,23.32,57.48,running,1,0,3,12,0.5299,0.2512,1.1458,0
PUMP-HEALTHY,2026-01-13T15:35:00,484.71,2952.18,103.75,1.87,66.22,48.03,23.28,41.39,running,1,0,2,12,-0.7192,5.3191,4.0775,0
PUMP-HEALTHY,2026-01-13T15:40:00,475.02,2955.91,103.14,1.07,64.45,46.33,22.01,45.26,running,1,0,0,12,-0.798,-0.6114,-1.7769,0
PUMP-HEALTHY,2026-01-13T15:45:00,482.27,2981.23,103.43,1.89,69.92,49.01,23.64,47.16,running,1,0,4,12,0.8166,0.2889,5.4729,0
PUMP-HEALTHY,2026-01-13T15:50:00,480.03,3039.84,103.24,1.61,64.53,46.3,22.23,40.15,running,1,0,4,12,-0.2781,-0.1844,-5.384,0
PUMP-HEALTHY,2026-01-13T15:55:00,483.23,3009.92,104.27,1.75,67.97,49.84,24.09,51.05,running,1,0,3,12,0.1387,1.0288,3.4351,0
PUMP-HEALTHY,2026-01-13T16:00:00,481.31,3037.7,104.94,1.89,69.4,50.04,24.09,47.72,running,1,0,1,12,0.141,0.6696,1.4269,0
PUMP-HEALTHY,2026-01-13T16:05:00,484.55,2998.43,98.47,1.12,67.01,47.87,23.2,39.69,running,1,0,4,12,-0.771,-6.474,-2.388,0
PUMP-HEALTHY,2026-01-13T16:10:00,475.55,2993.02,103.65,1.92,65.58,46.41,22.07,39.88,running,1,0,2,12,0.7995,5.1776,-1.4261,0
PUMP-HEALTHY,2026-01-13T16:15:00,484.28,3020.06,99.8,2.93,61.58,49.53,23.98,44.43,running,1,0,0,12,1.0068,-3.8458,-4.0044,0
PUMP-HEALTHY,2026-01-13T16:20:00,479.09,2989.68,101.46,1.7,64.8,50.47,24.18,59.99,running,1,0,4,12,-1.2218,1.6591,3.2249,0
PUMP-HEALTHY,2026-01-13T16:25:00,484.93,3023.5,101.28,1.88,62.13,49.06,23.79,58.94,running,1,0,1,12,0.1739,-0.1784,-2.6731,0
PUMP-HEALTHY,2026-01-13T16:30:00,485.0,2995.85,101.99,2.21,60.24,48.09,23.32,42.35,running,1,0,3,12,0.3368,0.7053,-1.8948,0
PUMP-HEALTHY,2026-01-13T16:35:00,479.62,2963.55,104.05,2.7,64.38,46.31,22.21,38.6,running,1,0,1,12,0.4814,2.066,4.1489,0
PUMP-HEALTHY,2026-01-13T16:40:00,480.75,2981.86,100.16,1.84,68.86,46.6,22.4,38.15,running,1,0,3,12,-0.8544,-3.8894,4.4739,0
PUMP-HEALTHY,2026-01-13T16:45:00,484.89,3001.24,104.87,1.09,62.04,49.06,23.79,50.51,running,1,0,2,12,-0.7524,4.7047,-6.8163,0
PUMP-HEALTHY,2026-01-13T16:50:00,475.33,3031.31,100.75,1.13,62.57,50.55,24.03,52.54,running,1,0,1,12,0.0397,-4.1175,0.532,0
PUMP-HEALTHY,2026-01-13T16:55:00,476.55,3027.08,98.39,2.63,64.32,47.61,22.69,45.98,running,1,0,2,12,1.4985,-2.3621,1.7459,0
PUMP-HEALTHY,2026-01-13T17:00:00,477.34,3013.49,99.94,2.25,66.52,48.84,23.31,52.29,running,1,0,1,12,-0.3735,1.5561,2.1997,0
PUMP-HEALTHY,2026-01-13T17:05:00,482.01,3044.5,101.5,1.87,60.73,46.99,22.65,48.75,running,1,0,4,12,-0.3857,1.56,-5.7865,0
PUMP-HEALTHY,2026-01-13T17:10:00,475.32,2983.29,99.57,1.23,63.78,50.97,24.23,55.16,running,1,0,4,12,-0.6372,-1.9336,3.0489,0
PUMP-HEALTHY,2026-01-13T17:15:00,478.85,2985.69,103.83,1.27,61.1,46.5,22.27,37.98,running,1,0,2,12,0.0353,4.2547,-2.6795,0
PUMP-HEALTHY,2026-01-13T17:20:00,484.82,2950.84,104.75,1.31,69.46,46.46,22.52,35.9,running,1,0,2,12,0.0461,0.923,8.3605,0
PUMP-HEALTHY,2026-01-13T17:25:00,475.93,3027.24,100.41,2.35,65.83,50.58,24.07,56.27,running,1,0,2,12,1.0344,-4.3424,-3.6373,0
PUMP-HEALTHY,2026-01-13T17:30:00,480.61,3009.67,104.12,1.49,64.31,47.1,22.64,35.87,running,1,0,2,12,-0.8542,3.7141,-1.5165,0
PUMP-HEALTHY,2026-01-13T17:35:00,475.87,3030.03,104.66,2.75,64.47,48.54,23.1,58.8,running,1,0,4,12,1.2521,0.5405,0.1585,0
PUMP-HEALTHY,2026-01-13T17:40:00,477.5,2983.46,98.47,2.96,64.54,48.04,22.94,39.95,running,1,0,4,12,0.2134,-6.1919,0.0761,0
PUMP-HEALTHY,2026-01-13T17:45:00,481.46,3016.9,102.37,1.99,66.88,48.68,23.44,37.8,running,1,0,2,12,-0.9735,3.9025,2.3338,0
PUMP-HEALTHY,2026-01-13T17:50:00,481.83,2957.69,99.04,2.4,69.16,48.91,23.57,54.25,running,1,0,2,12,0.4148,-3.33,2.2822,0
PUMP-HEALTHY,2026-01-13T17:55:00,484.03,3027.38,98.27,2.35,60.95,49.52,23.97,59.74,running,1,0,4,12,-0.0468,-0.767,-8.2116,0
PUMP-HEALTHY,2026-01-13T18:00:00,482.21,2957.23,101.91,1.54,67.74,50.5,24.35,48.89,running,1,0,2,12,-0.8081,3.6347,6.7961,0
PUMP-HEALTHY,2026-01-13T18:05:00,480.54,3026.43,104.05,2.45,67.33,45.43,21.83,37.98,running,1,0,4,12,0.9099,2.1431,-0.4112,0
PUMP-HEALTHY,2026-01-13T18:10:00,477.5,3022.78,101.65,1.04,65.15,50.15,23.95,55.16,running,1,0,4,12,-1.4186,-2.4034,-2.1829,0
PUMP-HEALTHY,2026-01-13T18:15:00,475.42,2962.07,98.11,1.43,67.12,48.01,22.82,35.63,running,1,0,0,12,0.397,-3.5358,1.9741,0
PUMP-HEALTHY,2026-01-13T18:20:00,478.39,3048.09,102.97,1.68,66.42,50.04,23.94,53.02,running,1,0,0,12,0.2493,4.8589,-0.7083,0
PUMP-HEALTHY,2026-01-13T18:25:00,481.35,3046.14,103.45,3.0,60.97,49.84,23.99,52.54,running,1,0,0,12,1.3168,0.4738,-5.4436,0
PUMP-HEALTHY,2026-01-13T18:30:00,476.61,3045.6,100.03,1.86,64.48,46.95,22.38,45.55,running,1,0,2,12,-1.139,-3.411,3.508,0
PUMP-HEALTHY,2026-01-13T18:35:00,480.66,3036.4,100.78,1.32,64.57,50.48,24.26,55.22,running,1,0,2,12,-0.5429,0.7415,0.0902,0
PUMP-HEALTHY,2026-01-13T18:40:00,480.85,3019.02,100.25,1.15,61.72,46.71,22.46,35.11,running,1,0,2,12,-0.1677,-0.5286,-2.8487,0
PUMP-HEALTHY,2026-01-13T18:45:00,482.45,2986.94,104.78,1.71,67.15,51.46,24.83,56.79,running,1,0,4,12,0.5582,4.5331,5.4327,0
PUMP-HEALTHY,2026-01-13T18:50:00,481.32,2971.11,100.0,2.15,63.45,45.61,21.95,36.43,running,1,0,3,12,0.4415,-4.7825,-3.7007,0
PUMP-HEALTHY,2026-01-13T18:55:00,477.91,2960.04,99.89,1.08,63.86,50.89,24.32,56.89,running,1,0,1,12,-1.0705,-0.1032,0.4026,0
PUMP-HEALTHY,2026-01-13T19:00:00,482.69,3034.7,98.16,2.99,69.93,52.46,25.32,57.33,running,1,0,2,12,1.9134,-1.7339,6.076,0
PUMP-HEALTHY,2026-01-13T19:05:00,475.94,2968.63,98.69,1.44,68.66,48.96,23.3,44.1,running,1,0,2,12,-1.5572,0.5304,-1.2681,0
PUMP-HEALTHY,2026-01-13T19:10:00,480.44,2961.86,103.22,2.38,68.55,46.22,22.21,40.0,running,1,0,1,12,0.9405,4.5299,-0.1117,0
PUMP-HEALTHY,2026-01-13T19:15:00,478.69,3013.35,104.48,2.68,66.75,48.44,23.19,46.85,running,1,0,0,12,0.3051,1.2575,-1.7991,0
PUMP-HEALTHY,2026-01-13T19:20:00,480.9,2951.52,102.28,1.75,66.13,47.83,23.0,39.44,running,1,0,3,12,-0.935,-2.1952,-0.621,0
PUMP-HEALTHY,2026-01-13T19:25:00,479.36,2966.32,99.68,2.08,60.83,46.39,22.24,39.35,running,1,0,1,12,0.332,-2.6034,-5.3032,0
PUMP-HEALTHY,2026-01-13T19:30:00,481.13,3010.73,103.27,1.69,63.39,52.19,25.11,59.75,running,1,0,0,12,-0.389,3.5882,2.5631,0
PUMP-HEALTHY,2026-01-13T19:35:00,476.61,3046.19,104.5,2.7,61.34,46.68,22.25,47.85,running,1,0,0,12,1.0116,1.23,-2.0501,0
PUMP-HEALTHY,2026-01-13T19:40:00,479.2,3006.4,100.54,2.83,61.34,49.01,23.48,44.66,running,1,0,2,12,0.128,-3.9582,-0.0068,0
PUMP-HEALTHY,2026-01-13T19:45:00,481.67,2977.76,104.96,2.68,62.82,45.84,22.08,41.17,running,1,0,1,12,-0.1505,4.4179,1.4835,0
PUMP-HEALTHY,2026-01-13T19:50:00,482.36,2962.37,101.7,2.68,67.48,52.27,25.21,59.16,running,1,0,3,12,-0.0019,-3.2577,4.6654,0
PUMP-HEALTHY,2026-01-13T19:55:00,481.4,3045.97,99.8,1.96,66.35,50.65,24.38,53.78,running,1,0,0,12,-0.7118,-1.9011,-1.1367,0
PUMP-HEALTHY,2026-01-13T20:00:00,477.95,3005.13,101.57,1.49,64.68,48.22,23.05,48.95,running,1,0,3,12,-0.4703,1.766,-1.6647,0
PUMP-HEALTHY,2026-01-13T20:05:00,479.69,2997.57,102.35,1.69,62.22,51.16,24.54,56.66,running,1,0,1,12,0.1978,0.781,-2.4659,0
PUMP-HEALTHY,2026-01-13T20:10:00,480.91,3044.12,98.91,1.53,63.6,49.72,23.91,54.1,running,1,0,2,12,-0.1642,-3.4384,1.3839,0
PUMP-HEALTHY,2026-01-13T20:15:00,478.62,3017.45,98.34,2.99,66.58,50.04,23.95,48.03,running,1,0,2,12,1.4629,-0.5724,2.9829,0
PUMP-HEALTHY,2026-01-13T20:20:00,480.26,2993.2,98.24,2.42,61.9,48.67,23.37,40.76,running,1,0,4,12,-0.5683,-0.0914,-4.6876,0
PUMP-HEALTHY,2026-01-13T20:25:00,483.32,3037.32,99.23,2.57,67.58,49.3,23.83,54.9,running,1,0,4,12,0.1456,0.9905,5.6852,0
PUMP-HEALTHY,2026-01-13T20:30:00,482.72,2974.66,102.64,2.58,63.11,48.14,23.24,53.82,running,1,0,1,12,0.0156,3.4093,-4.4705,0
PUMP-HEALTHY,2026-01-13T20:35:00,481.82,2967.77,100.38,1.26,66.39,49.02,23.62,38.76,running,1,0,3,12,-1.3216,-2.2614,3.279,0
PUMP-HEALTHY,2026-01-13T20:40:00,482.13,3020.41,101.32,2.9,64.12,51.5,24.83,59.68,running,1,0,4,12,1.6389,0.9371,-2.2746,0
PUMP-HEALTHY,2026-01-13T20:45:00,484.94,3006.95,103.51,1.43,64.14,52.34,25.38,57.99,running,1,0,2,12,-1.47,2.1924,0.0276,0
PUMP-HEALTHY,2026-01-13T20:50:00,482.8,2982.8,103.5,1.27,69.72,47.29,22.83,37.87,running,1,0,2,12,-0.1604,-0.0155,5.581,0
PUMP-HEALTHY,2026-01-13T20:55:00,484.61,2955.17,102.33,1.92,64.94,47.8,23.17,49.27,running,1,0,4,12,0.6511,-1.1649,-4.7803,0
PUMP-HEALTHY,2026-01-13T21:00:00,478.79,3033.06,100.04,2.92,69.44,50.87,24.35,56.95,running,1,0,4,12,0.9986,-2.287,4.4933,0
PUMP-HEALTHY,2026-01-13T21:05:00,481.27,2965.37,104.06,1.27,60.44,48.13,23.16,52.95,running,1,0,2,12,-1.6496,4.0115,-8.9966,0
PUMP-HEALTHY,2026-01-13T21:10:00,476.78,3031.7,102.67,2.19,63.95,46.76,22.29,42.99,running,1,0,2,12,0.922,-1.3813,3.5112,0
PUMP-HEALTHY,2026-01-13T21:15:00,483.67,3026.72,103.33,2.13,63.98,47.84,23.14,37.45,running,1,0,4,12,-0.0622,0.6534,0.0243,0
PUMP-HEALTHY,2026-01-13T21:20:00,475.08,3021.32,102.42,1.71,66.95,49.03,23.29,57.51,running,1,0,2,12,-0.424,-0.9099,2.971,0
PUMP-HEALTHY,2026-01-13T21:25:00,483.77,3022.07,102.12,1.79,63.5,50.06,24.22,51.48,running,1,0,0,12,0.0821,-0.2943,-3.4506,0
PUMP-HEALTHY,2026-01-13T21:30:00,484.5,2984.53,101.2,2.17,61.55,46.89,22.72,43.3,running,1,0,1,12,0.3845,-0.9273,-1.9428,0
PUMP-HEALTHY,2026-01-13T21:35:00,482.59,2973.5,99.62,1.86,63.73,48.47,23.39,46.19,running,1,0,1,12,-0.3086,-1.5724,2.1785,0
PUMP-HEALTHY,2026-01-13T21:40:00,478.88,3033.3,100.34,2.71,63.23,45.42,21.75,40.17,running,1,0,3,12,0.8444,0.7195,-0.5047,0
PUMP-HEALTHY,2026-01-13T21:45:00,480.99,2975.68,101.29,1.95,66.3,48.2,23.18,52.14,running,1,0,3,12,-0.7536,0.9485,3.0688,0
PUMP-HEALTHY,2026-01-13T21:50:00,475.85,3016.04,102.03,1.07,68.42,50.01,23.8,59.91,running,1,0,3,12,-0.8843,0.7428,2.1282,0
PUMP-HEALTHY,2026-01-13T21:55:00,483.33,2977.29,99.06,2.69,69.17,45.46,21.97,37.25,running,1,0,1,12,1.6189,-2.974,0.7424,0
PUMP-HEALTHY,2026-01-13T22:00:00,478.68,2992.32,102.6,1.49,69.9,45.03,21.56,36.26,running,1,0,4,12,-1.1994,3.5341,0.7296,0
PUMP-HEALTHY,2026-01-13T22:05:00,478.72,2964.44,100.54,2.06,67.28,50.15,24.01,57.24,running,1,0,4,12,0.5741,-2.0582,-2.6192,0
PUMP-HEALTHY,2026-01-13T22:10:00,482.59,3024.61,102.63,1.35,66.89,48.64,23.47,51.31,running,1,0,3,12,-0.7123,2.0915,-0.3907,0
PUMP-HEALTHY,2026-01-13T22:15:00,482.49,3046.51,98.5,2.36,60.88,49.81,24.03,50.23,running,1,0,1,12,1.008,-4.1245,-6.0041,0
PUMP-HEALTHY,2026-01-13T22:20:00,476.07,3007.31,99.23,2.92,64.41,46.94,22.35,44.86,running,1,0,0,12,0.5644,0.7285,3.5323,0
PUMP-HEALTHY,2026-01-13T22:25:00,480.83,2956.36,102.24,1.67,68.89,50.17,24.12,45.02,running,1,0,3,12,-1.2504,3.0037,4.4728,0
PUMP-HEALTHY,2026-01-13T22:30:00,476.45,3042.56,103.55,1.11,66.79,45.98,21.91,44.72,running,1,0,0,12,-0.5662,1.3117,-2.0985,0
PUMP-HEALTHY,2026-01-13T22:35:00,483.71,3033.93,101.51,1.18,67.41,49.7,24.04,44.1,running,1,0,3,12,0.0732,-2.0378,0.6207,0
PUMP-HEALTHY,2026-01-13T22:40:00,482.49,3049.36,102.42,2.21,63.65,48.92,23.6,39.0,running,1,0,4,12,1.0279,0.907,-3.7601,0
PUMP-HEALTHY,2026-01-13T22:45:00,478.17,3024.93,100.75,1.92,66.97,46.85,22.4,43.37,running,1,0,0,12,-0.2871,-1.669,3.3208,0
PUMP-HEALTHY,2026-01-13T22:50:00,479.74,3048.57,102.85,2.84,63.84,51.45,24.68,54.14,running,1,0,1,12,0.9182,2.1058,-3.1279,0
PUMP-HEALTHY,2026-01-13T22:55:00,484.74,3044.08,98.07,2.31,65.74,48.45,23.49,40.42,running,1,0,3,12,-0.5262,-4.7875,1.897,0
PUMP-HEALTHY,2026-01-13T23:00:00,480.09,2969.5,103.71,1.84,61.57,48.46,23.27,41.24,running,1,0,2,12,-0.4723,5.6413,-4.1728,0
PUMP-HEALTHY,2026-01-13T23:05:00,480.0,2958.36,98.95,2.22,60.67,48.3,23.18,41.65,running,1,0,4,12,0.3737,-4.7597,-0.8921,0
PUMP-HEALTHY,2026-01-13T23:10:00,478.53,2991.37,98.59,1.87,69.88,48.05,22.99,44.11,running,1,0,2,12,-0.3436,-0.353,9.203,0
PUMP-HEALTHY,2026-01-13T23:15:00,478.62,2962.96,101.83,2.11,66.68,51.69,24.74,56.74,running,1,0,1,12,0.2413,3.2328,-3.1952,0
PUMP-HEALTHY,2026-01-13T23:20:00,482.68,3004.69,104.09,1.35,69.28,49.54,23.91,54.93,running,1,0,4,12,-0.7581,2.2608,2.6021,0
PUMP-HEALTHY,2026-01-13T23:25:00,481.12,2960.39,103.08,1.39,68.03,48.73,23.44,49.97,running,1,0,4,12,0.0331,-1.005,-1.2556,0
PUMP-HEALTHY,2026-01-13T23:30:00,481.64,3035.05,101.49,1.82,66.76,47.7,22.97,43.02,running,1,0,0,12,0.4369,-1.5915,-1.2694,0
PUMP-HEALTHY,2026-01-13T23:35:00,482.58,3042.33,98.86,2.1,63.53,49.7,23.98,52.11,running,1,0,2,12,0.2765,-2.6315,-3.2247,0
PUMP-HEALTHY,2026-01-13T23:40:00,479.03,2981.05,104.55,1.7,60.26,49.44,23.68,51.94,running,1,0,0,12,-0.4,5.6885,-3.2786,0
PUMP-HEALTHY,2026-01-13T23:45:00,476.09,3006.2,102.49,2.78,68.24,48.13,22.91,47.16,running,1,0,3,12,1.0781,-2.0566,7.9814,0
PUMP-HEALTHY,2026-01-13T23:50:00,475.79,2971.21,101.72,2.54,65.48,46.65,22.19,45.67,running,1,0,3,12,-0.2354,-0.7725,-2.7564,0
PUMP-HEALTHY,2026-01-13T23:55:00,482.63,2974.22,99.53,1.6,64.44,48.06,23.19,41.91,running,1,0,3,12,-0.9432,-2.1849,-1.0384,0
PUMP-HEALTHY,2026-01-14T00:00:00,480.77,3036.06,99.09,2.73,66.92,49.18,23.65,58.0,running,1,0,2,12,1.1299,-0.4413,2.4818,0
PUMP-HEALTHY,2026-01-14T00:05:00,475.01,2971.86,100.03,2.1,66.39,48.93,23.24,41.12,running,1,0,0,12,-0.6318,0.9377,-0.5358,0
PUMP-HEALTHY,2026-01-14T00:10:00,481.0,2950.87,104.36,1.01,64.73,47.87,23.03,53.79,running,1,0,4,12,-1.091,4.3268,-1.6558,0
PUMP-HEALTHY,2026-01-14T00:15:00,479.27,3009.52,99.89,2.9,64.87,49.18,23.57,40.91,running,1,0,2,12,1.8911,-4.4702,0.1357,0
PUMP-HEALTHY,2026-01-14T00:20:00,480.81,3010.65,98.65,2.5,64.85,49.17,23.64,53.02,running,1,0,4,12,-0.3962,-1.2358,-0.0212,0
PUMP-HEALTHY,2026-01-14T00:25:00,480.27,3002.4,103.64,2.01,65.96,51.0,24.49,52.0,running,1,0,1,12,-0.4908,4.9917,1.1091,0
PUMP-HEALTHY,2026-01-14T00:30:00,476.13,3013.17,101.75,2.92,62.64,49.95,23.78,54.82,running,1,0,1,12,0.9064,-1.8971,-3.3165,0
PUMP-HEALTHY,2026-01-14T00:35:00,483.44,2982.01,100.37,1.5,64.77,47.59,23.01,41.94,running,1,0,4,12,-1.4164,-1.3739,2.1278,0
PUMP-HEALTHY,2026-01-14T00:40:00,477.74,2995.51,100.58,2.8,60.73,50.45,24.1,56.43,running,1,0,4,12,1.303,0.2117,-4.0402,0
PUMP-HEALTHY,2026-01-14T00:45:00,479.69,2987.33,102.15,2.34,68.48,48.19,23.12,40.52,running,1,0,0,12,-0.4673,1.5641,7.7564,0
PUMP-HEALTHY,2026-01-14T00:50:00,484.18,2982.37,98.09,1.57,67.39,48.14,23.31,45.95,running,1,0,2,12,-0.7643,-4.0623,-1.089,0
PUMP-HEALTHY,2026-01-14T00:55:00,482.29,2956.72,99.57,1.61,61.85,49.77,24.0,45.22,running,1,0,1,12,0.0325,1.4828,-5.5453,0
PUMP-HEALTHY,2026-01-14T01:00:00,476.88,2973.43,104.56,2.82,67.75,48.82,23.28,54.08,running,1,0,1,12,1.2147,4.9953,5.8987,0
PUMP-HEALTHY,2026-01-14T01:05:00,483.77,2986.84,104.61,1.63,69.07,49.41,23.91,49.63,running,1,0,1,12,-1.193,0.0501,1.3207,0
PUMP-HEALTHY,2026-01-14T01:10:00,480.04,3023.02,98.84,1.81,60.0,48.46,23.26,47.25,running,1,0,4,12,0.1791,-5.774,-9.0675,0
PUMP-HEALTHY,2026-01-14T01:15:00,481.52,3005.2,103.45,2.57,69.84,50.28,24.21,46.63,running,1,0,3,12,0.7669,4.6076,9.8414,0
PUMP-HEALTHY,2026-01-14T01:20:00,479.56,3008.1,103.69,2.45,68.68,49.72,23.84,56.14,running,1,0,3,12,-0.1241,0.2428,-1.1659,0
PUMP-HEALTHY,2026-01-14T01:25:00,480.03,2982.59,100.34,1.02,68.79,47.12,22.62,36.38,running,1,0,0,12,-1.4272,-3.3458,0.118,0
PUMP-HEALTHY,2026-01-14T01:30:00,479.44,2964.05,100.8,2.89,68.95,51.42,24.65,53.23,running,1,0,0,12,1.868,0.4533,0.1527,0
PUMP-HEALTHY,2026-01-14T01:35:00,484.29,3011.22,102.97,2.38,61.48,48.05,23.27,43.89,running,1,0,1,12,-0.5108,2.1766,-7.4715,0
PUMP-HEALTHY,2026-01-14T01:40:00,475.16,3012.12,102.69,2.48,64.25,46.28,21.99,38.03,running,1,0,3,12,0.0962,-0.2797,2.7779,0
PUMP-HEALTHY,2026-01-14T01:45:00,476.65,3030.15,100.21,1.18,68.79,50.95,24.28,54.66,running,1,0,4,12,-1.2946,-2.4849,4.5392,0
PUMP-HEALTHY,2026-01-14T01:50:00,481.71,2980.42,101.46,2.42,67.65,50.78,24.46,52.27,running,1,0,2,12,1.2426,1.2538,-1.1446,0
PUMP-HEALTHY,2026-01-14T01:55:00,481.19,2997.72,101.06,1.43,66.19,49.15,23.65,44.27,running,1,0,2,12,-0.9898,-0.4023,-1.456,0
PUMP-HEALTHY,2026-01-14T02:00:00,475.82,2968.99,98.32,2.21,64.48,44.76,21.3,36.62,running,1,0,1,12,0.7782,-2.7436,-1.7078,0
PUMP-HEALTHY,2026-01-14T02:05:00,480.53,3028.14,103.8,1.37,68.65,48.02,23.08,48.02,running,1,0,4,12,-0.8457,5.4775,4.1662,0
PUMP-HEALTHY,2026-01-14T02:10:00,482.71,2961.16,104.85,2.45,61.71,46.8,22.59,37.11,running,1,0,3,12,1.0838,1.0541,-6.944,0
PUMP-HEALTHY,2026-01-14T02:15:00,481.88,3006.64,103.8,2.06,65.31,46.84,22.57,35.83,running,1,0,3,12,-0.3917,-1.0475,3.6005,0
PUMP-HEALTHY,2026-01-14T02:20:00,482.78,3026.3,104.5,1.85,61.62,48.65,23.49,48.39,running,1,0,3,12,-0.2116,0.6999,-3.6881,0
PUMP-HEALTHY,2026-01-14T02:25:00,479.75,2987.14,104.54,2.13,64.49,49.03,23.52,41.09,running,1,0,0,12,0.2815,0.0362,2.8702,0
PUMP-HEALTHY,2026-01-14T02:30:00,478.18,3024.51,102.47,2.78,64.81,48.53,23.21,51.47,running,1,0,2,12,0.6484,-2.0666,0.3249,0
PUMP-HEALTHY,2026-01-14T02:35:00,481.88,3030.31,101.73,2.23,65.02,47.26,22.77,36.62,running,1,0,4,12,-0.547,-0.7393,0.208,0
PUMP-HEALTHY,2026-01-14T02:40:00,479.48,2971.12,101.39,1.58,63.6,46.98,22.53,46.82,running,1,0,0,12,-0.6458,-0.3413,-1.424,0
PUMP-HEALTHY,2026-01-14T02:45:00,475.16,2978.63,100.59,2.58,67.35,49.32,23.44,58.41,running,1,0,0,12,0.9945,-0.8021,3.7535,0
PUMP-HEALTHY,2026-01-14T02:50:00,480.23,2961.89,103.37,2.64,60.86,49.7,23.87,50.88,running,1,0,2,12,0.0659,2.7767,-6.4915,0
PUMP-HEALTHY,2026-01-14T02:55:00,475.17,2977.55,102.64,1.71,60.42,49.07,23.32,56.79,running,1,0,4,12,-0.9317,-0.7207,-0.439,0
PUMP-HEALTHY,2026-01-14T03:00:00,480.87,2963.01,101.34,1.81,68.92,47.32,22.76,50.57,running,1,0,2,12,0.0997,-1.3021,8.4974,0
PUMP-HEALTHY,2026-01-14T03:05:00,481.24,2983.2,102.54,2.48,68.52,49.35,23.75,51.24,running,1,0,3,12,0.6659,1.201,-0.3954,0
PUMP-HEALTHY,2026-01-14T03:10:00,477.11,2971.75,100.05,1.28,61.65,48.78,23.27,44.07,running,1,0,0,12,-1.198,-2.4937,-6.8756,0
PUMP-HEALTHY,2026-01-14T03:15:00,480.24,2972.09,100.45,2.56,67.73,50.91,24.45,56.78,running,1,0,4,12,1.2845,0.3962,6.0805,0
PUMP-HEALTHY,2026-01-14T03:20:00,481.31,3021.02,100.81,1.5,66.07,50.79,24.45,54.26,running,1,0,4,12,-1.0691,0.3633,-1.6532,0
PUMP-HEALTHY,2026-01-14T03:25:00,475.18,3020.15,104.11,2.45,68.68,49.29,23.42,48.59,running,1,0,2,12,0.953,3.3012,2.6031,0
PUMP-HEALTHY,2026-01-14T03:30:00,476.04,2951.02,102.03,1.22,64.38,48.52,23.1,49.12,running,1,0,0,12,-1.2296,-2.0834,-4.3025,0
PUMP-HEALTHY,2026-01-14T03:35:00,484.52,3000.11,98.81,1.8,64.06,49.32,23.9,48.33,running,1,0,4,12,0.577,-3.2175,-0.3124,0
PUMP-HEALTHY,2026-01-14T03:40:00,477.94,3010.27,102.76,2.1,63.65,45.59,21.79,37.53,running,1,0,1,12,0.303,3.9456,-0.4145,0
PUMP-HEALTHY,2026-01-14T03:45:00,478.7,2973.16,99.08,1.7,64.22,46.37,22.2,38.18,running,1,0,1,12,-0.4007,-3.672,0.5687,0
PUMP-HEALTHY,2026-01-14T03:50:00,482.87,3044.41,102.09,2.86,67.92,51.18,24.71,50.97,running,1,0,4,12,1.1574,3.0045,3.7008,0
PUMP-HEALTHY,2026-01-14T03:55:00,475.6,3006.41,101.54,2.57,61.2,50.61,24.07,57.59,running,1,0,3,12,-0.2885,-0.5487,-6.7205,0
PUMP-HEALTHY,2026-01-14T04:00:00,475.94,2992.43,104.26,1.34,69.38,48.74,23.2,55.67,running,1,0,0,12,-1.2223,2.7174,8.1809,0
PUMP-HEALTHY,2026-01-14T04:05:00,483.97,2983.3,103.94,1.52,61.05,46.51,22.51,39.63,running,1,0,4,12,0.18,-0.3195,-8.3303,0
PUMP-HEALTHY,2026-01-14T04:10:00,482.4,2964.34,104.32,1.83,65.96,49.25,23.76,53.21,running,1,0,4,12,0.3032,0.3833,4.9128,0
PUMP-HEALTHY,2026-01-14T04:15:00,482.98,2961.45,99.53,2.46,64.63,47.13,22.76,36.11,running,1,0,0,12,0.6324,-4.7861,-1.3316,0
PUMP-HEALTHY,2026-01-14T04:20:00,481.03,3031.06,103.66,1.89,65.94,51.52,24.78,58.27,running,1,0,3,12,-0.5721,4.1215,1.3132,0
PUMP-HEALTHY,2026-01-14T04:25:00,481.7,2950.24,103.61,1.56,66.76,46.89,22.59,42.77,running,1,0,1,12,-0.3259,-0.0443,0.8164,0
PUMP-HEALTHY,2026-01-14T04:30:00,479.35,2962.4,100.47,1.56,63.26,46.13,22.11,43.54,running,1,0,3,12,0.0022,-3.1454,-3.5032,0
PUMP-HEALTHY,2026-01-14T04:35:00,482.2,3033.11,99.45,1.51,61.23,48.96,23.61,52.2,running,1,0,2,12,-0.0532,-1.0114,-2.0267,0
PUMP-HEALTHY,2026-01-14T04:40:00,477.73,2963.25,104.77,1.72,61.41,46.3,22.12,47.03,running,1,0,0,12,0.2124,5.3194,0.1848,0
PUMP-HEALTHY,2026-01-14T04:45:00,480.11,2977.39,104.14,2.85,66.97,48.17,23.12,45.97,running,1,0,2,12,1.1213,-0.6365,5.5576,0
PUMP-HEALTHY,2026-01-14T04:50:00,475.33,3016.4,102.6,1.42,65.29,47.52,22.59,37.63,running,1,0,3,12,-1.4215,-1.5417,-1.6763,0
PUMP-HEALTHY,2026-01-14T04:55:00,477.47,2965.47,100.87,1.9,69.16,47.19,22.53,45.74,running,1,0,4,12,0.4739,-1.73,3.8639,0
PUMP-HEALTHY,2026-01-14T05:00:00,482.93,3035.99,102.06,2.69,67.62,48.75,23.54,48.44,running,1,0,4,12,0.7914,1.1985,-1.5357,0
PUMP-HEALTHY,2026-01-14T05:05:00,481.86,3047.56,100.03,2.21,61.94,46.45,22.38,36.82,running,1,0,1,12,-0.4749,-2.0377,-5.6843,0
PUMP-HEALTHY,2026-01-14T05:10:00,484.88,3032.93,103.25,1.81,65.05,50.31,24.4,52.73,running,1,0,2,12,-0.4076,3.2252,3.1075,0
PUMP-HEALTHY,2026-01-14T05:15:00,477.3,3014.91,104.28,2.29,62.09,45.68,21.8,39.67,running,1,0,1,12,0.4858,1.0311,-2.954,0
PUMP-HEALTHY,2026-01-14T05:20:00,483.74,2998.37,102.18,1.68,63.02,50.95,24.65,57.88,running,1,0,0,12,-0.6092,-2.1048,0.9317,0
PUMP-HEALTHY,2026-01-14T05:25:00,481.54,3029.55,102.65,2.77,60.96,46.09,22.19,35.39,running,1,0,1,12,1.091,0.4751,-2.0657,0
PUMP-HEALTHY,2026-01-14T05:30:00,477.5,2963.52,98.41,1.24,65.97,49.69,23.73,47.52,running,1,0,2,12,-1.5356,-4.245,5.0116,0
PUMP-HEALTHY,2026-01-14T05:35:00,484.55,2957.2,100.48,2.55,66.68,47.7,23.11,41.02,running,1,0,1,12,1.3113,2.067,0.7116,0
PUMP-HEALTHY,2026-01-14T05:40:00,477.6,2958.66,100.22,2.61,60.21,47.5,22.69,44.44,running,1,0,1,12,0.0571,-0.2526,-6.4666,0
PUMP-HEALTHY,2026-01-14T05:45:00,482.16,2985.32,100.03,1.08,61.41,51.2,24.69,57.82,running,1,0,3,12,-1.5312,-0.1947,1.1966,0
PUMP-HEALTHY,2026-01-14T05:50:00,480.52,3010.51,99.01,2.85,63.37,49.42,23.75,50.96,running,1,0,3,12,1.7715,-1.0157,1.9574,0
PUMP-HEALTHY,2026-01-14T05:55:00,484.62,2959.93,103.54,1.49,60.43,46.82,22.69,45.4,running,1,0,2,12,-1.3578,4.5323,-2.9378,0
PUMP-HEALTHY,2026-01-14T06:00:00,483.66,3034.44,104.23,1.99,66.52,49.22,23.8,44.87,running,1,0,4,12,0.5034,0.6855,6.085,0
PUMP-HEALTHY,2026-01-14T06:05:00,484.99,2997.76,100.48,2.73,64.23,50.23,24.36,44.89,running,1,0,3,12,0.7417,-3.7533,-2.2896,0
PUMP-HEALTHY,2026-01-14T06:10:00,480.52,3026.28,101.9,2.62,69.33,45.02,21.63,37.84,running,1,0,1,12,-0.1155,1.4233,5.102,0
PUMP-HEALTHY,2026-01-14T06:15:00,475.54,3018.59,101.17,2.85,67.54,47.31,22.5,49.46,running,1,0,1,12,0.228,-0.7264,-1.7843,0
PUMP-HEALTHY,2026-01-14T06:20:00,475.26,2955.2,103.92,2.48,63.91,45.85,21.79,44.95,running,1,0,2,12,-0.3692,2.745,-3.6328,0
PUMP-HEALTHY,2026-01-14T06:25:00,479.92,3001.37,100.28,2.31,66.24,50.89,24.42,52.91,running,1,0,1,12,-0.1713,-3.6341,2.3255,0
PUMP-HEALTHY,2026-01-14T06:30:00,479.62,3003.29,104.23,2.88,61.53,48.63,23.32,54.62,running,1,0,1,12,0.572,3.9437,-4.7103,0
PUMP-HEALTHY,2026-01-14T06:35:00,484.64,2982.8,98.26,1.59,66.71,49.93,24.2,51.9,running,1,0,3,12,-1.2851,-5.9681,5.1809,0
PUMP-HEALTHY,2026-01-14T06:40:00,482.71,2986.78,99.64,1.17,65.37,49.51,23.9,54.69,running,1,0,0,12,-0.4228,1.3829,-1.3376,0
PUMP-HEALTHY,2026-01-14T06:45:00,479.76,3012.92,103.81,1.35,69.82,48.54,23.29,53.84,running,1,0,4,12,0.1768,4.1681,4.4533,0
PUMP-HEALTHY,2026-01-14T06:50:00,477.42,3034.23,100.52,2.28,63.66,47.49,22.67,35.43,running,1,0,3,12,0.9297,-3.2948,-6.1683,0
PUMP-HEALTHY,2026-01-14T06:55:00,478.61,2951.36,103.19,2.5,69.69,47.18,22.58,50.43,running,1,0,1,12,0.2183,2.6755,6.038,0
PUMP-HEALTHY,2026-01-14T07:00:00,475.95,3037.88,103.56,2.53,69.91,47.15,22.44,52.67,running,1,0,2,12,0.0364,0.3634,0.2207,0
PUMP-HEALTHY,2026-01-14T07:05:00,481.73,3008.07,99.85,1.23,60.83,46.63,22.46,45.14,running,1,0,1,12,-1.3007,-3.7027,-9.0798,0
PUMP-HEALTHY,2026-01-14T07:10:00,478.27,2950.71,104.55,1.33,61.74,48.75,23.31,59.29,running,1,0,3,12,0.1017,4.6991,0.9075,0
PUMP-HEALTHY,2026-01-14T07:15:00,482.43,2963.05,100.7,2.68,62.27,45.41,21.91,37.92,running,1,0,1,12,1.343,-3.8473,0.5257,0
PUMP-HEALTHY,2026-01-14T07:20:00,476.9,2950.78,101.33,2.38,61.21,48.8,23.27,54.85,running,1,0,0,12,-0.2936,0.6232,-1.0564,0
PUMP-HEALTHY,2026-01-14T07:25:00,478.34,2961.01,102.66,2.15,60.29,48.08,23.0,36.84,running,1,0,2,12,-0.2369,1.3336,-0.9223,0
PUMP-HEALTHY,2026-01-14T07:30:00,479.13,2994.1,103.66,2.28,61.57,47.01,22.52,45.43,running,1,0,3,12,0.1301,0.999,1.2846,0
PUMP-HEALTHY,2026-01-14T07:35:00,477.39,2968.21,98.77,2.3,60.28,50.48,24.1,52.61,running,1,0,3,12,0.0289,-4.8942,-1.2917,0
PUMP-HEALTHY,2026-01-14T07:40:00,479.79,2959.78,100.78,1.65,64.23,47.37,22.73,39.21,running,1,0,3,12,-0.6513,2.012,3.953,0
PUMP-HEALTHY,2026-01-14T07:45:00,479.4,2978.75,102.65,2.16,63.67,45.98,22.04,37.14,running,1,0,4,12,0.5069,1.8721,-0.5622,0
PUMP-HEALTHY,2026-01-14T07:50:00,484.3,3034.7,101.45,2.58,67.68,49.33,23.89,39.08,running,1,0,4,12,0.4248,-1.1976,4.0123,0
PUMP-HEALTHY,2026-01-14T07:55:00,481.24,3041.01,104.47,2.19,67.14,49.12,23.64,45.03,running,1,0,0,12,-0.3952,3.0192,-0.5423,0
PUMP-HEALTHY,2026-01-14T08:00:00,478.17,3045.71,98.66,1.52,67.23,45.84,21.92,37.9,running,1,0,2,12,-0.6734,-5.8163,0.0912,0
PUMP-HEALTHY,2026-01-14T08:05:00,483.87,3046.62,101.08,1.15,66.73,45.84,22.18,40.1,running,1,0,2,12,-0.3674,2.4219,-0.5052,0
PUMP-HEALTHY,2026-01-14T08:10:00,475.92,3039.14,98.0,1.82,65.97,49.13,23.38,42.76,running,1,0,3,12,0.671,-3.0734,-0.7568,0
PUMP-HEALTHY,2026-01-14T08:15:00,482.4,2950.49,99.78,2.79,66.5,51.81,24.99,54.88,running,1,0,3,12,0.9658,1.7753,0.5242,0
PUMP-HEALTHY,2026-01-14T08:20:00,475.29,2960.43,102.55,1.07,61.04,45.33,21.54,38.14,running,1,0,4,12,-1.712,2.7726,-5.46,0
PUMP-HEALTHY,2026-01-14T08:25:00,481.31,3015.0,101.19,1.06,62.44,48.19,23.19,42.95,running,1,0,2,12,-0.0143,-1.3662,1.4086,0
PUMP-HEALTHY,2026-01-14T08:30:00,475.12,2956.37,98.45,2.55,66.5,48.47,23.03,53.4,running,1,0,0,12,1.49,-2.7388,4.0557,0
PUMP-HEALTHY,2026-01-14T08:35:00,482.1,3037.31,101.87,2.92,68.52,46.5,22.42,36.88,running,1,0,1,12,0.3693,3.4239,2.0184,0
PUMP-HEALTHY,2026-01-14T08:40:00,478.03,3016.08,104.91,1.14,61.22,49.98,23.89,56.96,running,1,0,3,12,-1.7791,3.0364,-7.297,0
PUMP-HEALTHY,2026-01-14T08:45:00,476.44,3040.96,101.7,1.25,69.52,45.99,21.91,36.56,running,1,0,0,12,0.1144,-3.2099,8.3023,0
PUMP-HEALTHY,2026-01-14T08:50:00,482.97,2992.27,101.58,1.8,62.24,51.94,25.09,55.17,running,1,0,2,12,0.5468,-0.1187,-7.2802,0
PUMP-HEALTHY,2026-01-14T08:55:00,481.13,2973.81,104.44,1.85,63.19,47.7,22.95,36.62,running,1,0,1,12,0.0445,2.857,0.9429,0
PUMP-HEALTHY,2026-01-14T09:00:00,482.61,2973.36,104.63,2.5,62.7,48.12,23.22,54.81,running,1,0,2,12,0.659,0.1905,-0.4827,0
PUMP-HEALTHY,2026-01-14T09:05:00,476.03,3019.1,99.49,2.96,69.28,45.33,21.58,37.61,running,1,0,1,12,0.4567,-5.1336,6.5811,0
PUMP-HEALTHY,2026-01-14T09:10:00,481.33,3025.69,98.08,1.99,65.99,50.04,24.09,52.1,running,1,0,2,12,-0.9681,-1.4092,-3.2983,0
PUMP-HEALTHY,2026-01-14T09:15:00,479.53,2987.57,98.78,2.6,65.27,49.79,23.87,59.6,running,1,0,2,12,0.6087,0.6972,-0.7173,0
PUMP-HEALTHY,2026-01-14T09:20:00,481.39,2998.85,103.86,1.48,62.67,49.36,23.76,40.57,running,1,0,3,12,-1.1206,5.0844,-2.5942,0
PUMP-HEALTHY,2026-01-14T09:25:00,477.49,3025.91,101.34,1.19,64.27,48.19,23.01,54.29,running,1,0,0,12,-0.2933,-2.52,1.5911,0
PUMP-HEALTHY,2026-01-14T09:30:00,481.66,3034.17,101.39,2.73,60.49,52.04,25.07,59.59,running,1,0,0,12,1.5376,0.0411,-3.7779,0
PUMP-HEALTHY,2026-01-14T09:35:00,480.18,3012.14,101.9,2.39,62.69,46.88,22.51,35.45,running,1,0,2,12,-0.3321,0.5133,2.1988,0
PUMP-HEALTHY,2026-01-14T09:40:00,475.33,2985.01,104.45,1.31,60.67,48.03,22.83,41.67,running,1,0,3,12,-1.0867,2.5528,-2.0124,0
PUMP-HEALTHY,2026-01-14T09:45:00,484.46,3024.1,102.24,2.27,61.72,48.78,23.63,36.92,running,1,0,2,12,0.9639,-2.2075,1.0449,0
PUMP-HEALTHY,2026-01-14T09:50:00,475.35,3019.0,103.07,2.8,68.29,48.17,22.9,54.73,running,1,0,4,12,0.5271,0.8213,6.5729,0
PUMP-HEALTHY,2026-01-14T09:55:00,475.26,3047.71,104.98,2.49,60.54,46.97,22.32,47.56,running,1,0,0,12,-0.307,1.9125,-7.7528,0
PUMP-HEALTHY,2026-01-14T10:00:00,479.6,3008.26,102.22,2.76,61.49,48.62,23.32,55.65,running,1,0,2,12,0.2661,-2.7595,0.9459,0
PUMP-HEALTHY,2026-01-14T10:05:00,478.9,2999.84,100.42,2.65,67.08,48.58,23.26,40.35,running,1,0,0,12,-0.1073,-1.7952,5.5992,0
PUMP-HEALTHY,2026-01-14T10:10:00,479.25,3018.91,102.9,2.92,62.61,48.25,23.13,39.74,running,1,0,1,12,0.2668,2.4716,-4.4724,0
PUMP-HEALTHY,2026-01-14T10:15:00,476.44,2981.55,101.44,2.4,68.63,47.95,22.85,39.5,running,1,0,1,12,-0.5169,-1.4518,6.0171,0
PUMP-HEALTHY,2026-01-14T10:20:00,475.12,2975.26,98.24,2.19,68.96,46.55,22.11,41.52,running,1,0,4,12,-0.2112,-3.2005,0.3347,0
PUMP-HEALTHY,2026-01-14T10:25:00,477.87,2984.24,104.84,2.33,69.96,48.57,23.21,38.4,running,1,0,0,12,0.1372,6.5999,0.9999,0
PUMP-HEALTHY,2026-01-14T10:30:00,483.64,3007.47,100.51,2.7,66.84,49.25,23.82,47.29,running,1,0,3,12,0.3717,-4.3305,-3.125,0
PUMP-HEALTHY,2026-01-14T10:35:00,477.95,3028.37,101.42,1.92,63.48,46.88,22.41,38.72,running,1,0,0,12,-0.7761,0.9077,-3.3564,0
PUMP-HEALTHY,2026-01-14T10:40:00,476.28,2964.86,99.68,1.21,66.6,47.81,22.77,50.92,running,1,0,3,12,-0.7133,-1.7445,3.1147,0
PUMP-HEALTHY,2026-01-14T10:45:00,478.28,2987.3,103.35,1.09,68.68,48.29,23.09,45.13,running,1,0,2,12,-0.1186,3.6791,2.0875,0
PUMP-HEALTHY,2026-01-14T10:50:00,482.11,3037.69,99.19,1.28,67.29,48.72,23.49,39.53,running,1,0,1,12,0.1902,-4.1609,-1.3917,0
PUMP-HEALTHY,2026-01-14T10:55:00,480.24,2982.18,102.93,2.61,60.59,50.83,24.41,54.2,running,1,0,0,12,1.3318,3.7334,-6.7005,0
PUMP-HEALTHY,2026-01-14T11:00:00,477.49,2951.19,101.69,1.71,68.78,49.23,23.5,58.97,running,1,0,0,12,-0.9041,-1.2396,8.1874,0
PUMP-HEALTHY,2026-01-14T11:05:00,479.24,3044.63,101.88,1.28,66.5,49.03,23.5,47.9,running,1,0,0,12,-0.4254,0.1897,-2.2847,0
PUMP-HEALTHY,2026-01-14T11:10:00,478.72,3012.46,98.52,1.9,65.43,47.8,22.88,41.75,running,1,0,1,12,0.6172,-3.3557,-1.0605,0
PUMP-HEALTHY,2026-01-14T11:15:00,480.4,2969.73,102.47,2.97,64.38,48.59,23.34,53.51,running,1,0,1,12,1.0709,3.9441,-1.0579,0
PUMP-HEALTHY,2026-01-14T11:20:00,479.45,3017.11,102.02,1.79,63.06,47.14,22.6,44.16,running,1,0,0,12,-1.1778,-0.4416,-1.3147,0
PUMP-HEALTHY,2026-01-14T11:25:00,475.16,3041.38,104.43,1.64,69.43,49.65,23.59,47.97,running,1,0,0,12,-0.1476,2.4035,6.3713,0
PUMP-HEALTHY,2026-01-14T11:30:00,481.67,3027.91,98.19,2.11,61.79,48.3,23.27,51.3,running,1,0,1,12,0.467,-6.2355,-7.6413,0
PUMP-HEALTHY,2026-01-14T11:35:00,482.29,3003.49,101.45,2.18,65.53,46.6,22.47,39.15,running,1,0,3,12,0.0723,3.253,3.7413,0
PUMP-HEALTHY,2026-01-14T11:40:00,475.7,2987.11,103.39,1.2,68.84,48.51,23.08,55.17,running,1,0,0,12,-0.9825,1.9459,3.3092,0
PUMP-HEALTHY,2026-01-14T11:45:00,478.81,2991.61,104.24,1.12,68.9,48.2,23.08,52.45,running,1,0,4,12,-0.0789,0.8509,0.0591,0
PUMP-HEALTHY,2026-01-14T11:50:00,482.89,2956.91,101.02,1.19,61.04,50.2,24.24,59.08,running,1,0,1,12,0.0649,-3.2267,-7.8581,0
PUMP-HEALTHY,2026-01-14T11:55:00,479.9,3022.64,103.89,1.51,60.57,48.98,23.5,47.19,running,1,0,1,12,0.3247,2.8719,-0.4728,0
PUMP-HEALTHY,2026-01-14T12:00:00,479.86,3013.1,99.48,1.83,68.11,50.42,24.19,49.52,running,1,0,2,12,0.3171,-4.4087,7.5368,0
PUMP-HEALTHY,2026-01-14T12:05:00,480.17,2954.51,99.01,1.19,61.83,49.43,23.73,41.76,running,1,0,4,12,-0.6353,-0.4713,-6.2824,0
PUMP-HEALTHY,2026-01-14T12:10:00,477.7,2997.82,99.03,2.76,69.21,46.08,22.01,36.52,running,1,0,4,12,1.5652,0.0249,7.3847,0
PUMP-HEALTHY,2026-01-14T12:15:00,475.24,3021.65,99.53,2.61,69.4,47.19,22.43,50.61,running,1,0,1,12,-0.144,0.4999,0.1907,0
PUMP-HEALTHY,2026-01-14T12:20:00,484.07,3024.8,98.24,1.69,65.49,50.04,24.22,51.54,running,1,0,2,12,-0.923,-1.2925,-3.9132,0
PUMP-HEALTHY,2026-01-14T12:25:00,475.11,3047.85,98.69,2.21,68.02,49.9,23.71,59.18,running,1,0,2,12,0.5178,0.4516,2.5349,0
PUMP-HEALTHY,2026-01-14T12:30:00,477.78,2993.54,104.66,1.89,69.97,49.41,23.6,52.43,running,1,0,2,12,-0.3156,5.9692,1.9464,0
PUMP-HEALTHY,2026-01-14T12:35:00,477.94,2968.54,104.79,1.52,69.27,50.61,24.19,50.9,running,1,0,2,12,-0.3728,0.1279,-0.7032,0
PUMP-HEALTHY,2026-01-14T12:40:00,479.2,3029.76,99.96,2.13,61.74,46.33,22.2,37.93,running,1,0,4,12,0.6074,-4.8239,-7.5226,0
PUMP-HEALTHY,2026-01-14T12:45:00,481.8,2953.54,104.87,1.14,68.84,48.65,23.44,56.6,running,1,0,4,12,-0.9848,4.9025,7.0997,0
PUMP-HEALTHY,2026-01-14T12:50:00,475.52,3013.01,98.13,1.14,62.55,51.27,24.38,54.63,running,1,0,0,12,0.0012,-6.733,-6.2942,0
PUMP-HEALTHY,2026-01-14T12:55:00,484.76,2951.36,104.23,1.07,62.93,49.95,24.21,45.31,running,1,0,4,12,-0.0695,6.0925,0.3805,0
PUMP-HEALTHY,2026-01-14T13:00:00,482.92,2979.57,104.77,2.62,63.51,46.24,22.33,44.03,running,1,0,4,12,1.5446,0.5482,0.5812,0
PUMP-HEALTHY,2026-01-14T13:05:00,476.42,2978.2,100.97,1.63,64.22,45.15,21.51,37.08,running,1,0,2,12,-0.9869,-3.7994,0.7104,0
PUMP-HEALTHY,2026-01-14T13:10:00,482.38,2958.92,101.55,1.34,68.92,49.6,23.93,54.82,running,1,0,0,12,-0.2912,0.575,4.704,0
PUMP-HEALTHY,2026-01-14T13:15:00,480.57,2961.75,101.96,2.2,63.08,48.6,23.35,37.72,running,1,0,0,12,0.862,0.413,-5.8418,0
PUMP-HEALTHY,2026-01-14T13:20:00,482.76,2975.67,102.42,2.37,64.81,51.57,24.9,55.1,running,1,0,1,12,0.1642,0.4607,1.7275,0
PUMP-HEALTHY,2026-01-14T13:25:00,483.19,3033.32,98.71,1.08,69.62,48.89,23.62,40.72,running,1,0,3,12,-1.2878,-3.713,4.8139,0
PUMP-HEALTHY,2026-01-14T13:30:00,479.02,2955.79,100.54,2.93,61.0,50.2,24.04,47.75,running,1,0,2,12,1.8471,1.8249,-8.6278,0
PUMP-HEALTHY,2026-01-14T13:35:00,478.65,3044.84,101.54,2.81,61.8,47.6,22.78,52.08,running,1,0,4,12,-0.1217,1.0,0.8037,0
PUMP-HEALTHY,2026-01-14T13:40:00,483.95,2956.73,98.62,2.6,62.42,47.13,22.81,46.1,running,1,0,2,12,-0.2071,-2.9194,0.6207,0
PUMP-HEALTHY,2026-01-14T13:45:00,482.67,3043.35,102.17,2.42,67.81,49.45,23.87,46.44,running,1,0,2,12,-0.1776,3.5537,5.3906,0
PUMP-HEALTHY,2026-01-14T13:50:00,484.15,2979.93,101.71,2.84,69.92,44.76,21.67,35.5,running,1,0,4,12,0.4212,-0.458,2.1131,0
PUMP-HEALTHY,2026-01-14T13:55:00,477.55,2990.52,104.17,2.59,61.55,49.71,23.74,53.72,running,1,0,4,12,-0.2505,2.4619,-8.3779,0
PUMP-HEALTHY,2026-01-14T14:00:00,475.18,3045.76,103.26,1.96,66.66,48.84,23.21,51.84,running,1,0,3,12,-0.6343,-0.9102,5.1141,0
PUMP-HEALTHY,2026-01-14T14:05:00,484.25,2995.28,98.32,1.5,68.56,48.48,23.48,43.77,running,1,0,3,12,-0.4604,-4.9466,1.9039,0
PUMP-HEALTHY,2026-01-14T14:10:00,476.27,3003.82,101.12,1.88,68.07,48.71,23.2,45.81,running,1,0,4,12,0.3866,2.8076,-0.4974,0
PUMP-HEALTHY,2026-01-14T14:15:00,475.82,2962.05,99.33,1.73,63.81,46.46,22.11,41.33,running,1,0,0,12,-0.1535,-1.7965,-4.2618,0
PUMP-HEALTHY,2026-01-14T14:20:00,479.48,3036.47,101.47,2.86,60.15,49.51,23.74,54.84,running,1,0,0,12,1.1271,2.1454,-3.6505,0
PUMP-HEALTHY,2026-01-14T14:25:00,475.26,2987.48,102.57,2.47,62.13,50.28,23.9,57.28,running,1,0,3,12,-0.3894,1.0947,1.9706,0
PUMP-HEALTHY,2026-01-14T14:30:00,475.46,2980.3,99.94,1.89,69.66,52.02,24.74,57.92,running,1,0,3,12,-0.5767,-2.6259,7.5342,0
PUMP-HEALTHY,2026-01-14T14:35:00,483.46,2996.81,104.48,1.27,63.65,48.94,23.66,58.79,running,1,0,2,12,-0.6211,4.5344,-6.0078,0
PUMP-HEALTHY,2026-01-14T14:40:00,477.56,2978.22,102.48,2.57,66.92,49.33,23.56,56.95,running,1,0,3,12,1.2989,-1.9974,3.2678,0
PUMP-HEALTHY,2026-01-14T14:45:00,484.93,2971.65,99.81,2.81,69.34,48.61,23.57,48.74,running,1,0,3,12,0.2444,-2.6709,2.4182,0
PUMP-HEALTHY,2026-01-14T14:50:00,478.9,3033.34,103.27,1.82,62.42,46.82,22.42,43.46,running,1,0,2,12,-0.9929,3.4615,-6.9177,0
PUMP-HEALTHY,2026-01-14T14:55:00,475.26,3006.53,100.39,1.43,60.1,47.81,22.72,46.23,running,1,0,1,12,-0.3884,-2.8796,-2.3216,0
PUMP-HEALTHY,2026-01-14T15:00:00,479.75,3007.18,102.71,2.76,64.98,50.76,24.35,58.67,running,1,0,1,12,1.3298,2.3155,4.8812,0
PUMP-HEALTHY,2026-01-14T15:05:00,482.35,3014.51,100.98,1.81,62.35,51.9,25.04,58.13,running,1,0,1,12,-0.9553,-1.7211,-2.6322,0
PUMP-HEALTHY,2026-01-14T15:10:00,482.78,2993.52,104.13,1.53,61.72,51.0,24.62,57.61,running,1,0,1,12,-0.2778,3.1413,-0.6228,0
PUMP-HEALTHY,2026-01-14T15:15:00,481.92,2954.62,104.72,2.21,63.98,46.34,22.33,37.57,running,1,0,3,12,0.6779,0.5976,2.2562,0
PUMP-HEALTHY,2026-01-14T15:20:00,481.81,2975.6,99.95,1.21,69.94,47.25,22.76,49.11,running,1,0,3,12,-0.994,-4.7762,5.9565,0
PUMP-HEALTHY,2026-01-14T15:25:00,480.82,2952.17,103.85,1.94,61.74,48.48,23.31,50.18,running,1,0,2,12,0.7291,3.9071,-8.2015,0
PUMP-HEALTHY,2026-01-14T15:30:00,479.27,2997.64,98.43,2.25,61.42,47.16,22.6,36.34,running,1,0,1,12,0.3083,-5.4206,-0.3168,0
PUMP-HEALTHY,2026-01-14T15:35:00,482.54,3024.95,103.77,2.16,61.41,50.69,24.46,58.67,running,1,0,3,12,-0.0907,5.3399,-0.005,0
PUMP-HEALTHY,2026-01-14T15:40:00,480.74,3021.61,103.31,1.56,62.81,47.21,22.69,48.81,running,1,0,2,12,-0.6016,-0.4685,1.3999,0
PUMP-HEALTHY,2026-01-14T15:45:00,484.08,3011.32,98.83,2.39,65.72,49.6,24.01,42.51,running,1,0,0,12,0.8311,-4.4794,2.9096,0
PUMP-HEALTHY,2026-01-14T15:50:00,480.42,3005.33,104.95,2.81,62.63,50.81,24.41,57.87,running,1,0,1,12,0.4228,6.1286,-3.092,0
PUMP-HEALTHY,2026-01-14T15:55:00,475.27,2968.86,99.61,2.63,67.49,45.64,21.69,36.49,running,1,0,3,12,-0.1842,-5.3411,4.8618,0
PUMP-HEALTHY,2026-01-14T16:00:00,481.46,2975.38,99.52,2.89,62.9,47.97,23.1,39.72,running,1,0,2,12,0.2677,-0.0955,-4.5927,0
PUMP-HEALTHY,2026-01-14T16:05:00,483.87,3002.99,100.1,1.48,67.2,48.22,23.33,41.03,running,1,0,1,12,-1.4102,0.5815,4.2943,0
PUMP-HEALTHY,2026-01-14T16:10:00,475.1,3048.11,99.26,1.9,67.9,47.29,22.47,52.09,running,1,0,0,12,0.4124,-0.8442,0.7084,0
PUMP-HEALTHY,2026-01-14T16:15:00,479.01,2985.77,104.64,1.66,61.98,48.6,23.28,45.61,running,1,0,2,12,-0.2371,5.3864,-5.9247,0
PUMP-HEALTHY,2026-01-14T16:20:00,481.76,3020.3,99.72,1.93,63.95,48.8,23.51,48.96,running,1,0,1,12,0.2717,-4.919,1.9671,0
PUMP-HEALTHY,2026-01-14T16:25:00,482.34,3037.97,101.69,2.66,68.61,45.54,21.96,36.98,running,1,0,1,12,0.7325,1.9629,4.6604,0
PUMP-HEALTHY,2026-01-14T16:30:00,480.06,2998.01,101.49,2.08,69.19,45.86,22.02,37.09,running,1,0,1,12,-0.5875,-0.2005,0.5871,0
PUMP-HEALTHY,2026-01-14T16:35:00,480.97,3036.62,104.7,1.76,61.83,48.15,23.16,53.73,running,1,0,4,12,-0.315,3.2153,-7.3668,0
PUMP-HEALTHY,2026-01-14T16:40:00,475.5,2951.82,98.14,1.15,68.96,46.41,22.07,46.5,running,1,0,2,12,-0.6068,-6.5591,7.1318,0
PUMP-HEALTHY,2026-01-14T16:45:00,477.49,3018.85,101.19,2.98,61.8,47.85,22.85,44.11,running,1,0,1,12,1.8218,3.0534,-7.1578,0
PUMP-HEALTHY,2026-01-14T16:50:00,483.0,2981.79,98.55,1.42,62.09,45.15,21.81,36.58,running,1,0,4,12,-1.5577,-2.6421,0.2899,0
PUMP-HEALTHY,2026-01-14T16:55:00,478.02,2989.57,103.9,2.91,60.92,45.35,21.68,40.47,running,1,0,0,12,1.4898,5.3508,-1.174,0
PUMP-HEALTHY,2026-01-14T17:00:00,484.87,3019.31,99.93,1.38,69.05,48.39,23.47,46.28,running,1,0,1,12,-1.5277,-3.9768,8.1356,0
PUMP-HEALTHY,2026-01-14T17:05:00,475.07,3044.37,102.94,2.4,69.98,49.13,23.34,59.38,running,1,0,3,12,1.0193,3.0129,0.9249,0
PUMP-HEALTHY,2026-01-14T17:10:00,483.11,3015.9,98.58,2.77,60.06,51.31,24.79,51.51,running,1,0,0,12,0.3709,-4.3555,-9.9199,0
PUMP-HEALTHY,2026-01-14T17:15:00,483.27,3047.95,102.32,1.32,68.65,51.55,24.91,58.73,running,1,0,3,12,-1.4552,3.7321,8.5938,0
PUMP-HEALTHY,2026-01-14T17:20:00,475.77,3002.42,100.34,2.69,65.94,48.33,22.99,58.16,running,1,0,0,12,1.3768,-1.9736,-2.7152,0
PUMP-HEALTHY,2026-01-14T17:25:00,484.76,2977.08,100.39,2.44,68.35,48.76,23.64,55.72,running,1,0,0,12,-0.2492,0.0473,2.4098,0
PUMP-HEALTHY,2026-01-14T17:30:00,484.94,2953.25,100.12,1.11,68.94,51.76,25.1,53.66,running,1,0,2,12,-1.3386,-0.2699,0.5965,0
PUMP-HEALTHY,2026-01-14T17:35:00,481.11,3041.13,104.73,2.63,64.06,48.73,23.45,55.76,running,1,0,2,12,1.5202,4.6148,-4.8774,0
PUMP-HEALTHY,2026-01-14T17:40:00,482.97,3048.12,101.46,1.97,64.37,46.08,22.26,36.24,running,1,0,2,12,-0.6559,-3.2739,0.3058,0
PUMP-HEALTHY,2026-01-14T17:45:00,478.76,2981.68,100.45,2.67,61.69,49.05,23.48,42.74,running,1,0,2,12,0.7053,-1.0112,-2.6788,0
PUMP-HEALTHY,2026-01-14T17:50:00,481.63,3019.22,100.91,1.22,67.29,50.06,24.11,47.3,running,1,0,1,12,-1.4555,0.4557,5.5977,0
PUMP-HEALTHY,2026-01-14T17:55:00,479.99,2999.9,103.55,1.6,65.58,49.38,23.7,54.72,running,1,0,0,12,0.381,2.6481,-1.7083,0
PUMP-HEALTHY,2026-01-14T18:00:00,480.68,3017.12,104.04,1.71,64.9,48.47,23.3,48.92,running,1,0,2,12,0.108,0.4863,-0.6797,0
PUMP-HEALTHY,2026-01-14T18:05:00,483.88,2976.27,103.14,1.18,62.99,52.04,25.18,59.59,running,1,0,1,12,-0.5254,-0.9008,-1.9111,0
PUMP-HEALTHY,2026-01-14T18:10:00,482.49,2999.37,102.4,2.06,60.61,46.24,22.31,43.66,running,1,0,3,12,0.8773,-0.7348,-2.3841,0
PUMP-HEALTHY,2026-01-14T18:15:00,481.69,3015.79,104.86,2.76,64.11,48.04,23.14,41.3,running,1,0,1,12,0.7039,2.4521,3.5012,0
PUMP-HEALTHY,2026-01-14T18:20:00,477.55,2991.1,101.94,2.01,62.95,51.74,24.71,56.85,running,1,0,4,12,-0.7542,-2.9121,-1.1589,0
PUMP-HEALTHY,2026-01-14T18:25:00,475.79,3015.34,98.31,2.07,69.02,46.38,22.07,40.5,running,1,0,1,12,0.0599,-3.6354,6.0686,0
PUMP-HEALTHY,2026-01-14T18:30:00,480.96,3015.06,101.27,1.82,61.05,45.6,21.93,36.18,running,1,0,2,12,-0.2475,2.9641,-7.969,0
PUMP-HEALTHY,2026-01-14T18:35:00,475.38,3029.65,101.03,1.16,68.32,49.0,23.29,46.43,running,1,0,0,12,-0.6616,-0.2458,7.2694,0
PUMP-HEALTHY,2026-01-14T18:40:00,475.05,2994.88,101.31,1.5,65.07,49.72,23.62,59.35,running,1,0,3,12,0.3402,0.2858,-3.2481,0
PUMP-HEALTHY,2026-01-14T18:45:00,484.21,2998.22,98.32,1.86,61.31,47.97,23.23,37.31,running,1,0,1,12,0.3549,-2.9926,-3.7568,0
PUMP-HEALTHY,2026-01-14T18:50:00,477.99,3036.41,99.81,1.02,66.35,48.16,23.02,54.89,running,1,0,2,12,-0.8344,1.4924,5.0386,0
PUMP-HEALTHY,2026-01-14T18:55:00,481.22,3003.47,99.37,2.91,64.64,51.92,24.99,59.32,running,1,0,4,12,1.8861,-0.4387,-1.7122,0
PUMP-HEALTHY,2026-01-14T19:00:00,476.02,3018.7,98.31,2.19,68.08,50.36,23.97,55.2,running,1,0,4,12,-0.7215,-1.0594,3.4454,0
PUMP-HEALTHY,2026-01-14T19:05:00,482.35,3003.34,104.02,1.06,61.76,49.35,23.8,54.36,running,1,0,4,12,-1.1275,5.7094,-6.3204,0
PUMP-HEALTHY,2026-01-14T19:10:00,477.16,2959.6,98.1,2.12,60.38,48.97,23.37,43.94,running,1,0,3,12,1.0602,-5.9221,-1.3806,0
PUMP-HEALTHY,2026-01-14T19:15:00,483.75,2966.84,98.33,2.31,67.18,47.58,23.02,46.44,running,1,0,2,12,0.1888,0.229,6.7997,0
PUMP-HEALTHY,2026-01-14T19:20:00,483.85,3012.27,100.23,1.78,68.99,49.75,24.07,53.83,running,1,0,3,12,-0.5247,1.8954,1.8074,0
PUMP-HEALTHY,2026-01-14T19:25:00,483.76,3046.83,101.79,1.79,68.73,48.9,23.66,39.82,running,1,0,1,12,0.0103,1.5655,-0.2554,0
PUMP-HEALTHY,2026-01-14T19:30:00,484.81,2987.57,101.42,2.85,68.09,48.2,23.37,50.47,running,1,0,4,12,1.0591,-0.3746,-0.6409,0
PUMP-HEALTHY,2026-01-14T19:35:00,484.94,3041.37,100.71,1.54,66.13,50.95,24.71,48.98,running,1,0,4,12,-1.3158,-0.7068,-1.9685,0
PUMP-HEALTHY,2026-01-14T19:40:00,479.98,2959.69,103.88,2.83,66.36,46.06,22.11,42.19,running,1,0,0,12,1.2931,3.1705,0.2347,0
PUMP-HEALTHY,2026-01-14T19:45:00,479.37,2982.26,100.05,1.57,69.6,51.98,24.92,59.06,running,1,0,1,12,-1.2551,-3.8309,3.2415,0
PUMP-HEALTHY,2026-01-14T19:50:00,484.55,3025.65,99.94,1.12,67.02,48.69,23.59,42.83,running,1,0,4,12,-0.4504,-0.1135,-2.5858,0
PUMP-HEALTHY,2026-01-14T19:55:00,481.96,3045.17,101.48,1.08,62.76,51.08,24.62,56.56,running,1,0,0,12,-0.0477,1.5389,-4.2564,0
PUMP-HEALTHY,2026-01-14T20:00:00,477.85,2996.75,102.27,1.1,68.3,47.76,22.82,42.87,running,1,0,0,12,0.0256,0.7987,5.5442,0
PUMP-HEALTHY,2026-01-14T20:05:00,476.26,3015.49,102.04,1.32,64.55,45.63,21.73,41.57,running,1,0,0,12,0.2177,-0.2356,-3.749,0
PUMP-HEALTHY,2026-01-14T20:10:00,478.21,3013.06,98.35,2.71,68.95,50.41,24.11,48.64,running,1,0,3,12,1.3889,-3.6891,4.3958,0
PUMP-HEALTHY,2026-01-14T20:15:00,477.1,3004.21,103.42,2.08,61.8,46.97,22.41,42.69,running,1,0,0,12,-0.6246,5.0741,-7.1507,0
PUMP-HEALTHY,2026-01-14T20:20:00,479.44,2984.45,99.57,1.03,66.93,50.03,23.98,59.05,running,1,0,0,12,-1.0576,-3.8577,5.1352,0
PUMP-HEALTHY,2026-01-14T20:25:00,476.17,2982.95,99.77,1.16,68.01,48.36,23.03,48.82,running,1,0,0,12,0.1349,0.2044,1.0751,0
PUMP-HEALTHY,2026-01-14T20:30:00,482.2,2962.21,104.88,2.24,66.92,50.97,24.58,56.93,running,1,0,0,12,1.0835,5.1135,-1.0935,0
PUMP-HEALTHY,2026-01-14T20:35:00,483.22,2960.18,98.15,2.43,68.25,49.31,23.83,47.32,running,1,0,2,12,0.1816,-6.7292,1.3319,0
PUMP-HEALTHY,2026-01-14T20:40:00,475.68,2992.78,102.23,2.68,62.16,49.3,23.45,54.29,running,1,0,3,12,0.2493,4.0715,-6.0855,0
PUMP-HEALTHY,2026-01-14T20:45:00,480.62,3039.33,102.09,1.9,65.11,48.93,23.52,55.93,running,1,0,2,12,-0.7796,-0.1385,2.9466,0
PUMP-HEALTHY,2026-01-14T20:50:00,476.78,2970.37,98.34,2.96,63.67,48.17,22.97,39.97,running,1,0,0,12,1.0614,-3.7484,-1.4396,0
PUMP-HEALTHY,2026-01-14T20:55:00,477.04,2970.52,103.92,2.23,61.37,49.42,23.57,42.82,running,1,0,3,12,-0.7262,5.5782,-2.3006,0
PUMP-HEALTHY,2026-01-14T21:00:00,478.89,2978.72,99.33,1.59,69.68,48.56,23.25,43.75,running,1,0,2,12,-0.6363,-4.5894,8.3102,0
PUMP-HEALTHY,2026-01-14T21:05:00,481.93,3009.62,103.55,1.75,64.21,49.36,23.79,54.02,running,1,0,0,12,0.1507,4.2175,-5.4721,0
PUMP-HEALTHY,2026-01-14T21:10:00,484.16,2988.15,99.63,2.31,69.79,49.52,23.98,48.35,running,1,0,1,12,0.5605,-3.9164,5.5807,0
PUMP-HEALTHY,2026-01-14T21:15:00,477.4,3017.38,98.32,1.4,62.81,48.57,23.19,55.26,running,1,0,4,12,-0.9092,-1.3044,-6.976,0
PUMP-HEALTHY,2026-01-14T21:20:00,481.31,2973.93,102.63,1.77,67.69,48.31,23.25,43.11,running,1,0,0,12,0.3762,4.3053,4.8733,0
PUMP-HEALTHY,2026-01-14T21:25:00,477.59,2952.43,100.17,2.55,65.46,47.58,22.72,45.89,running,1,0,3,12,0.7764,-2.4576,-2.2225,0
PUMP-HEALTHY,2026-01-14T21:30:00,481.52,2988.87,103.17,1.93,64.77,48.38,23.3,47.66,running,1,0,0,12,-0.6213,2.9952,-0.6964,0
PUMP-HEALTHY,2026-01-14T21:35:00,478.57,3047.1,101.4,2.06,68.43,51.57,24.68,54.37,running,1,0,0,12,0.1316,-1.7688,3.665,0
PUMP-HEALTHY,2026-01-14T21:40:00,480.64,2952.95,102.26,2.99,65.42,47.68,22.92,42.37,running,1,0,0,12,0.9265,0.8622,-3.0113,0
PUMP-HEALTHY,2026-01-14T21:45:00,480.24,3042.22,98.97,1.01,65.07,50.32,24.16,50.63,running,1,0,1,12,-1.98,-3.2907,-0.35,0
PUMP-HEALTHY,2026-01-14T21:50:00,479.04,3002.74,104.9,1.35,66.49,46.22,22.14,36.7,running,1,0,0,12,0.3414,5.9261,1.4191,0
PUMP-HEALTHY,2026-01-14T21:55:00,478.78,3038.42,100.79,2.59,66.81,50.06,23.97,48.09,running,1,0,2,12,1.2377,-4.1037,0.3202,0
PUMP-HEALTHY,2026-01-14T22:00:00,482.27,2966.34,99.2,2.34,63.77,46.85,22.59,47.59,running,1,0,3,12,-0.2414,-1.5896,-3.035,0
PUMP-HEALTHY,2026-01-14T22:05:00,480.97,2965.68,100.0,2.33,66.1,48.85,23.5,46.41,running,1,0,4,12,-0.0123,0.7954,2.3221,0
PUMP-HEALTHY,2026-01-14T22:10:00,475.62,2971.21,101.91,1.01,65.46,51.3,24.4,56.26,running,1,0,3,12,-1.3229,1.913,-0.6358,0
PUMP-HEALTHY,2026-01-14T22:15:00,480.51,2954.45,103.74,2.89,68.97,47.52,22.83,48.35,running,1,0,4,12,1.8822,1.8281,3.5131,0
PUMP-HEALTHY,2026-01-14T22:20:00,478.77,3019.21,104.41,2.27,63.87,45.89,21.97,39.57,running,1,0,0,12,-0.6222,0.6724,-5.1049,0
PUMP-HEALTHY,2026-01-14T22:25:00,479.22,2992.25,103.09,1.6,63.2,50.65,24.27,51.0,running,1,0,1,12,-0.6735,-1.322,-0.6671,0
PUMP-HEALTHY,2026-01-14T22:30:00,481.4,3003.12,103.07,1.02,67.03,47.11,22.68,46.13,running,1,0,1,12,-0.5781,-0.0163,3.8253,0
PUMP-HEALTHY,2026-01-14T22:35:00,479.39,2962.67,103.14,2.75,65.28,48.32,23.17,35.58,running,1,0,2,12,1.7318,0.0711,-1.7521,0
PUMP-HEALTHY,2026-01-14T22:40:00,479.87,3045.05,98.69,2.26,64.4,48.64,23.34,52.86,running,1,0,3,12,-0.4855,-4.4557,-0.8789,0
PUMP-HEALTHY,2026-01-14T22:45:00,481.69,2988.77,98.96,1.96,66.02,49.79,23.98,59.14,running,1,0,4,12,-0.3025,0.2737,1.6268,0
PUMP-HEALTHY,2026-01-14T22:50:00,476.59,2972.6,103.65,1.7,68.64,47.9,22.83,46.94,running,1,0,0,12,-0.2572,4.6877,2.6173,0
PUMP-HEALTHY,2026-01-14T22:55:00,484.22,2994.05,99.92,2.83,62.53,45.17,21.87,35.34,running,1,0,3,12,1.1273,-3.7307,-6.1095,0
PUMP-HEALTHY,2026-01-14T23:00:00,476.39,3009.99,102.89,2.02,63.17,48.45,23.08,45.69,running,1,0,2,12,-0.809,2.9661,0.6354,0
PUMP-HEALTHY,2026-01-14T23:05:00,476.5,2983.41,103.52,1.8,61.75,47.24,22.51,39.47,running,1,0,3,12,-0.2182,0.6319,-1.4209,0
PUMP-HEALTHY,2026-01-14T23:10:00,479.72,2977.13,101.03,1.05,63.14,48.17,23.11,54.34,running,1,0,1,12,-0.7569,-2.4836,1.3991,0
PUMP-HEALTHY,2026-01-14T23:15:00,480.57,3017.09,101.68,2.98,66.16,51.3,24.65,55.09,running,1,0,3,12,1.9311,0.6451,3.0171,0
PUMP-HEALTHY,2026-01-14T23:20:00,476.38,2985.82,104.17,1.85,65.01,48.15,22.94,45.53,running,1,0,0,12,-1.1316,2.4889,-1.1516,0
PUMP-HEALTHY,2026-01-14T23:25:00,477.27,2990.14,101.48,2.28,60.52,48.99,23.38,57.85,running,1,0,2,12,0.4364,-2.6875,-4.4919,0
PUMP-HEALTHY,2026-01-14T23:30:00,483.32,3007.96,100.87,1.96,66.27,46.19,22.32,35.1,running,1,0,3,12,-0.3208,-0.6077,5.7509,0
PUMP-HEALTHY,2026-01-14T23:35:00,479.13,2978.54,100.73,2.66,65.85,47.32,22.67,45.85,running,1,0,0,12,0.6938,-0.1404,-0.4143,0
PUMP-HEALTHY,2026-01-14T23:40:00,475.06,3009.73,101.01,1.71,66.66,49.05,23.3,56.83,running,1,0,1,12,-0.9447,0.2753,0.8054,0
PUMP-HEALTHY,2026-01-14T23:45:00,475.39,2959.61,104.2,2.74,68.54,47.44,22.55,38.26,running,1,0,1,12,1.0273,3.1878,1.882,0
PUMP-HEALTHY,2026-01-14T23:50:00,483.04,2950.42,102.53,1.36,67.14,48.78,23.56,43.5,running,1,0,3,12,-1.3768,-1.6686,-1.4013,0
PUMP-HEALTHY,2026-01-14T23:55:00,481.87,3032.45,98.4,2.55,61.98,48.91,23.57,37.73,running,1,0,3,12,1.1857,-4.1315,-5.1579,0
PUMP-HEALTHY,2026-01-15T00:00:00,480.7,2960.6,103.25,1.12,65.32,50.37,24.21,51.7,running,1,0,3,12,-1.4292,4.8509,3.3392,0
PUMP-HEALTHY,2026-01-15T00:05:00,475.93,3016.89,99.77,2.28,63.58,49.87,23.73,58.76,running,1,0,3,12,1.1604,-3.4766,-1.7461,0
PUMP-HEALTHY,2026-01-15T00:10:00,484.08,2975.72,100.17,2.15,63.07,49.02,23.73,51.79,running,1,0,2,12,-0.128,0.401,-0.5099,0
PUMP-HEALTHY,2026-01-15T00:15:00,475.61,2981.99,99.35,2.0,64.9,48.08,22.87,56.24,running,1,0,4,12,-0.1524,-0.8235,1.8374,0
PUMP-HEALTHY,2026-01-15T00:20:00,478.74,3007.3,100.47,2.43,69.82,50.64,24.24,58.85,running,1,0,4,12,0.4359,1.1193,4.9196,0
PUMP-HEALTHY,2026-01-15T00:25:00,479.94,2981.64,104.52,1.37,62.6,45.99,22.07,36.74,running,1,0,4,12,-1.0595,4.0575,-7.2198,0
PUMP-HEALTHY,2026-01-15T00:30:00,482.38,3034.05,99.15,1.46,68.06,48.64,23.46,37.47,running,1,0,1,12,0.0822,-5.3711,5.4549,0
PUMP-HEALTHY,2026-01-15T00:35:00,481.27,3049.63,102.22,1.99,67.05,48.83,23.5,42.37,running,1,0,1,12,0.5332,3.0688,-1.0092,0
PUMP-HEALTHY,2026-01-15T00:40:00,480.93,2980.91,102.75,2.05,69.49,51.27,24.66,57.88,running,1,0,0,12,0.0606,0.5321,2.4379,0
PUMP-HEALTHY,2026-01-15T00:45:00,477.95,3035.68,101.31,1.91,62.62,48.57,23.21,50.91,running,1,0,1,12,-0.1418,-1.4466,-6.8687,0
PUMP-HEALTHY,2026-01-15T00:50:00,482.87,3028.92,103.64,1.42,67.74,48.18,23.27,37.57,running,1,0,0,12,-0.4867,2.3312,5.1173,0
PUMP-HEALTHY,2026-01-15T00:55:00,475.22,3009.64,101.1,1.58,69.84,47.32,22.49,50.34,running,1,0,2,12,0.161,-2.5422,2.1074,0
PUMP-HEALTHY,2026-01-15T01:00:00,476.31,2962.87,98.89,1.71,63.49,50.59,24.1,50.11,running,1,0,1,12,0.1278,-2.2095,-6.3564,0
PUMP-HEALTHY,2026-01-15T01:05:00,477.84,3009.21,98.01,2.29,64.7,47.05,22.48,49.32,running,1,0,2,12,0.5755,-0.8742,1.2092,0
PUMP-HEALTHY,2026-01-15T01:10:00,477.29,3017.85,100.46,1.76,69.61,50.98,24.33,51.27,running,1,0,2,12,-0.5287,2.4429,4.9169,0
PUMP-HEALTHY,2026-01-15T01:15:00,477.75,3021.67,101.27,1.05,67.72,48.59,23.21,45.36,running,1,0,4,12,-0.7042,0.8166,-1.8909,0
PUMP-HEALTHY,2026-01-15T01:20:00,478.29,3014.85,99.67,2.87,65.4,51.35,24.56,54.59,running,1,0,3,12,1.8123,-1.6012,-2.323,0
PUMP-HEALTHY,2026-01-15T01:25:00,477.09,3019.1,103.83,1.31,61.64,50.1,23.9,50.93,running,1,0,1,12,-1.5538,4.1587,-3.7634,0
PUMP-HEALTHY,2026-01-15T01:30:00,475.95,3016.0,98.55,1.51,67.68,50.37,23.97,59.37,running,1,0,3,12,0.2,-5.2781,6.0463,0
PUMP-HEALTHY,2026-01-15T01:35:00,475.52,2955.82,103.99,1.89,66.22,51.07,24.29,58.68,running,1,0,3,12,0.3758,5.439,-1.4645,0
PUMP-HEALTHY,2026-01-15T01:40:00,481.69,2968.55,100.83,2.86,67.14,51.88,24.99,56.84,running,1,0,3,12,0.9755,-3.1575,0.9208,0
PUMP-HEALTHY,2026-01-15T01:45:00,476.53,3045.78,101.47,2.05,62.55,48.15,22.94,47.28,running,1,0,1,12,-0.8128,0.6396,-4.5846,0
PUMP-HEALTHY,2026-01-15T01:50:00,479.41,3042.46,101.49,2.33,61.63,49.38,23.67,59.26,running,1,0,1,12,0.2766,0.0191,-0.9225,0
PUMP-HEALTHY,2026-01-15T01:55:00,478.89,3030.55,103.68,1.6,62.77,47.41,22.7,37.69,running,1,0,4,12,-0.726,2.184,1.1403,0
PUMP-HEALTHY,2026-01-15T02:00:00,484.14,2995.24,103.03,2.14,65.27,47.03,22.77,44.99,running,1,0,2,12,0.5363,-0.6478,2.502,0
PUMP-HEALTHY,2026-01-15T02:05:00,476.05,3010.33,102.04,1.33,69.29,49.18,23.41,46.16,running,1,0,0,12,-0.8055,-0.9865,4.0121,0
PUMP-HEALTHY,2026-01-15T02:10:00,478.61,2983.15,99.57,2.92,60.71,49.39,23.64,51.19,running,1,0,1,12,1.5905,-2.4739,-8.5784,0
PUMP-HEALTHY,2026-01-15T02:15:00,481.41,3031.73,100.31,1.77,60.64,51.16,24.63,55.8,running,1,0,0,12,-1.1565,0.7391,-0.071,0
PUMP-HEALTHY,2026-01-15T02:20:00,476.42,3030.26,103.61,2.57,61.72,47.61,22.68,48.21,running,1,0,4,12,0.8059,3.3061,1.0796,0
PUMP-HEALTHY,2026-01-15T02:25:00,481.7,3025.53,104.15,1.11,60.05,45.49,21.91,38.02,running,1,0,0,12,-1.459,0.5328,-1.6653,0
PUMP-HEALTHY,2026-01-15T02:30:00,483.75,3028.56,99.35,2.23,60.03,52.21,25.26,57.51,running,1,0,4,12,1.1153,-4.7922,-0.022,0
PUMP-HEALTHY,2026-01-15T02:35:00,477.08,3023.02,101.27,2.15,68.28,48.3,23.04,39.19,running,1,0,3,12,-0.077,1.9207,8.2526,0
PUMP-HEALTHY,2026-01-15T02:40:00,482.75,2967.9,104.38,2.35,64.76,45.71,22.07,39.86,running,1,0,2,12,0.2016,3.1021,-3.5232,0
PUMP-HEALTHY,2026-01-15T02:45:00,482.6,2970.64,101.44,2.72,60.26,48.39,23.35,43.13,running,1,0,2,12,0.3658,-2.9318,-4.4944,0
PUMP-HEALTHY,2026-01-15T02:50:00,477.51,3010.87,103.66,2.6,65.94,49.27,23.53,49.11,running,1,0,3,12,-0.1199,2.2205,5.6743,0
PUMP-HEALTHY,2026-01-15T02:55:00,476.76,2976.27,99.42,1.56,69.66,51.16,24.39,58.7,running,1,0,0,12,-1.0427,-4.2469,3.7214,0
PUMP-HEALTHY,2026-01-15T03:00:00,483.44,2995.05,104.46,2.33,64.14,48.67,23.53,43.29,running,1,0,4,12,0.7756,5.0466,-5.5183,0
PUMP-HEALTHY,2026-01-15T03:05:00,476.56,2958.87,104.36,2.58,69.38,46.54,22.18,37.24,running,1,0,3,12,0.2491,-0.109,5.2367,0
PUMP-HEALTHY,2026-01-15T03:10:00,478.55,2960.54,99.94,2.48,64.14,48.77,23.34,58.78,running,1,0,3,12,-0.097,-4.4104,-5.2345,0
PUMP-HEALTHY,2026-01-15T03:15:00,481.86,3029.62,104.78,2.44,60.55,46.76,22.53,41.76,running,1,0,1,12,-0.0438,4.8356,-3.5966,0
PUMP-HEALTHY,2026-01-15T03:20:00,478.92,2987.2,101.18,2.39,64.61,48.67,23.31,45.48,running,1,0,2,12,-0.0511,-3.6052,4.0685,0
PUMP-HEALTHY,2026-01-15T03:25:00,482.46,3038.24,103.08,2.18,64.77,49.22,23.75,59.35,running,1,0,4,12,-0.2129,1.9006,0.1517,0
PUMP-HEALTHY,2026-01-15T03:30:00,478.24,2952.1,103.27,2.45,62.41,47.53,22.73,36.36,running,1,0,1,12,0.2772,0.1904,-2.353,0
PUMP-HEALTHY,2026-01-15T03:35:00,476.17,3020.3,102.46,2.73,68.38,51.55,24.55,55.94,running,1,0,3,12,0.2745,-0.8109,5.9655,0
PUMP-HEALTHY,2026-01-15T03:40:00,477.2,3033.53,98.09,1.41,68.75,47.57,22.7,42.41,running,1,0,4,12,-1.3199,-4.3664,0.3734,0
PUMP-HEALTHY,2026-01-15T03:45:00,475.7,3039.1,100.93,2.16,60.62,49.13,23.37,49.39,running,1,0,3,12,0.7499,2.8362,-8.1279,0
PUMP-HEALTHY,2026-01-15T03:50:00,476.12,3034.22,101.02,1.24,66.04,48.36,23.02,40.51,running,1,0,0,12,-0.914,0.0978,5.4149,0
PUMP-HEALTHY,2026-01-15T03:55:00,477.69,2961.96,102.6,2.15,68.55,48.65,23.24,46.73,running,1,0,4,12,0.9047,1.5756,2.5097,0
PUMP-HEALTHY,2026-01-15T04:00:00,484.79,2991.24,98.23,2.86,63.87,46.76,22.67,36.22,running,1,0,1,12,0.7119,-4.3725,-4.6762,0
PUMP-HEALTHY,2026-01-15T04:05:00,476.5,3036.28,101.58,1.04,66.7,48.28,23.01,47.25,running,1,0,4,12,-1.8234,3.3529,2.8229,0
PUMP-HEALTHY,2026-01-15T04:10:00,480.39,3040.63,99.07,2.56,64.55,51.08,24.54,50.54,running,1,0,3,12,1.5186,-2.507,-2.1426,0
PUMP-HEALTHY,2026-01-15T04:15:00,484.96,2994.7,99.78,2.0,69.39,49.26,23.89,40.86,running,1,0,3,12,-0.5509,0.7035,4.8354,0
PUMP-HEALTHY,2026-01-15T04:20:00,475.65,2982.45,101.42,1.67,69.88,47.26,22.48,35.4,running,1,0,1,12,-0.3385,1.6414,0.4918,0
PUMP-HEALTHY,2026-01-15T04:25:00,478.85,3035.79,103.09,1.18,68.35,48.98,23.45,44.55,running,1,0,0,12,-0.4902,1.6709,-1.527,0
PUMP-HEALTHY,2026-01-15T04:30:00,480.36,3040.63,99.28,1.59,68.32,48.15,23.13,42.71,running,1,0,0,12,0.4119,-3.8102,-0.0303,0
PUMP-HEALTHY,2026-01-15T04:35:00,481.41,2994.94,100.94,1.65,65.68,48.1,23.16,51.75,running,1,0,0,12,0.0646,1.6634,-2.6437,0
PUMP-HEALTHY,2026-01-15T04:40:00,478.74,3007.01,102.47,1.94,65.39,48.25,23.1,54.91,running,1,0,2,12,0.2863,1.5298,-0.2921,0
PUMP-HEALTHY,2026-01-15T04:45:00,476.06,3022.71,102.96,1.76,65.8,45.18,21.51,35.59,running,1,0,3,12,-0.176,0.4933,0.4153,0
PUMP-HEALTHY,2026-01-15T04:50:00,482.34,2978.14,99.83,2.54,66.82,48.27,23.28,48.66,running,1,0,2,12,0.7776,-3.1321,1.0214,0
PUMP-HEALTHY,2026-01-15T04:55:00,484.08,2999.45,101.95,1.19,68.65,47.75,23.11,50.65,running,1,0,4,12,-1.3537,2.1204,1.8302,0
PUMP-HEALTHY,2026-01-15T05:00:00,480.97,2952.11,101.5,2.99,69.57,46.3,22.27,36.25,running,1,0,2,12,1.8007,-0.4487,0.9184,0
PUMP-HEALTHY,2026-01-15T05:05:00,478.08,2958.07,104.28,1.85,67.23,46.48,22.22,37.4,running,1,0,4,12,-1.1336,2.7716,-2.347,0
PUMP-HEALTHY,2026-01-15T05:10:00,477.78,3047.03,100.86,2.73,60.5,49.85,23.82,59.23,running,1,0,4,12,0.8776,-3.4108,-6.7236,0
PUMP-HEALTHY,2026-01-15T05:15:00,476.54,3049.89,98.08,2.25,64.8,49.57,23.62,52.79,running,1,0,1,12,-0.4847,-2.7831,4.2947,0
PUMP-HEALTHY,2026-01-15T05:20:00,477.85,2950.68,99.61,1.39,63.66,49.56,23.68,53.66,running,1,0,4,12,-0.8516,1.5318,-1.1412,0
PUMP-HEALTHY,2026-01-15T05:25:00,480.58,2993.52,103.41,2.37,66.11,49.07,23.58,50.84,running,1,0,4,12,0.9779,3.7989,2.4527,0
PUMP-HEALTHY,2026-01-15T05:30:00,477.7,3046.53,100.42,2.01,62.12,48.89,23.35,59.89,running,1,0,1,12,-0.3604,-2.9886,-3.989,0
PUMP-HEALTHY,2026-01-15T05:35:00,483.61,3030.98,99.63,1.52,66.23,45.78,22.14,38.35,running,1,0,3,12,-0.4874,-0.7968,4.109,0
PUMP-HEALTHY,2026-01-15T05:40:00,475.55,2982.74,100.14,2.36,64.23,47.17,22.43,39.31,running,1,0,2,12,0.8333,0.5148,-2.0012,0
PUMP-HEALTHY,2026-01-15T05:45:00,476.99,2977.83,101.77,1.36,62.41,47.37,22.59,50.84,running,1,0,3,12,-0.9943,1.6259,-1.816,0
PUMP-HEALTHY,2026-01-15T05:50:00,479.05,2977.65,98.7,2.93,68.7,47.17,22.6,37.57,running,1,0,2,12,1.5676,-3.0699,6.2905,0
PUMP-HEALTHY,2026-01-15T05:55:00,483.06,2974.84,104.34,1.41,63.62,47.69,23.04,47.61,running,1,0,2,12,-1.5217,5.6421,-5.0848,0
PUMP-HEALTHY,2026-01-15T06:00:00,483.97,3031.58,99.05,2.96,62.2,46.89,22.69,41.97,running,1,0,4,12,1.5517,-5.2921,-1.4125,0
PUMP-HEALTHY,2026-01-15T06:05:00,478.49,3024.22,103.54,2.77,63.26,48.35,23.13,45.93,running,1,0,2,12,-0.1896,4.4936,1.0553,0
PUMP-HEALTHY,2026-01-15T06:10:00,475.19,2992.03,99.81,2.38,67.71,47.32,22.49,53.01,running,1,0,1,12,-0.3901,-3.728,4.454,0
PUMP-HEALTHY,2026-01-15T06:15:00,481.13,2979.26,101.33,2.36,61.59,47.56,22.88,44.48,running,1,0,1,12,-0.0241,1.5178,-6.1206,0
PUMP-HEALTHY,2026-01-15T06:20:00,480.77,3036.73,103.24,1.05,64.28,50.27,24.17,53.82,running,1,0,3,12,-1.3109,1.9131,2.6854,0
PUMP-HEALTHY,2026-01-15T06:25:00,482.24,2988.05,101.67,1.73,65.38,48.75,23.51,55.66,running,1,0,0,12,0.6878,-1.579,1.1072,0
PUMP-HEALTHY,2026-01-15T06:30:00,484.72,3049.36,100.61,1.04,60.84,46.13,22.36,39.95,running,1,0,1,12,-0.6942,-1.0521,-4.5413,0
PUMP-HEALTHY,2026-01-15T06:35:00,483.36,3026.7,103.81,2.75,69.37,50.28,24.3,46.1,running,1,0,4,12,1.7086,3.1931,8.5285,0
PUMP-HEALTHY,2026-01-15T06:40:00,480.09,3017.56,99.48,1.98,62.36,48.65,23.35,45.99,running,1,0,0,12,-0.7737,-4.3252,-7.0084,0
PUMP-HEALTHY,2026-01-15T06:45:00,483.62,3019.03,103.94,1.5,61.84,51.01,24.67,58.38,running,1,0,1,12,-0.4788,4.4638,-0.5206,0
PUMP-HEALTHY,2026-01-15T06:50:00,481.55,3027.66,104.89,2.74,63.9,49.96,24.06,55.69,running,1,0,3,12,1.2414,0.9466,2.0604,0
PUMP-HEALTHY,2026-01-15T06:55:00,482.92,2988.89,103.65,1.66,61.59,47.55,22.96,43.19,running,1,0,4,12,-1.0734,-1.2461,-2.3181,0
PUMP-HEALTHY,2026-01-15T07:00:00,484.65,3015.68,103.49,2.54,68.31,50.93,24.68,51.92,running,1,0,3,12,0.8789,-0.1506,6.7259,0
PUMP-HEALTHY,2026-01-15T07:05:00,476.22,3001.78,101.13,2.12,68.82,49.34,23.5,44.4,running,1,0,1,12,-0.4252,-2.3615,0.5127,0
PUMP-HEALTHY,2026-01-15T07:10:00,481.05,2976.3,98.52,2.9,66.58,48.84,23.5,48.23,running,1,0,3,12,0.7843,-2.6133,-2.2436,0
PUMP-HEALTHY,2026-01-15T07:15:00,476.46,3008.22,105.0,1.76,63.06,46.87,22.33,39.64,running,1,0,0,12,-1.1469,6.4798,-3.5189,0
PUMP-HEALTHY,2026-01-15T07:20:00,482.5,2974.55,102.56,2.27,63.6,49.81,24.03,49.96,running,1,0,1,12,0.5125,-2.443,0.5417,0
PUMP-HEALTHY,2026-01-15T07:25:00,478.16,2953.46,102.07,2.23,60.73,45.78,21.89,40.36,running,1,0,0,12,-0.041,-0.4876,-2.8698,0
PUMP-HEALTHY,2026-01-15T07:30:00,481.77,3044.32,104.23,2.52,65.19,46.3,22.31,44.59,running,1,0,0,12,0.2924,2.1582,4.4567,0
PUMP-HEALTHY,2026-01-15T07:35:00,479.6,2978.23,103.21,2.83,62.04,47.05,22.56,45.01,running,1,0,4,12,0.3088,-1.0152,-3.1465,0
PUMP-HEALTHY,2026-01-15T07:40:00,481.5,3048.16,102.64,1.57,67.82,48.86,23.53,41.8,running,1,0,1,12,-1.2558,-0.5754,5.7772,0
PUMP-HEALTHY,2026-01-15T07:45:00,476.74,3035.89,103.0,1.99,64.96,49.36,23.53,45.42,running,1,0,0,12,0.4163,0.3613,-2.8627,0
PUMP-HEALTHY,2026-01-15T07:50:00,482.15,2957.59,104.46,1.11,63.04,47.97,23.13,47.81,running,1,0,3,12,-0.8791,1.4579,-1.9135,0
PUMP-HEALTHY,2026-01-15T07:55:00,480.7,2998.82,104.71,1.75,67.16,46.0,22.11,41.54,running,1,0,0,12,0.642,0.2542,4.1154,0
PUMP-HEALTHY,2026-01-15T08:00:00,475.66,3002.56,103.23,1.56,61.66,48.16,22.91,37.29,running,1,0,1,12,-0.1931,-1.4818,-5.4984,0
PUMP-HEALTHY,2026-01-15T08:05:00,484.65,2985.68,102.84,1.62,60.07,47.69,23.11,36.43,running,1,0,4,12,0.0598,-0.3858,-1.5876,0
PUMP-HEALTHY,2026-01-15T08:10:00,476.13,3028.66,98.12,1.36,62.44,48.03,22.87,38.51,running,1,0,0,12,-0.2629,-4.7235,2.3713,0
PUMP-HEALTHY,2026-01-15T08:15:00,480.33,3011.1,99.17,1.83,60.24,47.03,22.59,41.54,running,1,0,3,12,0.4735,1.0486,-2.2019,0
PUMP-HEALTHY,2026-01-15T08:20:00,475.89,3038.82,98.72,2.15,62.25,48.24,22.96,58.35,running,1,0,4,12,0.3206,-0.4468,2.0094,0
PUMP-HEALTHY,2026-01-15T08:25:00,481.59,2968.09,100.27,1.45,68.67,45.98,22.14,39.25,running,1,0,3,12,-0.6986,1.5465,6.4219,0
PUMP-HEALTHY,2026-01-15T08:30:00,484.55,2967.66,103.95,2.31,65.6,51.82,25.11,56.18,running,1,0,2,12,0.8543,3.687,-3.0742,0
PUMP-HEALTHY,2026-01-15T08:35:00,478.88,2988.75,104.06,1.47,64.03,50.4,24.13,58.39,running,1,0,2,12,-0.8329,0.1031,-1.5704,0
PUMP-HEALTHY,2026-01-15T08:40:00,478.64,3019.61,102.0,2.1,64.34,48.8,23.36,56.06,running,1,0,1,12,0.6304,-2.0573,0.3092,0
PUMP-HEALTHY,2026-01-15T08:45:00,477.41,2970.68,98.19,2.91,67.1,47.28,22.57,45.53,running,1,0,4,12,0.8066,-3.8093,2.7635,0
PUMP-HEALTHY,2026-01-15T08:50:00,477.72,3043.84,101.4,1.07,68.94,50.35,24.05,51.64,running,1,0,1,12,-1.8384,3.2069,1.8411,0
PUMP-HEALTHY,2026-01-15T08:55:00,481.58,2952.93,100.77,1.41,68.65,51.97,25.03,58.36,running,1,0,0,12,0.335,-0.6268,-0.2942,0
PUMP-HEALTHY,2026-01-15T09:00:00,479.78,2959.34,103.9,1.68,66.32,47.52,22.8,45.49,running,1,0,3,12,0.2699,3.1267,-2.3318,0
PUMP-HEALTHY,2026-01-15T09:05:00,477.25,3048.03,104.69,1.72,62.78,45.47,21.7,40.53,running,1,0,0,12,0.0479,0.7942,-3.5382,0
PUMP-HEALTHY,2026-01-15T09:10:00,475.28,3005.26,98.71,1.28,63.77,45.9,21.81,44.01,running,1,0,0,12,-0.4406,-5.9778,0.9924,0
PUMP-HEALTHY,2026-01-15T09:15:00,477.68,2986.27,104.76,2.56,62.25,47.79,22.83,41.39,running,1,0,2,12,1.2799,6.0418,-1.5204,0
PUMP-HEALTHY,2026-01-15T09:20:00,480.11,3017.55,103.03,1.58,68.6,46.25,22.2,42.19,running,1,0,4,12,-0.9822,-1.7257,6.352,0
PUMP-HEALTHY,2026-01-15T09:25:00,475.21,2971.36,98.02,1.75,63.48,48.79,23.19,50.0,running,1,0,0,12,0.1697,-5.0146,-5.1229,0
PUMP-HEALTHY,2026-01-15T09:30:00,483.43,2961.21,101.41,1.7,64.56,49.81,24.08,43.59,running,1,0,3,12,-0.0525,3.3909,1.0838,0
PUMP-HEALTHY,2026-01-15T09:35:00,483.15,2996.15,102.44,2.6,62.81,46.55,22.49,37.35,running,1,0,4,12,0.9067,1.0318,-1.7587,0
PUMP-HEALTHY,2026-01-15T09:40:00,481.27,2978.38,99.37,2.21,64.31,49.84,23.99,45.62,running,1,0,3,12,-0.3966,-3.064,1.5072,0
PUMP-HEALTHY,2026-01-15T09:45:00,482.85,2966.47,99.0,1.01,68.45,52.71,25.45,58.64,running,1,0,1,12,-1.2012,-0.3787,4.1403,0
PUMP-HEALTHY,2026-01-15T09:50:00,478.83,3017.36,99.59,1.98,67.52,45.77,21.91,37.21,running,1,0,3,12,0.9688,0.5971,-0.9324,0
PUMP-HEALTHY,2026-01-15T09:55:00,476.15,3040.69,104.55,2.88,63.37,45.46,21.64,36.61,running,1,0,4,12,0.8996,4.9569,-4.1496,0
PUMP-HEALTHY,2026-01-15T10:00:00,484.61,2954.97,102.4,2.8,69.8,49.32,23.9,52.97,running,1,0,3,12,-0.0799,-2.1523,6.4295,0
PUMP-HEALTHY,2026-01-15T10:05:00,484.11,2975.43,103.68,2.38,65.94,48.07,23.27,40.08,running,1,0,0,12,-0.4196,1.2832,-3.8656,0
PUMP-HEALTHY,2026-01-15T10:10:00,480.65,3044.04,99.83,1.11,65.22,47.27,22.72,41.6,running,1,0,1,12,-1.2625,-3.8527,-0.7199,0
PUMP-HEALTHY,2026-01-15T10:15:00,479.18,2993.97,98.79,1.12,64.28,46.44,22.25,39.19,running,1,0,1,12,0.0051,-1.0411,-0.9362,0
PUMP-HEALTHY,2026-01-15T10:20:00,481.61,2958.03,99.78,1.19,64.21,51.09,24.61,59.85,running,1,0,0,12,0.0681,0.9958,-0.0663,0
PUMP-HEALTHY,2026-01-15T10:25:00,479.92,2976.59,98.22,1.78,69.77,46.46,22.3,46.23,running,1,0,1,12,0.5901,-1.5612,5.562,0
PUMP-HEALTHY,2026-01-15T10:30:00,480.54,2994.56,102.29,1.42,68.48,50.16,24.1,53.57,running,1,0,4,12,-0.3542,4.0739,-1.2964,0
PUMP-HEALTHY,2026-01-15T10:35:00,476.64,3008.5,102.56,2.95,64.34,47.76,22.76,37.73,running,1,0,2,12,1.5286,0.2671,-4.1376,0
PUMP-HEALTHY,2026-01-15T10:40:00,478.86,3022.09,103.86,3.0,63.76,49.56,23.73,46.59,running,1,0,0,12,0.0487,1.295,-0.5804,0
PUMP-HEALTHY,2026-01-15T10:45:00,480.55,3042.17,98.41,2.36,66.49,52.61,25.28,59.97,running,1,0,4,12,-0.6389,-5.4512,2.7275,0
PUMP-HEALTHY,2026-01-15T10:50:00,480.8,2965.52,101.28,1.03,65.8,50.4,24.23,57.1,running,1,0,2,12,-1.3298,2.8738,-0.6865,0
PUMP-HEALTHY,2026-01-15T10:55:00,481.29,3026.47,98.75,1.48,66.76,47.83,23.02,38.83,running,1,0,4,12,0.4456,-2.5301,0.9606,0
PUMP-HEALTHY,2026-01-15T11:00:00,482.61,2983.73,101.95,2.07,69.65,50.64,24.44,56.53,running,1,0,2,12,0.5966,3.2015,2.8834,0
PUMP-HEALTHY,2026-01-15T11:05:00,476.86,3035.62,103.67,2.54,68.82,49.22,23.47,56.26,running,1,0,1,12,0.4693,1.7143,-0.8276,0
PUMP-HEALTHY,2026-01-15T11:10:00,483.9,3023.4,101.79,2.62,62.27,49.84,24.12,57.53,running,1,0,3,12,0.081,-1.8764,-6.5477,0
PUMP-HEALTHY,2026-01-15T11:15:00,479.64,2990.18,99.0,2.38,60.65,48.65,23.34,56.63,running,1,0,3,12,-0.2464,-2.7926,-1.6183,0
PUMP-HEALTHY,2026-01-15T11:20:00,483.81,3007.86,98.25,1.71,64.85,52.03,25.17,59.29,running,1,0,0,12,-0.6693,-0.7512,4.1987,0
PUMP-HEALTHY,2026-01-15T11:25:00,483.5,3009.11,104.92,1.23,63.09,50.08,24.21,47.75,running,1,0,2,12,-0.4753,6.6733,-1.7563,0
PUMP-HEALTHY,2026-01-15T11:30:00,477.46,3027.17,104.48,1.63,68.01,47.65,22.75,45.33,running,1,0,4,12,0.4021,-0.4381,4.9158,0
PUMP-HEALTHY,2026-01-15T11:35:00,476.63,2987.71,103.16,1.45,67.16,48.86,23.29,40.46,running,1,0,0,12,-0.1817,-1.3222,-0.8499,0
PUMP-HEALTHY,2026-01-15T11:40:00,476.91,3036.17,102.31,2.14,69.88,47.13,22.48,43.16,running,1,0,0,12,0.6888,-0.8474,2.723,0
PUMP-HEALTHY,2026-01-15T11:45:00,484.24,2976.56,102.8,1.62,60.21,48.74,23.6,46.21,running,1,0,4,12,-0.5256,0.486,-9.6724,0
PUMP-HEALTHY,2026-01-15T11:50:00,482.8,2994.4,103.67,2.09,66.41,48.04,23.19,53.71,running,1,0,0,12,0.4782,0.878,6.1988,0
PUMP-HEALTHY,2026-01-15T11:55:00,480.83,2997.08,98.05,2.36,61.86,48.44,23.29,40.94,running,1,0,1,12,0.2668,-5.6226,-4.5485,0
PUMP-HEALTHY,2026-01-15T12:00:00,479.62,3003.41,98.47,2.94,65.26,46.6,22.35,41.57,running,1,0,3,12,0.5786,0.4196,3.3945,0
PUMP-HEALTHY,2026-01-15T12:05:00,482.16,3030.48,103.25,1.29,61.24,48.96,23.61,37.72,running,1,0,1,12,-1.6542,4.7756,-4.012,0
PUMP-HEALTHY,2026-01-15T12:10:00,475.25,2970.5,101.23,1.96,67.91,46.31,22.01,40.72,running,1,0,2,12,0.6772,-2.0184,6.6681,0
PUMP-HEALTHY,2026-01-15T12:15:00,484.32,3029.35,100.92,1.61,69.03,49.37,23.91,59.75,running,1,0,4,12,-0.3523,-0.3059,1.1157,0
PUMP-HEALTHY,2026-01-15T12:20:00,478.27,2967.61,100.82,1.95,67.26,47.69,22.81,35.34,running,1,0,1,12,0.3362,-0.1059,-1.7656,0
PUMP-HEALTHY,2026-01-15T12:25:00,480.49,2954.53,100.09,2.34,64.74,51.21,24.61,53.4,running,1,0,0,12,0.389,-0.7295,-2.5223,0
PUMP-HEALTHY,2026-01-15T12:30:00,480.19,3046.8,104.23,2.58,62.65,47.36,22.74,36.71,running,1,0,1,12,0.2486,4.1428,-2.0932,0
PUMP-HEALTHY,2026-01-15T12:35:00,477.81,3044.8,103.65,1.37,65.27,45.15,21.57,39.26,running,1,0,0,12,-1.2152,-0.5853,2.6226,0
PUMP-HEALTHY,2026-01-15T12:40:00,484.28,3031.15,101.2,2.53,64.34,46.61,22.57,40.04,running,1,0,0,12,1.159,-2.4424,-0.9293,0
PUMP-HEALTHY,2026-01-15T12:45:00,476.9,3041.09,103.34,2.18,62.01,47.42,22.61,53.61,running,1,0,0,12,-0.3493,2.1392,-2.3251,0
PUMP-HEALTHY,2026-01-15T12:50:00,482.76,3014.22,103.51,1.46,65.68,49.08,23.7,51.36,running,1,0,1,12,-0.7192,0.168,3.6626,0
PUMP-HEALTHY,2026-01-15T12:55:00,482.25,2969.76,102.83,1.81,68.1,46.34,22.35,40.09,running,1,0,1,12,0.3545,-0.6767,2.422,0
PUMP-HEALTHY,2026-01-15T13:00:00,481.36,3030.98,103.47,1.21,60.75,46.8,22.53,43.63,running,1,0,4,12,-0.6077,0.6336,-7.347,0
PUMP-HEALTHY,2026-01-15T13:05:00,480.35,2953.42,99.22,1.4,64.87,48.77,23.43,45.2,running,1,0,3,12,0.1937,-4.2423,4.1149,0
PUMP-HEALTHY,2026-01-15T13:10:00,482.59,2995.51,98.09,2.02,63.1,50.88,24.55,59.85,running,1,0,2,12,0.6216,-1.131,-1.7691,0
PUMP-HEALTHY,2026-01-15T13:15:00,480.31,2957.1,100.37,1.06,65.88,48.35,23.22,45.44,running,1,0,1,12,-0.9612,2.2761,2.7789,0
PUMP-HEALTHY,2026-01-15T13:20:00,479.44,3013.37,102.21,2.08,69.06,50.57,24.25,49.18,running,1,0,1,12,1.0195,1.8426,3.1805,0
PUMP-HEALTHY,2026-01-15T13:25:00,484.66,3029.28,103.51,2.29,65.17,48.21,23.36,41.85,running,1,0,3,12,0.2124,1.2979,-3.8881,0
PUMP-HEALTHY,2026-01-15T13:30:00,480.9,3022.91,99.7,2.93,61.74,48.88,23.51,45.97,running,1,0,0,12,0.6405,-3.8092,-3.4256,0
PUMP-HEALTHY,2026-01-15T13:35:00,478.41,3029.98,102.7,2.58,67.52,45.42,21.73,40.78,running,1,0,0,12,-0.3568,3.0034,5.7811,0
PUMP-HEALTHY,2026-01-15T13:40:00,475.65,3007.6,100.7,1.07,60.85,47.41,22.55,52.59,running,1,0,0,12,-1.5014,-2.0042,-6.6779,0
PUMP-HEALTHY,2026-01-15T13:45:00,477.55,2993.75,104.94,2.77,61.58,49.34,23.56,59.68,running,1,0,3,12,1.6991,4.2432,0.7381,0
PUMP-HEALTHY,2026-01-15T13:50:00,478.08,2982.97,99.3,2.63,65.45,50.23,24.01,59.38,running,1,0,1,12,-0.1414,-5.6425,3.8608,0
PUMP-HEALTHY,2026-01-15T13:55:00,482.98,2995.92,100.85,2.41,69.74,48.9,23.62,39.71,running,1,0,1,12,-0.2256,1.5499,4.2969,0
PUMP-HEALTHY,2026-01-15T14:00:00,479.08,3006.9,102.07,1.85,67.73,48.33,23.15,42.29,running,1,0,1,12,-0.5537,1.2243,-2.0162,0
PUMP-HEALTHY,2026-01-15T14:05:00,484.58,2991.52,104.52,1.49,62.47,51.35,24.88,53.53,running,1,0,4,12,-0.3659,2.4455,-5.2601,0
PUMP-HEALTHY,2026-01-15T14:10:00,477.72,2972.14,101.37,1.96,64.96,48.72,23.28,48.11,running,1,0,2,12,0.476,-3.1475,2.4938,0
PUMP-HEALTHY,2026-01-15T14:15:00,480.05,2991.4,101.75,2.36,68.05,49.18,23.61,57.8,running,1,0,4,12,0.399,0.3771,3.087,0
PUMP-HEALTHY,2026-01-15T14:20:00,484.04,2969.01,102.34,2.98,60.38,46.29,22.41,38.26,running,1,0,3,12,0.6167,0.5862,-7.6713,0
PUMP-HEALTHY,2026-01-15T14:25:00,479.97,2956.22,98.84,1.96,65.17,50.24,24.11,50.45,running,1,0,0,12,-1.0202,-3.4925,4.795,0
PUMP-HEALTHY,2026-01-15T14:30:00,484.13,3025.9,103.06,2.93,64.38,49.55,23.99,45.28,running,1,0,4,12,0.9663,4.2192,-0.7888,0
PUMP-HEALTHY,2026-01-15T14:35:00,484.93,3022.62,98.22,1.43,62.55,49.27,23.89,50.63,running,1,0,0,12,-1.4973,-4.8463,-1.827,0
PUMP-HEALTHY,2026-01-15T14:40:00,480.13,2987.53,100.23,1.24,65.24,48.21,23.15,54.42,running,1,0,0,12,-0.1875,2.0165,2.6855,0
PUMP-HEALTHY,2026-01-15T14:45:00,483.67,3034.8,103.22,1.41,67.91,48.6,23.51,51.96,running,1,0,3,12,0.1737,2.9909,2.6669,0
PUMP-HEALTHY,2026-01-15T14:50:00,482.94,3008.81,99.27,2.8,60.66,50.27,24.28,58.51,running,1,0,2,12,1.3896,-3.9528,-7.2474,0
PUMP-HEALTHY,2026-01-15T14:55:00,480.21,2971.22,99.04,1.14,60.11,50.38,24.19,57.66,running,1,0,2,12,-1.6611,-0.232,-0.552,0
PUMP-HEALTHY,2026-01-15T15:00:00,478.94,3037.14,100.36,1.63,62.1,50.49,24.18,52.93,running,1,0,4,12,0.4866,1.3225,1.9943,0
PUMP-HEALTHY,2026-01-15T15:05:00,479.05,3027.88,103.22,2.86,68.28,49.95,23.93,45.2,running,1,0,2,12,1.2271,2.8629,6.1787,0
PUMP-HEALTHY,2026-01-15T15:10:00,476.94,2957.93,100.65,1.04,66.93,48.14,22.96,42.33,running,1,0,4,12,-1.8145,-2.5753,-1.3513,0
PUMP-HEALTHY,2026-01-15T15:15:00,475.91,2958.46,99.49,2.52,68.96,51.1,24.32,55.42,running,1,0,2,12,1.4766,-1.1588,2.0317,0
PUMP-HEALTHY,2026-01-15T15:20:00,483.47,2986.19,100.75,1.03,65.57,49.79,24.07,41.71,running,1,0,1,12,-1.4849,1.2619,-3.3949,0
PUMP-HEALTHY,2026-01-15T15:25:00,483.71,3004.66,103.69,1.62,67.04,51.25,24.79,58.82,running,1,0,0,12,0.5872,2.9377,1.4784,0
PUMP-HEALTHY,2026-01-15T15:30:00,480.14,3025.78,101.62,1.07,61.08,47.96,23.03,50.99,running,1,0,4,12,-0.5482,-2.0674,-5.9645,0
PUMP-HEALTHY,2026-01-15T15:35:00,479.45,2983.36,98.97,2.49,61.21,47.76,22.9,49.09,running,1,0,1,12,1.4139,-2.6559,0.1296,0
PUMP-HEALTHY,2026-01-15T15:40:00,476.58,3024.24,102.25,2.76,66.01,48.29,23.01,52.2,running,1,0,1,12,0.2721,3.2845,4.7972,0
PUMP-HEALTHY,2026-01-15T15:45:00,475.85,2969.73,104.96,2.43,63.3,48.38,23.02,45.99,running,1,0,1,12,-0.3324,2.7041,-2.703,0
PUMP-HEALTHY,2026-01-15T15:50:00,478.43,2988.74,103.96,2.51,64.85,48.62,23.26,58.46,running,1,0,2,12,0.0856,-0.9918,1.5475,0
PUMP-HEALTHY,2026-01-15T15:55:00,479.47,3002.69,99.39,2.4,66.47,49.78,23.87,44.26,running,1,0,3,12,-0.116,-4.577,1.6224,0
PUMP-HEALTHY,2026-01-15T16:00:00,479.86,2998.33,100.66,1.97,63.61,49.67,23.83,49.5,running,1,0,1,12,-0.4224,1.2709,-2.8608,0
PUMP-HEALTHY,2026-01-15T16:05:00,477.71,3010.15,101.36,1.94,65.89,47.55,22.71,46.79,running,1,0,1,12,-0.0374,0.6986,2.2808,0
PUMP-HEALTHY,2026-01-15T16:10:00,475.3,3010.48,100.34,2.34,69.23,48.83,23.21,48.45,running,1,0,1,12,0.4042,-1.0147,3.3323,0
PUMP-HEALTHY,2026-01-15T16:15:00,480.6,3023.68,98.97,2.68,64.47,50.75,24.39,49.29,running,1,0,3,12,0.3409,-1.3736,-4.7571,0
PUMP-HEALTHY,2026-01-15T16:20:00,477.7,3004.59,100.99,2.01,69.9,49.35,23.58,44.77,running,1,0,3,12,-0.6685,2.0173,5.433,0
PUMP-HEALTHY,2026-01-15T16:25:00,477.32,3041.29,104.91,1.59,65.39,47.49,22.67,40.98,running,1,0,2,12,-0.4184,3.9233,-4.5094,0
PUMP-HEALTHY,2026-01-15T16:30:00,481.1,3018.7,103.53,1.52,62.79,48.26,23.22,46.45,running,1,0,1,12,-0.0732,-1.3786,-2.6039,0
PUMP-HEALTHY,2026-01-15T16:35:00,479.8,2991.2,98.43,1.67,64.6,49.4,23.7,51.23,running,1,0,2,12,0.1473,-5.1033,1.8123,0
PUMP-HEALTHY,2026-01-15T16:40:00,484.8,3037.21,99.72,1.25,62.53,49.25,23.88,54.95,running,1,0,0,12,-0.4203,1.2934,-2.0752,0
PUMP-HEALTHY,2026-01-15T16:45:00,477.28,2991.39,104.65,2.22,61.15,50.38,24.05,57.6,running,1,0,3,12,0.9708,4.9277,-1.374,0
PUMP-HEALTHY,2026-01-15T16:50:00,479.59,3039.06,101.29,1.06,61.91,49.71,23.84,51.35,running,1,0,1,12,-1.1598,-3.3596,0.7624,0
PUMP-HEALTHY,2026-01-15T16:55:00,484.85,2989.37,104.64,2.68,69.3,51.12,24.78,60.0,running,1,0,3,12,1.6162,3.3522,7.3894,0
PUMP-HEALTHY,2026-01-15T17:00:00,483.14,2959.2,104.88,2.56,60.67,48.0,23.19,45.08,running,1,0,4,12,-0.1196,0.2369,-8.6328,0
PUMP-HEALTHY,2026-01-15T17:05:00,479.11,2990.38,99.63,1.45,65.62,47.3,22.66,40.19,running,1,0,1,12,-1.1025,-5.2499,4.9466,0
PUMP-HEALTHY,2026-01-15T17:10:00,482.44,2991.01,100.12,2.64,65.16,48.31,23.31,42.58,running,1,0,2,12,1.1856,0.4943,-0.46,0
PUMP-HEALTHY,2026-01-15T17:15:00,480.67,2995.25,103.44,1.45,62.97,51.9,24.95,59.09,running,1,0,2,12,-1.1885,3.3228,-2.1877,0
PUMP-HEALTHY,2026-01-15T17:20:00,477.87,2963.2,102.57,1.76,60.48,46.68,22.31,48.52,running,1,0,4,12,0.3106,-0.8748,-2.4855,0
PUMP-HEALTHY,2026-01-15T17:25:00,481.16,3039.67,104.43,1.33,60.09,47.2,22.71,35.59,running,1,0,1,12,-0.4335,1.8559,-0.3924,0
PUMP-HEALTHY,2026-01-15T17:30:00,483.58,2982.13,100.02,1.71,65.25,49.78,24.07,50.47,running,1,0,1,12,0.3827,-4.4034,5.1548,0
PUMP-HEALTHY,2026-01-15T17:35:00,483.77,2968.81,103.5,1.63,68.06,45.77,22.14,35.36,running,1,0,3,12,-0.0775,3.4776,2.8151,0
PUMP-HEALTHY,2026-01-15T17:40:00,478.27,3018.95,102.87,1.29,64.23,49.42,23.63,45.43,running,1,0,3,12,-0.3415,-0.6331,-3.8299,0
PUMP-HEALTHY,2026-01-15T17:45:00,483.14,3022.82,103.89,2.49,61.97,46.6,22.52,41.04,running,1,0,4,12,1.1947,1.0271,-2.2581,0
PUMP-HEALTHY,2026-01-15T17:50:00,478.11,2965.47,98.66,1.54,67.97,50.01,23.91,46.19,running,1,0,1,12,-0.95,-5.2377,5.9918,0
PUMP-HEALTHY,2026-01-15T17:55:00,483.84,3034.12,104.4,2.54,60.53,46.75,22.62,45.36,running,1,0,0,12,1.0072,5.7418,-7.4347,0
PUMP-HEALTHY,2026-01-15T18:00:00,481.36,3043.79,104.94,2.78,66.68,48.76,23.47,50.96,running,1,0,3,12,0.2328,0.5415,6.1532,0
PUMP-HEALTHY,2026-01-15T18:05:00,478.69,3039.32,100.53,1.86,60.64,51.07,24.45,55.46,running,1,0,2,12,-0.9165,-4.405,-6.0482,0
PUMP-HEALTHY,2026-01-15T18:10:00,482.37,2991.14,102.73,1.87,63.03,48.22,23.26,36.29,running,1,0,4,12,0.0122,2.1939,2.3917,0
PUMP-HEALTHY,2026-01-15T18:15:00,476.73,3048.57,104.29,1.23,63.0,46.31,22.08,40.25,running,1,0,2,12,-0.6421,1.5594,-0.0264,0
PUMP-HEALTHY,2026-01-15T18:20:00,483.26,2984.29,103.01,2.64,61.25,51.68,24.97,59.64,running,1,0,0,12,1.4079,-1.2817,-1.747,0
PUMP-HEALTHY,2026-01-15T18:25:00,479.97,3048.97,98.59,2.52,67.82,49.93,23.96,59.98,running,1,0,0,12,-0.1198,-4.413,6.568,0
PUMP-HEALTHY,2026-01-15T18:30:00,477.45,3026.47,103.42,1.93,62.73,47.96,22.9,37.21,running,1,0,4,12,-0.5908,4.8297,-5.0896,0
PUMP-HEALTHY,2026-01-15T18:35:00,483.85,2963.86,99.82,2.52,66.72,47.12,22.8,42.88,running,1,0,0,12,0.59,-3.5993,3.9841,0
PUMP-HEALTHY,2026-01-15T18:40:00,479.02,2952.31,102.39,1.86,60.96,51.37,24.61,58.67,running,1,0,3,12,-0.6549,2.5683,-5.7591,0
PUMP-HEALTHY,2026-01-15T18:45:00,476.56,2973.84,98.01,1.24,65.35,46.63,22.22,44.46,running,1,0,2,12,-0.6238,-4.3839,4.3943,0
PUMP-HEALTHY,2026-01-15T18:50:00,483.92,3025.84,101.83,2.38,62.54,47.04,22.76,35.42,running,1,0,1,12,1.1382,3.8219,-2.8097,0
PUMP-HEALTHY,2026-01-15T18:55:00,476.07,2985.49,104.47,2.91,65.6,48.59,23.13,41.07,running,1,0,0,12,0.5358,2.6447,3.0603,0
PUMP-HEALTHY,2026-01-15T19:00:00,483.49,2973.99,99.9,2.46,66.32,51.83,25.06,58.64,running,1,0,0,12,-0.4494,-4.5731,0.7225,0
PUMP-HEALTHY,2026-01-15T19:05:00,483.94,3018.14,103.38,1.74,63.46,52.78,25.54,58.21,running,1,0,2,12,-0.7269,3.4818,-2.8626,0
PUMP-HEALTHY,2026-01-15T19:10:00,481.07,2987.15,103.58,2.47,64.43,50.84,24.46,52.29,running,1,0,4,12,0.7311,0.1938,0.9638,0
PUMP-HEALTHY,2026-01-15T19:15:00,480.8,2978.93,98.5,2.16,63.51,50.76,24.4,59.28,running,1,0,3,12,-0.3098,-5.0751,-0.9147,0
PUMP-HEALTHY,2026-01-15T19:20:00,480.31,2968.68,104.16,2.88,60.15,49.5,23.77,56.16,running,1,0,4,12,0.7238,5.6633,-3.3598,0
PUMP-HEALTHY,2026-01-15T19:25:00,477.42,2994.57,99.39,2.36,60.71,48.53,23.17,50.06,running,1,0,4,12,-0.5162,-4.7748,0.5606,0
PUMP-HEALTHY,2026-01-15T19:30:00,477.92,3025.59,102.45,2.46,68.33,48.88,23.36,53.84,running,1,0,3,12,0.0982,3.0552,7.6139,0
PUMP-HEALTHY,2026-01-15T19:35:00,481.4,2950.35,99.46,1.31,60.99,49.38,23.77,48.36,running,1,0,2,12,-1.1494,-2.9809,-7.3317,0
PUMP-HEALTHY,2026-01-15T19:40:00,475.53,3007.98,104.09,2.33,60.35,49.39,23.49,43.54,running,1,0,3,12,1.016,4.6304,-0.6485,0
PUMP-HEALTHY,2026-01-15T19:45:00,482.93,3008.54,98.33,1.93,62.88,49.69,24.0,49.53,running,1,0,2,12,-0.4036,-5.7658,2.5297,0
PUMP-HEALTHY,2026-01-15T19:50:00,479.8,2999.49,102.3,1.08,62.98,51.16,24.55,54.86,running,1,0,3,12,-0.8426,3.9682,0.1034,0
PUMP-HEALTHY,2026-01-15T19:55:00,477.36,2960.12,101.39,2.82,66.53,47.45,22.65,53.72,running,1,0,1,12,1.735,-0.9106,3.5485,0
PUMP-HEALTHY,2026-01-15T20:00:00,482.57,2998.83,99.26,2.36,66.49,50.3,24.27,53.37,running,1,0,3,12,-0.4556,-2.1279,-0.0376,0
PUMP-HEALTHY,2026-01-15T20:05:00,475.83,3013.86,104.87,1.83,64.2,50.09,23.83,47.09,running,1,0,2,12,-0.532,5.6149,-2.2866,0
PUMP-HEALTHY,2026-01-15T20:10:00,476.83,2984.17,100.57,2.98,67.07,46.91,22.37,48.59,running,1,0,1,12,1.1471,-4.3068,2.8695,0
PUMP-HEALTHY,2026-01-15T20:15:00,475.11,2950.52,103.16,1.16,68.66,45.25,21.5,40.53,running,1,0,0,12,-1.8172,2.5889,1.5854,0
PUMP-HEALTHY,2026-01-15T20:20:00,475.59,3045.48,100.07,2.61,63.83,48.41,23.03,44.44,running,1,0,3,12,1.4546,-3.0891,-4.8261,0
PUMP-HEALTHY,2026-01-15T20:25:00,475.24,2979.68,101.89,2.33,60.96,46.96,22.32,47.27,running,1,0,2,12,-0.2878,1.8271,-2.8676,0
PUMP-HEALTHY,2026-01-15T20:30:00,484.85,2997.42,98.27,1.1,63.93,50.48,24.47,45.75,running,1,0,4,12,-1.2304,-3.6266,2.9703,0
PUMP-HEALTHY,2026-01-15T20:35:00,480.32,3011.86,98.51,1.24,61.18,45.24,21.73,36.5,running,1,0,2,12,0.148,0.2398,-2.7558,0
PUMP-HEALTHY,2026-01-15T20:40:00,479.71,3031.0,103.82,2.44,67.26,49.05,23.53,51.38,running,1,0,2,12,1.1955,5.3151,6.0854,0
PUMP-HEALTHY,2026-01-15T20:45:00,479.65,3036.99,101.0,1.66,66.3,47.77,22.92,46.36,running,1,0,1,12,-0.7779,-2.822,-0.9662,0
PUMP-HEALTHY,2026-01-15T20:50:00,478.98,2996.12,103.1,2.27,67.5,51.43,24.64,58.03,running,1,0,0,12,0.6044,2.0977,1.2056,0
PUMP-HEALTHY,2026-01-15T20:55:00,483.18,3026.1,103.01,2.17,66.26,51.67,24.97,53.56,running,1,0,3,12,-0.0985,-0.0847,-1.2454,0
PUMP-HEALTHY,2026-01-15T21:00:00,478.14,2971.72,98.3,1.01,63.16,46.17,22.07,40.35,running,1,0,4,12,-1.159,-4.712,-3.1,0
PUMP-HEALTHY,2026-01-15T21:05:00,476.74,3028.75,103.94,1.0,61.54,50.19,23.93,58.82,running,1,0,1,12,-0.0046,5.6397,-1.619,0
PUMP-HEALTHY,2026-01-15T21:10:00,483.12,3027.58,101.04,1.58,67.11,49.67,24.0,58.71,running,1,0,3,12,0.5769,-2.9014,5.5751,0
PUMP-HEALTHY,2026-01-15T21:15:00,483.54,2964.11,104.9,1.4,61.92,50.26,24.3,55.23,running,1,0,1,12,-0.1766,3.8643,-5.1896,0
PUMP-HEALTHY,2026-01-15T21:20:00,484.82,3045.67,102.8,2.73,65.44,51.91,25.17,57.67,running,1,0,0,12,1.3265,-2.1074,3.5162,0
PUMP-HEALTHY,2026-01-15T21:25:00,480.35,3019.14,102.99,2.76,60.79,46.55,22.36,39.16,running,1,0,1,12,0.0299,0.1983,-4.6501,0
PUMP-HEALTHY,2026-01-15T21:30:00,475.6,3048.16,102.77,2.56,69.23,44.9,21.36,38.17,running,1,0,4,12,-0.2034,-0.2244,8.4352,0
PUMP-HEALTHY,2026-01-15T21:35:00,476.06,3006.47,104.3,2.93,68.51,51.89,24.7,56.8,running,1,0,2,12,0.3714,1.53,-0.7156,0
PUMP-HEALTHY,2026-01-15T21:40:00,476.29,2983.38,104.52,1.97,68.28,46.31,22.06,46.29,running,1,0,3,12,-0.9611,0.2249,-0.2291,0
PUMP-HEALTHY,2026-01-15T21:45:00,480.34,3002.6,101.03,1.84,67.38,46.87,22.52,42.68,running,1,0,4,12,-0.1296,-3.4928,-0.8995,0
PUMP-HEALTHY,2026-01-15T21:50:00,483.4,2992.77,101.98,1.38,64.67,50.35,24.34,59.43,running,1,0,3,12,-0.4555,0.9529,-2.7156,0
PUMP-HEALTHY,2026-01-15T21:55:00,480.38,3033.46,102.48,1.98,64.82,50.44,24.23,53.83,running,1,0,3,12,0.5998,0.4957,0.1577,0
PUMP-HEALTHY,2026-01-15T22:00:00,475.34,3022.51,104.82,2.3,66.57,47.36,22.51,53.49,running,1,0,4,12,0.319,2.3386,1.742,0
PUMP-HEALTHY,2026-01-15T22:05:00,478.53,3014.65,98.43,1.88,66.46,47.1,22.54,36.92,running,1,0,3,12,-0.4218,-6.3867,-0.1049,0
PUMP-HEALTHY,2026-01-15T22:10:00,482.28,3013.12,99.56,1.45,66.51,48.65,23.46,47.19,running,1,0,0,12,-0.4326,1.1251,0.0441,0
PUMP-HEALTHY,2026-01-15T22:15:00,482.02,2986.14,104.75,2.22,67.05,50.07,24.14,52.17,running,1,0,4,12,0.7701,5.194,0.5465,0
PUMP-HEALTHY,2026-01-15T22:20:00,482.74,2959.16,98.88,2.51,66.83,51.03,24.63,49.49,running,1,0,1,12,0.2962,-5.8716,-0.2177,0
PUMP-HEALTHY,2026-01-15T22:25:00,480.48,3026.39,98.61,2.44,67.29,48.78,23.44,44.94,running,1,0,4,12,-0.0742,-0.2703,0.4581,0
PUMP-HEALTHY,2026-01-15T22:30:00,480.35,2985.14,98.59,2.04,62.63,48.49,23.29,40.0,running,1,0,3,12,-0.3953,-0.0227,-4.6613,0
PUMP-HEALTHY,2026-01-15T22:35:00,480.27,3019.24,104.53,2.0,66.16,52.32,25.13,57.98,running,1,0,2,12,-0.0464,5.9428,3.5248,0
PUMP-HEALTHY,2026-01-15T22:40:00,484.02,2976.06,102.93,1.93,61.44,50.2,24.3,55.02,running,1,0,3,12,-0.07,-1.6029,-4.713,0
PUMP-HEALTHY,2026-01-15T22:45:00,477.86,2980.14,102.22,1.4,63.91,46.39,22.17,40.91,running,1,0,1,12,-0.5255,-0.7079,2.4659,0
PUMP-HEALTHY,2026-01-15T22:50:00,480.84,2983.56,100.94,1.34,67.1,45.8,22.02,36.01,running,1,0,3,12,-0.0645,-1.2746,3.1872,0
PUMP-HEALTHY,2026-01-15T22:55:00,476.4,2997.68,99.44,1.2,69.25,45.9,21.87,43.44,running,1,0,4,12,-0.1334,-1.5042,2.151,0
PUMP-HEALTHY,2026-01-15T23:00:00,484.12,2989.33,100.82,1.53,62.56,46.88,22.7,37.61,running,1,0,3,12,0.3277,1.3769,-6.6856,0
PUMP-HEALTHY,2026-01-15T23:05:00,479.25,3021.5,103.95,1.26,64.01,49.05,23.51,50.27,running,1,0,3,12,-0.2738,3.1315,1.4483,0
PUMP-HEALTHY,2026-01-15T23:10:00,480.93,2956.65,100.59,1.92,62.48,48.05,23.11,52.19,running,1,0,3,12,0.6646,-3.3535,-1.534,0
PUMP-HEALTHY,2026-01-15T23:15:00,475.29,3012.62,100.29,2.25,63.54,48.93,23.25,57.12,running,1,0,0,12,0.3285,-0.3053,1.0691,0
PUMP-HEALTHY,2026-01-15T23:20:00,479.85,2991.95,101.74,2.04,61.15,47.74,22.91,48.64,running,1,0,3,12,-0.2159,1.4531,-2.3942,0
PUMP-HEALTHY,2026-01-15T23:25:00,480.36,2973.49,100.45,1.57,61.76,51.58,24.78,57.93,running,1,0,2,12,-0.463,-1.2917,0.6143,0
PUMP-HEALTHY,2026-01-15T23:30:00,483.26,3030.35,101.79,1.24,68.73,51.08,24.68,51.58,running,1,0,3,12,-0.3349,1.3365,6.9619,0
PUMP-HEALTHY,2026-01-15T23:35:00,479.24,3032.97,100.18,1.21,62.62,47.76,22.89,37.58,running,1,0,0,12,-0.0241,-1.6078,-6.106,0
PUMP-HEALTHY,2026-01-15T23:40:00,477.93,3027.59,104.05,2.14,66.6,50.64,24.2,57.17,running,1,0,1,12,0.9231,3.8708,3.9841,0
PUMP-HEALTHY,2026-01-15T23:45:00,484.41,2981.34,99.75,2.12,68.95,45.1,21.85,35.2,running,1,0,3,12,-0.0162,-4.2978,2.3471,0
PUMP-HEALTHY,2026-01-15T23:50:00,484.8,3019.73,104.4,1.77,65.02,49.53,24.01,43.45,running,1,0,0,12,-0.3498,4.6489,-3.9326,0
PUMP-HEALTHY,2026-01-15T23:55:00,481.81,2978.18,101.41,2.82,62.52,48.56,23.4,57.8,running,1,0,4,12,1.0498,-2.9895,-2.4949,0
PUMP-HEALTHY,2026-01-16T00:00:00,480.95,2966.0,101.96,1.09,64.02,50.53,24.3,55.7,running,1,0,2,12,-1.7307,0.5511,1.4995,0
PUMP-HEALTHY,2026-01-16T00:05:00,475.33,3019.45,99.72,1.84,63.22,50.17,23.85,55.54,running,1,0,4,12,0.7521,-2.2475,-0.804,0
PUMP-HEALTHY,2026-01-16T00:10:00,475.14,2966.86,101.85,1.77,64.2,48.53,23.06,59.77,running,1,0,4,12,-0.0719,2.1352,0.9783,0
PUMP-HEALTHY,2026-01-16T00:15:00,480.44,3016.91,98.84,2.05,65.52,47.19,22.67,35.34,running,1,0,1,12,0.2817,-3.0101,1.3193,0
PUMP-HEALTHY,2026-01-16T00:20:00,479.56,2965.38,104.8,2.73,67.36,50.24,24.09,50.74,running,1,0,0,12,0.6792,5.9637,1.8445,0
PUMP-HEALTHY,2026-01-16T00:25:00,484.08,3049.86,98.07,1.14,69.85,50.68,24.53,48.56,running,1,0,1,12,-1.5895,-6.734,2.4888,0
PUMP-HEALTHY,2026-01-16T00:30:00,477.05,3020.76,101.27,2.89,63.92,45.64,21.77,37.82,running,1,0,0,12,1.7485,3.2011,-5.9346,0
PUMP-HEALTHY,2026-01-16T00:35:00,484.76,3049.21,98.42,1.01,67.79,50.54,24.5,57.37,running,1,0,4,12,-1.8843,-2.8551,3.8701,0
PUMP-HEALTHY,2026-01-16T00:40:00,478.08,3032.15,99.08,2.12,62.17,49.97,23.89,48.45,running,1,0,3,12,1.112,0.6662,-5.6194,0
PUMP-HEALTHY,2026-01-16T00:45:00,477.0,3008.26,104.27,2.64,64.87,49.46,23.59,51.38,running,1,0,4,12,0.5229,5.1868,2.7067,0
PUMP-HEALTHY,2026-01-16T00:50:00,476.41,3027.39,99.61,1.48,63.63,47.75,22.75,48.11,running,1,0,4,12,-1.1606,-4.6617,-1.2408,0
PUMP-HEALTHY,2026-01-16T00:55:00,481.49,2976.25,102.58,2.3,68.16,46.6,22.44,37.44,running,1,0,2,12,0.8158,2.9757,4.528,0
PUMP-HEALTHY,2026-01-16T01:00:00,484.6,3005.51,100.56,1.04,66.36,47.67,23.1,49.68,running,1,0,0,12,-1.2582,-2.0238,-1.798,0
PUMP-HEALTHY,2026-01-16T01:05:00,484.81,3037.52,104.01,2.87,62.98,48.89,23.7,45.71,running,1,0,0,12,1.8329,3.4482,-3.3859,0
PUMP-HEALTHY,2026-01-16T01:10:00,476.87,3009.58,104.42,2.23,67.31,45.78,21.83,37.4,running,1,0,0,12,-0.6397,0.4071,4.3294,0
PUMP-HEALTHY,2026-01-16T01:15:00,480.62,3011.6,98.85,2.25,65.13,47.93,23.04,43.43,running,1,0,4,12,0.0224,-5.5682,-2.1727,0
PUMP-HEALTHY,2026-01-16T01:20:00,477.57,3034.17,102.03,1.35,61.84,50.27,24.01,57.78,running,1,0,0,12,-0.904,3.1873,-3.2947,0
PUMP-HEALTHY,2026-01-16T01:25:00,484.8,2999.32,99.3,1.04,60.56,47.66,23.11,50.94,running,1,0,4,12,-0.3058,-2.7364,-1.2804,0
PUMP-HEALTHY,2026-01-16T01:30:00,484.03,2978.52,99.47,2.53,66.64,47.37,22.93,43.05,running,1,0,1,12,1.4826,0.1745,6.0858,0
PUMP-HEALTHY,2026-01-16T01:35:00,478.3,3049.45,104.33,2.52,68.73,46.15,22.08,45.54,running,1,0,4,12,-0.0066,4.8602,2.0886,0
PUMP-HEALTHY,2026-01-16T01:40:00,482.29,2950.14,100.38,2.31,61.11,49.52,23.88,54.51,running,1,0,2,12,-0.2121,-3.9563,-7.6202,0
PUMP-HEALTHY,2026-01-16T01:45:00,481.21,3048.12,100.0,1.97,60.37,48.65,23.41,38.39,running,1,0,3,12,-0.3396,-0.3781,-0.7405,0
PUMP-HEALTHY,2026-01-16T01:50:00,483.96,2994.85,98.97,2.39,67.81,48.61,23.53,36.27,running,1,0,3,12,0.4218,-1.0252,7.4393,0
PUMP-HEALTHY,2026-01-16T01:55:00,483.98,3033.76,101.73,1.97,64.58,49.32,23.87,41.07,running,1,0,1,12,-0.42,2.7557,-3.2302,0
PUMP-HEALTHY,2026-01-16T02:00:00,478.33,2963.2,101.76,1.06,66.18,50.72,24.26,56.47,running,1,0,3,12,-0.9096,0.0276,1.5989,0
PUMP-HEALTHY,2026-01-16T02:05:00,477.5,3014.09,100.15,2.54,60.81,45.21,21.59,35.36,running,1,0,1,12,1.4814,-1.6044,-5.3747,0
PUMP-HEALTHY,2026-01-16T02:10:00,476.57,2951.54,103.47,2.13,68.76,46.93,22.36,46.42,running,1,0,4,12,-0.4133,3.3151,7.9513,0
PUMP-HEALTHY,2026-01-16T02:15:00,482.75,3025.09,104.52,2.7,63.78,50.28,24.27,58.94,running,1,0,4,12,0.5706,1.0484,-4.9749,0
PUMP-HEALTHY,2026-01-16T02:20:00,479.14,2982.38,100.69,2.08,60.24,51.58,24.71,58.91,running,1,0,3,12,-0.6167,-3.8261,-3.5368,0
PUMP-HEALTHY,2026-01-16T02:25:00,480.25,3015.78,100.17,2.95,64.73,45.53,21.87,40.6,running,1,0,3,12,0.8652,-0.5201,4.485,0
PUMP-HEALTHY,2026-01-16T02:30:00,481.41,2984.06,99.75,1.57,66.22,48.33,23.27,43.73,running,1,0,2,12,-1.375,-0.4239,1.4873,0
PUMP-HEALTHY,2026-01-16T02:35:00,477.88,2950.61,103.73,2.38,63.11,46.95,22.44,35.88,running,1,0,3,12,0.8074,3.9825,-3.1034,0
PUMP-HEALTHY,2026-01-16T02:40:00,475.4,3010.34,100.34,1.21,60.66,45.96,21.85,37.61,running,1,0,3,12,-1.1671,-3.3838,-2.457,0
PUMP-HEALTHY,2026-01-16T02:45:00,483.56,2986.4,102.32,1.65,62.79,47.5,22.97,39.45,running,1,0,1,12,0.4396,1.9738,2.1374,0
PUMP-HEALTHY,2026-01-16T02:50:00,477.89,3011.6,102.3,2.69,68.9,47.68,22.79,52.97,running,1,0,3,12,1.0429,-0.0161,6.11,0
PUMP-HEALTHY,2026-01-16T02:55:00,479.41,3028.38,100.06,2.64,63.79,50.17,24.05,55.75,running,1,0,4,12,-0.0584,-2.2402,-5.1139,0
PUMP-HEALTHY,2026-01-16T03:00:00,478.32,2965.53,98.7,1.52,66.84,47.83,22.88,49.34,running,1,0,2,12,-1.1193,-1.3661,3.0543,0
PUMP-HEALTHY,2026-01-16T03:05:00,482.76,2989.04,104.64,2.07,62.12,47.13,22.75,47.64,running,1,0,4,12,0.5498,5.9439,-4.7222,0
PUMP-HEALTHY,2026-01-16T03:10:00,481.65,3030.52,100.68,2.94,63.16,49.63,23.9,51.85,running,1,0,3,12,0.8687,-3.9578,1.0416,0
PUMP-HEALTHY,2026-01-16T03:15:00,481.34,2966.26,98.47,2.39,68.37,50.29,24.2,53.4,running,1,0,0,12,-0.5467,-2.2103,5.2084,0
PUMP-HEALTHY,2026-01-16T03:20:00,476.34,2991.99,100.59,2.39,64.9,47.9,22.82,36.55,running,1,0,2,12,0.0053,2.1222,-3.4714,0
PUMP-HEALTHY,2026-01-16T03:25:00,484.26,3012.12,101.76,2.94,64.42,48.73,23.6,49.33,running,1,0,1,12,0.5432,1.1707,-0.4827,0
PUMP-HEALTHY,2026-01-16T03:30:00,479.16,2959.05,98.24,2.04,64.51,48.3,23.14,40.24,running,1,0,4,12,-0.9002,-3.5211,0.092,0
PUMP-HEALTHY,2026-01-16T03:35:00,484.19,2960.91,103.16,2.53,69.89,48.99,23.72,43.19,running,1,0,4,12,0.493,4.9128,5.3803,0
PUMP-HEALTHY,2026-01-16T03:40:00,475.56,3024.91,100.02,1.64,65.0,51.12,24.31,57.93,running,1,0,3,12,-0.8913,-3.1332,-4.8911,0
PUMP-HEALTHY,2026-01-16T03:45:00,477.7,2970.77,98.72,2.57,65.97,48.07,22.96,47.86,running,1,0,1,12,0.9281,-1.304,0.9699,0
PUMP-HEALTHY,2026-01-16T03:50:00,477.06,2996.47,102.44,2.91,61.3,47.58,22.7,53.59,running,1,0,3,12,0.347,3.7189,-4.6722,0
PUMP-HEALTHY,2026-01-16T03:55:00,478.88,3033.04,99.92,1.42,66.8,46.81,22.42,35.05,running,1,0,1,12,-1.4984,-2.5211,5.5001,0
PUMP-HEALTHY,2026-01-16T04:00:00,477.46,2986.66,99.94,2.42,66.38,48.94,23.37,49.81,running,1,0,1,12,1.0054,0.0276,-0.4141,0
PUMP-HEALTHY,2026-01-16T04:05:00,478.31,2959.46,103.05,2.75,62.69,49.95,23.89,51.0,running,1,0,0,12,0.331,3.1035,-3.6933,0
PUMP-HEALTHY,2026-01-16T04:10:00,479.75,3014.96,102.68,2.85,63.66,48.44,23.24,41.58,running,1,0,1,12,0.0943,-0.3678,0.9687,0
PUMP-HEALTHY,2026-01-16T04:15:00,478.88,3013.35,103.26,2.64,69.92,48.33,23.14,43.35,running,1,0,0,12,-0.2021,0.5783,6.2584,0
PUMP-HEALTHY,2026-01-16T04:20:00,483.92,3042.76,104.53,2.61,68.97,46.45,22.48,36.14,running,1,0,1,12,-0.0384,1.2715,-0.9511,0
PUMP-HEALTHY,2026-01-16T04:25:00,481.13,2950.43,100.56,2.06,66.04,49.91,24.01,46.83,running,1,0,4,12,-0.5439,-3.9706,-2.9227,0
PUMP-HEALTHY,2026-01-16T04:30:00,479.92,3025.2,100.93,2.59,69.8,48.16,23.11,51.62,running,1,0,1,12,0.5278,0.3728,3.7589,0
PUMP-HEALTHY,2026-01-16T04:35:00,480.09,3009.01,98.44,2.54,65.57,50.73,24.36,57.07,running,1,0,3,12,-0.0491,-2.4887,-4.2367,0
PUMP-HEALTHY,2026-01-16T04:40:00,480.8,2954.23,104.12,2.43,64.88,51.98,24.99,58.98,running,1,0,0,12,-0.1071,5.6765,-0.6821,0
PUMP-HEALTHY,2026-01-16T04:45:00,479.61,3047.36,104.79,1.81,63.88,48.02,23.03,49.45,running,1,0,2,12,-0.621,0.6666,-1.0002,0
PUMP-HEALTHY,2026-01-16T04:50:00,475.26,2995.5,100.2,1.67,66.79,48.79,23.19,44.79,running,1,0,0,12,-0.1458,-4.5837,2.9109,0
PUMP-HEALTHY,2026-01-16T04:55:00,481.46,2982.31,104.53,2.74,64.97,50.82,24.47,54.73,running,1,0,2,12,1.0687,4.3307,-1.8257,0
PUMP-HEALTHY,2026-01-16T05:00:00,476.82,2975.21,98.13,1.8,66.9,50.09,23.88,49.35,running,1,0,3,12,-0.9364,-6.4062,1.9336,0
PUMP-HEALTHY,2026-01-16T05:05:00,483.38,2960.07,103.93,1.76,62.42,50.29,24.31,49.79,running,1,0,2,12,-0.035,5.8072,-4.4802,0
PUMP-HEALTHY,2026-01-16T05:10:00,484.82,2964.7,98.35,2.67,65.48,48.45,23.49,37.72,running,1,0,0,12,0.9091,-5.5883,3.0541,0
PUMP-HEALTHY,2026-01-16T05:15:00,477.7,3021.58,98.92,1.58,63.3,45.77,21.86,38.41,running,1,0,1,12,-1.0975,0.5753,-2.177,0
PUMP-HEALTHY,2026-01-16T05:20:00,475.22,2973.14,98.92,2.4,60.15,44.85,21.32,37.41,running,1,0,4,12,0.8298,-0.0007,-3.1481,0
PUMP-HEALTHY,2026-01-16T05:25:00,481.59,2966.11,102.64,1.67,66.41,50.46,24.3,55.9,running,1,0,1,12,-0.7391,3.7155,6.2562,0
PUMP-HEALTHY,2026-01-16T05:30:00,482.59,3010.42,104.81,1.23,69.41,49.74,24.0,59.94,running,1,0,4,12,-0.4327,2.1762,3.0029,0
PUMP-HEALTHY,2026-01-16T05:35:00,477.75,3023.53,103.6,1.57,69.0,50.4,24.08,48.43,running,1,0,3,12,0.3386,-1.2133,-0.4137,0
PUMP-HEALTHY,2026-01-16T05:40:00,480.8,2986.29,100.63,2.81,60.03,47.79,22.98,39.73,running,1,0,1,12,1.2385,-2.9672,-8.9614,0
PUMP-HEALTHY,2026-01-16T05:45:00,483.96,2973.75,98.38,1.97,61.88,49.06,23.74,38.05,running,1,0,1,12,-0.8399,-2.2485,1.8421,0
PUMP-HEALTHY,2026-01-16T05:50:00,479.21,2998.99,104.53,2.56,64.29,48.05,23.02,49.69,running,1,0,4,12,0.5911,6.1444,2.4163,0
PUMP-HEALTHY,2026-01-16T05:55:00,479.71,2995.05,101.18,2.09,67.41,48.16,23.1,52.28,running,1,0,3,12,-0.4737,-3.3435,3.1192,0
PUMP-HEALTHY,2026-01-16T06:00:00,476.66,2966.0,99.3,1.32,65.3,47.11,22.46,40.58,running,1,0,2,12,-0.7666,-1.8817,-2.1117,0
PUMP-HEALTHY,2026-01-16T06:05:00,476.77,2966.33,100.36,2.99,63.85,46.32,22.09,47.13,running,1,0,0,12,1.6676,1.0624,-1.453,0
PUMP-HEALTHY,2026-01-16T06:10:00,483.77,3018.74,104.99,1.6,61.72,46.78,22.63,43.46,running,1,0,2,12,-1.3902,4.6257,-2.1301,0
PUMP-HEALTHY,2026-01-16T06:15:00,478.88,3017.54,101.66,2.65,65.67,47.7,22.84,49.38,running,1,0,0,12,1.0497,-3.3339,3.9553,0
PUMP-HEALTHY,2026-01-16T06:20:00,477.8,3040.89,102.86,2.23,61.89,48.84,23.34,51.07,running,1,0,2,12,-0.4211,1.2022,-3.7813,0
PUMP-HEALTHY,2026-01-16T06:25:00,480.53,3031.25,104.19,2.73,62.07,48.73,23.42,48.06,running,1,0,4,12,0.5005,1.3349,0.1805,0
PUMP-HEALTHY,2026-01-16T06:30:00,475.8,3040.56,104.48,1.04,62.42,46.65,22.2,35.81,running,1,0,2,12,-1.6844,0.2897,0.3509,0
PUMP-HEALTHY,2026-01-16T06:35:00,480.7,2955.92,102.9,1.37,68.09,47.41,22.79,46.92,running,1,0,0,12,0.3271,-1.5884,5.6631,0
PUMP-HEALTHY,2026-01-16T06:40:00,475.06,2950.45,100.95,2.78,65.58,47.82,22.72,50.08,running,1,0,3,12,1.4066,-1.9456,-2.5107,0
PUMP-HEALTHY,2026-01-16T06:45:00,477.85,3021.91,103.27,1.34,66.2,46.33,22.14,41.72,running,1,0,2,12,-1.4406,2.323,0.6222,0
PUMP-HEALTHY,2026-01-16T06:50:00,475.41,3013.8,100.67,1.27,68.38,49.73,23.64,46.45,running,1,0,1,12,-0.0636,-2.6057,2.1861,0
PUMP-HEALTHY,2026-01-16T06:55:00,478.33,2963.02,102.78,2.61,66.35,50.91,24.35,52.67,running,1,0,0,12,1.3329,2.1153,-2.0324,0
PUMP-HEALTHY,2026-01-16T07:00:00,483.92,3037.42,100.49,1.82,66.53,49.6,24.0,59.46,running,1,0,4,12,-0.7847,-2.2966,0.182,0
PUMP-HEALTHY,2026-01-16T07:05:00,475.26,3014.74,101.99,1.53,60.49,46.92,22.3,42.83,running,1,0,3,12,-0.2903,1.5016,-6.0399,0
PUMP-HEALTHY,2026-01-16T07:10:00,483.21,2967.05,100.02,2.53,67.6,49.59,23.96,59.46,running,1,0,1,12,1.0007,-1.9638,7.1037,0
PUMP-HEALTHY,2026-01-16T07:15:00,476.4,2990.8,98.47,2.98,62.98,46.93,22.36,36.47,running,1,0,1,12,0.4457,-1.5534,-4.6136,0
PUMP-HEALTHY,2026-01-16T07:20:00,479.78,2984.52,104.23,2.42,61.9,47.26,22.67,37.99,running,1,0,3,12,-0.5546,5.7573,-1.0831,0
PUMP-HEALTHY,2026-01-16T07:25:00,480.33,3015.05,98.21,2.83,67.37,49.28,23.67,41.02,running,1,0,1,12,0.4048,-6.0163,5.4709,0
PUMP-HEALTHY,2026-01-16T07:30:00,484.91,2966.34,104.02,1.8,65.86,48.17,23.36,42.04,running,1,0,3,12,-1.0237,5.8082,-1.5069,0
PUMP-HEALTHY,2026-01-16T07:35:00,477.9,2966.33,100.9,2.87,62.33,48.86,23.35,46.67,running,1,0,0,12,1.0692,-3.1243,-3.5371,0
PUMP-HEALTHY,2026-01-16T07:40:00,482.32,3023.32,98.76,1.59,68.39,48.88,23.58,42.25,running,1,0,2,12,-1.2843,-2.1311,6.0655,0
PUMP-HEALTHY,2026-01-16T07:45:00,484.42,2960.48,103.17,1.96,67.16,47.71,23.11,51.32,running,1,0,0,12,0.3761,4.4083,-1.2285,0
PUMP-HEALTHY,2026-01-16T07:50:00,481.58,3027.93,98.43,1.34,61.92,48.11,23.17,36.78,running,1,0,0,12,-0.6256,-4.7401,-5.2412,0
PUMP-HEALTHY,2026-01-16T07:55:00,477.83,3010.09,98.11,2.92,62.89,48.46,23.16,57.2,running,1,0,2,12,1.5761,-0.3182,0.9682,0
PUMP-HEALTHY,2026-01-16T08:00:00,481.85,2970.69,98.2,1.7,67.86,46.89,22.59,40.43,running,1,0,2,12,-1.2192,0.0906,4.9668,0
PUMP-HEALTHY,2026-01-16T08:05:00,475.39,2991.53,103.4,1.89,68.1,47.9,22.77,51.19,running,1,0,0,12,0.1937,5.1908,0.2401,0
PUMP-HEALTHY,2026-01-16T08:10:00,478.32,2952.1,100.46,1.53,61.32,46.43,22.21,46.45,running,1,0,1,12,-0.3581,-2.9371,-6.7827,0
PUMP-HEALTHY,2026-01-16T08:15:00,480.4,2961.49,104.75,1.24,60.79,48.22,23.17,52.73,running,1,0,2,12,-0.2873,4.294,-0.5232,0
PUMP-HEALTHY,2026-01-16T08:20:00,477.08,2986.98,99.35,1.22,63.93,48.66,23.21,51.18,running,1,0,3,12,-0.0206,-5.4026,3.1361,0
PUMP-HEALTHY,2026-01-16T08:25:00,476.87,2981.76,99.51,2.7,60.36,48.53,23.14,40.0,running,1,0,1,12,1.475,0.1585,-3.5685,0
PUMP-HEALTHY,2026-01-16T08:30:00,478.22,2953.18,102.54,1.61,68.14,48.72,23.3,53.69,running,1,0,0,12,-1.0864,3.0275,7.7765,0
PUMP-HEALTHY,2026-01-16T08:35:00,482.4,2992.85,102.15,1.64,69.45,49.79,24.02,55.31,running,1,0,4,12,0.0228,-0.3848,1.3157,0
PUMP-HEALTHY,2026-01-16T08:40:00,482.35,3011.31,99.66,1.15,68.71,52.7,25.42,59.58,running,1,0,0,12,-0.4865,-2.488,-0.7381,0
PUMP-HEALTHY,2026-01-16T08:45:00,475.26,3009.51,102.78,1.23,68.35,49.59,23.57,56.54,running,1,0,4,12,0.0798,3.1182,-0.3681,0
PUMP-HEALTHY,2026-01-16T08:50:00,476.36,3020.08,103.55,1.37,65.21,49.08,23.38,56.44,running,1,0,2,12,0.1409,0.7661,-3.1385,0
PUMP-HEALTHY,2026-01-16T08:55:00,481.23,3030.05,99.85,1.38,67.08,48.69,23.43,55.52,running,1,0,3,12,0.014,-3.6944,1.8691,0
PUMP-HEALTHY,2026-01-16T09:00:00,477.43,3043.68,101.03,2.19,63.94,47.17,22.52,45.93,running,1,0,2,12,0.807,1.1816,-3.1398,0
PUMP-HEALTHY,2026-01-16T09:05:00,475.7,3026.59,101.96,2.46,66.99,49.33,23.46,46.71,running,1,0,3,12,0.2687,0.9242,3.0512,0
PUMP-HEALTHY,2026-01-16T09:10:00,479.71,3011.75,99.64,1.77,64.59,46.55,22.33,36.67,running,1,0,2,12,-0.6884,-2.3236,-2.4007,0
PUMP-HEALTHY,2026-01-16T09:15:00,484.61,3000.33,103.55,2.27,60.83,51.36,24.89,52.37,running,1,0,2,12,0.4953,3.9116,-3.7553,0
PUMP-HEALTHY,2026-01-16T09:20:00,479.54,2967.84,101.93,2.34,67.91,49.31,23.65,44.63,running,1,0,0,12,0.0776,-1.6132,7.0821,0
PUMP-HEALTHY,2026-01-16T09:25:00,479.46,3047.46,99.06,2.62,63.25,45.34,21.74,37.93,running,1,0,0,12,0.2794,-2.8763,-4.6606,0
PUMP-HEALTHY,2026-01-16T09:30:00,483.82,3006.23,104.04,2.9,64.23,45.46,22.0,37.76,running,1,0,0,12,0.2791,4.9871,0.9788,0
PUMP-HEALTHY,2026-01-16T09:35:00,481.73,3012.48,103.2,1.36,66.55,50.61,24.38,58.65,running,1,0,3,12,-1.5412,-0.8483,2.3193,0
PUMP-HEALTHY,2026-01-16T09:40:00,475.21,3002.86,99.6,2.61,62.19,49.12,23.34,49.58,running,1,0,3,12,1.2475,-3.5963,-4.3666,0
PUMP-HEALTHY,2026-01-16T09:45:00,481.43,2999.32,98.06,2.43,63.54,46.89,22.58,48.15,running,1,0,0,12,-0.1766,-1.5396,1.3568,0
PUMP-HEALTHY,2026-01-16T09:50:00,481.79,2955.33,99.53,1.83,66.22,48.84,23.53,44.02,running,1,0,0,12,-0.5998,1.4667,2.6768,0
PUMP-HEALTHY,2026-01-16T09:55:00,478.51,3047.61,100.6,1.86,62.95,50.12,23.98,55.0,running,1,0,1,12,0.03,1.0686,-3.269,0
PUMP-HEALTHY,2026-01-16T10:00:00,477.61,2991.78,100.75,1.74,66.99,49.79,23.78,49.91,running,1,0,3,12,-0.1186,0.1517,4.0417,0
PUMP-HEALTHY,2026-01-16T10:05:00,478.99,3008.13,103.34,2.01,67.42,50.71,24.29,57.5,running,1,0,4,12,0.2659,2.5892,0.4281,0
PUMP-HEALTHY,2026-01-16T10:10:00,477.64,2951.43,98.94,2.89,64.5,48.69,23.26,41.98,running,1,0,3,12,0.8815,-4.3987,-2.9206,0
PUMP-HEALTHY,2026-01-16T10:15:00,479.35,2983.28,98.16,2.39,66.68,45.18,21.66,36.02,running,1,0,1,12,-0.5048,-0.7745,2.1796,0
PUMP-HEALTHY,2026-01-16T10:20:00,482.38,2960.52,103.73,1.71,69.4,51.94,25.05,56.49,running,1,0,4,12,-0.6774,5.5666,2.7177,0
PUMP-HEALTHY,2026-01-16T10:25:00,477.48,3005.89,98.25,1.4,65.83,47.03,22.46,40.32,running,1,0,2,12,-0.3132,-5.4792,-3.5642,0
PUMP-HEALTHY,2026-01-16T10:30:00,483.82,2997.2,100.57,1.41,67.95,52.41,25.36,58.56,running,1,0,3,12,0.0111,2.3201,2.1147,0
PUMP-HEALTHY,2026-01-16T10:35:00,477.84,3009.85,98.96,1.0,61.05,46.56,22.25,36.42,running,1,0,1,12,-0.4047,-1.6142,-6.9005,0
PUMP-HEALTHY,2026-01-16T10:40:00,479.93,2958.9,98.01,1.01,66.34,47.93,23.0,55.06,running,1,0,0,12,0.004,-0.9415,5.2936,0
PUMP-HEALTHY,2026-01-16T10:45:00,483.13,2990.5,102.18,2.23,65.77,48.94,23.64,43.69,running,1,0,0,12,1.2229,4.166,-0.5721,0
PUMP-HEALTHY,2026-01-16T10:50:00,483.87,2989.86,101.94,2.0,63.96,49.61,24.01,42.81,running,1,0,4,12,-0.2317,-0.2434,-1.8056,0
PUMP-HEALTHY,2026-01-16T10:55:00,477.89,3017.14,104.24,1.8,60.75,49.0,23.42,58.97,running,1,0,3,12,-0.2,2.3058,-3.2135,0
PUMP-HEALTHY,2026-01-16T11:00:00,476.32,2960.47,100.38,2.56,67.92,48.93,23.31,58.66,running,1,0,1,12,0.7637,-3.86,7.1672,0
PUMP-HEALTHY,2026-01-16T11:05:00,480.23,2980.23,103.57,1.71,63.31,45.32,21.77,38.55,running,1,0,4,12,-0.8496,3.1831,-4.6052,0
PUMP-HEALTHY,2026-01-16T11:10:00,480.07,2990.07,99.75,2.96,65.76,46.05,22.11,40.43,running,1,0,2,12,1.2445,-3.8152,2.4504,0
PUMP-HEALTHY,2026-01-16T11:15:00,476.9,3010.65,98.44,1.09,62.33,47.13,22.48,42.35,running,1,0,2,12,-1.8706,-1.3075,-3.4285,0
PUMP-HEALTHY,2026-01-16T11:20:00,477.55,3023.19,103.93,2.34,67.68,49.67,23.72,57.6,running,1,0,0,12,1.254,5.4868,5.3497,0
PUMP-HEALTHY,2026-01-16T11:25:00,480.12,2993.84,99.56,2.48,66.03,49.32,23.68,46.07,running,1,0,2,12,0.1371,-4.3715,-1.654,0
PUMP-HEALTHY,2026-01-16T11:30:00,476.8,3007.24,98.09,1.57,65.94,49.07,23.4,51.06,running,1,0,1,12,-0.9053,-1.4679,-0.0921,0
PUMP-HEALTHY,2026-01-16T11:35:00,477.95,3022.44,102.61,1.63,67.89,48.81,23.33,57.44,running,1,0,3,12,0.0637,4.5182,1.9585,0
PUMP-HEALTHY,2026-01-16T11:40:00,482.35,3032.06,104.52,1.82,60.89,49.77,24.0,44.45,running,1,0,4,12,0.1831,1.9103,-7.0087,0
PUMP-HEALTHY,2026-01-16T11:45:00,479.46,3017.77,102.94,1.26,63.7,48.36,23.19,45.54,running,1,0,2,12,-0.5589,-1.5799,2.809,0
PUMP-HEALTHY,2026-01-16T11:50:00,477.51,3013.86,98.29,2.32,67.22,46.98,22.43,50.65,running,1,0,3,12,1.0592,-4.6492,3.5238,0
PUMP-HEALTHY,2026-01-16T11:55:00,476.94,3038.36,99.39,1.51,69.8,50.91,24.28,59.75,running,1,0,2,12,-0.8105,1.0989,2.5819,0
PUMP-HEALTHY,2026-01-16T12:00:00,477.94,3003.11,104.98,1.27,67.11,51.65,24.69,54.84,running,1,0,1,12,-0.2326,5.5856,-2.6895,0
PUMP-HEALTHY,2026-01-16T12:05:00,483.66,2984.46,104.55,1.04,60.17,51.81,25.06,57.3,running,1,0,2,12,-0.2306,-0.4261,-6.9448,0
PUMP-HEALTHY,2026-01-16T12:10:00,482.05,3019.6,101.61,2.89,60.76,47.59,22.94,36.55,running,1,0,1,12,1.8433,-2.9342,0.5905,0
PUMP-HEALTHY,2026-01-16T12:15:00,484.3,2977.72,100.23,1.36,65.28,49.95,24.19,50.07,running,1,0,0,12,-1.5289,-1.3836,4.5211,0
PUMP-HEALTHY,2026-01-16T12:20:00,480.08,2969.93,101.47,2.04,63.04,50.14,24.07,47.29,running,1,0,0,12,0.6831,1.2421,-2.2349,0
PUMP-HEALTHY,2026-01-16T12:25:00,479.58,3041.49,99.56,2.69,60.46,46.59,22.34,40.0,running,1,0,0,12,0.6466,-1.9166,-2.585,0
PUMP-HEALTHY,2026-01-16T12:30:00,479.43,2992.78,101.13,1.67,60.01,48.51,23.26,54.43,running,1,0,3,12,-1.0224,1.5686,-0.4524,0
PUMP-HEALTHY,2026-01-16T12:35:00,482.13,3015.23,100.75,1.9,62.17,47.3,22.81,44.73,running,1,0,0,12,0.2388,-0.378,2.1669,0
PUMP-HEALTHY,2026-01-16T12:40:00,484.95,3026.45,98.65,1.87,62.24,49.23,23.87,50.4,running,1,0,4,12,-0.0356,-2.0952,0.0662,0
PUMP-HEALTHY,2026-01-16T12:45:00,483.81,3029.47,102.83,2.92,62.64,46.91,22.7,41.05,running,1,0,1,12,1.0524,4.1815,0.4053,0
PUMP-HEALTHY,2026-01-16T12:50:00,481.95,3018.12,103.21,1.95,60.6,47.25,22.77,44.67,running,1,0,3,12,-0.9733,0.3785,-2.0425,0
PUMP-HEALTHY,2026-01-16T12:55:00,481.7,3026.59,102.17,1.61,68.98,48.01,23.13,36.5,running,1,0,4,12,-0.335,-1.0438,8.3798,0
PUMP-HEALTHY,2026-01-16T13:00:00,482.9,3040.49,102.74,2.85,66.55,46.97,22.68,45.67,running,1,0,4,12,1.2413,0.5697,-2.4338,0
PUMP-HEALTHY,2026-01-16T13:05:00,479.74,2997.85,100.3,1.0,62.24,50.39,24.17,58.47,running,1,0,1,12,-1.8541,-2.4386,-4.3036,0
PUMP-HEALTHY,2026-01-16T13:10:00,479.52,3015.87,98.05,1.26,66.47,48.27,23.15,39.08,running,1,0,3,12,0.2551,-2.2538,4.2308,0
PUMP-HEALTHY,2026-01-16T13:15:00,484.64,2968.08,99.56,2.34,64.79,48.25,23.38,44.71,running,1,0,2,12,1.0798,1.5137,-1.6881,0
PUMP-HEALTHY,2026-01-16T13:20:00,475.14,3027.91,102.09,2.94,67.56,49.25,23.4,59.26,running,1,0,2,12,0.602,2.5298,2.7731,0
PUMP-HEALTHY,2026-01-16T13:25:00,477.37,3015.67,102.4,1.34,66.86,48.98,23.38,56.4,running,1,0,2,12,-1.5983,0.3096,-0.7015,0
PUMP-HEALTHY,2026-01-16T13:30:00,479.95,2989.77,101.53,2.42,62.01,50.34,24.16,51.54,running,1,0,4,12,1.0784,-0.8684,-4.8495,0
PUMP-HEALTHY,2026-01-16T13:35:00,482.29,2996.85,103.41,2.75,61.64,47.59,22.95,46.16,running,1,0,1,12,0.3302,1.8773,-0.3651,0
PUMP-HEALTHY,2026-01-16T13:40:00,483.66,3001.95,98.44,2.75,67.69,48.02,23.23,47.94,running,1,0,1,12,0.0044,-4.9681,6.0493,0
PUMP-HEALTHY,2026-01-16T13:45:00,475.25,3032.3,102.34,2.32,68.99,46.26,21.98,41.0,running,1,0,2,12,-0.4275,3.8997,1.2928,0
PUMP-HEALTHY,2026-01-16T13:50:00,475.61,3011.53,104.97,1.52,68.88,48.58,23.11,54.12,running,1,0,4,12,-0.8054,2.6291,-0.1096,0
PUMP-HEALTHY,2026-01-16T13:55:00,482.11,3005.8,102.35,2.08,64.51,48.96,23.61,39.98,running,1,0,3,12,0.5595,-2.6155,-4.3625,0
PUMP-HEALTHY,2026-01-16T14:00:00,476.66,2993.92,101.26,1.22,64.45,48.0,22.88,46.4,running,1,0,3,12,-0.8557,-1.0952,-0.0595,0
PUMP-HEALTHY,2026-01-16T14:05:00,476.23,3038.32,99.1,2.48,62.12,51.56,24.55,58.31,running,1,0,3,12,1.2582,-2.1594,-2.338,0
PUMP-HEALTHY,2026-01-16T14:10:00,476.97,2979.18,102.89,2.96,69.06,49.98,23.84,49.23,running,1,0,0,12,0.4816,3.7929,6.9418,0
PUMP-HEALTHY,2026-01-16T14:15:00,479.24,2981.07,102.72,1.79,67.24,48.9,23.43,48.07,running,1,0,3,12,-1.1685,-0.1706,-1.8142,0
PUMP-HEALTHY,2026-01-16T14:20:00,476.72,3023.66,101.52,1.36,64.64,50.93,24.28,59.34,running,1,0,4,12,-0.4339,-1.2049,-2.5994,0
PUMP-HEALTHY,2026-01-16T14:25:00,479.24,2954.24,102.81,1.21,68.42,45.72,21.91,37.3,running,1,0,4,12,-0.1553,1.2932,3.7766,0
PUMP-HEALTHY,2026-01-16T14:30:00,476.41,2995.61,100.59,1.35,69.57,50.88,24.24,59.91,running,1,0,4,12,0.1401,-2.2144,1.145,0
PUMP-HEALTHY,2026-01-16T14:35:00,476.89,3025.85,99.56,1.88,62.51,49.24,23.48,41.73,running,1,0,0,12,0.5379,-1.0353,-7.0547,0
PUMP-HEALTHY,2026-01-16T14:40:00,484.64,2984.59,100.2,2.98,68.57,51.19,24.81,58.72,running,1,0,3,12,1.1008,0.6439,6.0636,0
PUMP-HEALTHY,2026-01-16T14:45:00,475.92,3010.37,98.01,2.65,64.35,47.79,22.75,46.8,running,1,0,0,12,-0.3381,-2.1893,-4.2271,0
PUMP-HEALTHY,2026-01-16T14:50:00,477.1,3029.34,100.74,2.73,63.13,47.32,22.58,48.84,running,1,0,2,12,0.0815,2.7249,-1.2207,0
PUMP-HEALTHY,2026-01-16T14:55:00,484.88,3035.52,104.73,1.49,66.94,50.92,24.69,53.44,running,1,0,0,12,-1.2376,3.9886,3.8165,0
PUMP-HEALTHY,2026-01-16T15:00:00,476.0,2983.73,100.1,1.81,63.28,48.09,22.89,56.4,running,1,0,2,12,0.3173,-4.6276,-3.6686,0
PUMP-HEALTHY,2026-01-16T15:05:00,483.49,3026.3,103.3,1.94,62.32,49.67,24.02,52.57,running,1,0,1,12,0.1355,3.1967,-0.9503,0
PUMP-HEALTHY,2026-01-16T15:10:00,478.7,2969.62,98.29,2.8,68.02,46.39,22.21,40.41,running,1,0,1,12,0.8555,-5.0082,5.6914,0
PUMP-HEALTHY,2026-01-16T15:15:00,482.86,3037.48,102.31,2.03,68.04,50.66,24.46,59.32,running,1,0,2,12,-0.7667,4.0248,0.0191,0
PUMP-HEALTHY,2026-01-16T15:20:00,484.83,2981.19,100.17,2.16,68.76,46.45,22.52,35.76,running,1,0,3,12,0.1279,-2.1466,0.7283,0
PUMP-HEALTHY,2026-01-16T15:25:00,483.59,3026.14,101.95,2.27,63.77,47.89,23.16,52.74,running,1,0,2,12,0.1084,1.7858,-4.9935,0
PUMP-HEALTHY,2026-01-16T15:30:00,476.47,3010.98,98.98,1.15,66.14,46.58,22.19,39.37,running,1,0,2,12,-1.1148,-2.9708,2.372,0
PUMP-HEALTHY,2026-01-16T15:35:00,475.5,3010.21,101.38,2.8,60.6,47.36,22.52,49.48,running,1,0,0,12,1.6466,2.4022,-5.5445,0
PUMP-HEALTHY,2026-01-16T15:40:00,476.38,2951.85,101.58,2.45,66.15,47.89,22.81,39.8,running,1,0,0,12,-0.3527,0.198,5.5544,0
PUMP-HEALTHY,2026-01-16T15:45:00,476.05,3038.88,103.47,2.9,66.78,47.02,22.38,44.19,running,1,0,0,12,0.4547,1.8858,0.6238,0
PUMP-HEALTHY,2026-01-16T15:50:00,479.35,3048.76,98.43,2.26,63.88,45.35,21.74,35.86,running,1,0,0,12,-0.6451,-5.0407,-2.8932,0
PUMP-HEALTHY,2026-01-16T15:55:00,475.06,3047.24,102.78,2.39,68.7,46.55,22.11,48.02,running,1,0,2,12,0.1378,4.3487,4.8192,0
PUMP-HEALTHY,2026-01-16T16:00:00,477.11,2974.02,98.01,1.72,62.62,47.84,22.82,39.64,running,1,0,2,12,-0.6785,-4.7683,-6.0818,0
PUMP-HEALTHY,2026-01-16T16:05:00,477.66,2983.24,102.42,2.31,66.23,49.74,23.76,49.45,running,1,0,0,12,0.5958,4.4127,3.6132,0
PUMP-HEALTHY,2026-01-16T16:10:00,480.96,3034.25,104.95,2.24,66.58,47.36,22.78,50.06,running,1,0,3,12,-0.0681,2.5305,0.3463,0
PUMP-HEALTHY,2026-01-16T16:15:00,478.17,3019.94,98.9,2.82,68.27,49.76,23.79,59.46,running,1,0,0,12,0.5744,-6.0482,1.6874,0
PUMP-HEALTHY,2026-01-16T16:20:00,484.01,3049.01,104.23,2.97,64.21,47.4,22.94,48.0,running,1,0,1,12,0.1566,5.3271,-4.0614,0
PUMP-HEALTHY,2026-01-16T16:25:00,484.9,2991.64,102.37,1.58,66.08,49.72,24.11,44.1,running,1,0,4,12,-1.3901,-1.8605,1.8792,0
PUMP-HEALTHY,2026-01-16T16:30:00,479.93,2962.61,98.02,2.17,60.33,45.6,21.89,37.91,running,1,0,0,12,0.5828,-4.3476,-5.7509,0
PUMP-HEALTHY,2026-01-16T16:35:00,478.59,2967.91,103.4,2.93,67.45,51.06,24.44,58.18,running,1,0,4,12,0.7637,5.3767,7.1165,0
PUMP-HEALTHY,2026-01-16T16:40:00,481.47,3018.84,104.78,1.03,67.99,50.88,24.5,59.86,running,1,0,2,12,-1.8956,1.3851,0.5444,0
PUMP-HEALTHY,2026-01-16T16:45:00,478.23,3048.16,98.68,1.81,67.32,46.02,22.01,39.07,running,1,0,3,12,0.7742,-6.1018,-0.6724,0
PUMP-HEALTHY,2026-01-16T16:50:00,482.57,3017.22,103.47,1.2,69.12,48.54,23.42,49.14,running,1,0,1,12,-0.6096,4.7912,1.7944,0
PUMP-HEALTHY,2026-01-16T16:55:00,480.13,3027.61,98.52,1.79,67.69,49.3,23.67,47.44,running,1,0,2,12,0.5934,-4.9569,-1.4249,0
PUMP-HEALTHY,2026-01-16T17:00:00,476.55,3048.23,104.4,1.66,65.04,50.53,24.08,59.4,running,1,0,1,12,-0.1284,5.8819,-2.6488,0
PUMP-HEALTHY,2026-01-16T17:05:00,481.06,2964.44,98.1,2.99,65.15,49.71,23.91,51.51,running,1,0,4,12,1.3287,-6.299,0.1049,0
PUMP-HEALTHY,2026-01-16T17:10:00,483.28,2982.45,101.6,1.4,67.15,49.08,23.72,59.01,running,1,0,3,12,-1.5934,3.4994,2.0028,0
PUMP-HEALTHY,2026-01-16T17:15:00,477.06,2958.25,98.36,2.93,67.9,48.47,23.12,45.24,running,1,0,0,12,1.5345,-3.2353,0.7506,0
PUMP-HEALTHY,2026-01-16T17:20:00,479.57,3002.05,104.63,1.16,61.89,51.54,24.72,59.38,running,1,0,2,12,-1.779,6.2693,-6.0124,0
PUMP-HEALTHY,2026-01-16T17:25:00,475.14,2955.73,98.5,1.2,67.1,47.39,22.52,52.74,running,1,0,2,12,0.0467,-6.1282,5.2155,0
PUMP-HEALTHY,2026-01-16T17:30:00,480.15,2985.78,103.1,1.22,68.5,49.2,23.62,59.14,running,1,0,0,12,0.0164,4.5938,1.3991,0
PUMP-HEALTHY,2026-01-16T17:35:00,475.08,3022.51,99.99,1.65,63.18,50.67,24.07,57.1,running,1,0,2,12,0.4324,-3.1061,-5.32,0
PUMP-HEALTHY,2026-01-16T17:40:00,479.31,2977.16,98.71,1.31,69.61,50.8,24.35,54.08,running,1,0,0,12,-0.34,-1.2831,6.4262,0
PUMP-HEALTHY,2026-01-16T17:45:00,475.63,3034.03,102.29,2.32,61.21,45.61,21.7,38.64,running,1,0,0,12,1.0119,3.5772,-8.3978,0
PUMP-HEALTHY,2026-01-16T17:50:00,475.96,3035.1,101.61,1.47,62.5,49.52,23.57,52.59,running,1,0,1,12,-0.8543,-0.6793,1.2934,0
PUMP-HEALTHY,2026-01-16T17:55:00,484.31,2991.13,98.53,1.25,68.18,49.38,23.91,45.32,running,1,0,0,12,-0.2215,-3.071,5.6731,0
PUMP-HEALTHY,2026-01-16T18:00:00,475.02,2956.43,102.97,1.44,66.96,46.26,21.97,38.06,running,1,0,2,12,0.1916,4.4325,-1.2181,0
PUMP-HEALTHY,2026-01-16T18:05:00,481.26,2989.02,101.25,1.49,62.21,50.87,24.48,53.17,running,1,0,2,12,0.053,-1.7143,-4.746,0
PUMP-HEALTHY,2026-01-16T18:10:00,475.99,2974.08,99.97,2.78,61.75,49.24,23.44,47.63,running,1,0,0,12,1.2904,-1.2821,-0.4618,0
PUMP-HEALTHY,2026-01-16T18:15:00,478.14,2969.97,102.72,2.72,65.71,48.4,23.14,51.02,running,1,0,2,12,-0.0626,2.7466,3.9619,0
PUMP-HEALTHY,2026-01-16T18:20:00,476.62,3014.11,101.05,1.46,61.52,50.27,23.96,58.82,running,1,0,3,12,-1.2564,-1.6655,-4.19,0
PUMP-HEALTHY,2026-01-16T18:25:00,476.85,2978.67,104.47,2.91,68.33,46.03,21.95,44.32,running,1,0,3,12,1.444,3.4183,6.8027,0
PUMP-HEALTHY,2026-01-16T18:30:00,484.05,3007.26,103.23,2.5,60.84,46.53,22.52,43.49,running,1,0,2,12,-0.4077,-1.2363,-7.486,0
PUMP-HEALTHY,2026-01-16T18:35:00,476.67,2992.42,99.73,1.63,61.38,46.71,22.27,47.1,running,1,0,4,12,-0.8643,-3.5063,0.5365,0
PUMP-HEALTHY,2026-01-16T18:40:00,479.8,3014.31,99.2,2.07,66.63,45.0,21.59,35.56,running,1,0,1,12,0.4346,-0.5267,5.2543,0
PUMP-HEALTHY,2026-01-16T18:45:00,478.84,3027.49,102.58,1.49,62.63,46.85,22.43,35.82,running,1,0,0,12,-0.5815,3.3754,-4.0046,0
PUMP-HEALTHY,2026-01-16T18:50:00,484.88,2974.42,100.04,2.92,68.63,46.82,22.7,38.43,running,1,0,1,12,1.4297,-2.5393,6.0066,0
PUMP-HEALTHY,2026-01-16T18:55:00,477.81,2956.53,98.11,1.23,62.11,46.59,22.26,42.04,running,1,0,1,12,-1.6865,-1.9274,-6.5243,0
PUMP-HEALTHY,2026-01-16T19:00:00,479.65,2997.81,102.75,2.35,69.65,48.6,23.31,44.28,running,1,0,3,12,1.1228,4.6356,7.5359,0
PUMP-HEALTHY,2026-01-16T19:05:00,484.66,2952.35,102.62,1.85,67.4,48.82,23.66,49.08,running,1,0,4,12,-0.4991,-0.1211,-2.2404,0
PUMP-HEALTHY,2026-01-16T19:10:00,482.36,3001.81,101.15,1.37,64.03,49.75,24.0,49.79,running,1,0,2,12,-0.4872,-1.475,-3.3764,0
PUMP-HEALTHY,2026-01-16T19:15:00,475.15,2994.78,101.04,1.58,66.23,48.73,23.15,46.29,running,1,0,4,12,0.2123,-0.1079,2.1972,0
PUMP-HEALTHY,2026-01-16T19:20:00,479.11,2952.63,98.28,1.23,61.06,50.11,24.01,56.59,running,1,0,2,12,-0.3535,-2.7608,-5.166,0
PUMP-HEALTHY,2026-01-16T19:25:00,481.35,2962.81,98.67,1.29,68.43,51.41,24.75,55.79,running,1,0,1,12,0.0617,0.3856,7.374,0
PUMP-HEALTHY,2026-01-16T19:30:00,476.29,3019.97,104.52,2.45,62.35,47.77,22.75,52.94,running,1,0,2,12,1.1619,5.8575,-6.0789,0
PUMP-HEALTHY,2026-01-16T19:35:00,477.32,2961.17,104.26,2.9,64.31,49.35,23.56,45.15,running,1,0,2,12,0.45,-0.2586,1.9591,0
PUMP-HEALTHY,2026-01-16T19:40:00,484.11,2991.33,101.41,1.98,61.12,52.35,25.34,59.9,running,1,0,0,12,-0.9245,-2.859,-3.1938,0
PUMP-HEALTHY,2026-01-16T19:45:00,476.18,2999.41,104.32,1.26,65.83,50.07,23.84,57.84,running,1,0,4,12,-0.7187,2.9124,4.7089,0
PUMP-HEALTHY,2026-01-16T19:50:00,479.01,2968.18,100.11,1.42,68.7,48.68,23.32,53.1,running,1,0,2,12,0.1637,-4.2083,2.8718,0
PUMP-HEALTHY,2026-01-16T19:55:00,482.11,3024.08,103.95,1.89,68.12,48.76,23.51,46.54,running,1,0,0,12,0.4715,3.8448,-0.5763,0
PUMP-HEALTHY,2026-01-16T20:00:00,478.57,3019.37,102.39,1.13,69.75,50.1,23.98,56.13,running,1,0,0,12,-0.757,-1.5652,1.6246,0
PUMP-HEALTHY,2026-01-16T20:05:00,476.56,2998.73,99.82,2.02,62.55,49.01,23.35,41.9,running,1,0,3,12,0.8829,-2.5664,-7.1942,0
PUMP-HEALTHY,2026-01-16T20:10:00,478.9,3045.69,100.01,2.08,63.97,50.53,24.2,59.96,running,1,0,3,12,0.0595,0.1831,1.4175,0
PUMP-HEALTHY,2026-01-16T20:15:00,475.68,2966.88,101.43,1.88,62.2,49.5,23.55,55.59,running,1,0,4,12,-0.1964,1.4223,-1.7698,0
PUMP-HEALTHY,2026-01-16T20:20:00,482.41,2987.49,98.88,2.79,66.92,48.13,23.22,41.06,running,1,0,4,12,0.9109,-2.5505,4.7135,0
PUMP-HEALTHY,2026-01-16T20:25:00,476.05,2991.54,100.29,1.57,68.19,48.64,23.15,54.78,running,1,0,2,12,-1.2222,1.4117,1.2786,0
PUMP-HEALTHY,2026-01-16T20:30:00,481.62,3009.72,102.46,1.06,64.6,48.21,23.22,54.59,running,1,0,2,12,-0.51,2.1678,-3.5919,0
PUMP-HEALTHY,2026-01-16T20:35:00,481.31,2987.33,104.78,1.05,60.2,47.01,22.62,47.12,running,1,0,3,12,-0.0062,2.3236,-4.4057,0
PUMP-HEALTHY,2026-01-16T20:40:00,476.72,2985.14,99.23,2.28,65.75,48.05,22.91,48.86,running,1,0,2,12,1.223,-5.5531,5.5499,0
PUMP-HEALTHY,2026-01-16T20:45:00,478.66,3028.81,104.41,1.33,68.51,46.54,22.27,37.62,running,1,0,2,12,-0.9515,5.1779,2.7657,0
PUMP-HEALTHY,2026-01-16T20:50:00,476.56,3015.01,100.16,1.31,68.79,46.98,22.39,41.74,running,1,0,1,12,-0.0138,-4.2495,0.279,0
PUMP-HEALTHY,2026-01-16T20:55:00,475.24,2962.72,99.93,1.01,62.93,46.64,22.16,49.27,running,1,0,0,12,-0.3043,-0.2298,-5.866,0
PUMP-HEALTHY,2026-01-16T21:00:00,484.54,3037.61,98.75,1.56,64.61,46.54,22.55,36.18,running,1,0,2,12,0.5501,-1.1784,1.6876,0
PUMP-HEALTHY,2026-01-16T21:05:00,475.34,3007.36,104.94,2.95,67.35,48.34,22.98,43.56,running,1,0,1,12,1.3913,6.1912,2.7343,0
PUMP-HEALTHY,2026-01-16T21:10:00,475.59,3023.25,100.96,1.69,63.97,50.13,23.84,49.21,running,1,0,2,12,-1.2537,-3.9819,-3.378,0
PUMP-HEALTHY,2026-01-16T21:15:00,484.15,3001.98,99.91,1.7,62.17,49.4,23.92,41.25,running,1,0,0,12,0.0077,-1.0496,-1.7954,0
PUMP-HEALTHY,2026-01-16T21:20:00,483.0,3029.48,102.74,1.07,65.7,49.75,24.03,47.29,running,1,0,3,12,-0.6361,2.8341,3.5231,0
PUMP-HEALTHY,2026-01-16T21:25:00,476.44,3044.56,98.68,1.73,66.97,49.0,23.35,55.76,running,1,0,1,12,0.6588,-4.0657,1.268,0
PUMP-HEALTHY,2026-01-16T21:30:00,483.91,2990.77,100.36,1.86,62.34,51.61,24.98,58.73,running,1,0,1,12,0.1357,1.6851,-4.6217,0
PUMP-HEALTHY,2026-01-16T21:35:00,475.33,3032.68,104.31,1.43,67.9,45.94,21.83,36.13,running,1,0,3,12,-0.4268,3.9533,5.5567,0
PUMP-HEALTHY,2026-01-16T21:40:00,477.54,3043.12,102.18,1.66,65.07,46.56,22.24,39.81,running,1,0,3,12,0.231,-2.1324,-2.8337,0
PUMP-HEALTHY,2026-01-16T21:45:00,475.33,2998.61,100.74,2.77,66.41,49.03,23.31,51.69,running,1,0,4,12,1.1085,-1.439,1.3449,0
PUMP-HEALTHY,2026-01-16T21:50:00,475.57,2960.38,103.65,1.07,63.5,49.34,23.47,52.18,running,1,0,2,12,-1.7073,2.9027,-2.9108,0
PUMP-HEALTHY,2026-01-16T21:55:00,484.24,2966.44,99.47,1.99,60.44,48.04,23.26,42.16,running,1,0,1,12,0.9214,-4.1732,-3.0584,0
PUMP-HEALTHY,2026-01-16T22:00:00,477.64,3005.03,102.27,2.1,64.1,45.8,21.87,41.97,running,1,0,0,12,0.1102,2.7936,3.6553,0
PUMP-HEALTHY,2026-01-16T22:05:00,478.96,3024.36,100.27,1.62,64.67,47.96,22.97,41.19,running,1,0,0,12,-0.4758,-1.992,0.5732,0
PUMP-HEALTHY,2026-01-16T22:10:00,483.88,2979.78,100.67,2.48,66.13,48.11,23.28,53.61,running,1,0,0,12,0.8605,0.392,1.4557,0
PUMP-HEALTHY,2026-01-16T22:15:00,476.49,3011.07,100.99,2.52,66.49,46.83,22.32,44.17,running,1,0,2,12,0.0332,0.3247,0.3654,0
PUMP-HEALTHY,2026-01-16T22:20:00,476.98,2996.49,98.23,2.24,64.14,48.34,23.06,58.12,running,1,0,1,12,-0.2798,-2.759,-2.3476,0
PUMP-HEALTHY,2026-01-16T22:25:00,477.38,2995.11,99.31,2.51,63.97,46.59,22.24,41.71,running,1,0,2,12,0.2701,1.0761,-0.1745,0
PUMP-HEALTHY,2026-01-16T22:30:00,480.37,3039.72,100.5,1.17,65.85,46.09,22.14,35.78,running,1,0,1,12,-1.3332,1.193,1.8816,0
PUMP-HEALTHY,2026-01-16T22:35:00,483.61,3017.33,101.4,1.14,61.15,50.3,24.33,55.36,running,1,0,1,12,-0.0303,0.8956,-4.6979,0
PUMP-HEALTHY,2026-01-16T22:40:00,481.82,2967.85,104.77,1.15,65.97,51.75,24.93,58.6,running,1,0,1,12,0.0118,3.3762,4.815,0
PUMP-HEALTHY,2026-01-16T22:45:00,484.24,2974.68,99.8,2.1,63.3,52.39,25.37,56.53,running,1,0,2,12,0.9496,-4.972,-2.6651,0
PUMP-HEALTHY,2026-01-16T22:50:00,481.8,2966.18,102.69,2.73,69.29,51.83,24.97,56.02,running,1,0,1,12,0.6217,2.8885,5.9874,0
PUMP-HEALTHY,2026-01-16T22:55:00,479.36,2951.41,102.1,1.43,69.97,47.57,22.8,42.07,running,1,0,3,12,-1.2931,-0.5921,0.6799,0
PUMP-HEALTHY,2026-01-16T23:00:00,480.11,2989.24,102.45,1.7,66.35,46.69,22.41,39.56,running,1,0,4,12,0.2708,0.3514,-3.6256,0
PUMP-HEALTHY,2026-01-16T23:05:00,475.24,3044.46,101.37,1.74,63.36,44.33,21.07,36.27,running,1,0,2,12,0.0351,-1.0793,-2.9862,0
PUMP-HEALTHY,2026-01-16T23:10:00,475.14,2970.17,100.86,2.63,62.81,50.3,23.9,56.84,running,1,0,1,12,0.89,-0.5051,-0.5499,0
PUMP-HEALTHY,2026-01-16T23:15:00,479.53,2958.7,98.99,1.22,68.04,48.86,23.43,42.22,running,1,0,4,12,-1.4055,-1.8701,5.2356,0
PUMP-HEALTHY,2026-01-16T23:20:00,476.75,2964.39,100.85,2.45,65.03,47.56,22.68,41.96,running,1,0,3,12,1.2247,1.8594,-3.0117,0
PUMP-HEALTHY,2026-01-16T23:25:00,482.41,2962.6,99.72,2.46,62.47,48.58,23.43,44.88,running,1,0,2,12,0.0102,-1.1288,-2.5676,0
PUMP-HEALTHY,2026-01-16T23:30:00,475.3,2997.13,103.59,2.03,67.82,48.07,22.85,50.43,running,1,0,3,12,-0.4277,3.8628,5.3543,0
PUMP-HEALTHY,2026-01-16T23:35:00,484.2,3016.48,98.18,2.6,68.19,46.93,22.72,35.77,running,1,0,4,12,0.5687,-5.4093,0.3688,0
PUMP-HEALTHY,2026-01-16T23:40:00,477.08,2989.4,99.24,1.29,62.69,48.73,23.25,42.55,running,1,0,2,12,-1.3057,1.0608,-5.5017,0
PUMP-HEALTHY,2026-01-16T23:45:00,476.36,2998.85,103.58,2.38,67.11,46.92,22.35,47.11,running,1,0,2,12,1.0858,4.3419,4.4219,0
PUMP-HEALTHY,2026-01-16T23:50:00,477.38,2982.01,103.44,1.78,68.65,48.42,23.12,39.69,running,1,0,2,12,-0.5943,-0.1408,1.5422,0
PUMP-HEALTHY,2026-01-16T23:55:00,478.61,2958.53,102.66,1.68,67.02,47.97,22.96,54.52,running,1,0,2,12,-0.1082,-0.7843,-1.6278,0
PUMP-HEALTHY,2026-01-17T00:00:00,483.33,3028.33,104.15,1.45,65.81,49.38,23.87,45.65,running,1,0,3,12,-0.227,1.4955,-1.2125,0
PUMP-HEALTHY,2026-01-17T00:05:00,478.24,2964.89,102.02,1.79,63.05,48.73,23.31,58.99,running,1,0,1,12,0.3408,-2.1265,-2.7624,0
PUMP-HEALTHY,2026-01-17T00:10:00,484.13,2963.46,98.03,1.31,67.37,48.02,23.25,37.97,running,1,0,2,12,-0.4801,-3.998,4.3199,0
PUMP-HEALTHY,2026-01-17T00:15:00,484.26,3036.04,103.43,2.87,64.33,51.21,24.8,52.38,running,1,0,0,12,1.5644,5.4002,-3.0419,0
PUMP-HEALTHY,2026-01-17T00:20:00,484.7,2995.81,103.16,1.84,68.74,48.76,23.64,43.88,running,1,0,4,12,-1.0335,-0.2651,4.4138,0
PUMP-HEALTHY,2026-01-17T00:25:00,478.79,3032.47,102.1,1.81,67.41,46.33,22.18,38.45,running,1,0,4,12,-0.0291,-1.0648,-1.3337,0
PUMP-HEALTHY,2026-01-17T00:30:00,482.93,2984.75,98.73,1.58,64.5,45.64,22.04,35.11,running,1,0,1,12,-0.2333,-3.3681,-2.9033,0
PUMP-HEALTHY,2026-01-17T00:35:00,477.97,2960.36,100.93,1.86,61.2,49.29,23.56,46.7,running,1,0,1,12,0.281,2.1977,-3.3067,0
PUMP-HEALTHY,2026-01-17T00:40:00,476.45,3035.78,102.76,1.26,66.46,50.83,24.22,55.25,running,1,0,4,12,-0.5973,1.8315,5.2607,0
PUMP-HEALTHY,2026-01-17T00:45:00,475.93,3023.26,103.62,2.15,69.17,45.93,21.86,41.43,running,1,0,1,12,0.8903,0.8575,2.7105,0
PUMP-HEALTHY,2026-01-17T00:50:00,480.91,2986.54,99.65,2.12,60.15,48.63,23.38,53.39,running,1,0,2,12,-0.0336,-3.9607,-9.0202,0
PUMP-HEALTHY,2026-01-17T00:55:00,477.07,3045.6,98.61,1.44,66.5,51.29,24.47,53.3,running,1,0,0,12,-0.6839,-1.0418,6.3545,0
PUMP-HEALTHY,2026-01-17T01:00:00,481.97,3046.3,102.24,2.93,69.66,50.01,24.1,57.35,running,1,0,2,12,1.4921,3.6251,3.1607,0
PUMP-HEALTHY,2026-01-17T01:05:00,477.61,3012.82,102.91,2.74,68.65,48.8,23.31,40.28,running,1,0,1,12,-0.184,0.6729,-1.0091,0
PUMP-HEALTHY,2026-01-17T01:10:00,478.24,2960.78,103.61,2.09,69.64,47.84,22.88,52.23,running,1,0,4,12,-0.6542,0.6947,0.9857,0
PUMP-HEALTHY,2026-01-17T01:15:00,484.47,3009.19,103.08,1.68,65.51,48.58,23.53,36.04,running,1,0,0,12,-0.407,-0.5249,-4.1286,0
PUMP-HEALTHY,2026-01-17T01:20:00,481.74,2991.76,104.68,2.96,67.57,49.49,23.84,51.6,running,1,0,2,12,1.2782,1.5982,2.0547,0
PUMP-HEALTHY,2026-01-17T01:25:00,484.41,3009.69,99.37,2.84,63.22,49.31,23.88,53.24,running,1,0,3,12,-0.1196,-5.3108,-4.3428,0
PUMP-HEALTHY,2026-01-17T01:30:00,476.11,2972.3,101.26,1.58,63.86,47.63,22.68,45.78,running,1,0,1,12,-1.259,1.8933,0.6379,0
PUMP-HEALTHY,2026-01-17T01:35:00,479.53,2951.98,103.27,2.59,68.31,46.29,22.2,44.56,running,1,0,0,12,1.005,2.0048,4.4519,0
PUMP-HEALTHY,2026-01-17T01:40:00,479.18,3025.29,103.98,2.93,68.05,46.83,22.44,39.35,running,1,0,2,12,0.34,0.7146,-0.2663,0
PUMP-HEALTHY,2026-01-17T01:45:00,483.56,3016.3,100.72,2.54,61.4,49.06,23.72,49.85,running,1,0,0,12,-0.3873,-3.2659,-6.6416,0
PUMP-HEALTHY,2026-01-17T01:50:00,480.55,2966.97,99.37,2.23,69.78,50.8,24.41,51.12,running,1,0,3,12,-0.3075,-1.3474,8.3731,0
PUMP-HEALTHY,2026-01-17T01:55:00,478.14,3018.95,101.91,2.38,64.91,48.86,23.36,41.46,running,1,0,1,12,0.1488,2.5398,-4.8634,0
PUMP-HEALTHY,2026-01-17T02:00:00,481.38,2984.45,104.14,1.91,63.35,49.05,23.61,54.98,running,1,0,2,12,-0.4744,2.2318,-1.5652,0
PUMP-HEALTHY,2026-01-17T02:05:00,482.06,3004.15,103.13,2.86,60.49,49.05,23.64,50.08,running,1,0,2,12,0.9549,-1.0069,-2.8601,0
PUMP-HEALTHY,2026-01-17T02:10:00,478.46,2991.82,102.12,1.11,62.94,46.76,22.37,41.45,running,1,0,2,12,-1.7462,-1.0096,2.4541,0
PUMP-HEALTHY,2026-01-17T02:15:00,478.92,2990.87,103.12,1.44,63.3,47.69,22.84,43.05,running,1,0,1,12,0.3213,0.996,0.3582,0
PUMP-HEALTHY,2026-01-17T02:20:00,476.49,3011.97,100.99,2.02,68.94,48.69,23.2,56.49,running,1,0,2,12,0.5873,-2.1262,5.6395,0
PUMP-HEALTHY,2026-01-17T02:25:00,481.18,2960.81,102.25,2.76,64.66,46.96,22.6,41.18,running,1,0,4,12,0.7406,1.2528,-4.279,0
PUMP-HEALTHY,2026-01-17T02:30:00,476.48,2983.41,102.53,2.98,62.27,47.91,22.83,52.31,running,1,0,0,12,0.2124,0.2848,-2.3956,0
PUMP-HEALTHY,2026-01-17T02:35:00,475.77,3031.24,104.76,1.87,68.61,49.66,23.63,59.13,running,1,0,1,12,-1.1021,2.2254,6.3463,0
PUMP-HEALTHY,2026-01-17T02:40:00,481.05,3042.52,103.65,1.85,65.68,49.17,23.65,50.38,running,1,0,4,12,-0.0245,-1.108,-2.9309,0
PUMP-HEALTHY,2026-01-17T02:45:00,479.13,3028.18,98.43,2.15,64.62,46.24,22.15,38.76,running,1,0,3,12,0.2975,-5.2195,-1.064,0
PUMP-HEALTHY,2026-01-17T02:50:00,480.8,3020.08,103.38,1.6,62.19,48.04,23.1,42.81,running,1,0,0,12,-0.5491,4.9531,-2.4238,0
PUMP-HEALTHY,2026-01-17T02:55:00,478.56,2981.0,104.11,2.75,65.8,47.82,22.88,46.57,running,1,0,2,12,1.15,0.7312,3.6045,0
PUMP-HEALTHY,2026-01-17T03:00:00,479.95,2953.3,98.16,2.56,61.59,49.25,23.64,51.74,running,1,0,0,12,-0.1924,-5.9542,-4.2091,0
PUMP-HEALTHY,2026-01-17T03:05:00,477.01,2975.15,101.23,1.76,68.14,47.92,22.86,55.36,running,1,0,3,12,-0.7953,3.0751,6.5462,0
PUMP-HEALTHY,2026-01-17T03:10:00,480.7,3010.77,100.24,2.33,60.0,47.3,22.74,35.7,running,1,0,0,12,0.5735,-0.9899,-8.1304,0
PUMP-HEALTHY,2026-01-17T03:15:00,481.21,2978.29,101.41,2.65,69.66,48.88,23.52,42.01,running,1,0,2,12,0.3189,1.1704,9.6582,0
PUMP-HEALTHY,2026-01-17T03:20:00,476.18,3024.04,101.49,2.03,65.64,46.96,22.36,38.48,running,1,0,1,12,-0.6264,0.0795,-4.0269,0
PUMP-HEALTHY,2026-01-17T03:25:00,481.18,2950.44,102.1,1.71,60.64,48.93,23.54,53.4,running,1,0,3,12,-0.315,0.6028,-4.9956,0
PUMP-HEALTHY,2026-01-17T03:30:00,476.76,3007.22,102.96,3.0,63.22,47.13,22.47,41.02,running,1,0,4,12,1.2866,0.8621,2.5798,0
PUMP-HEALTHY,2026-01-17T03:35:00,484.6,2999.45,101.36,2.54,63.13,49.99,24.23,58.21,running,1,0,1,12,-0.4585,-1.5974,-0.0869,0
PUMP-HEALTHY,2026-01-17T03:40:00,477.11,3044.35,103.44,2.7,65.58,51.61,24.62,57.29,running,1,0,4,12,0.1618,2.0773,2.4479,0
PUMP-HEALTHY,2026-01-17T03:45:00,484.19,2970.72,100.04,1.4,60.53,45.63,22.09,38.45,running,1,0,0,12,-1.3021,-3.4012,-5.0504,0
PUMP-HEALTHY,2026-01-17T03:50:00,479.06,3027.1,99.78,2.72,62.63,47.64,22.82,49.54,running,1,0,2,12,1.3157,-0.2539,2.0988,0
PUMP-HEALTHY,2026-01-17T03:55:00,484.27,2961.88,101.4,1.97,68.84,49.89,24.16,59.52,running,1,0,0,12,-0.7473,1.6145,6.2116,0
PUMP-HEALTHY,2026-01-17T04:00:00,484.57,3020.35,104.42,1.91,65.47,51.69,25.05,55.45,running,1,0,1,12,-0.0603,3.0187,-3.3706,0
PUMP-HEALTHY,2026-01-17T04:05:00,475.92,2988.29,98.12,1.87,61.88,45.58,21.69,39.12,running,1,0,4,12,-0.0401,-6.2978,-3.587,0
PUMP-HEALTHY,2026-01-17T04:10:00,476.13,2958.5,103.64,1.05,68.02,48.78,23.22,58.23,running,1,0,4,12,-0.8131,5.521,6.1407,0
PUMP-HEALTHY,2026-01-17T04:15:00,477.41,2989.91,102.04,1.96,60.06,50.32,24.02,51.89,running,1,0,4,12,0.9048,-1.5987,-7.9615,0
PUMP-HEALTHY,2026-01-17T04:20:00,483.83,2973.98,100.5,1.62,66.59,51.11,24.73,57.59,running,1,0,3,12,-0.3401,-1.5364,6.5309,0
PUMP-HEALTHY,2026-01-17T04:25:00,481.94,3002.34,99.74,2.96,67.01,48.42,23.34,39.06,running,1,0,2,12,1.3403,-0.7609,0.4205,0
PUMP-HEALTHY,2026-01-17T04:30:00,484.68,2964.39,99.58,1.95,63.45,46.31,22.45,36.88,running,1,0,0,12,-1.0097,-0.1647,-3.564,0
PUMP-HEALTHY,2026-01-17T04:35:00,481.55,3012.21,100.56,1.96,65.21,47.09,22.68,44.41,running,1,0,0,12,0.0087,0.9782,1.7619,0
PUMP-HEALTHY,2026-01-17T04:40:00,475.25,3035.02,101.37,1.44,69.2,46.27,21.99,39.61,running,1,0,2,12,-0.5182,0.8093,3.9848,0
PUMP-HEALTHY,2026-01-17T04:45:00,480.4,2955.25,99.25,1.6,63.89,48.98,23.53,48.03,running,1,0,2,12,0.1595,-2.1198,-5.3047,0
PUMP-HEALTHY,2026-01-17T04:50:00,480.48,3022.46,103.17,1.05,60.02,52.42,25.19,58.07,running,1,0,2,12,-0.5455,3.9275,-3.8759,0
PUMP-HEALTHY,2026-01-17T04:55:00,481.79,2980.27,100.16,2.7,64.91,46.87,22.58,38.53,running,1,0,4,12,1.644,-3.0163,4.8967,0
PUMP-HEALTHY,2026-01-17T05:00:00,483.55,2996.62,104.81,2.36,61.7,49.66,24.01,53.06,running,1,0,1,12,-0.3414,4.6573,-3.2123,0
PUMP-HEALTHY,2026-01-17T05:05:00,478.44,2975.11,104.28,2.19,69.96,45.55,21.79,41.03,running,1,0,0,12,-0.163,-0.5364,8.2619,0
PUMP-HEALTHY,2026-01-17T05:10:00,481.91,2960.58,98.37,2.28,61.31,48.11,23.18,54.05,running,1,0,4,12,0.0858,-5.9125,-8.6501,0
PUMP-HEALTHY,2026-01-17T05:15:00,479.54,3009.54,103.72,1.9,69.94,48.7,23.35,57.12,running,1,0,0,12,-0.3837,5.3572,8.6231,0
PUMP-HEALTHY,2026-01-17T05:20:00,479.94,3010.72,103.39,2.86,67.45,45.32,21.75,40.2,running,1,0,3,12,0.9677,-0.332,-2.4888,0
PUMP-HEALTHY,2026-01-17T05:25:00,478.87,2993.69,101.73,2.22,61.18,46.09,22.07,39.11,running,1,0,1,12,-0.6415,-1.6631,-6.2659,0
PUMP-HEALTHY,2026-01-17T05:30:00,478.03,3007.71,103.02,2.12,66.39,52.24,24.97,58.67,running,1,0,0,12,-0.0989,1.2915,5.2091,0
PUMP-HEALTHY,2026-01-17T05:35:00,480.8,2967.11,104.55,1.65,65.98,49.93,24.01,49.59,running,1,0,2,12,-0.4711,1.5258,-0.4072,0
PUMP-HEALTHY,2026-01-17T05:40:00,479.98,3041.86,103.33,1.86,61.96,48.55,23.31,46.3,running,1,0,2,12,0.2029,-1.218,-4.0229,0
PUMP-HEALTHY,2026-01-17T05:45:00,484.61,3043.52,103.39,1.71,64.28,48.08,23.3,42.79,running,1,0,2,12,-0.1474,0.0605,2.3244,0
PUMP-HEALTHY,2026-01-17T05:50:00,481.77,2998.61,98.03,1.24,64.07,49.42,23.81,44.13,running,1,0,4,12,-0.4726,-5.3562,-0.2158,0
PUMP-HEALTHY,2026-01-17T05:55:00,479.14,2978.01,100.36,1.2,65.86,46.72,22.38,35.13,running,1,0,3,12,-0.0364,2.3284,1.7906,0
PUMP-HEALTHY,2026-01-17T06:00:00,480.03,2950.28,104.11,1.85,63.78,49.52,23.77,50.26,running,1,0,0,12,0.6506,3.7483,-2.0799,0
PUMP-HEALTHY,2026-01-17T06:05:00,482.85,2979.94,100.78,2.68,66.93,48.25,23.3,50.7,running,1,0,1,12,0.829,-3.3261,3.1472,0
PUMP-HEALTHY,2026-01-17T06:10:00,480.05,2953.17,100.07,1.84,67.63,49.23,23.63,43.26,running,1,0,4,12,-0.8435,-0.7117,0.704,0
PUMP-HEALTHY,2026-01-17T06:15:00,476.58,2983.46,98.77,2.53,68.13,47.24,22.51,49.03,running,1,0,2,12,0.6968,-1.3009,0.5043,0
PUMP-HEALTHY,2026-01-17T06:20:00,482.0,2988.23,104.91,2.68,68.98,47.46,22.88,44.45,running,1,0,2,12,0.1519,6.1411,0.8457,0
PUMP-HEALTHY,2026-01-17T06:25:00,480.11,2976.36,103.97,2.26,63.15,47.44,22.78,37.44,running,1,0,4,12,-0.4237,-0.9395,-5.8291,0
PUMP-HEALTHY,2026-01-17T06:30:00,480.98,3023.01,101.82,1.45,66.32,49.6,23.86,56.64,running,1,0,4,12,-0.8129,-2.1477,3.1695,0
PUMP-HEALTHY,2026-01-17T06:35:00,481.27,3010.29,102.3,2.5,64.33,49.75,23.94,43.69,running,1,0,4,12,1.0574,0.4756,-1.9881,0
PUMP-HEALTHY,2026-01-17T06:40:00,482.12,2964.32,101.85,1.95,66.8,48.8,23.53,36.98,running,1,0,4,12,-0.5577,-0.4481,2.4629,0
PUMP-HEALTHY,2026-01-17T06:45:00,475.9,3016.74,103.28,1.92,67.66,45.66,21.73,38.06,running,1,0,3,12,-0.0319,1.4276,0.866,0
PUMP-HEALTHY,2026-01-17T06:50:00,483.51,3006.45,102.27,1.19,68.7,46.02,22.25,42.86,running,1,0,4,12,-0.7224,-1.0073,1.0423,0
PUMP-HEALTHY,2026-01-17T06:55:00,482.52,3013.51,98.71,2.31,69.0,49.09,23.68,59.05,running,1,0,3,12,1.1162,-3.5572,0.295,0
PUMP-HEALTHY,2026-01-17T07:00:00,478.67,3001.98,99.83,2.34,62.91,47.98,22.97,50.01,running,1,0,1,12,0.036,1.1181,-6.0901,0
PUMP-HEALTHY,2026-01-17T07:05:00,475.17,3000.89,100.06,1.18,65.14,50.06,23.79,48.63,running,1,0,0,12,-1.1652,0.2288,2.2282,0
PUMP-HEALTHY,2026-01-17T07:10:00,483.33,3004.72,99.22,1.66,67.06,47.31,22.87,42.77,running,1,0,4,12,0.4783,-0.8424,1.9242,0
PUMP-HEALTHY,2026-01-17T07:15:00,477.05,2986.97,101.13,1.93,60.02,49.59,23.66,55.9,running,1,0,0,12,0.2739,1.9157,-7.0386,0
PUMP-HEALTHY,2026-01-17T07:20:00,484.87,3018.18,98.65,2.34,65.87,48.25,23.4,37.82,running,1,0,4,12,0.4091,-2.4855,5.8473,0
PUMP-HEALTHY,2026-01-17T07:25:00,477.63,3036.22,99.43,2.7,63.13,49.04,23.42,54.41,running,1,0,1,12,0.3548,0.7861,-2.7379,0
PUMP-HEALTHY,2026-01-17T07:30:00,479.84,3023.71,102.85,2.17,68.47,49.94,23.96,57.15,running,1,0,2,12,-0.5296,3.4174,5.3337,0
PUMP-HEALTHY,2026-01-17T07:35:00,478.89,3017.28,104.24,2.2,64.35,46.4,22.22,35.52,running,1,0,0,12,0.03,1.3858,-4.1158,0
PUMP-HEALTHY,2026-01-17T07:40:00,475.11,3021.16,100.48,1.15,61.38,51.1,24.28,58.07,running,1,0,3,12,-1.0421,-3.7592,-2.9746,0
PUMP-HEALTHY,2026-01-17T07:45:00,480.84,2983.43,103.47,1.41,62.61,46.32,22.27,41.53,running,1,0,3,12,0.2571,2.989,1.2342,0
PUMP-HEALTHY,2026-01-17T07:50:00,477.0,2997.67,101.97,2.02,67.21,47.06,22.45,49.81,running,1,0,4,12,0.6128,-1.4982,4.6023,0
PUMP-HEALTHY,2026-01-17T07:55:00,479.98,2950.27,101.93,1.18,67.83,50.22,24.1,52.21,running,1,0,1,12,-0.8467,-0.0415,0.6231,0
PUMP-HEALTHY,2026-01-17T08:00:00,482.96,3011.01,104.14,2.87,62.08,45.91,22.17,37.34,running,1,0,3,12,1.6953,2.2138,-5.7499,0
PUMP-HEALTHY,2026-01-17T08:05:00,475.12,2996.53,103.31,1.2,64.9,48.48,23.04,47.13,running,1,0,3,12,-1.6759,-0.8328,2.8121,0
PUMP-HEALTHY,2026-01-17T08:10:00,482.59,3011.63,98.29,2.03,60.69,48.24,23.28,51.88,running,1,0,1,12,0.8288,-5.0226,-4.2108,0
PUMP-HEALTHY,2026-01-17T08:15:00,476.81,2955.42,99.97,1.59,68.14,46.38,22.12,40.98,running,1,0,4,12,-0.4379,1.6869,7.4553,0
PUMP-HEALTHY,2026-01-17T08:20:00,475.98,3038.07,102.1,1.95,68.03,45.28,21.55,35.86,running,1,0,4,12,0.3641,2.1294,-0.11,0
PUMP-HEALTHY,2026-01-17T08:25:00,480.91,2951.49,103.47,2.26,65.11,46.21,22.22,39.1,running,1,0,0,12,0.3124,1.3693,-2.9191,0
PUMP-HEALTHY,2026-01-17T08:30:00,480.39,3028.12,103.8,2.97,68.52,48.82,23.45,54.63,running,1,0,2,12,0.7051,0.332,3.4064,0
PUMP-HEALTHY,2026-01-17T08:35:00,475.35,3048.7,104.35,2.68,67.39,46.72,22.21,46.82,running,1,0,3,12,-0.2898,0.5482,-1.1299,0
PUMP-HEALTHY,2026-01-17T08:40:00,477.23,2974.59,100.43,1.23,64.09,45.45,21.69,39.08,running,1,0,1,12,-1.4488,-3.9204,-3.3035,0
PUMP-HEALTHY,2026-01-17T08:45:00,481.13,3042.74,101.41,1.84,63.68,46.39,22.32,42.19,running,1,0,0,12,0.6065,0.9736,-0.4049,0
PUMP-HEALTHY,2026-01-17T08:50:00,481.34,2991.71,98.3,1.27,61.06,45.05,21.68,38.32,running,1,0,3,12,-0.5631,-3.1007,-2.6225,0
PUMP-HEALTHY,2026-01-17T08:55:00,477.84,3013.67,100.36,2.63,63.89,48.36,23.11,55.7,running,1,0,2,12,1.3605,2.0601,2.831,0
PUMP-HEALTHY,2026-01-17T09:00:00,475.44,3035.37,98.73,1.54,69.24,49.29,23.44,44.42,running,1,0,4,12,-1.0926,-1.6308,5.3514,0
PUMP-HEALTHY,2026-01-17T09:05:00,478.26,3008.99,103.74,1.17,68.25,49.2,23.53,42.13,running,1,0,2,12,-0.3765,5.0048,-0.9876,0
PUMP-HEALTHY,2026-01-17T09:10:00,481.69,3022.15,99.95,2.19,61.41,49.14,23.67,42.37,running,1,0,2,12,1.0224,-3.7929,-6.8446,0
PUMP-HEALTHY,2026-01-17T09:15:00,479.89,3028.69,100.15,1.25,61.08,49.7,23.85,55.92,running,1,0,2,12,-0.9365,0.2004,-0.3304,0
PUMP-HEALTHY,2026-01-17T09:20:00,483.13,2982.56,104.11,1.6,63.05,49.14,23.74,52.34,running,1,0,2,12,0.351,3.9645,1.974,0
PUMP-HEALTHY,2026-01-17T09:25:00,482.39,2966.01,98.94,2.77,67.56,50.09,24.16,48.35,running,1,0,0,12,1.1726,-5.1686,4.5105,0
PUMP-HEALTHY,2026-01-17T09:30:00,483.85,3011.04,104.27,1.5,69.81,48.99,23.71,46.89,running,1,0,4,12,-1.2748,5.3231,2.2499,0
PUMP-HEALTHY,2026-01-17T09:35:00,475.98,3027.69,102.92,2.23,64.99,46.01,21.9,41.52,running,1,0,1,12,0.7349,-1.3451,-4.8195,0
PUMP-HEALTHY,2026-01-17T09:40:00,482.48,3049.65,103.16,3.0,62.51,46.22,22.3,38.79,running,1,0,0,12,0.7624,0.2444,-2.4789,0
PUMP-HEALTHY,2026-01-17T09:45:00,482.17,3035.18,102.74,1.55,60.98,46.33,22.34,42.2,running,1,0,3,12,-1.4472,-0.4229,-1.5342,0
PUMP-HEALTHY,2026-01-17T09:50:00,484.14,2954.36,100.08,1.14,64.83,47.53,23.01,40.41,running,1,0,3,12,-0.4124,-2.6591,3.8508,0
PUMP-HEALTHY,2026-01-17T09:55:00,477.36,2973.47,104.42,2.21,66.64,48.54,23.17,48.89,running,1,0,2,12,1.0706,4.3366,1.8103,0
PUMP-HEALTHY,2026-01-17T10:00:00,476.59,3049.22,101.72,2.83,61.89,48.36,23.05,51.0,running,1,0,1,12,0.6239,-2.7024,-4.7485,0
PUMP-HEALTHY,2026-01-17T10:05:00,484.69,3044.42,99.11,1.18,66.04,51.38,24.9,55.0,running,1,0,0,12,-1.6569,-2.603,4.1443,0
PUMP-HEALTHY,2026-01-17T10:10:00,480.57,2984.67,101.55,2.41,65.78,51.4,24.7,59.33,running,1,0,4,12,1.2364,2.438,-0.2519,0
PUMP-HEALTHY,2026-01-17T10:15:00,481.2,2968.13,98.84,2.64,67.11,46.0,22.13,40.88,running,1,0,1,12,0.2241,-2.7111,1.3236,0
PUMP-HEALTHY,2026-01-17T10:20:00,477.0,3041.82,103.22,2.79,63.19,46.13,22.0,39.7,running,1,0,3,12,0.1506,4.3757,-3.9162,0
PUMP-HEALTHY,2026-01-17T10:25:00,482.12,3026.87,101.11,2.25,62.7,51.69,24.92,55.72,running,1,0,2,12,-0.5355,-2.1028,-0.4877,0
PUMP-HEALTHY,2026-01-17T10:30:00,476.48,3027.52,103.8,2.94,68.36,44.25,21.08,35.8,running,1,0,3,12,0.6914,2.682,5.6597,0
PUMP-HEALTHY,2026-01-17T10:35:00,477.25,2987.62,99.55,1.59,62.27,49.65,23.7,51.44,running,1,0,1,12,-1.3555,-4.2448,-6.0895,0
PUMP-HEALTHY,2026-01-17T10:40:00,478.06,2998.01,99.67,2.15,60.28,49.91,23.86,47.15,running,1,0,2,12,0.5589,0.123,-1.9901,0
PUMP-HEALTHY,2026-01-17T10:45:00,479.96,3031.12,104.6,1.86,66.0,45.23,21.71,36.95,running,1,0,4,12,-0.2823,4.9232,5.7173,0
PUMP-HEALTHY,2026-01-17T10:50:00,483.36,3015.9,101.3,1.33,62.81,48.95,23.66,51.29,running,1,0,4,12,-0.5377,-3.3017,-3.1915,0
PUMP-HEALTHY,2026-01-17T10:55:00,480.83,3031.46,100.49,2.63,65.4,48.49,23.31,37.13,running,1,0,4,12,1.3066,-0.8057,2.5945,0
PUMP-HEALTHY,2026-01-17T11:00:00,478.57,2992.62,100.51,2.83,69.31,48.33,23.13,56.98,running,1,0,0,12,0.196,0.0183,3.9079,0
PUMP-HEALTHY,2026-01-17T11:05:00,482.51,2996.68,100.73,1.23,68.65,47.07,22.71,40.56,running,1,0,0,12,-1.594,0.221,-0.6593,0
PUMP-HEALTHY,2026-01-17T11:10:00,475.25,2953.36,99.51,2.72,67.5,48.92,23.25,43.72,running,1,0,3,12,1.4863,-1.2197,-1.1489,0
PUMP-HEALTHY,2026-01-17T11:15:00,484.94,2973.68,99.89,2.6,69.72,48.75,23.64,55.43,running,1,0,2,12,-0.1246,0.3817,2.2113,0
PUMP-HEALTHY,2026-01-17T11:20:00,480.03,3036.58,99.59,1.09,61.76,48.31,23.19,39.35,running,1,0,1,12,-1.501,-0.3028,-7.9518,0
PUMP-HEALTHY,2026-01-17T11:25:00,484.82,2997.46,98.94,2.65,60.93,49.47,23.98,49.89,running,1,0,0,12,1.5558,-0.6494,-0.8299,0
PUMP-HEALTHY,2026-01-17T11:30:00,475.53,2988.06,99.63,1.05,60.37,50.14,23.84,54.56,running,1,0,2,12,-1.6015,0.6886,-0.5631,0
PUMP-HEALTHY,2026-01-17T11:35:00,476.6,3049.59,102.03,1.65,68.49,48.97,23.34,55.04,running,1,0,2,12,0.6028,2.403,8.118,0
PUMP-HEALTHY,2026-01-17T11:40:00,479.94,2972.25,98.54,2.2,62.97,48.27,23.17,43.85,running,1,0,2,12,0.5518,-3.4922,-5.5196,0
PUMP-HEALTHY,2026-01-17T11:45:00,477.25,3049.9,104.48,2.78,61.59,50.03,23.87,58.28,running,1,0,3,12,0.5749,5.9398,-1.3834,0
PUMP-HEALTHY,2026-01-17T11:50:00,479.52,2988.4,103.92,1.33,69.12,46.72,22.4,47.05,running,1,0,0,12,-1.444,-0.5629,7.5296,0
PUMP-HEALTHY,2026-01-17T11:55:00,477.77,2985.57,103.26,2.88,67.56,48.47,23.16,42.36,running,1,0,3,12,1.5447,-0.6539,-1.5538,0
PUMP-HEALTHY,2026-01-17T12:00:00,477.61,3048.76,100.56,2.21,65.32,46.71,22.31,44.39,running,1,0,3,12,-0.6708,-2.6977,-2.2373,0
PUMP-HEALTHY,2026-01-17T12:05:00,475.4,3014.68,100.03,2.5,65.12,49.88,23.72,47.15,running,1,0,0,12,0.2929,-0.5332,-0.2082,0
PUMP-HEALTHY,2026-01-17T12:10:00,478.48,3034.59,99.64,2.77,66.03,45.37,21.71,39.63,running,1,0,2,12,0.2668,-0.3885,0.9141,0
PUMP-HEALTHY,2026-01-17T12:15:00,477.8,2968.36,98.03,1.69,66.77,48.65,23.25,41.53,running,1,0,0,12,-1.0737,-1.608,0.7361,0
PUMP-HEALTHY,2026-01-17T12:20:00,482.04,2991.59,101.84,2.06,65.12,48.87,23.56,43.46,running,1,0,4,12,0.3679,3.8026,-1.6487,0
PUMP-HEALTHY,2026-01-17T12:25:00,481.45,3044.96,100.99,1.64,66.34,49.5,23.83,46.21,running,1,0,3,12,-0.4211,-0.8463,1.2192,0
PUMP-HEALTHY,2026-01-17T12:30:00,477.6,2984.94,100.05,1.32,65.81,51.45,24.57,59.59,running,1,0,4,12,-0.3173,-0.943,-0.5274,0
PUMP-HEALTHY,2026-01-17T12:35:00,476.68,2997.74,100.83,1.51,69.8,50.12,23.89,57.16,running,1,0,3,12,0.1876,0.778,3.9864,0
PUMP-HEALTHY,2026-01-17T12:40:00,480.22,3014.09,101.02,2.6,69.26,48.68,23.38,54.07,running,1,0,4,12,1.0925,0.1927,-0.5314,0
PUMP-HEALTHY,2026-01-17T12:45:00,475.06,3035.85,104.74,2.04,67.78,48.92,23.24,57.15,running,1,0,4,12,-0.5592,3.7261,-1.4868,0
PUMP-HEALTHY,2026-01-17T12:50:00,484.03,3017.93,103.99,2.61,64.13,47.81,23.14,36.78,running,1,0,3,12,0.562,-0.7495,-3.65,0
PUMP-HEALTHY,2026-01-17T12:55:00,478.36,2971.64,104.3,1.04,60.08,48.01,22.97,38.67,running,1,0,4,12,-1.5664,0.3038,-4.0428,0
PUMP-HEALTHY,2026-01-17T13:00:00,481.41,2969.05,98.52,2.53,68.47,46.22,22.25,43.77,running,1,0,4,12,1.4922,-5.782,8.3881,0
PUMP-HEALTHY,2026-01-17T13:05:00,482.18,2987.63,99.55,2.26,60.65,47.51,22.91,42.79,running,1,0,3,12,-0.2703,1.0326,-7.8216,0
PUMP-HEALTHY,2026-01-17T13:10:00,476.58,3006.44,104.79,1.58,66.58,46.94,22.37,40.28,running,1,0,4,12,-0.6845,5.2405,5.9267,0
PUMP-HEALTHY,2026-01-17T13:15:00,482.81,2972.21,102.96,2.54,67.23,49.61,23.95,57.31,running,1,0,0,12,0.9661,-1.8252,0.6532,0
PUMP-HEALTHY,2026-01-17T13:20:00,483.32,3038.46,103.25,2.9,64.85,47.77,23.09,50.48,running,1,0,4,12,0.3552,0.2888,-2.3856,0
PUMP-HEALTHY,2026-01-17T13:25:00,475.57,2996.53,103.6,1.47,62.16,50.7,24.11,50.92,running,1,0,3,12,-1.431,0.3449,-2.6839,0
PUMP-HEALTHY,2026-01-17T13:30:00,478.45,2966.94,100.17,2.85,60.84,45.84,21.93,35.41,running,1,0,3,12,1.3847,-3.4311,-1.3181,0
PUMP-HEALTHY,2026-01-17T13:35:00,479.71,2955.15,102.16,1.92,60.63,46.73,22.41,40.39,running,1,0,3,12,-0.9291,1.9941,-0.2135,0
PUMP-HEALTHY,2026-01-17T13:40:00,482.44,2957.13,98.06,1.19,65.27,47.0,22.68,43.47,running,1,0,0,12,-0.7364,-4.1,4.6366,0
PUMP-HEALTHY,2026-01-17T13:45:00,483.29,2960.02,104.43,2.5,61.32,47.91,23.15,37.92,running,1,0,4,12,1.3131,6.3737,-3.9424,0
PUMP-HEALTHY,2026-01-17T13:50:00,475.42,2959.58,103.22,1.24,69.66,47.92,22.78,36.92,running,1,0,3,12,-1.2568,-1.2181,8.3408,0
PUMP-HEALTHY,2026-01-17T13:55:00,480.66,3028.97,103.08,1.22,67.83,50.22,24.14,57.9,running,1,0,0,12,-0.02,-0.1324,-1.8359,0
PUMP-HEALTHY,2026-01-17T14:00:00,475.4,3048.07,99.97,1.61,60.82,50.64,24.07,55.08,running,1,0,4,12,0.386,-3.1127,-7.0134,0
PUMP-HEALTHY,2026-01-17T14:05:00,476.5,2965.18,98.78,1.76,67.73,51.78,24.67,57.8,running,1,0,3,12,0.1524,-1.1868,6.9145,0
PUMP-HEALTHY,2026-01-17T14:10:00,476.22,2994.61,98.76,2.8,64.85,48.51,23.1,56.69,running,1,0,4,12,1.0342,-0.0247,-2.8833,0
PUMP-HEALTHY,2026-01-17T14:15:00,478.9,2982.68,104.8,2.41,69.24,47.78,22.88,38.92,running,1,0,1,12,-0.3843,6.0446,4.3887,0
PUMP-HEALTHY,2026-01-17T14:20:00,484.16,3033.38,99.84,2.05,63.31,48.13,23.3,46.67,running,1,0,1,12,-0.3625,-4.9608,-5.9222,0
PUMP-HEALTHY,2026-01-17T14:25:00,477.94,3046.84,102.56,1.28,62.15,49.19,23.51,59.12,running,1,0,2,12,-0.7731,2.7123,-1.1607,0
PUMP-HEALTHY,2026-01-17T14:30:00,477.87,2994.26,104.6,2.69,69.62,45.43,21.71,38.84,running,1,0,4,12,1.4111,2.0452,7.4642,0
PUMP-HEALTHY,2026-01-17T14:35:00,483.02,2963.03,99.65,2.56,64.15,49.39,23.86,45.63,running,1,0,4,12,-0.1314,-4.9554,-5.4637,0
PUMP-HEALTHY,2026-01-17T14:40:00,483.84,2967.79,103.22,2.11,64.99,45.75,22.13,39.88,running,1,0,4,12,-0.447,3.5732,0.8368,0
PUMP-HEALTHY,2026-01-17T14:45:00,479.32,2953.13,102.05,1.77,63.91,49.61,23.78,46.23,running,1,0,1,12,-0.3359,-1.1687,-1.0759,0
PUMP-HEALTHY,2026-01-17T14:50:00,484.47,3020.91,103.94,2.89,63.12,47.7,23.11,50.25,running,1,0,3,12,1.1176,1.8927,-0.7952,0
PUMP-HEALTHY,2026-01-17T14:55:00,476.23,2991.5,103.75,2.19,68.65,52.31,24.91,59.69,running,1,0,2,12,-0.7002,-0.1908,5.5303,0
PUMP-HEALTHY,2026-01-17T15:00:00,484.09,2984.42,101.23,2.89,62.45,50.84,24.61,55.38,running,1,0,1,12,0.7025,-2.5195,-6.198,0
PUMP-HEALTHY,2026-01-17T15:05:00,479.66,3024.64,99.48,2.68,65.21,51.17,24.54,56.22,running,1,0,1,12,-0.2085,-1.7494,2.7601,0
PUMP-HEALTHY,2026-01-17T15:10:00,483.06,3026.75,100.98,1.64,67.56,48.12,23.24,48.36,running,1,0,4,12,-1.0438,1.5005,2.3506,0
PUMP-HEALTHY,2026-01-17T15:15:00,482.7,2978.96,101.0,1.61,66.28,48.2,23.26,51.19,running,1,0,1,12,-0.0301,0.0147,-1.2817,0
PUMP-HEALTHY,2026-01-17T15:20:00,481.43,3034.98,99.64,1.83,67.57,50.69,24.4,57.31,running,1,0,4,12,0.2207,-1.3627,1.2879,0
PUMP-HEALTHY,2026-01-17T15:25:00,484.9,2967.22,104.85,1.27,62.49,49.59,24.05,54.74,running,1,0,3,12,-0.5585,5.2138,-5.0797,0
PUMP-HEALTHY,2026-01-17T15:30:00,480.15,2966.19,98.93,2.52,65.99,49.28,23.66,53.36,running,1,0,2,12,1.2498,-5.922,3.4983,0
PUMP-HEALTHY,2026-01-17T15:35:00,478.03,3040.16,99.04,1.01,67.87,47.93,22.91,40.53,running,1,0,1,12,-1.5121,0.1138,1.8855,0
PUMP-HEALTHY,2026-01-17T15:40:00,483.09,2996.67,100.78,2.58,60.78,48.03,23.2,44.14,running,1,0,2,12,1.5741,1.7357,-7.0924,0
PUMP-HEALTHY,2026-01-17T15:45:00,483.77,2961.52,98.55,2.5,65.28,50.83,24.59,50.92,running,1,0,4,12,-0.0873,-2.2241,4.5034,0
PUMP-HEALTHY,2026-01-17T15:50:00,477.73,3004.88,98.79,2.09,68.75,49.6,23.7,57.99,running,1,0,1,12,-0.4067,0.2392,3.4698,0
PUMP-HEALTHY,2026-01-17T15:55:00,483.98,2994.85,102.46,1.05,68.87,50.75,24.56,55.51,running,1,0,2,12,-1.0454,3.671,0.1168,0
PUMP-HEALTHY,2026-01-17T16:00:00,475.64,3015.55,102.23,2.66,60.62,50.26,23.9,51.11,running,1,0,1,12,1.6136,-0.2379,-8.2486,0
PUMP-HEALTHY,2026-01-17T16:05:00,479.59,2972.53,103.25,2.35,63.36,47.4,22.73,49.15,running,1,0,4,12,-0.3042,1.0249,2.7378,0
PUMP-HEALTHY,2026-01-17T16:10:00,475.09,3013.29,99.21,2.73,69.34,51.05,24.25,56.78,running,1,0,0,12,0.3723,-4.0382,5.9834,0
PUMP-HEALTHY,2026-01-17T16:15:00,475.88,2974.65,103.23,1.92,62.29,50.1,23.84,49.92,running,1,0,0,12,-0.8094,4.0143,-7.0556,0
PUMP-HEALTHY,2026-01-17T16:20:00,477.76,2976.61,104.84,1.37,67.21,47.79,22.83,42.3,running,1,0,2,12,-0.5457,1.6111,4.9252,0
PUMP-HEALTHY,2026-01-17T16:25:00,482.31,3038.86,99.97,1.4,67.34,51.16,24.67,55.84,running,1,0,3,12,0.0256,-4.8684,0.125,0
PUMP-HEALTHY,2026-01-17T16:30:00,478.0,3022.42,102.83,2.45,68.33,51.71,24.72,57.71,running,1,0,3,12,1.055,2.8647,0.994,0
PUMP-HEALTHY,2026-01-17T16:35:00,477.6,3005.76,102.09,1.98,63.36,51.48,24.59,54.91,running,1,0,2,12,-0.4754,-0.746,-4.9706,0
PUMP-HEALTHY,2026-01-17T16:40:00,478.34,3010.71,104.39,2.11,65.9,48.67,23.28,39.46,running,1,0,2,12,0.1346,2.2998,2.5355,0
PUMP-HEALTHY,2026-01-17T16:45:00,475.26,3015.12,99.96,1.24,60.09,47.62,22.63,42.51,running,1,0,3,12,-0.8675,-4.4305,-5.8018,0
PUMP-HEALTHY,2026-01-17T16:50:00,479.46,2982.17,99.96,1.42,67.39,50.06,24.0,51.22,running,1,0,3,12,0.1732,0.0014,7.2949,0
PUMP-HEALTHY,2026-01-17T16:55:00,478.84,2962.81,103.21,2.19,68.5,47.44,22.71,40.37,running,1,0,0,12,0.7716,3.2501,1.1068,0
PUMP-HEALTHY,2026-01-17T17:00:00,475.33,3017.17,104.26,2.31,67.38,50.53,24.02,58.56,running,1,0,2,12,0.1196,1.055,-1.1135,0
PUMP-HEALTHY,2026-01-17T17:05:00,479.0,2970.61,103.9,1.97,67.46,47.96,22.97,37.64,running,1,0,3,12,-0.3337,-0.3648,0.0811,0
PUMP-HEALTHY,2026-01-17T17:10:00,483.07,2962.3,105.0,2.48,61.17,47.05,22.73,46.12,running,1,0,4,12,0.5012,1.1,-6.2937,0
PUMP-HEALTHY,2026-01-17T17:15:00,476.96,2964.21,100.06,2.13,61.76,46.92,22.38,43.42,running,1,0,4,12,-0.35,-4.9408,0.5939,0
PUMP-HEALTHY,2026-01-17T17:20:00,479.95,3004.76,98.49,2.86,62.31,52.11,25.01,58.77,running,1,0,4,12,0.7374,-1.5685,0.5462,0
PUMP-HEALTHY,2026-01-17T17:25:00,481.81,2958.38,98.39,1.7,68.21,49.96,24.07,48.46,running,1,0,1,12,-1.164,-0.0946,5.8991,0
PUMP-HEALTHY,2026-01-17T17:30:00,482.22,2998.39,102.28,2.57,61.99,51.41,24.79,54.47,running,1,0,0,12,0.8725,3.8815,-6.2179,0
PUMP-HEALTHY,2026-01-17T17:35:00,481.44,3011.64,104.53,1.84,65.34,49.57,23.87,53.06,running,1,0,3,12,-0.7307,2.257,3.3443,0
PUMP-HEALTHY,2026-01-17T17:40:00,479.81,2960.29,99.56,2.31,67.9,46.86,22.48,36.18,running,1,0,2,12,0.4732,-4.9777,2.5665,0
PUMP-HEALTHY,2026-01-17T17:45:00,475.36,2988.38,102.31,1.21,69.33,47.42,22.54,38.21,running,1,0,3,12,-1.1069,2.7561,1.4305,0
PUMP-HEALTHY,2026-01-17T17:50:00,480.18,3006.54,99.93,1.16,62.86,47.71,22.91,49.3,running,1,0,2,12,-0.0502,-2.3847,-6.476,0
PUMP-HEALTHY,2026-01-17T17:55:00,478.82,3013.72,101.79,1.62,60.28,49.31,23.61,44.67,running,1,0,0,12,0.4669,1.8665,-2.5715,0
PUMP-HEALTHY,2026-01-17T18:00:00,482.16,3025.02,100.86,1.34,66.85,50.01,24.11,53.49,running,1,0,0,12,-0.2848,-0.9317,6.5626,0
PUMP-HEALTHY,2026-01-17T18:05:00,479.28,2985.41,98.65,2.39,60.62,49.47,23.71,46.01,running,1,0,3,12,1.0509,-2.2088,-6.2291,0
PUMP-HEALTHY,2026-01-17T18:10:00,475.79,3017.02,101.58,2.36,69.53,48.81,23.22,42.7,running,1,0,2,12,-0.0273,2.9253,8.914,0
PUMP-HEALTHY,2026-01-17T18:15:00,482.83,3031.49,103.34,2.93,67.38,47.81,23.08,46.72,running,1,0,3,12,0.5706,1.765,-2.1515,0
PUMP-HEALTHY,2026-01-17T18:20:00,483.22,3024.83,103.54,2.74,65.01,45.98,22.22,37.43,running,1,0,1,12,-0.1982,0.1969,-2.3666,0
PUMP-HEALTHY,2026-01-17T18:25:00,483.59,3045.16,99.7,1.87,60.4,48.07,23.25,46.42,running,1,0,3,12,-0.8685,-3.8445,-4.6167,0
PUMP-HEALTHY,2026-01-17T18:30:00,483.75,2995.32,98.41,2.65,68.66,47.59,23.02,35.58,running,1,0,3,12,0.7875,-1.2871,8.2661,0
PUMP-HEALTHY,2026-01-17T18:35:00,480.76,3017.38,98.13,2.87,67.12,50.08,24.07,45.66,running,1,0,2,12,0.2184,-0.2735,-1.5453,0
PUMP-HEALTHY,2026-01-17T18:40:00,478.46,3034.74,99.46,1.77,69.78,49.87,23.86,47.41,running,1,0,1,12,-1.102,1.3293,2.661,0
PUMP-HEALTHY,2026-01-17T18:45:00,481.72,2951.4,103.27,1.52,65.69,48.84,23.53,48.01,running,1,0,3,12,-0.251,3.8036,-4.0914,0
PUMP-HEALTHY,2026-01-17T18:50:00,475.5,2950.53,98.47,2.32,61.55,49.94,23.74,57.54,running,1,0,4,12,0.8002,-4.7971,-4.1342,0
PUMP-HEALTHY,2026-01-17T18:55:00,476.22,2971.55,102.74,2.26,61.45,44.73,21.3,37.03,running,1,0,4,12,-0.0574,4.2682,-0.1029,0
PUMP-HEALTHY,2026-01-17T19:00:00,483.41,2960.58,102.27,1.96,66.04,46.35,22.4,37.41,running,1,0,0,12,-0.3071,-0.4666,4.5884,0
PUMP-HEALTHY,2026-01-17T19:05:00,479.65,2986.2,100.95,1.02,65.11,50.34,24.15,59.13,running,1,0,1,12,-0.9398,-1.3256,-0.9252,0
PUMP-HEALTHY,2026-01-17T19:10:00,476.26,2963.12,102.18,1.17,61.29,47.22,22.49,47.96,running,1,0,3,12,0.1571,1.2328,-3.8272,0
PUMP-HEALTHY,2026-01-17T19:15:00,483.72,2983.7,103.25,1.97,64.89,45.29,21.91,36.94,running,1,0,2,12,0.802,1.0665,3.6054,0
PUMP-HEALTHY,2026-01-17T19:20:00,480.69,2961.57,100.28,2.43,67.93,50.36,24.21,47.22,running,1,0,2,12,0.4514,-2.9632,3.0387,0
PUMP-HEALTHY,2026-01-17T19:25:00,478.43,2974.7,101.44,2.32,60.63,51.56,24.67,56.53,running,1,0,3,12,-0.1079,1.1599,-7.3049,0
PUMP-HEALTHY,2026-01-17T19:30:00,481.26,2983.76,100.68,2.19,64.56,49.58,23.86,46.72,running,1,0,3,12,-0.1262,-0.7594,3.9315,0
PUMP-HEALTHY,2026-01-17T19:35:00,476.72,2959.3,103.17,2.89,62.87,46.42,22.13,40.86,running,1,0,0,12,0.6978,2.4828,-1.6844,0
PUMP-HEALTHY,2026-01-17T19:40:00,482.14,2981.12,102.15,2.69,69.61,48.25,23.26,46.02,running,1,0,2,12,-0.199,-1.0172,6.7388,0
PUMP-HEALTHY,2026-01-17T19:45:00,478.05,2975.29,99.0,2.03,68.89,49.48,23.65,59.85,running,1,0,0,12,-0.6605,-3.1524,-0.7235,0
PUMP-HEALTHY,2026-01-17T19:50:00,482.58,3039.43,104.34,2.02,69.39,49.95,24.1,58.96,running,1,0,0,12,-0.0104,5.3416,0.5058,0
PUMP-HEALTHY,2026-01-17T19:55:00,477.18,2956.51,98.46,1.62,66.65,47.93,22.87,44.34,running,1,0,3,12,-0.3995,-5.8745,-2.7409,0
PUMP-HEALTHY,2026-01-17T20:00:00,481.2,3041.98,102.83,1.44,64.9,47.52,22.86,41.66,running,1,0,0,12,-0.1824,4.3641,-1.7495,0
PUMP-HEALTHY,2026-01-17T20:05:00,476.65,3024.43,102.49,2.04,66.96,50.64,24.14,57.54,running,1,0,0,12,0.599,-0.3397,2.057,0
PUMP-HEALTHY,2026-01-17T20:10:00,479.24,3027.65,103.79,1.27,67.3,51.12,24.5,59.44,running,1,0,2,12,-0.7666,1.3006,0.3425,0
PUMP-HEALTHY,2026-01-17T20:15:00,479.22,2965.7,102.99,1.09,64.21,46.68,22.37,47.47,running,1,0,1,12,-0.1854,-0.7976,-3.0934,0
PUMP-HEALTHY,2026-01-17T20:20:00,484.79,2994.06,102.76,1.91,63.11,48.58,23.55,37.37,running,1,0,2,12,0.823,-0.2308,-1.096,0
PUMP-HEALTHY,2026-01-17T20:25:00,477.03,2996.91,98.85,2.54,61.12,47.71,22.76,39.65,running,1,0,2,12,0.6358,-3.9067,-1.9942,0
PUMP-HEALTHY,2026-01-17T20:30:00,475.35,3023.57,100.35,2.51,61.83,47.68,22.66,53.4,running,1,0,1,12,-0.0335,1.4933,0.7121,0
PUMP-HEALTHY,2026-01-17T20:35:00,483.16,3041.52,99.48,2.33,64.37,49.94,24.13,44.86,running,1,0,4,12,-0.182,-0.8692,2.5397,0
PUMP-HEALTHY,2026-01-17T20:40:00,484.32,2997.49,103.53,2.0,69.06,49.56,24.0,50.55,running,1,0,4,12,-0.3319,4.0566,4.6882,0
PUMP-HEALTHY,2026-01-17T20:45:00,481.26,3022.53,102.33,2.76,64.65,47.36,22.79,49.52,running,1,0,3,12,0.762,-1.2002,-4.4072,0
PUMP-HEALTHY,2026-01-17T20:50:00,484.17,3010.16,100.06,1.13,68.68,46.39,22.46,36.35,running,1,0,1,12,-1.6247,-2.2786,4.0229,0
PUMP-HEALTHY,2026-01-17T20:55:00,481.39,3007.11,100.48,1.04,68.6,51.64,24.86,59.07,running,1,0,1,12,-0.0926,0.4245,-0.0723,0
PUMP-HEALTHY,2026-01-17T21:00:00,482.62,3017.06,104.74,1.78,68.57,49.6,23.94,48.55,running,1,0,1,12,0.7435,4.2547,-0.0366,0
PUMP-HEALTHY,2026-01-17T21:05:00,475.18,2972.9,104.59,2.88,63.31,50.77,24.12,51.04,running,1,0,2,12,1.0937,-0.1407,-5.2568,0
PUMP-HEALTHY,2026-01-17T21:10:00,475.94,2977.26,99.18,2.47,69.98,46.02,21.9,44.35,running,1,0,1,12,-0.41,-5.4157,6.6673,0
PUMP-HEALTHY,2026-01-17T21:15:00,483.39,2978.22,100.61,1.87,62.49,52.05,25.16,59.74,running,1,0,0,12,-0.5942,1.4361,-7.4898,0
PUMP-HEALTHY,2026-01-17T21:20:00,480.4,3028.66,104.59,2.36,61.65,49.48,23.77,52.96,running,1,0,4,12,0.4849,3.9783,-0.8412,0
PUMP-HEALTHY,2026-01-17T21:25:00,484.57,3004.27,100.79,1.29,67.51,48.66,23.58,46.22,running,1,0,1,12,-1.0725,-3.8042,5.8646,0
PUMP-HEALTHY,2026-01-17T21:30:00,478.35,3013.1,100.83,1.14,62.81,48.59,23.24,40.67,running,1,0,4,12,-0.1505,0.0392,-4.7031,0
PUMP-HEALTHY,2026-01-17T21:35:00,481.27,3018.4,100.13,2.65,66.41,51.16,24.62,56.69,running,1,0,0,12,1.5097,-0.699,3.6002,0
PUMP-HEALTHY,2026-01-17T21:40:00,476.78,3048.48,98.35,2.04,63.32,49.43,23.57,58.07,running,1,0,1,12,-0.6066,-1.7755,-3.0899,0
PUMP-HEALTHY,2026-01-17T21:45:00,477.8,3047.71,101.16,1.43,67.16,45.92,21.94,39.58,running,1,0,0,12,-0.6098,2.8045,3.8462,0
PUMP-HEALTHY,2026-01-17T21:50:00,477.05,3031.72,99.04,1.13,68.84,49.24,23.49,46.0,running,1,0,3,12,-0.3046,-2.1144,1.6805,0
PUMP-HEALTHY,2026-01-17T21:55:00,476.62,2957.49,101.36,2.76,66.06,51.45,24.52,58.18,running,1,0,1,12,1.6395,2.3186,-2.789,0
PUMP-HEALTHY,2026-01-17T22:00:00,484.62,3014.18,99.24,1.07,61.04,48.87,23.68,38.39,running,1,0,2,12,-1.6946,-2.1187,-5.0193,0
PUMP-HEALTHY,2026-01-17T22:05:00,483.93,3040.29,103.37,2.97,67.32,49.1,23.76,47.26,running,1,0,2,12,1.899,4.1228,6.2842,0
PUMP-HEALTHY,2026-01-17T22:10:00,481.87,3016.24,103.09,1.55,63.89,48.42,23.33,37.01,running,1,0,2,12,-1.4202,-0.2804,-3.4256,0
PUMP-HEALTHY,2026-01-17T22:15:00,475.92,2989.64,99.2,1.18,63.51,45.89,21.84,36.29,running,1,0,3,12,-0.3651,-3.8841,-0.3858,0
PUMP-HEALTHY,2026-01-17T22:20:00,482.79,2993.59,103.85,2.85,62.14,49.62,23.96,47.79,running,1,0,3,12,1.6623,4.6493,-1.3672,0
PUMP-HEALTHY,2026-01-17T22:25:00,476.23,2956.58,102.14,2.93,68.54,49.36,23.51,51.39,running,1,0,3,12,0.0887,-1.7161,6.4009,0
PUMP-HEALTHY,2026-01-17T22:30:00,475.01,3036.27,104.86,2.27,60.01,46.41,22.04,39.28,running,1,0,2,12,-0.661,2.7288,-8.5283,0
PUMP-HEALTHY,2026-01-17T22:35:00,478.06,2968.3,101.54,2.7,69.49,48.02,22.95,35.0,running,1,0,4,12,0.4215,-3.3235,9.4755,0
PUMP-HEALTHY,2026-01-17T22:40:00,481.37,2954.0,104.91,2.93,64.24,52.03,25.05,58.79,running,1,0,4,12,0.2387,3.3728,-5.2536,0
PUMP-HEALTHY,2026-01-17T22:45:00,479.15,3014.55,103.77,1.61,66.51,47.51,22.76,47.16,running,1,0,0,12,-1.326,-1.1473,2.2749,0
PUMP-HEALTHY,2026-01-17T22:50:00,477.1,3008.13,99.17,2.11,69.31,46.42,22.14,47.53,running,1,0,2,12,0.4978,-4.5979,2.8035,0
PUMP-HEALTHY,2026-01-17T22:55:00,484.7,3023.79,101.44,1.74,68.59,48.99,23.74,43.19,running,1,0,1,12,-0.3697,2.2698,-0.7287,0
PUMP-HEALTHY,2026-01-17T23:00:00,475.04,2964.33,103.23,1.84,62.05,48.43,23.01,57.78,running,1,0,3,12,0.101,1.7929,-6.5349,0
PUMP-HEALTHY,2026-01-17T23:05:00,478.71,2975.87,98.97,1.84,63.06,48.46,23.2,40.96,running,1,0,2,12,0.006,-4.2638,1.0079,0
PUMP-HEALTHY,2026-01-17T23:10:00,483.38,2981.52,104.77,2.29,64.44,48.1,23.25,37.45,running,1,0,3,12,0.4506,5.807,1.3762,0
PUMP-HEALTHY,2026-01-17T23:15:00,476.77,3030.79,99.77,1.88,60.02,49.05,23.39,59.5,running,1,0,3,12,-0.4169,-5.0012,-4.4109,0
PUMP-HEALTHY,2026-01-17T23:20:00,484.62,2956.09,99.01,1.63,67.73,50.61,24.53,52.9,running,1,0,3,12,-0.2445,-0.7612,7.7009,0
PUMP-HEALTHY,2026-01-17T23:25:00,481.55,2973.93,102.22,1.78,64.78,49.02,23.61,41.12,running,1,0,4,12,0.146,3.2096,-2.9419,0
PUMP-HEALTHY,2026-01-17T23:30:00,482.66,2974.58,99.37,1.39,64.46,48.5,23.41,45.74,running,1,0,4,12,-0.3864,-2.8512,-0.3223,0
PUMP-HEALTHY,2026-01-17T23:35:00,480.81,3002.93,100.42,1.25,64.47,49.75,23.92,48.93,running,1,0,3,12,-0.1463,1.0486,0.013,0
PUMP-HEALTHY,2026-01-17T23:40:00,478.49,3024.28,99.75,1.07,68.08,50.37,24.1,50.87,running,1,0,4,12,-0.1712,-0.6722,3.6086,0
PUMP-HEALTHY,2026-01-17T23:45:00,484.75,2973.28,102.42,1.27,65.8,48.56,23.54,48.07,running,1,0,4,12,0.1918,2.6763,-2.285,0
PUMP-HEALTHY,2026-01-17T23:50:00,479.04,3016.69,104.51,2.86,61.77,51.43,24.64,57.72,running,1,0,3,12,1.5922,2.0843,-4.0325,0
PUMP-HEALTHY,2026-01-17T23:55:00,479.64,3049.76,99.08,2.33,64.34,50.27,24.11,48.37,running,1,0,3,12,-0.533,-5.4271,2.5741,0
PUMP-HEALTHY,2026-01-18T00:00:00,483.07,3003.83,100.89,1.89,67.12,49.64,23.98,52.53,running,1,0,4,12,-0.439,1.8133,2.7808,0
PUMP-HEALTHY,2026-01-18T00:05:00,475.45,3015.21,101.06,2.81,65.01,51.04,24.27,54.68,running,1,0,1,12,0.9285,0.1718,-2.1063,0
PUMP-HEALTHY,2026-01-18T00:10:00,481.92,2978.06,102.68,1.32,62.56,46.43,22.37,44.7,running,1,0,4,12,-1.4991,1.6155,-2.4509,0
PUMP-HEALTHY,2026-01-18T00:15:00,481.93,2999.81,100.73,1.22,65.37,48.41,23.33,54.5,running,1,0,3,12,-0.0983,-1.9537,2.8026,0
PUMP-HEALTHY,2026-01-18T00:20:00,475.81,2964.12,100.11,1.8,69.44,49.05,23.34,59.29,running,1,0,4,12,0.5831,-0.6187,4.0787,0
PUMP-HEALTHY,2026-01-18T00:25:00,480.51,2997.58,99.03,1.79,67.0,45.84,22.03,43.07,running,1,0,2,12,-0.007,-1.0761,-2.4478,0
PUMP-HEALTHY,2026-01-18T00:30:00,483.43,3000.81,102.98,1.71,67.75,48.26,23.33,54.8,running,1,0,4,12,-0.0837,3.9524,0.7515,0
PUMP-HEALTHY,2026-01-18T00:35:00,479.29,3039.94,104.53,2.14,67.84,51.21,24.55,59.4,running,1,0,0,12,0.4271,1.5456,0.0935,0
PUMP-HEALTHY,2026-01-18T00:40:00,484.3,2956.48,99.87,1.06,65.03,47.65,23.08,46.68,running,1,0,2,12,-1.0795,-4.6589,-2.8091,0
PUMP-HEALTHY,2026-01-18T00:45:00,477.26,2978.71,103.56,1.47,63.82,47.65,22.74,42.34,running,1,0,3,12,0.4123,3.693,-1.2152,0
PUMP-HEALTHY,2026-01-18T00:50:00,482.22,3007.39,102.45,1.91,61.49,46.84,22.59,38.53,running,1,0,0,12,0.4433,-1.1119,-2.322,0
PUMP-HEALTHY,2026-01-18T00:55:00,482.56,2982.38,99.69,2.9,60.1,47.29,22.82,47.42,running,1,0,3,12,0.9866,-2.7583,-1.3902,0
PUMP-HEALTHY,2026-01-18T01:00:00,483.42,3030.49,104.89,2.22,67.64,50.48,24.4,52.32,running,1,0,0,12,-0.6766,5.1916,7.5351,0
PUMP-HEALTHY,2026-01-18T01:05:00,483.97,2960.83,100.51,2.74,63.77,47.34,22.91,49.86,running,1,0,0,12,0.5187,-4.3769,-3.8665,0
PUMP-HEALTHY,2026-01-18T01:10:00,476.55,3045.66,98.26,1.68,60.06,46.57,22.19,35.63,running,1,0,0,12,-1.0576,-2.246,-3.7094,0
PUMP-HEALTHY,2026-01-18T01:15:00,484.51,2986.59,104.19,1.69,65.68,52.15,25.27,56.67,running,1,0,2,12,0.0087,5.93,5.6198,0
PUMP-HEALTHY,2026-01-18T01:20:00,477.56,2985.59,101.05,1.37,61.81,47.5,22.68,37.4,running,1,0,2,12,-0.3273,-3.1394,-3.8688,0
PUMP-HEALTHY,2026-01-18T01:25:00,482.67,2968.95,103.61,2.14,63.74,46.7,22.54,37.13,running,1,0,0,12,0.7781,2.559,1.9212,0
PUMP-HEALTHY,2026-01-18T01:30:00,477.38,2957.91,101.04,1.65,69.12,47.65,22.75,47.04,running,1,0,4,12,-0.4893,-2.5742,5.3854,0
PUMP-HEALTHY,2026-01-18T01:35:00,478.69,2956.52,103.88,2.64,62.09,50.86,24.35,57.59,running,1,0,3,12,0.9901,2.8387,-7.035,0
PUMP-HEALTHY,2026-01-18T01:40:00,477.91,3020.49,101.52,1.23,64.53,45.08,21.55,39.77,running,1,0,1,12,-1.4183,-2.3589,2.4471,0
PUMP-HEALTHY,2026-01-18T01:45:00,483.33,2964.53,99.93,1.26,64.41,51.15,24.72,59.98,running,1,0,4,12,0.0385,-1.5897,-0.1257,0
PUMP-HEALTHY,2026-01-18T01:50:00,478.97,3000.53,104.73,1.47,67.81,46.2,22.13,39.68,running,1,0,2,12,0.2045,4.8046,3.4001,0
PUMP-HEALTHY,2026-01-18T01:55:00,475.47,2988.33,98.37,2.87,67.44,47.09,22.39,49.27,running,1,0,4,12,1.4022,-6.3671,-0.3677,0
PUMP-HEALTHY,2026-01-18T02:00:00,478.54,3049.88,101.97,1.65,66.13,48.85,23.38,48.79,running,1,0,4,12,-1.2195,3.6055,-1.3079,0
PUMP-HEALTHY,2026-01-18T02:05:00,483.74,3004.36,104.58,1.86,69.9,49.17,23.78,46.48,running,1,0,0,12,0.2038,2.6123,3.768,0
PUMP-HEALTHY,2026-01-18T02:10:00,481.87,2987.28,101.57,1.61,64.72,47.49,22.88,43.41,running,1,0,0,12,-0.2436,-3.0106,-5.1813,0
PUMP-HEALTHY,2026-01-18T02:15:00,483.34,2989.25,98.05,2.3,63.09,50.88,24.59,50.65,running,1,0,1,12,0.6853,-3.525,-1.6319,0
PUMP-HEALTHY,2026-01-18T02:20:00,483.4,3040.79,102.71,2.45,69.17,46.4,22.43,36.32,running,1,0,0,12,0.1541,4.6621,6.0824,0
PUMP-HEALTHY,2026-01-18T02:25:00,483.46,3033.0,98.2,1.7,60.21,48.33,23.37,47.78,running,1,0,2,12,-0.7537,-4.5059,-8.9615,0
PUMP-HEALTHY,2026-01-18T02:30:00,479.85,3039.13,99.49,2.61,65.73,50.97,24.46,59.18,running,1,0,2,12,0.911,1.2857,5.5211,0
PUMP-HEALTHY,2026-01-18T02:35:00,477.26,2965.2,101.97,2.19,67.05,46.15,22.02,43.14,running,1,0,4,12,-0.4217,2.4793,1.3201,0
PUMP-HEALTHY,2026-01-18T02:40:00,482.32,3043.17,103.66,1.04,61.25,46.81,22.57,38.45,running,1,0,2,12,-1.1506,1.6875,-5.8019,0
PUMP-HEALTHY,2026-01-18T02:45:00,476.87,3017.56,99.6,1.16,60.74,47.08,22.45,50.81,running,1,0,1,12,0.1248,-4.061,-0.5048,0
PUMP-HEALTHY,2026-01-18T02:50:00,477.35,2995.0,104.94,2.86,61.09,48.49,23.15,40.48,running,1,0,4,12,1.7023,5.3491,0.348,0
PUMP-HEALTHY,2026-01-18T02:55:00,477.43,3049.67,100.59,1.32,64.91,51.41,24.55,58.03,running,1,0,1,12,-1.5386,-4.3543,3.817,0
PUMP-HEALTHY,2026-01-18T03:00:00,482.38,2968.07,101.1,2.27,68.03,47.99,23.15,45.42,running,1,0,3,12,0.9412,0.5109,3.1235,0
PUMP-HEALTHY,2026-01-18T03:05:00,482.6,2953.41,102.61,1.67,65.54,47.52,22.93,35.78,running,1,0,2,12,-0.5988,1.508,-2.4932,0
PUMP-HEALTHY,2026-01-18T03:10:00,484.21,3019.96,99.51,1.23,64.69,49.9,24.16,44.31,running,1,0,2,12,-0.4356,-3.1022,-0.8468,0
PUMP-HEALTHY,2026-01-18T03:15:00,477.21,3004.35,102.82,2.61,63.33,48.74,23.26,48.51,running,1,0,4,12,1.3778,3.3114,-1.361,0
PUMP-HEALTHY,2026-01-18T03:20:00,484.67,3021.24,99.92,2.85,69.2,51.8,25.11,54.98,running,1,0,0,12,0.2433,-2.9018,5.8672,0
PUMP-HEALTHY,2026-01-18T03:25:00,478.48,3025.77,102.44,2.57,61.14,47.21,22.59,42.37,running,1,0,4,12,-0.2786,2.526,-8.0559,0
PUMP-HEALTHY,2026-01-18T03:30:00,478.41,2961.05,98.65,1.01,68.36,49.96,23.9,57.97,running,1,0,3,12,-1.5668,-3.7898,7.2141,0
PUMP-HEALTHY,2026-01-18T03:35:00,480.36,2986.2,104.0,1.63,63.33,50.36,24.19,54.43,running,1,0,3,12,0.6199,5.3443,-5.0303,0
PUMP-HEALTHY,2026-01-18T03:40:00,479.26,2986.06,102.35,1.7,66.0,45.91,22.0,39.22,running,1,0,1,12,0.077,-1.6517,2.67,0
PUMP-HEALTHY,2026-01-18T03:45:00,477.33,3030.21,98.72,1.86,61.85,47.09,22.48,45.73,running,1,0,0,12,0.1514,-3.6291,-4.1498,0
PUMP-HEALTHY,2026-01-18T03:50:00,480.26,2989.21,100.18,2.77,65.49,46.25,22.21,40.84,running,1,0,2,12,0.9172,1.4684,3.6412,0
PUMP-HEALTHY,2026-01-18T03:55:00,482.52,2970.08,102.61,1.16,62.0,48.35,23.33,51.94,running,1,0,3,12,-1.6089,2.4235,-3.4901,0
PUMP-HEALTHY,2026-01-18T04:00:00,483.97,2966.39,101.55,1.95,62.97,50.01,24.2,46.41,running,1,0,1,12,0.7855,-1.0605,0.9744,0
PUMP-HEALTHY,2026-01-18T04:05:00,477.27,3012.06,103.64,1.22,67.64,47.21,22.53,36.9,running,1,0,1,12,-0.7292,2.097,4.6655,0
PUMP-HEALTHY,2026-01-18T04:10:00,478.46,3004.63,102.66,2.05,69.48,50.48,24.15,55.35,running,1,0,2,12,0.8248,-0.9803,1.8405,0
PUMP-HEALTHY,2026-01-18T04:15:00,481.96,3018.08,100.13,2.06,63.07,49.16,23.69,41.85,running,1,0,4,12,0.0101,-2.5331,-6.4026,0
PUMP-HEALTHY,2026-01-18T04:20:00,481.28,2960.44,101.41,1.81,64.39,50.3,24.21,49.74,running,1,0,1,12,-0.2408,1.2788,1.3184,0
PUMP-HEALTHY,2026-01-18T04:25:00,482.41,2976.25,100.3,1.17,60.38,47.26,22.8,42.91,running,1,0,1,12,-0.642,-1.1081,-4.0171,0
PUMP-HEALTHY,2026-01-18T04:30:00,477.89,2986.91,98.91,2.92,62.37,46.61,22.28,48.68,running,1,0,0,12,1.7437,-1.3961,1.9931,0
PUMP-HEALTHY,2026-01-18T04:35:00,481.71,2954.8,103.82,2.33,62.52,49.76,23.97,57.75,running,1,0,3,12,-0.5814,4.9184,0.1503,0
PUMP-HEALTHY,2026-01-18T04:40:00,481.89,2984.95,99.25,1.19,63.59,48.32,23.29,50.33,running,1,0,2,12,-1.1423,-4.5695,1.0749,0
PUMP-HEALTHY,2026-01-18T04:45:00,484.94,2985.07,101.32,1.38,64.25,50.16,24.33,59.29,running,1,0,2,12,0.1828,2.0637,0.6605,0
PUMP-HEALTHY,2026-01-18T04:50:00,475.72,2999.14,98.48,2.24,64.87,48.45,23.05,49.35,running,1,0,2,12,0.8617,-2.8367,0.615,0
PUMP-HEALTHY,2026-01-18T04:55:00,476.02,3008.29,98.69,2.16,66.91,47.71,22.71,43.98,running,1,0,1,12,-0.0725,0.2089,2.0361,0
PUMP-HEALTHY,2026-01-18T05:00:00,478.84,2953.63,104.1,1.35,63.94,50.85,24.35,53.16,running,1,0,1,12,-0.8152,5.4139,-2.9653,0
PUMP-HEALTHY,2026-01-18T05:05:00,483.95,3001.86,98.48,2.66,63.11,47.13,22.81,38.5,running,1,0,0,12,1.3059,-5.6243,-0.8311,0
PUMP-HEALTHY,2026-01-18T05:10:00,483.23,3010.41,101.19,1.03,63.12,49.89,24.11,58.43,running,1,0,0,12,-1.6206,2.7096,0.008,0
PUMP-HEALTHY,2026-01-18T05:15:00,478.78,2950.26,100.5,2.45,66.74,49.01,23.47,50.37,running,1,0,1,12,1.4125,-0.6864,3.6234,0
PUMP-HEALTHY,2026-01-18T05:20:00,475.53,2967.74,102.47,1.76,67.14,48.55,23.09,38.47,running,1,0,3,12,-0.6922,1.9637,0.4042,0
PUMP-HEALTHY,2026-01-18T05:25:00,477.22,2992.67,104.0,1.12,68.31,47.32,22.58,38.65,running,1,0,0,12,-0.6367,1.5327,1.1665,0
PUMP-HEALTHY,2026-01-18T05:30:00,477.6,2973.38,99.48,2.69,61.64,50.14,23.95,53.94,running,1,0,0,12,1.5682,-4.5238,-6.6684,0
PUMP-HEALTHY,2026-01-18T05:35:00,484.65,3031.62,100.41,1.42,69.58,47.55,23.05,46.71,running,1,0,1,12,-1.2683,0.9319,7.938,0
PUMP-HEALTHY,2026-01-18T05:40:00,481.77,2984.67,102.3,1.87,61.45,46.23,22.27,36.48,running,1,0,4,12,0.4503,1.8942,-8.1304,0
PUMP-HEALTHY,2026-01-18T05:45:00,481.22,2995.84,101.27,2.76,67.01,47.42,22.82,37.24,running,1,0,3,12,0.8963,-1.0327,5.5559,0
PUMP-HEALTHY,2026-01-18T05:50:00,477.91,3029.11,102.26,2.71,67.01,47.76,22.82,45.86,running,1,0,1,12,-0.0557,0.9867,0.0055,0
PUMP-HEALTHY,2026-01-18T05:55:00,481.98,3042.42,104.2,1.35,60.41,48.48,23.37,45.32,running,1,0,1,12,-1.3626,1.9405,-6.6048,0
PUMP-HEALTHY,2026-01-18T06:00:00,476.89,2975.98,100.52,1.92,69.13,47.47,22.64,39.69,running,1,0,2,12,0.5783,-3.6765,8.7249,0
PUMP-HEALTHY,2026-01-18T06:05:00,483.76,3006.23,99.17,1.65,66.41,47.81,23.13,41.97,running,1,0,3,12,-0.2729,-1.3494,-2.7224,0
PUMP-HEALTHY,2026-01-18T06:10:00,479.58,2989.81,100.2,1.32,68.46,50.6,24.27,55.26,running,1,0,3,12,-0.3273,1.0322,2.0503,0
PUMP-HEALTHY,2026-01-18T06:15:00,477.02,2968.81,101.43,1.85,67.72,44.63,21.29,36.46,running,1,0,0,12,0.5221,1.2304,-0.7352,0
PUMP-HEALTHY,2026-01-18T06:20:00,477.45,3014.4,104.53,2.93,64.93,50.19,23.96,54.65,running,1,0,0,12,1.0844,3.0964,-2.7946,0
PUMP-HEALTHY,2026-01-18T06:25:00,478.01,3023.71,99.5,2.59,62.89,48.95,23.4,54.39,running,1,0,4,12,-0.3457,-5.0282,-2.0449,0
PUMP-HEALTHY,2026-01-18T06:30:00,480.26,3012.87,102.33,2.77,69.71,47.36,22.75,49.05,running,1,0,1,12,0.1856,2.8276,6.8206,0
PUMP-HEALTHY,2026-01-18T06:35:00,475.36,3035.71,104.57,2.38,69.32,49.3,23.43,43.49,running,1,0,2,12,-0.3926,2.2386,-0.3862,0
PUMP-HEALTHY,2026-01-18T06:40:00,482.9,2992.0,103.95,2.88,64.33,49.23,23.78,48.31,running,1,0,1,12,0.5022,-0.6188,-4.9941,0
PUMP-HEALTHY,2026-01-18T06:45:00,484.72,2975.58,98.71,1.72,67.8,46.98,22.77,45.38,running,1,0,0,12,-1.1648,-5.2348,3.4696,0
PUMP-HEALTHY,2026-01-18T06:50:00,475.39,2971.33,98.14,1.36,61.03,46.87,22.28,38.5,running,1,0,0,12,-0.3569,-0.5722,-6.7692,0
PUMP-HEALTHY,2026-01-18T06:55:00,483.6,2991.75,101.58,1.27,61.53,47.24,22.84,43.88,running,1,0,1,12,-0.0862,3.4423,0.5069,0
PUMP-HEALTHY,2026-01-18T07:00:00,479.09,2973.07,98.93,2.49,67.47,45.79,21.94,37.84,running,1,0,2,12,1.2148,-2.6528,5.9324,0
PUMP-HEALTHY,2026-01-18T07:05:00,481.46,2976.67,98.87,2.24,64.88,50.28,24.21,56.55,running,1,0,0,12,-0.2519,-0.059,-2.5803,0
PUMP-HEALTHY,2026-01-18T07:10:00,481.79,3013.89,103.33,1.2,61.79,47.61,22.94,48.42,running,1,0,3,12,-1.0349,4.4584,-3.0989,0
PUMP-HEALTHY,2026-01-18T07:15:00,476.9,2985.53,99.88,2.22,60.41,46.45,22.15,39.81,running,1,0,0,12,1.0208,-3.4499,-1.3799,0
PUMP-HEALTHY,2026-01-18T07:20:00,475.35,3037.87,100.39,1.17,64.55,47.52,22.59,39.4,running,1,0,2,12,-1.0559,0.5076,4.1437,0
PUMP-HEALTHY,2026-01-18T07:25:00,476.38,3046.7,104.57,2.46,64.37,50.02,23.83,54.45,running,1,0,1,12,1.2934,4.1864,-0.1795,0
PUMP-HEALTHY,2026-01-18T07:30:00,478.3,2978.42,104.91,2.17,60.15,49.38,23.62,50.3,running,1,0,0,12,-0.2926,0.3371,-4.225,0
PUMP-HEALTHY,2026-01-18T07:35:00,481.0,2987.31,101.37,2.12,64.95,48.51,23.33,49.22,running,1,0,4,12,-0.0452,-3.5402,4.809,0
PUMP-HEALTHY,2026-01-18T07:40:00,484.51,3049.86,104.99,1.25,68.95,49.48,23.97,49.2,running,1,0,2,12,-0.8747,3.6154,3.992,0
PUMP-HEALTHY,2026-01-18T07:45:00,478.89,2967.33,104.74,1.17,66.96,44.81,21.46,35.22,running,1,0,3,12,-0.0797,-0.2448,-1.9871,0
PUMP-HEALTHY,2026-01-18T07:50:00,483.48,2982.69,103.32,2.81,68.99,49.58,23.97,58.03,running,1,0,3,12,1.6451,-1.4188,2.0271,0
PUMP-HEALTHY,2026-01-18T07:55:00,475.34,3000.47,103.7,2.21,64.08,47.6,22.63,45.86,running,1,0,4,12,-0.603,0.3809,-4.9025,0
PUMP-HEALTHY,2026-01-18T08:00:00,483.33,2976.86,98.49,1.77,69.14,47.53,22.97,36.48,running,1,0,0,12,-0.4387,-5.2174,5.0538,0
PUMP-HEALTHY,2026-01-18T08:05:00,478.05,3011.58,103.9,1.41,66.14,47.4,22.66,45.06,running,1,0,0,12,-0.3569,5.4094,-3.0014,0
PUMP-HEALTHY,2026-01-18T08:10:00,475.18,2985.37,101.47,2.33,69.32,50.95,24.21,52.01,running,1,0,4,12,0.9125,-2.4297,3.1861,0
PUMP-HEALTHY,2026-01-18T08:15:00,479.14,3005.72,102.41,2.98,67.63,49.13,23.54,48.7,running,1,0,4,12,0.6534,0.9406,-1.6892,0
PUMP-HEALTHY,2026-01-18T08:20:00,477.99,2975.59,99.13,1.2,65.67,48.26,23.07,54.23,running,1,0,4,12,-1.7797,-3.2797,-1.9595,0
PUMP-HEALTHY,2026-01-18T08:25:00,479.33,2992.43,102.5,2.52,67.57,48.7,23.35,57.38,running,1,0,4,12,1.3229,3.3711,1.8922,0
PUMP-HEALTHY,2026-01-18T08:30:00,483.73,3022.06,103.1,2.24,61.15,49.03,23.72,38.1,running,1,0,2,12,-0.2849,0.599,-6.4116,0
PUMP-HEALTHY,2026-01-18T08:35:00,482.88,3005.84,98.1,1.16,62.42,48.25,23.3,41.66,running,1,0,3,12,-1.0793,-4.9981,1.267,0
PUMP-HEALTHY,2026-01-18 08:40:00,487.53,3043.97,105.06,2.97,68.17,48.24,23.52,49.55,running,1,0,3,12,1.8115,6.9563,5.7512,0
PUMP-HEALTHY,2026-01-18 08:45:00,470.52,3074.9,106.98,2.28,68.34,49.18,23.14,48.35,running,1,0,3,12,-0.6874,1.9233,0.1651,0
PUMP-HEALTHY,2026-01-18 08:50:00,473.81,2958.87,100.9,1.63,69.11,51.12,24.22,57.73,running,1,0,3,12,-0.6488,-6.0765,0.7739,0
PUMP-HEALTHY,2026-01-18 08:55:00,472.93,3091.09,100.12,2.73,69.22,49.81,23.56,53.19,running,1,0,3,12,1.1007,-0.7812,0.1108,0
PUMP-HEALTHY,2026-01-18 09:00:00,476.97,3119.51,98.5,1.89,60.35,48.32,23.05,36.52,running,1,0,3,12,-0.842,-1.6159,-8.8709,0
PUMP-HEALTHY,2026-01-18 09:05:00,486.91,2972.48,98.58,1.29,69.99,49.46,24.08,43.48,running,1,0,3,12,-0.6004,0.0786,9.6377,0
PUMP-HEALTHY,2026-01-18 09:10:00,488.02,3097.27,99.9,2.98,68.43,51.0,24.89,59.96,running,1,0,3,12,1.694,1.3197,-1.5645,0
PUMP-HEALTHY,2026-01-18 09:15:00,474.1,3038.88,104.18,1.54,62.47,47.96,22.74,44.05,running,1,0,3,12,-1.4368,4.2785,-5.9588,0
PUMP-HEALTHY,2026-01-18 09:20:00,477.77,3070.11,100.67,2.36,66.71,46.39,22.16,36.17,running,1,0,3,12,0.8205,-3.5124,4.2434,0
PUMP-HEALTHY,2026-01-18 09:25:00,479.05,3014.74,105.96,2.01,62.34,48.53,23.25,42.94,running,1,0,3,12,-0.3499,5.2859,-4.3673,0
PUMP-HEALTHY,2026-01-18 09:30:00,470.03,2961.07,98.81,2.28,60.87,51.4,24.16,57.66,running,1,0,3,12,0.2742,-7.1487,-1.4673,0
PUMP-HEALTHY,2026-01-18 09:35:00,472.13,3066.41,103.28,2.7,65.9,47.52,22.44,44.28,running,1,0,3,12,0.4247,4.4699,5.0311,0
PUMP-HEALTHY,2026-01-18 09:40:00,473.82,3095.8,103.88,2.3,63.62,50.54,23.95,56.55,running,1,0,3,12,-0.4019,0.6026,-2.2793,0
PUMP-HEALTHY,2026-01-18 09:45:00,480.23,3119.55,101.9,1.63,61.74,45.74,21.97,39.58,running,1,0,3,12,-0.6677,-1.9811,-1.8844,0
PUMP-HEALTHY,2026-01-18 09:50:00,485.31,3056.63,103.23,1.38,66.05,49.08,23.82,49.93,running,1,0,3,12,-0.248,1.3349,4.3117,0
PUMP-HEALTHY,2026-01-18 09:55:00,485.75,2941.49,107.16,1.21,60.84,51.13,24.84,48.29,running,1,0,3,12,-0.1679,3.9331,-5.2087,0
PUMP-HEALTHY,2026-01-18 10:00:00,479.15,3085.1,98.4,2.31,61.05,48.83,23.4,47.91,running,1,0,3,12,1.096,-8.7556,0.2127,0
PUMP-HEALTHY,2026-01-18 10:05:00,470.34,3043.43,99.6,2.66,62.9,47.29,22.24,35.96,running,1,0,3,12,0.3509,1.1988,1.8471,0
PUMP-HEALTHY,2026-01-18 10:10:00,472.29,3019.9,104.5,1.62,64.27,45.39,21.44,35.04,running,1,0,3,12,-1.0383,4.8999,1.3689,0
PUMP-HEALTHY,2026-01-18 10:15:00,486.23,3021.08,99.66,1.86,65.34,49.27,23.95,41.45,running,1,0,3,12,0.2443,-4.8432,1.0662,0
PUMP-HEALTHY,2026-01-18 10:20:00,484.17,2927.01,106.59,1.93,68.3,51.42,24.9,59.31,running,1,0,3,12,0.0727,6.9323,2.9614,0
PUMP-HEALTHY,2026-01-18 10:25:00,480.53,3014.32,104.87,2.61,66.84,49.25,23.67,51.05,running,1,0,3,12,0.6776,-1.7237,-1.4586,0
PUMP-HEALTHY,2026-01-18 10:30:00,476.98,2963.91,102.81,2.97,60.55,45.09,21.51,37.96,running,1,0,3,12,0.3585,-2.0585,-6.2867,0
PUMP-HEALTHY,2026-01-18 10:35:00,474.19,2927.19,101.39,2.07,61.03,45.88,21.75,36.72,running,1,0,3,12,-0.8951,-1.4242,0.4819,0
PUMP-HEALTHY,2026-01-18 10:40:00,474.52,3008.69,107.06,1.74,65.99,48.9,23.21,50.51,running,1,0,3,12,-0.3292,5.6709,4.9633,0
PUMP-HEALTHY,2026-01-18 10:45:00,481.35,2967.7,104.7,1.85,61.11,48.87,23.52,40.3,running,1,0,3,12,0.1111,-2.3574,-4.8759,0
PUMP-HEALTHY,2026-01-18 10:50:00,488.43,3111.92,105.78,1.58,64.76,50.22,24.53,49.85,running,1,0,3,12,-0.2653,1.0792,3.6513,0
PUMP-HEALTHY,2026-01-18 10:55:00,473.32,2931.52,105.23,1.76,68.3,51.42,24.34,57.63,running,1,0,3,12,0.1805,-0.5513,3.5398,0
PUMP-HEALTHY,2026-01-18 11:00:00,479.51,3023.04,98.0,1.65,66.62,48.64,23.32,39.64,running,1,0,3,12,-0.1105,-7.2276,-1.6836,0
PUMP-HEALTHY,2026-01-18 11:05:00,477.81,3080.26,101.12,1.84,66.02,49.16,23.49,55.52,running,1,0,3,12,0.185,3.1237,-0.6021,0
PUMP-HEALTHY,2026-01-18 11:10:00,472.35,3068.09,103.75,2.29,62.15,46.95,22.18,53.26,running,1,0,3,12,0.4477,2.6327,-3.8656,0
PUMP-HEALTHY,2026-01-18 11:15:00,469.94,3079.73,103.26,1.93,61.01,46.16,21.69,37.54,running,1,0,3,12,-0.36,-0.4873,-1.1402,0
PUMP-HEALTHY,2026-01-18 11:20:00,486.07,2939.73,107.24,1.94,68.4,48.13,23.4,45.03,running,1,0,3,12,0.0105,3.9824,7.3914,0
PUMP-HEALTHY,2026-01-18 11:25:00,478.75,3075.83,99.32,2.97,68.49,48.26,23.11,35.7,running,1,0,3,12,1.0343,-7.9202,0.0907,0
PUMP-HEALTHY,2026-01-18 11:30:00,474.56,2941.69,99.61,2.36,66.17,48.23,22.89,46.46,running,1,0,3,12,-0.6145,0.291,-2.3229,0
PUMP-HEALTHY,2026-01-18 11:35:00,473.73,3083.21,99.98,1.31,62.65,44.78,21.21,37.94,running,1,0,3,12,-1.0457,0.372,-3.5157,0
PUMP-HEALTHY,2026-01-18 11:40:00,483.11,3037.81,105.32,2.18,67.13,47.3,22.85,44.55,running,1,0,3,12,0.8705,5.3409,4.4754,0
PUMP-HEALTHY,2026-01-18 11:45:00,485.49,3019.41,98.11,1.25,66.93,50.1,24.32,49.68,running,1,0,3,12,-0.9343,-7.2078,-0.2021,0
PUMP-HEALTHY,2026-01-18 11:50:00,474.86,3044.18,104.96,1.06,64.36,47.69,22.65,55.17,running,1,0,3,12,-0.1931,6.8491,-2.574,0
PUMP-HEALTHY,2026-01-18 11:55:00,478.31,2925.61,103.95,1.34,69.09,47.87,22.9,40.22,running,1,0,3,12,0.281,-1.0075,4.7251,0
PUMP-HEALTHY,2026-01-18 12:00:00,480.65,3001.91,102.38,2.45,65.0,49.98,24.02,48.99,running,1,0,3,12,1.1143,-1.5727,-4.0866,0
PUMP-HEALTHY,2026-01-18 12:05:00,477.6,3044.71,100.1,2.67,60.09,47.88,22.87,49.07,running,1,0,3,12,0.2216,-2.2823,-4.908,0
PUMP-HEALTHY,2026-01-18 12:10:00,475.5,3004.67,105.64,1.83,63.79,46.06,21.9,35.9,running,1,0,3,12,-0.8365,5.5388,3.7007,0
PUMP-HEALTHY,2026-01-18 12:15:00,486.37,3023.9,100.03,2.71,60.24,45.72,22.24,36.43,running,1,0,3,12,0.8805,-5.6127,-3.5488,0
PUMP-HEALTHY,2026-01-18 12:20:00,474.96,2964.18,105.59,2.42,60.64,47.6,22.61,45.05,running,1,0,3,12,-0.2852,5.5584,0.4042,0
PUMP-HEALTHY,2026-01-18 12:25:00,469.31,3059.87,107.8,1.62,67.69,48.54,22.78,54.8,running,1,0,3,12,-0.8019,2.2083,7.0488,0
PUMP-HEALTHY,2026-01-18 12:30:00,484.56,3052.19,106.26,2.86,63.0,48.79,23.64,53.04,running,1,0,3,12,1.2357,-1.5386,-4.6936,0
PUMP-HEALTHY,2026-01-18 12:35:00,476.02,3108.38,105.3,2.27,65.96,50.9,24.23,57.01,running,1,0,3,12,-0.5913,-0.9643,2.9626,0
PUMP-HEALTHY,2026-01-18 12:40:00,482.21,3097.35,99.36,1.33,66.15,47.61,22.96,40.95,running,1,0,3,12,-0.9439,-5.9384,0.1945,0
PUMP-HEALTHY,2026-01-18 12:45:00,477.68,2973.49,99.0,1.09,67.07,49.32,23.56,58.71,running,1,0,3,12,-0.2355,-0.3571,0.9197,0
PUMP-HEALTHY,2026-01-18 12:50:00,483.69,2983.2,100.5,1.18,63.73,49.5,23.94,45.16,running,1,0,3,12,0.0897,1.5001,-3.3373,0
PUMP-HEALTHY,2026-01-18 12:55:00,487.32,3077.2,98.06,2.88,64.35,52.16,25.42,56.42,running,1,0,3,12,1.7003,-2.4384,0.6218,0
PUMP-HEALTHY,2026-01-18 13:00:00,470.8,2990.23,98.54,2.53,65.03,50.43,23.74,55.47,running,1,0,3,12,-0.3452,0.4768,0.6807,0
PUMP-HEALTHY,2026-01-18 13:05:00,472.68,3062.71,101.1,1.28,69.5,46.89,22.16,40.78,running,1,0,3,12,-1.247,2.5647,4.4711,0
PUMP-HEALTHY,2026-01-18 13:10:00,480.78,2982.3,99.18,1.27,67.02,51.73,24.87,59.97,running,1,0,3,12,-0.0137,-1.9212,-2.4821,0
PUMP-HEALTHY,2026-01-18 13:15:00,485.09,3047.05,104.46,1.63,60.95,45.04,21.85,36.06,running,1,0,3,12,0.3566,5.2846,-6.0657,0
PUMP-HEALTHY,2026-01-18 13:20:00,482.68,3000.62,107.35,1.53,62.31,47.84,23.09,42.18,running,1,0,3,12,-0.0996,2.892,1.361,0
PUMP-HEALTHY,2026-01-18 13:25:00,474.89,3090.28,102.27,1.97,63.6,47.23,22.43,39.74,running,1,0,3,12,0.4379,-5.0775,1.2946,0
PUMP-HEALTHY,2026-01-18 13:30:00,479.94,3096.34,99.75,2.11,60.07,47.85,22.96,51.88,running,1,0,3,12,0.1427,-2.5195,-3.535,0
PUMP-HEALTHY,2026-01-18 13:35:00,469.44,2949.65,98.57,2.13,69.8,49.31,23.15,49.77,running,1,0,3,12,0.0202,-1.1828,9.7342,0
PUMP-HEALTHY,2026-01-18 13:40:00,472.51,2962.38,104.3,1.93,61.71,47.16,22.28,40.01,running,1,0,3,12,-0.1982,5.7345,-8.087,0
PUMP-HEALTHY,2026-01-18 13:45:00,475.44,3088.3,107.8,2.99,62.14,46.81,22.25,35.64,running,1,0,3,12,1.0581,3.4977,0.4297,0
PUMP-HEALTHY,2026-01-18 13:50:00,471.33,3099.3,98.42,2.49,66.54,49.83,23.49,50.18,running,1,0,3,12,-0.5048,-9.3756,4.4042,0
PUMP-HEALTHY,2026-01-18 13:55:00,480.48,2976.96,101.93,1.08,63.32,47.82,22.98,46.65,running,1,0,3,12,-1.4115,3.506,-3.2203,0
PUMP-HEALTHY,2026-01-18 14:00:00,483.82,3036.46,106.87,2.51,66.35,48.42,23.43,48.5,running,1,0,3,12,1.4304,4.9394,3.0336,0
PUMP-HEALTHY,2026-01-18 14:05:00,487.25,3082.87,99.6,1.55,62.91,46.22,22.52,39.72,running,1,0,3,12,-0.9588,-7.2651,-3.4409,0
PUMP-HEALTHY,2026-01-18 14:10:00,482.8,2962.22,99.48,1.2,66.47,49.62,23.96,59.59,running,1,0,3,12,-0.3474,-0.1235,3.56,0
PUMP-HEALTHY,2026-01-18 14:15:00,478.73,3076.55,98.06,2.12,64.2,51.67,24.74,58.96,running,1,0,3,12,0.9236,-1.4186,-2.2735,0
PUMP-HEALTHY,2026-01-18 14:20:00,471.73,3098.36,107.16,2.06,67.25,49.0,23.12,50.67,running,1,0,3,12,-0.0606,9.0965,3.0528,0
PUMP-HEALTHY,2026-01-18 14:25:00,473.73,2981.55,100.76,1.07,69.61,48.19,22.83,52.48,running,1,0,3,12,-0.9937,-6.4019,2.3639,0
PUMP-HEALTHY,2026-01-18 14:30:00,473.76,3068.56,105.05,1.99,60.04,48.6,23.02,40.25,running,1,0,3,12,0.9236,4.2949,-9.5657,0
PUMP-HEALTHY,2026-01-18 14:35:00,480.24,3080.45,105.84,1.35,63.75,46.89,22.52,42.33,running,1,0,3,12,-0.6406,0.7876,3.711,0
PUMP-HEALTHY,2026-01-18 14:40:00,487.71,2947.84,104.68,1.2,64.68,50.6,24.68,54.82,running,1,0,3,12,-0.1527,-1.155,0.9317,0
PUMP-HEALTHY,2026-01-18 14:45:00,470.01,3115.91,101.81,2.88,66.47,46.13,21.68,46.24,running,1,0,3,12,1.6772,-2.8741,1.7886,0
PUMP-HEALTHY,2026-01-18 14:50:00,488.23,3096.23,98.09,1.52,68.65,48.9,23.88,45.8,running,1,0,3,12,-1.3593,-3.7214,2.1832,0
PUMP-HEALTHY,2026-01-18 14:55:00,482.6,3041.49,99.42,2.39,66.64,45.54,21.98,39.35,running,1,0,3,12,0.8724,1.3283,-2.012,0
PUMP-HEALTHY,2026-01-18 15:00:00,474.09,3098.64,101.74,2.42,60.26,46.68,22.13,37.08,running,1,0,3,12,0.0346,2.3165,-6.3811,0
PUMP-HEALTHY,2026-01-18 15:05:00,488.5,3040.73,98.77,2.94,63.23,51.62,25.22,49.54,running,1,0,3,12,0.52,-2.9735,2.9692,0
PUMP-HEALTHY,2026-01-18 15:10:00,472.78,2931.58,98.79,1.19,62.12,45.4,21.46,37.64,running,1,0,3,12,-1.7533,0.0158,-1.1122,0
PUMP-HEALTHY,2026-01-18 15:15:00,474.39,3047.95,102.45,1.94,63.29,48.45,22.98,56.54,running,1,0,3,12,0.7527,3.663,1.1728,0
PUMP-HEALTHY,2026-01-18 15:20:00,476.1,3096.42,98.29,2.23,65.88,49.73,23.67,59.29,running,1,0,3,12,0.293,-4.1602,2.5851,0
PUMP-HEALTHY,2026-01-18 15:25:00,471.03,3085.67,104.52,1.41,61.86,49.22,23.18,49.15,running,1,0,3,12,-0.8159,6.2276,-4.0185,0
PUMP-HEALTHY,2026-01-18 15:30:00,476.86,3060.32,98.96,1.16,63.28,50.33,24.0,48.12,running,1,0,3,12,-0.2518,-5.5591,1.42,0
PUMP-HEALTHY,2026-01-18 15:35:00,474.49,2972.01,98.15,2.47,69.09,48.9,23.2,42.45,running,1,0,3,12,1.3062,-0.8052,5.8063,0
PUMP-HEALTHY,2026-01-18 15:40:00,472.87,3008.33,103.99,1.98,67.78,48.21,22.8,55.6,running,1,0,3,12,-0.4862,5.8379,-1.309,0
PUMP-HEALTHY,2026-01-18 15:45:00,484.01,3042.3,101.06,2.04,61.6,50.54,24.46,45.92,running,1,0,3,12,0.0555,-2.9265,-6.1849,0
PUMP-HEALTHY,2026-01-18 15:50:00,484.85,3072.95,100.27,2.95,60.24,51.85,25.14,57.28,running,1,0,3,12,0.9149,-0.7892,-1.363,0
PUMP-HEALTHY,2026-01-18 15:55:00,476.04,3031.1,99.4,2.79,60.39,47.72,22.72,41.59,running,1,0,3,12,-0.1562,-0.8686,0.1548,0
PUMP-HEALTHY,2026-01-18 16:00:00,470.6,3044.49,107.24,2.99,69.97,48.35,22.76,41.73,running,1,0,3,12,0.2017,7.8427,9.5817,0
PUMP-HEALTHY,2026-01-18 16:05:00,484.49,3023.51,101.31,2.28,64.26,45.73,22.16,36.95,running,1,0,3,12,-0.7076,-5.933,-5.7145,0
PUMP-HEALTHY,2026-01-18 16:10:00,482.13,3118.67,101.68,1.69,66.55,44.93,21.66,35.77,running,1,0,3,12,-0.5884,0.3684,2.2869,0
PUMP-HEALTHY,2026-01-18 16:15:00,486.58,3115.92,100.05,1.12,62.64,50.62,24.63,51.86,running,1,0,3,12,-0.567,-1.6264,-3.9101,0
PUMP-HEALTHY,2026-01-18 16:20:00,482.7,2966.93,107.66,1.55,61.5,48.21,23.27,37.21,running,1,0,3,12,0.4297,7.6134,-1.1371,0
PUMP-HEALTHY,2026-01-18 16:25:00,472.14,2978.16,102.37,1.44,69.83,45.05,21.27,39.79,running,1,0,3,12,-0.1104,-5.2928,8.3348,0
PUMP-HEALTHY,2026-01-18 16:30:00,480.6,2969.66,102.63,1.45,60.18,46.62,22.4,43.47,running,1,0,3,12,0.0075,0.2574,-9.65,0
PUMP-HEALTHY,2026-01-18 16:35:00,470.31,2966.85,107.06,1.49,66.94,45.81,21.55,39.11,running,1,0,3,12,0.0372,4.4313,6.7628,0
PUMP-HEALTHY,2026-01-18 16:40:00,469.72,3108.81,101.38,1.58,60.71,49.42,23.21,55.71,running,1,0,3,12,0.0909,-5.6781,-6.2262,0
PUMP-HEALTHY,2026-01-18 16:45:00,481.01,3067.81,102.4,1.77,65.84,47.42,22.81,47.14,running,1,0,3,12,0.1906,1.022,5.1253,0
PUMP-HEALTHY,2026-01-18 16:50:00,470.0,2975.69,99.02,1.38,67.73,48.24,22.67,57.29,running,1,0,3,12,-0.3879,-3.3815,1.8903,0
PUMP-HEALTHY,2026-01-18 16:55:00,476.57,3100.09,99.47,2.68,68.46,48.64,23.18,52.24,running,1,0,3,12,1.303,0.446,0.7342,0
PUMP-HEALTHY,2026-01-18 17:00:00,470.23,2952.7,104.97,1.89,68.22,47.66,22.41,51.5,running,1,0,3,12,-0.7885,5.4962,-0.2397,0
PUMP-HEALTHY,2026-01-18 17:05:00,483.27,3118.47,101.74,2.06,64.41,45.48,21.98,38.38,running,1,0,3,12,0.173,-3.2347,-3.8146,0
PUMP-HEALTHY,2026-01-18 17:10:00,476.87,2935.31,107.54,1.28,64.28,47.42,22.61,48.45,running,1,0,3,12,-0.7775,5.7994,-0.1298,0
PUMP-HEALTHY,2026-01-18 17:15:00,471.26,2952.93,104.67,1.98,64.89,45.5,21.44,38.22,running,1,0,3,12,0.7046,-2.8655,0.6069,0
PUMP-HEALTHY,2026-01-18 17:20:00,477.79,3083.92,99.69,1.64,61.84,50.14,23.96,50.75,running,1,0,3,12,-0.3402,-4.9833,-3.0547,0
PUMP-HEALTHY,2026-01-18 17:25:00,477.52,3031.02,105.24,1.81,62.91,47.9,22.87,53.59,running,1,0,3,12,0.1662,5.5508,1.0711,0
PUMP-HEALTHY,2026-01-18 17:30:00,486.99,2942.32,104.92,1.0,63.33,49.9,24.3,42.54,running,1,0,3,12,-0.8087,-0.3223,0.4175,0
PUMP-HEALTHY,2026-01-18 17:35:00,477.66,2927.84,102.91,1.41,63.57,45.4,21.69,37.27,running,1,0,3,12,0.4085,-2.0078,0.2361,0
PUMP-HEALTHY,2026-01-18 17:40:00,486.84,2970.91,103.01,1.78,61.95,50.7,24.68,54.91,running,1,0,3,12,0.3674,0.1021,-1.6201,0
PUMP-HEALTHY,2026-01-18 17:45:00,479.9,3046.98,103.52,2.28,66.18,48.22,23.14,42.82,running,1,0,3,12,0.5041,0.511,4.2332,0
PUMP-HEALTHY,2026-01-18 17:50:00,471.44,3110.07,104.63,2.3,66.49,47.41,22.35,50.11,running,1,0,3,12,0.0206,1.1061,0.3106,0
PUMP-HEALTHY,2026-01-18 17:55:00,488.83,2967.88,106.72,1.5,60.68,49.43,24.16,53.88,running,1,0,3,12,-0.8044,2.09,-5.8133,0
PUMP-HEALTHY,2026-01-18 18:00:00,487.74,2950.41,104.74,2.69,62.75,48.72,23.76,37.46,running,1,0,3,12,1.193,-1.9801,2.0724,0
PUMP-HEALTHY,2026-01-18 18:05:00,474.05,3112.28,103.35,2.73,63.82,50.53,23.96,59.36,running,1,0,3,12,0.0428,-1.3851,1.0729,0
PUMP-HEALTHY,2026-01-18 18:10:00,473.14,3027.76,102.04,1.7,65.48,48.6,23.0,44.01,running,1,0,3,12,-1.0279,-1.3098,1.6615,0
PUMP-HEALTHY,2026-01-18 18:15:00,472.51,2936.36,100.91,1.4,60.96,45.56,21.53,35.94,running,1,0,3,12,-0.2958,-1.131,-4.5159,0
PUMP-HEALTHY,2026-01-18 18:20:00,475.01,2996.91,101.0,1.29,66.98,49.03,23.29,58.39,running,1,0,3,12,-0.1116,0.0897,6.0171,0
PUMP-HEALTHY,2026-01-18 18:25:00,478.43,3057.39,106.78,2.64,63.3,49.89,23.87,51.29,running,1,0,3,12,1.3458,5.7777,-3.6818,0
PUMP-HEALTHY,2026-01-18 18:30:00,483.92,3015.24,101.98,1.35,62.38,49.41,23.91,47.37,running,1,0,3,12,-1.2903,-4.7988,-0.9168,0
PUMP-HEALTHY,2026-01-18 18:35:00,479.12,3110.75,104.87,1.93,66.24,48.27,23.13,51.95,running,1,0,3,12,0.5834,2.8895,3.8594,0
PUMP-HEALTHY,2026-01-18 18:40:00,475.47,2964.51,105.86,2.27,67.96,45.56,21.66,36.49,running,1,0,3,12,0.3366,0.9931,1.7228,0
PUMP-HEALTHY,2026-01-18 18:45:00,484.03,2974.66,107.05,1.31,61.14,48.72,23.58,38.63,running,1,0,3,12,-0.9635,1.1936,-6.8226,0
PUMP-HEALTHY,2026-01-18 18:50:00,479.62,2922.64,100.36,1.4,64.59,48.11,23.08,41.65,running,1,0,3,12,0.0874,-6.693,3.447,0
PUMP-HEALTHY,2026-01-18 18:55:00,472.16,2941.04,102.42,1.96,62.74,47.24,22.31,47.36,running,1,0,3,12,0.5648,2.0554,-1.85,0
PUMP-HEALTHY,2026-01-18 19:00:00,472.34,2926.92,99.18,1.29,60.41,49.82,23.53,54.52,running,1,0,3,12,-0.6671,-3.2422,-2.3268,0
PUMP-HEALTHY,2026-01-18 19:05:00,487.06,3027.41,99.41,2.82,64.36,46.91,22.85,43.71,running,1,0,3,12,1.5288,0.2338,3.9465,0
PUMP-HEALTHY,2026-01-18 19:10:00,477.74,3051.47,102.77,1.3,61.73,47.84,22.85,38.23,running,1,0,3,12,-1.5231,3.358,-2.629,0
PUMP-HEALTHY,2026-01-18 19:15:00,477.57,3009.47,106.83,1.03,69.87,45.8,21.87,40.3,running,1,0,3,12,-0.2656,4.0584,8.1375,0
PUMP-HEALTHY,2026-01-18 19:20:00,484.56,3043.83,100.13,1.84,69.1,46.99,22.77,38.88,running,1,0,3,12,0.8065,-6.7003,-0.7669,0
PUMP-HEALTHY,2026-01-18 19:25:00,478.31,3110.28,106.91,1.23,65.69,49.34,23.6,44.53,running,1,0,3,12,-0.6055,6.7805,-3.4099,0
PUMP-HEALTHY,2026-01-18 19:30:00,486.38,2992.69,106.92,2.59,64.22,50.76,24.69,48.68,running,1,0,3,12,1.361,0.0122,-1.4733,0
