machine_id,timestamp,voltage,rpm,pressure_psi,vibration_mm_s,temperature_c,current,power_kw,load_pct,operating_state,maintenance_count,error_count_24h,error_count_7d,age,vibration_delta,pressure_delta,temperature_delta,failure
PUMP-MONITOR,2026-01-01T00:00:00,475.09,3166.7,94.29,4.24,76.78,50.0,23.75,63.01,degraded,6,0,1,5,0.0,0.0,0.0,0
PUMP-MONITOR,2026-01-01T00:05:00,475.71,2963.58,113.21,4.19,82.71,48.22,22.94,58.16,degraded,6,0,2,5,-0.0421,18.9113,5.9258,0
PUMP-MONITOR,2026-01-01T00:10:00,472.76,3101.84,113.23,5.1,82.34,52.52,24.83,75.13,degraded,6,0,1,5,0.9046,0.0234,-0.3703,0
PUMP-MONITOR,2026-01-01T00:15:00,479.04,3143.96,114.89,4.51,72.66,52.57,25.18,69.21,degraded,6,0,2,5,-0.5883,1.6613,-9.6834,0
PUMP-MONITOR,2026-01-01T00:20:00,485.66,3130.82,99.75,5.81,83.26,54.03,26.24,74.48,degraded,6,0,1,5,1.2981,-15.1426,10.6025,0
PUMP-MONITOR,2026-01-01T00:25:00,470.16,3128.62,101.7,5.12,79.11,51.55,24.23,71.85,degraded,6,0,2,5,-0.6892,1.9567,-4.1443,0
PUMP-MONITOR,2026-01-01T00:30:00,482.45,2922.52,98.54,3.64,71.76,51.03,24.62,56.37,degraded,6,0,3,5,-1.4779,-3.1612,-7.3509,0
PUMP-MONITOR,2026-01-01T00:35:00,481.97,2900.61,99.74,3.93,79.71,52.08,25.1,66.7,degraded,6,0,2,5,0.2857,1.193,7.9487,0
PUMP-MONITOR,2026-01-01T00:40:00,473.96,2926.04,93.46,5.06,74.85,48.58,23.02,61.01,degraded,6,0,2,5,1.129,-6.2724,-4.857,0
PUMP-MONITOR,2026-01-01T00:45:00,489.02,3072.74,110.2,3.82,81.46,53.04,25.94,77.91,degraded,6,0,0,5,-1.2389,16.7383,6.603,0
PUMP-MONITOR,2026-01-01T00:50:00,477.13,3078.59,102.58,4.83,84.81,53.81,25.67,73.77,degraded,6,0,3,5,1.016,-7.6173,3.352,0
PUMP-MONITOR,2026-01-01T00:55:00,473.94,3010.54,112.09,3.06,83.21,54.15,25.66,70.38,degraded,6,0,2,5,-1.7775,9.5047,-1.5956,0
PUMP-MONITOR,2026-01-01T01:00:00,483.82,2935.42,91.91,5.47,79.62,52.38,25.34,59.9,degraded,6,0,1,5,2.4102,-20.1806,-3.5982,0
PUMP-MONITOR,2026-01-01T01:05:00,478.01,3025.8,112.68,3.59,71.26,53.21,25.43,78.2,degraded,6,0,1,5,-1.8754,20.7725,-8.3563,0
PUMP-MONITOR,2026-01-01T01:10:00,474.24,3164.6,107.18,5.5,77.68,49.61,23.53,63.03,degraded,6,0,4,5,1.9051,-5.4997,6.4212,0
PUMP-MONITOR,2026-01-01T01:15:00,481.35,3113.82,104.91,4.22,84.61,52.27,25.16,66.41,degraded,6,0,1,5,-1.273,-2.2707,6.9307,0
PUMP-MONITOR,2026-01-01T01:20:00,472.38,3082.45,90.01,5.05,74.42,52.72,24.9,78.87,degraded,6,0,0,5,0.8313,-14.8986,-10.1893,0
PUMP-MONITOR,2026-01-01T01:25:00,476.46,2912.51,97.71,5.94,77.56,51.43,24.5,55.21,degraded,6,0,3,5,0.89,7.7017,3.1331,0
PUMP-MONITOR,2026-01-01T01:30:00,473.93,3049.49,90.53,3.57,74.05,48.32,22.9,57.88,degraded,6,0,3,5,-2.371,-7.1803,-3.5048,0
PUMP-MONITOR,2026-01-01T01:35:00,488.96,3088.83,95.04,5.79,84.03,53.13,25.98,59.18,degraded,6,0,3,5,2.2172,4.5024,9.9755,0
PUMP-MONITOR,2026-01-01T01:40:00,488.93,2978.73,97.84,3.86,75.82,53.12,25.97,65.46,degraded,6,0,3,5,-1.9308,2.8077,-8.2017,0
PUMP-MONITOR,2026-01-01T01:45:00,479.56,2992.03,102.0,5.57,72.8,52.18,25.02,69.9,degraded,6,0,0,5,1.712,4.1518,-3.0234,0
PUMP-MONITOR,2026-01-01T01:50:00,483.81,2962.15,93.33,4.85,78.43,54.7,26.47,75.07,degraded,6,0,3,5,-0.7212,-8.6682,5.6259,0
PUMP-MONITOR,2026-01-01T01:55:00,470.01,3092.62,100.44,5.59,71.82,49.9,23.45,69.17,degraded,6,0,0,5,0.7379,7.1116,-6.6042,0
PUMP-MONITOR,2026-01-01T02:00:00,487.13,3005.89,97.72,4.38,76.35,50.71,24.7,58.09,degraded,6,0,2,5,-1.2037,-2.7204,4.5282,0
PUMP-MONITOR,2026-01-01T02:05:00,481.65,2998.23,107.29,4.2,82.3,51.09,24.61,67.89,degraded,6,0,4,5,-0.1838,9.5719,5.9504,0
PUMP-MONITOR,2026-01-01T02:10:00,476.25,3021.56,97.69,3.26,70.18,53.23,25.35,77.85,degraded,6,0,1,5,-0.9409,-9.6044,-12.1248,0
PUMP-MONITOR,2026-01-01T02:15:00,482.4,2957.38,108.31,5.87,76.79,54.44,26.26,69.99,degraded,6,0,0,5,2.6059,10.6223,6.6159,0
PUMP-MONITOR,2026-01-01T02:20:00,478.46,2904.87,91.39,5.12,81.57,52.05,24.9,62.15,degraded,6,0,0,5,-0.749,-16.9212,4.7777,0
PUMP-MONITOR,2026-01-01T02:25:00,471.55,2915.19,101.74,3.08,82.66,48.76,22.99,58.48,degraded,6,0,2,5,-2.0366,10.3482,1.0912,0
PUMP-MONITOR,2026-01-01T02:30:00,482.75,3150.14,107.57,5.47,80.43,51.26,24.75,58.49,degraded,6,0,1,5,2.3891,5.8375,-2.2307,0
PUMP-MONITOR,2026-01-01T02:35:00,472.93,2914.15,95.13,4.12,78.32,50.62,23.94,60.58,degraded,6,0,0,5,-1.3472,-12.4389,-2.1112,0
PUMP-MONITOR,2026-01-01T02:40:00,483.96,3187.64,105.68,5.98,78.76,53.54,25.91,74.09,degraded,6,0,3,5,1.8608,10.5461,0.4373,0
PUMP-MONITOR,2026-01-01T02:45:00,482.01,3032.16,114.8,4.18,76.58,51.1,24.63,68.35,degraded,6,0,2,5,-1.8054,9.1204,-2.1737,0
PUMP-MONITOR,2026-01-01T02:50:00,473.63,3078.42,99.6,5.62,82.74,49.62,23.5,65.21,degraded,6,0,4,5,1.4478,-15.2013,6.1541,0
PUMP-MONITOR,2026-01-01T02:55:00,477.52,3038.34,94.97,5.7,72.35,49.91,23.83,55.59,degraded,6,0,4,5,0.0777,-4.6304,-10.3887,0
PUMP-MONITOR,2026-01-01T03:00:00,482.7,3143.35,105.38,3.38,77.61,50.3,24.28,65.99,degraded,6,0,0,5,-2.3249,10.4118,5.2583,0
PUMP-MONITOR,2026-01-01T03:05:00,474.15,3128.28,102.96,3.72,79.72,54.05,25.63,69.64,degraded,6,0,4,5,0.343,-2.4166,2.1177,0
PUMP-MONITOR,2026-01-01T03:10:00,472.3,3197.51,107.54,4.91,78.88,49.16,23.22,61.24,degraded,6,0,3,5,1.1863,4.5763,-0.8394,0
PUMP-MONITOR,2026-01-01T03:15:00,485.04,2984.42,114.01,3.17,74.26,52.89,25.65,60.99,degraded,6,0,4,5,-1.7403,6.4688,-4.6284,0
PUMP-MONITOR,2026-01-01T03:20:00,473.3,3068.09,106.27,3.03,80.61,52.41,24.81,62.04,degraded,6,0,3,5,-0.1403,-7.7341,6.3587,0
PUMP-MONITOR,2026-01-01T03:25:00,471.71,3013.9,95.35,5.06,76.15,51.34,24.22,59.49,degraded,6,0,2,5,2.0339,-10.9241,-4.4648,0
PUMP-MONITOR,2026-01-01T03:30:00,489.61,2934.99,112.3,4.96,73.51,50.2,24.58,61.03,degraded,6,0,2,5,-0.0963,16.9501,-2.6369,0
PUMP-MONITOR,2026-01-01T03:35:00,479.63,3100.02,91.94,3.74,76.19,50.24,24.1,58.98,degraded,6,0,0,5,-1.2262,-20.3652,2.6748,0
PUMP-MONITOR,2026-01-01T03:40:00,484.35,2939.2,113.3,5.4,73.18,53.05,25.69,63.76,degraded,6,0,0,5,1.6597,21.367,-3.0083,0
PUMP-MONITOR,2026-01-01T03:45:00,489.84,2936.22,97.1,5.34,80.74,52.57,25.75,65.28,degraded,6,0,1,5,-0.059,-16.2055,7.5639,0
PUMP-MONITOR,2026-01-01T03:50:00,473.39,3173.84,91.49,5.71,81.67,54.67,25.88,77.2,degraded,6,0,4,5,0.3763,-5.6037,0.9229,0
PUMP-MONITOR,2026-01-01T03:55:00,485.42,3177.77,106.88,4.03,71.84,50.27,24.4,57.48,degraded,6,0,0,5,-1.6821,15.3857,-9.8285,0
PUMP-MONITOR,2026-01-01T04:00:00,471.85,3015.87,93.32,5.31,75.59,53.76,25.37,77.27,degraded,6,0,1,5,1.2751,-13.561,3.7494,0
PUMP-MONITOR,2026-01-01T04:05:00,480.18,2905.11,109.64,5.9,78.1,54.51,26.18,76.24,degraded,6,0,0,5,0.588,16.3242,2.5079,0
PUMP-MONITOR,2026-01-01T04:10:00,477.95,3145.79,99.91,3.44,71.45,50.98,24.36,69.04,degraded,6,0,4,5,-2.4567,-9.7339,-6.641,0
PUMP-MONITOR,2026-01-01T04:15:00,475.46,3041.27,109.32,5.38,84.4,53.39,25.39,68.65,degraded,6,0,1,5,1.9427,9.4071,12.9493,0
PUMP-MONITOR,2026-01-01T04:20:00,476.11,3101.58,101.12,3.15,84.65,50.91,24.24,55.33,degraded,6,0,1,5,-2.2338,-8.1956,0.2482,0
PUMP-MONITOR,2026-01-01T04:25:00,489.8,3197.7,103.9,3.57,77.79,53.82,26.36,78.56,degraded,6,0,4,5,0.4174,2.7787,-6.8647,0
PUMP-MONITOR,2026-01-01T04:30:00,473.42,3089.48,111.42,5.5,74.54,49.5,23.44,60.87,degraded,6,0,3,5,1.939,7.5257,-3.2434,0
PUMP-MONITOR,2026-01-01T04:35:00,480.62,3077.38,93.7,3.99,76.22,53.03,25.49,62.53,degraded,6,0,0,5,-1.5099,-17.7262,1.6776,0
PUMP-MONITOR,2026-01-01T04:40:00,481.78,3026.72,108.03,4.84,73.73,49.92,24.05,64.01,degraded,6,0,0,5,0.8445,14.3359,-2.4888,0
PUMP-MONITOR,2026-01-01T04:45:00,473.93,2913.93,90.69,5.34,82.92,47.73,22.62,56.78,degraded,6,0,3,5,0.5012,-17.3437,9.1833,0
PUMP-MONITOR,2026-01-01T04:50:00,481.09,2981.1,100.38,5.4,78.11,55.28,26.6,77.81,degraded,6,0,4,5,0.0606,9.6864,-4.8063,0
PUMP-MONITOR,2026-01-01T04:55:00,479.74,3060.11,109.24,5.77,83.31,52.32,25.1,67.82,degraded,6,0,1,5,0.3676,8.8658,5.2039,0
PUMP-MONITOR,2026-01-01T05:00:00,485.58,2977.16,96.44,3.99,76.63,53.43,25.95,76.29,degraded,6,0,1,5,-1.776,-12.8064,-6.6808,0
PUMP-MONITOR,2026-01-01T05:05:00,485.58,3023.83,94.93,5.91,72.32,53.88,26.16,72.7,degraded,6,0,2,5,1.9157,-1.501,-4.3077,0
PUMP-MONITOR,2026-01-01T05:10:00,481.65,3177.29,113.84,4.44,80.55,52.2,25.14,76.63,degraded,6,0,0,5,-1.4638,18.9031,8.2223,0
PUMP-MONITOR,2026-01-01T05:15:00,483.94,3017.99,114.75,4.59,75.67,52.45,25.38,75.47,degraded,6,0,4,5,0.1501,0.9136,-4.8734,0
PUMP-MONITOR,2026-01-01T05:20:00,481.48,3153.59,102.88,3.76,80.83,51.61,24.85,73.79,degraded,6,0,2,5,-0.8303,-11.8759,5.1563,0
PUMP-MONITOR,2026-01-01T05:25:00,483.84,2927.42,112.44,3.49,76.28,51.36,24.85,64.73,degraded,6,0,0,5,-0.2736,9.5654,-4.5458,0
PUMP-MONITOR,2026-01-01T05:30:00,483.57,2995.58,99.78,4.39,75.06,55.46,26.82,74.35,degraded,6,0,1,5,0.8961,-12.6603,-1.2198,0
PUMP-MONITOR,2026-01-01T05:35:00,470.74,3049.18,92.65,5.08,70.3,50.76,23.89,63.46,degraded,6,0,4,5,0.6939,-7.1292,-4.7616,0
PUMP-MONITOR,2026-01-01T05:40:00,478.42,3090.3,110.25,5.43,83.3,51.48,24.63,59.58,degraded,6,0,3,5,0.3459,17.5943,12.998,0
PUMP-MONITOR,2026-01-01T05:45:00,471.52,2909.45,107.85,5.55,83.2,51.53,24.3,59.71,degraded,6,0,2,5,0.1283,-2.3981,-0.1053,0
PUMP-MONITOR,2026-01-01T05:50:00,480.67,3153.12,100.48,4.53,80.12,53.51,25.72,71.75,degraded,6,0,0,5,-1.028,-7.3639,-3.072,0
PUMP-MONITOR,2026-01-01T05:55:00,486.34,2962.24,113.88,3.5,79.08,53.41,25.98,71.66,degraded,6,0,0,5,-1.0286,13.3992,-1.0401,0
PUMP-MONITOR,2026-01-01T06:00:00,483.78,2902.01,107.84,3.67,78.78,51.63,24.98,69.16,degraded,6,0,0,5,0.1741,-6.0437,-0.2991,0
PUMP-MONITOR,2026-01-01T06:05:00,474.9,3180.71,111.92,4.05,74.68,54.36,25.82,73.41,degraded,6,0,0,5,0.3773,4.0761,-4.1044,0
PUMP-MONITOR,2026-01-01T06:10:00,487.79,2913.75,98.52,4.01,70.05,54.11,26.39,75.88,degraded,6,0,4,5,-0.0354,-13.3955,-4.6325,0
PUMP-MONITOR,2026-01-01T06:15:00,470.89,2998.52,91.45,5.06,76.96,49.88,23.49,70.07,degraded,6,0,0,5,1.0483,-7.0704,6.9088,0
PUMP-MONITOR,2026-01-01T06:20:00,485.51,3129.87,112.8,4.56,72.94,54.24,26.33,68.07,degraded,6,0,3,5,-0.4974,21.3528,-4.0202,0
PUMP-MONITOR,2026-01-01T06:25:00,472.62,3077.1,113.76,3.25,80.55,50.82,24.02,64.75,degraded,6,0,3,5,-1.3102,0.9609,7.6141,0
PUMP-MONITOR,2026-01-01T06:30:00,488.3,3038.4,94.67,4.25,83.89,52.36,25.57,69.29,degraded,6,0,3,5,0.9948,-19.0892,3.3375,0
PUMP-MONITOR,2026-01-01T06:35:00,482.41,3008.36,96.85,4.64,79.26,54.45,26.27,78.16,degraded,6,0,0,5,0.3878,2.1717,-4.6318,0
PUMP-MONITOR,2026-01-01T06:40:00,483.76,2978.47,110.86,5.4,81.33,51.79,25.05,66.84,degraded,6,0,3,5,0.7642,14.0095,2.0725,0
PUMP-MONITOR,2026-01-01T06:45:00,476.71,3002.52,98.1,3.51,74.47,51.66,24.63,75.6,degraded,6,0,4,5,-1.8955,-12.7573,-6.8537,0
PUMP-MONITOR,2026-01-01T06:50:00,480.61,3147.5,99.68,4.57,78.92,49.71,23.89,64.23,degraded,6,0,4,5,1.0609,1.5842,4.447,0
PUMP-MONITOR,2026-01-01T06:55:00,473.97,3039.55,101.0,3.85,80.78,49.42,23.42,62.5,degraded,6,0,4,5,-0.7144,1.3202,1.8542,0
PUMP-MONITOR,2026-01-01T07:00:00,486.26,3138.1,111.51,3.65,84.82,53.97,26.25,73.71,degraded,6,0,2,5,-0.1995,10.5062,4.0444,0
PUMP-MONITOR,2026-01-01T07:05:00,470.29,3018.31,97.85,4.62,80.36,49.41,23.24,59.93,degraded,6,0,1,5,0.9637,-13.662,-4.4629,0
PUMP-MONITOR,2026-01-01T07:10:00,478.16,2949.97,112.94,3.72,77.57,51.29,24.52,69.29,degraded,6,0,3,5,-0.9008,15.0937,-2.7861,0
PUMP-MONITOR,2026-01-01T07:15:00,483.06,2986.21,112.62,5.91,72.73,51.43,24.84,56.6,degraded,6,0,4,5,2.195,-0.3193,-4.8431,0
PUMP-MONITOR,2026-01-01T07:20:00,476.39,3188.73,99.73,4.27,77.36,53.88,25.67,75.09,degraded,6,0,4,5,-1.6366,-12.8959,4.6286,0
PUMP-MONITOR,2026-01-01T07:25:00,488.59,3073.12,91.95,5.63,78.62,55.39,27.06,71.06,degraded,6,0,4,5,1.3555,-7.7756,1.2599,0
PUMP-MONITOR,2026-01-01T07:30:00,486.85,3148.42,112.32,4.21,76.34,52.96,25.78,66.67,degraded,6,0,0,5,-1.4205,20.3744,-2.2759,0
PUMP-MONITOR,2026-01-01T07:35:00,474.26,3153.26,100.15,5.93,74.83,51.08,24.22,72.36,degraded,6,0,4,5,1.7184,-12.1738,-1.5123,0
PUMP-MONITOR,2026-01-01T07:40:00,470.62,3059.29,98.71,5.29,82.96,52.88,24.89,79.38,degraded,6,0,2,5,-0.6341,-1.4374,8.1349,0
PUMP-MONITOR,2026-01-01T07:45:00,475.9,2923.41,100.71,5.55,81.58,50.79,24.17,72.03,degraded,6,0,1,5,0.2544,2.0002,-1.3849,0
PUMP-MONITOR,2026-01-01T07:50:00,479.88,3031.46,110.1,5.74,72.86,50.44,24.2,59.13,degraded,6,0,4,5,0.1871,9.3883,-8.7152,0
PUMP-MONITOR,2026-01-01T07:55:00,474.19,3111.49,98.06,4.4,71.82,50.35,23.88,60.7,degraded,6,0,3,5,-1.3367,-12.0375,-1.0473,0
PUMP-MONITOR,2026-01-01T08:00:00,473.64,3102.88,95.47,5.69,74.24,52.56,24.9,79.54,degraded,6,0,3,5,1.2949,-2.5965,2.4262,0
PUMP-MONITOR,2026-01-01T08:05:00,487.77,3045.85,99.2,4.49,79.22,51.28,25.01,61.81,degraded,6,0,1,5,-1.1983,3.7286,4.9821,0
PUMP-MONITOR,2026-01-01T08:10:00,475.49,3191.66,97.39,3.87,76.33,54.34,25.84,79.46,degraded,6,0,3,5,-0.6256,-1.8025,-2.8909,0
PUMP-MONITOR,2026-01-01T08:15:00,478.77,3044.26,105.89,3.88,81.95,52.89,25.32,68.28,degraded,6,0,2,5,0.0088,8.5014,5.6196,0
PUMP-MONITOR,2026-01-01T08:20:00,477.28,3134.12,104.6,3.85,76.78,50.31,24.01,61.09,degraded,6,0,4,5,-0.026,-1.2944,-5.1704,0
PUMP-MONITOR,2026-01-01T08:25:00,483.31,3187.22,92.34,4.06,72.81,54.43,26.31,68.07,degraded,6,0,4,5,0.2067,-12.2637,-3.9722,0
PUMP-MONITOR,2026-01-01T08:30:00,479.28,3060.52,96.07,6.0,71.08,52.74,25.28,62.15,degraded,6,0,3,5,1.9442,3.7338,-1.7339,0
PUMP-MONITOR,2026-01-01T08:35:00,488.76,3134.71,104.66,5.0,71.22,53.07,25.94,79.26,degraded,6,0,1,5,-1.0046,8.5921,0.1414,0
PUMP-MONITOR,2026-01-01T08:40:00,479.89,3163.56,113.78,5.93,83.18,52.92,25.4,71.72,degraded,6,0,2,5,0.9293,9.1197,11.9636,0
PUMP-MONITOR,2026-01-01T08:45:00,484.55,2953.89,90.29,5.08,70.51,53.28,25.81,75.55,degraded,6,0,1,5,-0.8475,-23.4943,-12.6666,0
PUMP-MONITOR,2026-01-01T08:50:00,472.83,2922.39,95.29,5.34,75.02,51.32,24.26,68.32,degraded,6,0,1,5,0.257,5.0025,4.5013,0
PUMP-MONITOR,2026-01-01T08:55:00,471.66,2920.6,112.36,5.05,73.56,52.07,24.56,68.07,degraded,6,0,4,5,-0.2847,17.0737,-1.4547,0
PUMP-MONITOR,2026-01-01T09:00:00,470.88,3126.13,108.36,5.01,76.47,54.37,25.6,74.73,degraded,6,0,0,5,-0.047,-4.0066,2.9071,0
PUMP-MONITOR,2026-01-01T09:05:00,485.61,2932.27,90.41,5.32,75.31,51.1,24.81,60.96,degraded,6,0,2,5,0.3162,-17.9446,-1.1585,0
PUMP-MONITOR,2026-01-01T09:10:00,477.33,3161.66,94.66,3.95,81.13,50.41,24.06,61.61,degraded,6,0,4,5,-1.3738,4.2481,5.821,0
PUMP-MONITOR,2026-01-01T09:15:00,477.16,3047.45,101.37,5.41,84.06,52.27,24.94,78.03,degraded,6,0,1,5,1.4572,6.7096,2.9275,0
PUMP-MONITOR,2026-01-01T09:20:00,473.12,3166.66,107.98,3.27,79.85,49.83,23.57,67.55,degraded,6,0,4,5,-2.1339,6.6071,-4.2082,0
PUMP-MONITOR,2026-01-01T09:25:00,470.97,3117.53,114.45,3.79,84.67,51.99,24.48,62.92,degraded,6,0,1,5,0.5146,6.472,4.8193,0
PUMP-MONITOR,2026-01-01T09:30:00,475.74,3095.15,93.81,3.57,83.32,48.37,23.01,56.75,degraded,6,0,4,5,-0.2204,-20.6439,-1.3541,0
PUMP-MONITOR,2026-01-01T09:35:00,485.78,3091.98,100.46,4.76,80.96,51.64,25.09,61.61,degraded,6,0,0,5,1.1992,6.6559,-2.3551,0
PUMP-MONITOR,2026-01-01T09:40:00,480.42,3018.64,102.96,5.29,73.16,53.67,25.78,69.48,degraded,6,0,2,5,0.5214,2.5019,-7.8007,0
PUMP-MONITOR,2026-01-01T09:45:00,478.47,3043.89,112.58,3.59,70.87,52.09,24.92,58.63,degraded,6,0,2,5,-1.6928,9.6196,-2.2942,0
PUMP-MONITOR,2026-01-01T09:50:00,476.89,3064.19,105.43,3.11,70.99,52.7,25.13,65.02,degraded,6,0,1,5,-0.4812,-7.1551,0.1198,0
PUMP-MONITOR,2026-01-01T09:55:00,489.41,3146.58,93.74,5.56,74.43,53.26,26.07,73.05,degraded,6,0,4,5,2.4466,-11.6854,3.4465,0
PUMP-MONITOR,2026-01-01T10:00:00,481.0,2954.91,96.76,5.3,75.9,53.28,25.63,79.01,degraded,6,0,2,5,-0.2561,3.0142,1.4679,0
PUMP-MONITOR,2026-01-01T10:05:00,485.87,3107.89,91.14,5.87,76.95,53.77,26.13,69.69,degraded,6,0,0,5,0.5633,-5.6173,1.0459,0
PUMP-MONITOR,2026-01-01T10:10:00,483.64,2944.68,91.02,5.9,71.18,55.11,26.65,71.44,degraded,6,0,0,5,0.0324,-0.1199,-5.7676,0
PUMP-MONITOR,2026-01-01T10:15:00,474.14,3054.61,90.87,3.9,71.69,50.49,23.94,64.74,degraded,6,0,0,5,-2.0005,-0.1497,0.5134,0
PUMP-MONITOR,2026-01-01T10:20:00,485.26,3159.62,101.37,4.45,71.23,48.77,23.67,56.39,degraded,6,0,3,5,0.5566,10.4999,-0.4624,0
PUMP-MONITOR,2026-01-01T10:25:00,470.46,2974.33,109.07,4.42,81.27,49.9,23.47,61.04,degraded,6,0,2,5,-0.0352,7.7034,10.0454,0
PUMP-MONITOR,2026-01-01T10:30:00,478.37,3200.73,95.55,5.36,82.33,52.79,25.25,79.77,degraded,6,0,2,5,0.9367,-13.5219,1.0518,0
PUMP-MONITOR,2026-01-01T10:35:00,486.15,2974.59,107.95,5.9,77.29,50.09,24.35,56.42,degraded,6,0,4,5,0.5465,12.4009,-5.0385,0
PUMP-MONITOR,2026-01-01T10:40:00,478.38,3124.88,109.12,4.83,79.26,50.78,24.29,68.68,degraded,6,0,0,5,-1.0679,1.1706,1.9755,0
PUMP-MONITOR,2026-01-01T10:45:00,472.91,3187.6,99.21,4.53,79.27,50.66,23.96,59.93,degraded,6,0,4,5,-0.3031,-9.9085,0.0107,0
PUMP-MONITOR,2026-01-01T10:50:00,472.32,2935.14,113.15,5.33,77.08,52.05,24.59,71.62,degraded,6,0,4,5,0.8011,13.9367,-2.1906,0
PUMP-MONITOR,2026-01-01T10:55:00,484.0,3120.98,108.06,5.48,72.87,53.04,25.67,76.09,degraded,6,0,3,5,0.1466,-5.0869,-4.2131,0
PUMP-MONITOR,2026-01-01T11:00:00,476.44,3082.6,101.03,3.34,82.67,52.31,24.92,64.39,degraded,6,0,3,5,-2.142,-7.0376,9.7984,0
PUMP-MONITOR,2026-01-01T11:05:00,474.14,3104.0,93.34,3.5,82.14,51.75,24.54,62.98,degraded,6,0,2,5,0.1628,-7.6893,-0.5293,0
PUMP-MONITOR,2026-01-01T11:10:00,489.25,3060.37,99.35,3.67,71.57,51.03,24.96,55.36,degraded,6,0,2,5,0.1694,6.0172,-10.5712,0
PUMP-MONITOR,2026-01-01T11:15:00,479.99,3044.76,99.53,5.07,80.5,50.18,24.08,66.89,degraded,6,0,4,5,1.4028,0.1713,8.9332,0
PUMP-MONITOR,2026-01-01T11:20:00,473.02,2993.61,92.84,3.05,73.61,54.1,25.59,74.58,degraded,6,0,4,5,-2.0235,-6.6887,-6.8953,0
PUMP-MONITOR,2026-01-01T11:25:00,470.54,2976.74,114.47,5.83,83.44,51.56,24.26,72.9,degraded,6,0,4,5,2.7814,21.6359,9.8333,0
PUMP-MONITOR,2026-01-01T11:30:00,486.41,3075.58,105.59,5.21,80.33,52.26,25.42,57.97,degraded,6,0,1,5,-0.6167,-8.8834,-3.1131,0
PUMP-MONITOR,2026-01-01T11:35:00,484.82,3200.46,96.07,4.27,72.91,49.92,24.2,63.38,degraded,6,0,0,5,-0.9421,-9.5198,-7.4149,0
PUMP-MONITOR,2026-01-01T11:40:00,487.57,3198.31,101.87,5.09,84.49,52.21,25.46,56.05,degraded,6,0,2,5,0.8175,5.7983,11.575,0
PUMP-MONITOR,2026-01-01T11:45:00,474.64,3126.91,91.14,4.79,78.72,53.02,25.17,64.03,degraded,6,0,0,5,-0.2999,-10.7263,-5.7695,0
PUMP-MONITOR,2026-01-01T11:50:00,475.75,3016.88,111.31,3.38,82.82,52.59,25.02,76.66,degraded,6,0,3,5,-1.4095,20.17,4.1004,0
PUMP-MONITOR,2026-01-01T11:55:00,486.41,3171.08,105.43,3.33,71.91,52.91,25.73,67.23,degraded,6,0,0,5,-0.0505,-5.8855,-10.9105,0
PUMP-MONITOR,2026-01-01T12:00:00,484.64,3056.49,105.82,4.54,77.01,50.38,24.42,65.79,degraded,6,0,0,5,1.2093,0.394,5.1047,0
PUMP-MONITOR,2026-01-01T12:05:00,478.41,2973.62,114.76,3.19,80.41,53.19,25.45,77.54,degraded,6,0,1,5,-1.3482,8.9444,3.4006,0
PUMP-MONITOR,2026-01-01T12:10:00,472.45,3040.95,110.96,3.21,80.44,50.92,24.06,71.86,degraded,6,0,3,5,0.023,-3.8006,0.0318,0
PUMP-MONITOR,2026-01-01T12:15:00,482.09,2979.21,109.25,5.26,76.55,51.58,24.87,62.55,degraded,6,0,2,5,2.0473,-1.7177,-3.8925,0
PUMP-MONITOR,2026-01-01T12:20:00,478.15,3159.15,93.09,3.53,77.66,47.81,22.86,55.26,degraded,6,0,0,5,-1.7319,-16.1609,1.1069,0
PUMP-MONITOR,2026-01-01T12:25:00,474.15,3184.32,101.17,3.61,77.74,50.01,23.71,67.28,degraded,6,0,1,5,0.0768,8.0879,0.0838,0
PUMP-MONITOR,2026-01-01T12:30:00,473.73,2956.23,98.21,5.2,80.03,50.72,24.03,68.61,degraded,6,0,1,5,1.5967,-2.9615,2.2872,0
PUMP-MONITOR,2026-01-01T12:35:00,482.76,2944.5,115.0,5.19,74.11,49.71,24.0,56.16,degraded,6,0,2,5,-0.0084,16.7846,-5.9162,0
PUMP-MONITOR,2026-01-01T12:40:00,479.15,3201.89,115.05,4.34,70.72,50.91,24.4,71.34,degraded,6,0,0,5,-0.8506,0.0558,-3.3935,0
PUMP-MONITOR,2026-01-01T12:45:00,480.51,3016.51,106.19,3.84,79.21,49.89,23.97,61.02,degraded,6,0,4,5,-0.5067,-8.8637,8.4919,0
PUMP-MONITOR,2026-01-01T12:50:00,483.21,2927.73,91.49,4.22,78.92,55.07,26.61,71.93,degraded,6,0,2,5,0.3801,-14.7002,-0.2927,0
PUMP-MONITOR,2026-01-01T12:55:00,489.32,3006.46,98.86,4.61,79.81,52.43,25.66,67.64,degraded,6,0,0,5,0.393,7.3728,0.8954,0
PUMP-MONITOR,2026-01-01T13:00:00,488.85,2965.78,102.81,5.32,81.12,54.88,26.83,68.84,degraded,6,0,4,5,0.7101,3.9502,1.3041,0
PUMP-MONITOR,2026-01-01T13:05:00,475.53,2979.03,103.49,4.95,70.34,53.07,25.23,71.75,degraded,6,0,2,5,-0.3722,0.6762,-10.7825,0
PUMP-MONITOR,2026-01-01T13:10:00,486.96,3066.96,97.81,4.88,72.5,51.42,25.04,65.13,degraded,6,0,3,5,-0.066,-5.6817,2.1652,0
PUMP-MONITOR,2026-01-01T13:15:00,487.15,3190.0,114.12,3.78,82.7,50.85,24.77,67.23,degraded,6,0,3,5,-1.0994,16.3175,10.2025,0
PUMP-MONITOR,2026-01-01T13:20:00,470.79,2990.6,108.2,4.73,71.33,50.2,23.64,66.88,degraded,6,0,3,5,0.9463,-5.927,-11.3702,0
PUMP-MONITOR,2026-01-01T13:25:00,473.21,3096.66,101.79,4.29,81.71,53.04,25.1,73.24,degraded,6,1,1,5,-0.4395,-6.4095,10.3756,0
PUMP-MONITOR,2026-01-01T13:30:00,475.92,3053.9,105.5,4.2,79.25,50.8,24.18,64.04,degraded,6,0,4,5,-0.0904,3.7096,-2.4574,0
PUMP-MONITOR,2026-01-01T13:35:00,473.65,3075.44,111.68,5.15,84.9,50.51,23.93,62.89,degraded,6,0,1,5,0.954,6.1832,5.6447,0
PUMP-MONITOR,2026-01-01T13:40:00,470.36,3050.21,95.67,3.63,75.75,48.66,22.89,57.88,degraded,6,0,4,5,-1.5236,-16.0077,-9.1432,0
PUMP-MONITOR,2026-01-01T13:45:00,482.5,3024.73,104.56,4.58,76.16,52.36,25.27,71.54,degraded,6,0,2,5,0.9536,8.8919,0.4036,0
PUMP-MONITOR,2026-01-01T13:50:00,487.93,3100.2,110.06,5.91,84.14,52.25,25.5,71.75,degraded,6,0,4,5,1.3304,5.4936,7.9806,0
PUMP-MONITOR,2026-01-01T13:55:00,487.72,3074.35,93.92,5.36,78.02,49.68,24.23,61.07,degraded,6,0,0,5,-0.5567,-16.1348,-6.1132,0
PUMP-MONITOR,2026-01-01T14:00:00,483.18,3114.74,109.52,4.14,79.49,53.48,25.84,78.91,degraded,6,0,0,5,-1.2163,15.5987,1.4658,0
PUMP-MONITOR,2026-01-01T14:05:00,480.04,3006.76,95.91,5.98,83.82,49.34,23.68,61.06,degraded,6,0,1,5,1.8385,-13.6141,4.327,0
PUMP-MONITOR,2026-01-01T14:10:00,478.72,3198.94,113.49,5.57,82.25,52.93,25.34,66.12,degraded,6,0,1,5,-0.4058,17.5824,-1.57,0
PUMP-MONITOR,2026-01-01T14:15:00,472.66,3189.59,92.07,4.71,75.89,53.03,25.06,66.91,degraded,6,0,0,5,-0.866,-21.4191,-6.3595,0
PUMP-MONITOR,2026-01-01T14:20:00,470.04,2987.76,94.46,5.93,77.47,48.33,22.72,60.53,degraded,6,0,2,5,1.2223,2.3883,1.5805,0
PUMP-MONITOR,2026-01-01T14:25:00,472.01,3090.41,91.76,3.85,78.02,47.57,22.46,55.51,degraded,6,0,0,5,-2.0766,-2.7033,0.5559,0
PUMP-MONITOR,2026-01-01T14:30:00,474.46,2920.13,111.05,4.95,80.92,50.88,24.14,61.97,degraded,6,0,0,5,1.0988,19.2963,2.8951,0
PUMP-MONITOR,2026-01-01T14:35:00,471.78,3148.74,96.28,5.4,79.74,49.37,23.29,59.1,degraded,6,0,0,5,0.4473,-14.7731,-1.1829,0
PUMP-MONITOR,2026-01-01T14:40:00,481.51,3042.29,102.4,3.48,74.43,53.78,25.9,71.19,degraded,6,0,0,5,-1.9197,6.1202,-5.3087,0
PUMP-MONITOR,2026-01-01T14:45:00,480.26,3178.39,112.15,3.97,78.51,53.43,25.66,77.3,degraded,6,0,1,5,0.4892,9.7468,4.0849,0
PUMP-MONITOR,2026-01-01T14:50:00,474.03,3021.64,98.31,5.32,74.74,55.11,26.13,77.16,degraded,6,0,2,5,1.35,-13.8389,-3.769,0
PUMP-MONITOR,2026-01-01T14:55:00,480.21,3125.15,107.29,4.85,80.56,50.73,24.36,70.29,degraded,6,0,4,5,-0.4706,8.9839,5.8172,0
PUMP-MONITOR,2026-01-01T15:00:00,487.66,3155.37,99.5,4.3,78.6,54.17,26.42,68.43,degraded,6,0,0,5,-0.5434,-7.7933,-1.9612,0
PUMP-MONITOR,2026-01-01T15:05:00,472.61,3023.48,107.19,4.78,75.88,54.48,25.75,76.21,degraded,6,0,3,5,0.4748,7.6914,-2.7224,0
PUMP-MONITOR,2026-01-01T15:10:00,487.28,3104.77,106.98,4.55,79.61,53.16,25.9,72.46,degraded,6,0,2,5,-0.2335,-0.2103,3.736,0
PUMP-MONITOR,2026-01-01T15:15:00,488.42,3122.56,99.38,4.83,76.74,55.31,27.01,78.9,degraded,6,0,3,5,0.2845,-7.5973,-2.8757,0
PUMP-MONITOR,2026-01-01T15:20:00,474.18,3102.19,110.25,4.56,70.69,49.64,23.54,66.62,degraded,6,0,1,5,-0.2703,10.8647,-6.0456,0
PUMP-MONITOR,2026-01-01T15:25:00,483.01,2977.05,101.98,5.55,73.46,51.11,24.69,61.03,degraded,6,0,1,5,0.9929,-8.2685,2.7717,0
PUMP-MONITOR,2026-01-01T15:30:00,478.58,3071.32,100.21,4.05,70.89,52.18,24.97,61.21,degraded,6,0,3,5,-1.4999,-1.765,-2.5761,0
PUMP-MONITOR,2026-01-01T15:35:00,469.96,3125.65,99.09,3.28,77.0,51.87,24.37,77.01,degraded,6,0,2,5,-0.7692,-1.1229,6.1162,0
PUMP-MONITOR,2026-01-01T15:40:00,480.17,3034.28,104.12,3.54,79.53,50.35,24.18,68.2,degraded,6,0,1,5,0.2585,5.027,2.5311,0
PUMP-MONITOR,2026-01-01T15:45:00,481.66,3147.69,98.45,5.3,82.36,52.87,25.47,65.02,degraded,6,0,1,5,1.7534,-5.6692,2.8259,0
PUMP-MONITOR,2026-01-01T15:50:00,479.86,3107.76,101.07,5.24,80.99,54.34,26.07,75.88,degraded,6,0,1,5,-0.0595,2.6248,-1.3698,0
PUMP-MONITOR,2026-01-01T15:55:00,473.66,3101.35,92.18,5.26,73.48,51.26,24.28,62.73,degraded,6,0,3,5,0.0271,-8.8877,-7.5109,0
PUMP-MONITOR,2026-01-01T16:00:00,469.95,3066.47,112.35,4.66,76.06,50.45,23.71,58.17,degraded,6,0,4,5,-0.5987,20.1652,2.5828,0
PUMP-MONITOR,2026-01-01T16:05:00,480.46,2997.56,104.75,3.76,73.14,52.78,25.36,64.41,degraded,6,0,4,5,-0.9047,-7.5981,-2.9238,0
PUMP-MONITOR,2026-01-01T16:10:00,474.9,3027.98,93.64,5.13,80.52,51.07,24.25,64.86,degraded,6,0,3,5,1.3692,-11.1111,7.3816,0
PUMP-MONITOR,2026-01-01T16:15:00,473.17,3102.15,91.53,5.71,73.81,52.64,24.91,76.25,degraded,6,0,0,5,0.5836,-2.1112,-6.7122,0
PUMP-MONITOR,2026-01-01T16:20:00,471.15,3162.48,92.03,4.44,77.08,50.35,23.72,55.25,degraded,6,0,4,5,-1.2757,0.496,3.2732,0
PUMP-MONITOR,2026-01-01T16:25:00,473.06,3169.89,102.02,3.28,77.85,53.81,25.45,70.28,degraded,6,0,0,5,-1.1595,9.9931,0.7648,0
PUMP-MONITOR,2026-01-01T16:30:00,474.73,3200.49,104.68,4.23,74.81,49.58,23.54,59.84,degraded,6,0,0,5,0.9575,2.658,-3.0375,0
PUMP-MONITOR,2026-01-01T16:35:00,479.36,2991.4,113.57,4.49,80.71,53.08,25.44,77.85,degraded,6,0,2,5,0.2549,8.8919,5.904,0
PUMP-MONITOR,2026-01-01T16:40:00,476.44,3144.77,94.69,3.78,73.21,53.5,25.49,79.68,degraded,6,0,2,5,-0.7052,-18.8741,-7.5039,0
PUMP-MONITOR,2026-01-01T16:45:00,484.81,2928.95,106.51,4.26,70.47,50.0,24.24,59.98,degraded,6,0,4,5,0.4768,11.8153,-2.7435,0
PUMP-MONITOR,2026-01-01T16:50:00,477.88,2908.55,101.27,3.93,73.25,51.76,24.73,59.55,degraded,6,1,5,5,-0.3346,-5.2351,2.7798,0
PUMP-MONITOR,2026-01-01T16:55:00,471.64,3012.61,100.05,4.43,82.22,52.6,24.81,71.35,degraded,6,0,3,5,0.4996,-1.2204,8.9747,0
PUMP-MONITOR,2026-01-01T17:00:00,479.59,3090.38,110.67,3.67,71.08,52.06,24.97,74.99,degraded,6,0,3,5,-0.759,10.6166,-11.1378,0
PUMP-MONITOR,2026-01-01T17:05:00,475.38,3078.06,107.24,3.99,75.31,47.71,22.68,55.68,degraded,6,0,0,5,0.3254,-3.429,4.2245,0
PUMP-MONITOR,2026-01-01T17:10:00,486.55,2986.07,113.8,4.18,73.25,51.99,25.3,58.91,degraded,6,0,0,5,0.187,6.5616,-2.061,0
PUMP-MONITOR,2026-01-01T17:15:00,485.48,2964.23,113.06,3.3,70.63,53.48,25.96,70.53,degraded,6,0,2,5,-0.8783,-0.7483,-2.6113,0
PUMP-MONITOR,2026-01-01T17:20:00,489.47,2973.57,103.03,5.31,80.79,54.24,26.55,73.39,degraded,6,0,0,5,2.0119,-10.0274,10.1524,0
PUMP-MONITOR,2026-01-01T17:25:00,477.13,3181.87,92.49,4.19,73.29,53.16,25.37,69.24,degraded,6,0,3,5,-1.1192,-10.534,-7.5003,0
PUMP-MONITOR,2026-01-01T17:30:00,472.42,3077.7,95.62,5.66,76.55,52.63,24.86,67.31,degraded,6,0,4,5,1.4642,3.1247,3.2589,0
PUMP-MONITOR,2026-01-01T17:35:00,473.26,2990.88,104.47,3.37,77.78,53.79,25.46,73.67,degraded,6,1,2,5,-2.2889,8.8471,1.2361,0
PUMP-MONITOR,2026-01-01T17:40:00,487.3,3130.41,92.94,3.68,83.97,52.15,25.41,71.47,degraded,6,0,4,5,0.3113,-11.5299,6.1922,0
PUMP-MONITOR,2026-01-01T17:45:00,471.67,3038.03,93.18,5.19,76.67,52.67,24.84,67.36,degraded,6,0,1,5,1.5106,0.2423,-7.3033,0
PUMP-MONITOR,2026-01-01T17:50:00,474.62,3186.78,107.7,4.74,73.85,49.23,23.37,60.31,degraded,6,0,3,5,-0.4507,14.5209,-2.8166,0
PUMP-MONITOR,2026-01-01T17:55:00,473.23,3129.33,111.58,5.2,80.9,54.56,25.82,79.62,degraded,6,0,0,5,0.4638,3.8779,7.0423,0
PUMP-MONITOR,2026-01-01T18:00:00,481.37,2934.08,109.96,5.04,71.47,53.98,25.98,75.89,degraded,6,0,1,5,-0.163,-1.6214,-9.4239,0
PUMP-MONITOR,2026-01-01T18:05:00,471.43,3098.2,97.38,4.2,72.54,52.93,24.95,78.01,degraded,6,0,0,5,-0.8367,-12.5781,1.0654,0
PUMP-MONITOR,2026-01-01T18:10:00,474.12,3032.46,106.19,4.98,80.57,54.56,25.87,80.04,degraded,6,0,1,5,0.7733,8.8092,8.0311,0
PUMP-MONITOR,2026-01-01T18:15:00,489.3,2951.78,112.78,5.92,73.91,53.34,26.1,76.48,degraded,6,0,1,5,0.9426,6.5917,-6.6627,0
PUMP-MONITOR,2026-01-01T18:20:00,477.73,3126.92,94.09,3.8,74.53,55.96,26.73,80.06,degraded,6,0,4,5,-2.1197,-18.6908,0.6217,0
PUMP-MONITOR,2026-01-01T18:25:00,475.48,3007.25,90.31,3.82,74.37,49.64,23.6,57.33,degraded,6,0,0,5,0.0206,-3.7778,-0.1581,0
PUMP-MONITOR,2026-01-01T18:30:00,476.76,3078.97,106.82,3.15,80.5,49.86,23.77,59.64,degraded,6,0,1,5,-0.6734,16.5081,6.126,0
PUMP-MONITOR,2026-01-01T18:35:00,475.24,3153.87,106.69,5.31,74.29,51.51,24.48,64.43,degraded,6,0,0,5,2.1637,-0.1237,-6.204,0
PUMP-MONITOR,2026-01-01T18:40:00,484.94,3098.76,105.22,4.5,83.96,50.06,24.28,61.67,degraded,6,0,2,5,-0.8157,-1.4765,9.6656,0
PUMP-MONITOR,2026-01-01T18:45:00,483.25,2911.43,100.82,3.58,82.0,51.01,24.65,55.09,degraded,6,0,2,5,-0.9145,-4.3929,-1.9553,0
PUMP-MONITOR,2026-01-01T18:50:00,473.78,3152.99,101.22,3.42,79.32,52.38,24.82,62.21,degraded,6,0,4,5,-0.1588,0.3908,-2.6855,0
PUMP-MONITOR,2026-01-01T18:55:00,489.2,3032.07,98.84,5.82,83.2,54.48,26.65,72.2,degraded,6,1,5,5,2.4024,-2.3757,3.8836,0
PUMP-MONITOR,2026-01-01T19:00:00,472.54,2918.59,114.66,5.61,77.76,49.28,23.29,55.61,degraded,6,1,5,5,-0.2107,15.8231,-5.4412,0
PUMP-MONITOR,2026-01-01T19:05:00,480.16,2957.94,115.08,4.79,72.07,49.18,23.62,59.5,degraded,6,0,2,5,-0.825,0.4201,-5.6895,0
PUMP-MONITOR,2026-01-01T19:10:00,485.22,2961.88,98.77,3.83,78.6,52.22,25.34,60.37,degraded,6,0,1,5,-0.9629,-16.3163,6.5335,0
PUMP-MONITOR,2026-01-01T19:15:00,481.62,3191.03,90.41,3.99,70.47,55.28,26.63,74.96,degraded,6,0,1,5,0.168,-8.3562,-8.1317,0
PUMP-MONITOR,2026-01-01T19:20:00,486.75,3154.51,104.43,5.42,82.55,53.52,26.05,77.59,degraded,6,0,2,5,1.4238,14.0241,12.083,0
PUMP-MONITOR,2026-01-01T19:25:00,488.44,2953.91,109.88,3.75,82.74,52.17,25.48,62.57,degraded,6,0,0,5,-1.6727,5.443,0.1879,0
PUMP-MONITOR,2026-01-01T19:30:00,470.12,3047.63,103.48,4.52,81.94,48.83,22.96,56.31,degraded,6,0,0,5,0.7763,-6.3925,-0.806,0
PUMP-MONITOR,2026-01-01T19:35:00,479.99,3170.53,104.18,4.81,82.46,51.34,24.64,59.12,degraded,6,0,2,5,0.2847,0.6978,0.5236,0
PUMP-MONITOR,2026-01-01T19:40:00,471.55,2959.34,106.29,4.58,83.88,51.63,24.35,79.14,degraded,6,0,3,5,-0.2257,2.1024,1.4188,0
PUMP-MONITOR,2026-01-01T19:45:00,489.2,2990.25,97.15,3.38,81.82,53.15,26.0,57.83,degraded,6,0,2,5,-1.2017,-9.1359,-2.0564,0
PUMP-MONITOR,2026-01-01T19:50:00,486.52,3053.58,102.34,4.46,80.59,54.43,26.48,70.43,degraded,6,0,1,5,1.0851,5.1928,-1.2349,0
PUMP-MONITOR,2026-01-01T19:55:00,476.19,3076.09,102.79,4.61,73.19,53.81,25.62,74.09,degraded,6,0,3,5,0.1499,0.4453,-7.3964,0
PUMP-MONITOR,2026-01-01T20:00:00,480.69,3101.47,105.85,3.27,74.82,54.83,26.36,78.57,degraded,6,0,4,5,-1.34,3.0648,1.6278,0
PUMP-MONITOR,2026-01-01T20:05:00,483.66,3172.57,106.96,5.82,79.06,55.47,26.83,77.52,degraded,6,0,3,5,2.5464,1.1118,4.2408,0
PUMP-MONITOR,2026-01-01T20:10:00,483.29,3099.9,91.43,4.45,71.46,54.81,26.49,75.39,degraded,6,0,1,5,-1.366,-15.5381,-7.5987,0
PUMP-MONITOR,2026-01-01T20:15:00,477.19,2969.09,110.51,5.76,79.5,51.93,24.78,57.95,degraded,6,0,2,5,1.3052,19.0794,8.0371,0
PUMP-MONITOR,2026-01-01T20:20:00,484.93,2929.41,98.15,5.94,84.1,52.97,25.69,71.23,degraded,6,0,2,5,0.1789,-12.3553,4.6035,0
PUMP-MONITOR,2026-01-01T20:25:00,483.2,3066.02,91.55,3.38,75.28,52.44,25.34,58.73,degraded,6,0,4,5,-2.5569,-6.601,-8.8207,0
PUMP-MONITOR,2026-01-01T20:30:00,485.06,3089.65,98.59,3.82,80.78,49.44,23.98,57.95,degraded,6,0,4,5,0.4408,7.0389,5.4999,0
PUMP-MONITOR,2026-01-01T20:35:00,476.58,3046.22,95.96,5.01,76.48,51.21,24.41,68.8,degraded,6,0,2,5,1.1924,-2.6302,-4.2958,0
PUMP-MONITOR,2026-01-01T20:40:00,470.33,3132.83,90.15,3.33,78.34,54.42,25.6,77.35,degraded,6,1,5,5,-1.6838,-5.8035,1.8571,0
PUMP-MONITOR,2026-01-01T20:45:00,473.15,2985.6,96.92,3.53,75.35,52.22,24.71,61.72,degraded,6,0,4,5,0.1984,6.7697,-2.9917,0
PUMP-MONITOR,2026-01-01T20:50:00,482.02,3100.4,93.15,4.79,77.65,54.51,26.27,71.69,degraded,6,0,0,5,1.2613,-3.7711,2.2994,0
PUMP-MONITOR,2026-01-01T20:55:00,476.79,3165.27,100.16,4.73,82.0,55.26,26.35,77.4,degraded,6,0,2,5,-0.0635,7.0054,4.3483,0
PUMP-MONITOR,2026-01-01T21:00:00,480.54,3081.87,90.86,6.04,79.4,48.37,23.24,56.32,degraded,6,0,0,5,1.3122,-9.3016,-2.6007,0
PUMP-MONITOR,2026-01-01T21:05:00,478.19,3001.3,105.47,3.33,78.18,52.47,25.09,60.49,degraded,6,0,3,5,-2.7058,14.6157,-1.218,0
PUMP-MONITOR,2026-01-01T21:10:00,479.27,3191.39,94.35,5.45,74.46,54.63,26.18,74.15,degraded,6,0,2,5,2.1177,-11.1189,-3.7152,0
PUMP-MONITOR,2026-01-01T21:15:00,469.92,3072.75,104.51,3.13,84.34,50.39,23.68,62.04,degraded,6,0,0,5,-2.3162,10.1555,9.8752,0
PUMP-MONITOR,2026-01-01T21:20:00,481.36,3036.07,99.54,3.35,82.21,54.92,26.44,79.91,degraded,6,0,3,5,0.2128,-4.9693,-2.1275,0
PUMP-MONITOR,2026-01-01T21:25:00,476.42,3120.9,97.38,3.87,80.5,51.61,24.59,72.91,degraded,6,0,3,5,0.521,-2.163,-1.7083,0
PUMP-MONITOR,2026-01-01T21:30:00,477.56,3118.66,96.55,4.75,73.83,55.67,26.59,78.06,degraded,6,0,3,5,0.8797,-0.8299,-6.6716,0
PUMP-MONITOR,2026-01-01T21:35:00,480.2,3057.82,93.25,4.46,83.98,53.0,25.45,70.85,degraded,6,0,1,5,-0.287,-3.2963,10.1514,0
PUMP-MONITOR,2026-01-01T21:40:00,473.37,2927.92,101.75,4.94,73.41,52.68,24.94,67.35,degraded,6,0,1,5,0.4779,8.5041,-10.5677,0
PUMP-MONITOR,2026-01-01T21:45:00,474.85,3119.16,98.32,5.81,78.31,50.83,24.14,57.21,degraded,6,0,1,5,0.8689,-3.4317,4.8955,0
PUMP-MONITOR,2026-01-01T21:50:00,484.61,3042.68,92.61,4.14,71.58,52.42,25.4,55.83,degraded,6,0,2,5,-1.6652,-5.7134,-6.733,0
PUMP-MONITOR,2026-01-01T21:55:00,477.63,3034.1,107.64,5.97,71.06,55.4,26.46,76.84,degraded,6,0,3,5,1.8261,15.0356,-0.5135,0
PUMP-MONITOR,2026-01-01T22:00:00,487.49,2998.37,92.46,4.07,74.62,51.32,25.02,63.84,degraded,6,0,2,5,-1.8977,-15.1854,3.558,0
PUMP-MONITOR,2026-01-01T22:05:00,471.61,3020.99,96.51,5.62,79.38,51.85,24.45,79.35,degraded,6,0,0,5,1.5457,4.0456,4.7559,0
PUMP-MONITOR,2026-01-01T22:10:00,483.71,3079.97,90.69,3.97,79.82,51.91,25.11,62.87,degraded,6,0,2,5,-1.6505,-5.8194,0.4445,0
PUMP-MONITOR,2026-01-01T22:15:00,472.74,2936.6,98.88,4.71,82.53,52.47,24.81,66.51,degraded,6,0,4,5,0.7446,8.198,2.7037,0
PUMP-MONITOR,2026-01-01T22:20:00,489.37,3141.88,106.97,4.43,76.21,53.99,26.42,73.67,degraded,6,0,2,5,-0.2823,8.0909,-6.3202,0
PUMP-MONITOR,2026-01-01T22:25:00,473.48,3193.98,96.17,5.57,81.65,51.91,24.58,67.11,degraded,6,1,3,5,1.141,-10.8086,5.4404,0
PUMP-MONITOR,2026-01-01T22:30:00,485.52,2923.49,115.1,3.89,81.51,53.71,26.08,74.99,degraded,6,0,0,5,-1.6807,18.9345,-0.1381,0
PUMP-MONITOR,2026-01-01T22:35:00,483.36,3090.98,108.53,3.2,71.7,49.41,23.88,58.57,degraded,6,0,3,5,-0.6857,-6.5754,-9.812,0
PUMP-MONITOR,2026-01-01T22:40:00,473.27,3160.77,105.33,3.74,72.86,49.58,23.47,65.58,degraded,6,0,1,5,0.5406,-3.1915,1.1597,0
PUMP-MONITOR,2026-01-01T22:45:00,487.03,3006.82,102.78,5.57,73.21,53.81,26.21,74.92,degraded,6,0,2,5,1.827,-2.5573,0.3576,0
PUMP-MONITOR,2026-01-01T22:50:00,488.6,3151.36,113.16,5.7,71.39,56.96,27.83,79.78,degraded,6,0,1,5,0.1333,10.3878,-1.8262,0
PUMP-MONITOR,2026-01-01T22:55:00,482.72,3175.98,91.44,4.03,83.92,50.25,24.26,60.67,degraded,6,0,3,5,-1.6736,-21.7217,12.53,0
PUMP-MONITOR,2026-01-01T23:00:00,484.53,2908.99,101.48,4.69,81.72,53.02,25.69,73.06,degraded,6,0,2,5,0.661,10.0414,-2.197,0
PUMP-MONITOR,2026-01-01T23:05:00,477.92,3113.0,95.65,5.61,72.82,54.48,26.04,76.11,degraded,6,0,0,5,0.917,-5.8305,-8.8993,0
PUMP-MONITOR,2026-01-01T23:10:00,485.38,2981.48,113.5,5.6,73.72,50.26,24.4,62.29,degraded,6,0,4,5,-0.0046,17.8433,0.9013,0
PUMP-MONITOR,2026-01-01T23:15:00,478.14,3013.06,103.18,5.31,75.83,51.08,24.42,59.95,degraded,6,0,1,5,-0.2904,-10.3173,2.1074,0
PUMP-MONITOR,2026-01-01T23:20:00,473.06,3034.13,114.71,5.2,77.86,49.82,23.57,66.76,degraded,6,0,2,5,-0.1161,11.5313,2.0299,0
PUMP-MONITOR,2026-01-01T23:25:00,476.57,2982.79,110.47,5.08,83.62,54.91,26.17,78.8,degraded,6,0,4,5,-0.119,-4.2414,5.7636,0
PUMP-MONITOR,2026-01-01T23:30:00,473.65,3170.21,95.03,3.1,79.93,52.35,24.8,66.83,degraded,6,0,2,5,-1.9737,-15.4354,-3.6937,0
PUMP-MONITOR,2026-01-01T23:35:00,482.43,3168.8,112.55,5.27,84.08,53.03,25.58,73.98,degraded,6,0,0,5,2.1652,17.5124,4.1484,0
PUMP-MONITOR,2026-01-01T23:40:00,471.89,2940.83,93.57,3.74,84.79,52.27,24.66,72.35,degraded,6,0,3,5,-1.5259,-18.9786,0.7091,0
PUMP-MONITOR,2026-01-01T23:45:00,476.66,3007.34,111.73,4.92,84.32,48.6,23.17,60.3,degraded,6,0,1,5,1.1718,18.1604,-0.4617,0
PUMP-MONITOR,2026-01-01T23:50:00,472.42,3194.38,101.41,4.27,75.94,49.18,23.23,60.8,degraded,6,0,2,5,-0.6486,-10.3151,-8.3889,0
PUMP-MONITOR,2026-01-01T23:55:00,488.16,3147.35,105.72,4.42,81.32,52.99,25.87,78.05,degraded,6,0,4,5,0.1479,4.3121,5.3802,0
PUMP-MONITOR,2026-01-02T00:00:00,473.07,3129.62,90.38,5.44,79.39,51.26,24.25,72.14,degraded,6,0,3,5,1.0258,-15.3457,-1.9221,0
PUMP-MONITOR,2026-01-02T00:05:00,482.45,2941.75,106.02,5.2,81.99,51.77,24.98,73.29,degraded,6,0,1,5,-0.2383,15.642,2.5989,0
PUMP-MONITOR,2026-01-02T00:10:00,471.34,2927.4,105.48,3.41,84.5,52.21,24.61,74.25,degraded,6,0,0,5,-1.7977,-0.545,2.5056,0
PUMP-MONITOR,2026-01-02T00:15:00,476.06,3006.2,99.84,4.31,82.32,51.14,24.35,72.85,degraded,6,0,2,5,0.9088,-5.6366,-2.1742,0
PUMP-MONITOR,2026-01-02T00:20:00,474.05,3109.78,94.7,4.44,80.75,53.11,25.18,68.33,degraded,6,0,0,5,0.1255,-5.1365,-1.5706,0
PUMP-MONITOR,2026-01-02T00:25:00,473.17,3140.87,94.7,3.87,78.32,51.34,24.29,76.77,degraded,6,0,3,5,-0.5743,-0.0044,-2.4328,0
PUMP-MONITOR,2026-01-02T00:30:00,476.97,3046.05,100.14,4.0,78.74,55.82,26.62,79.17,degraded,6,0,3,5,0.1322,5.4387,0.4203,0
PUMP-MONITOR,2026-01-02T00:35:00,474.56,2926.01,112.0,5.38,75.3,50.34,23.89,61.01,degraded,6,0,0,5,1.3782,11.8664,-3.4386,0
PUMP-MONITOR,2026-01-02T00:40:00,488.82,3026.01,108.34,3.86,82.26,54.9,26.83,68.71,degraded,6,0,1,5,-1.5173,-3.6613,6.959,0
PUMP-MONITOR,2026-01-02T00:45:00,482.69,2984.13,96.94,4.78,74.51,53.4,25.78,66.46,degraded,6,0,4,5,0.9231,-11.4006,-7.7517,0
PUMP-MONITOR,2026-01-02T00:50:00,476.94,3103.63,109.62,5.44,81.2,50.33,24.01,62.63,degraded,6,0,2,5,0.6545,12.6825,6.6853,0
PUMP-MONITOR,2026-01-02T00:55:00,479.1,3090.38,104.83,3.83,75.86,48.35,23.16,56.49,degraded,6,0,2,5,-1.6028,-4.7964,-5.3363,0
PUMP-MONITOR,2026-01-02T01:00:00,474.52,3064.72,101.18,5.42,80.11,51.05,24.22,57.99,degraded,6,0,2,5,1.5873,-3.6432,4.2559,0
PUMP-MONITOR,2026-01-02T01:05:00,475.11,3126.15,113.95,5.82,83.61,53.88,25.6,73.22,degraded,6,0,0,5,0.4045,12.7623,3.4985,0
PUMP-MONITOR,2026-01-02T01:10:00,486.31,3142.42,101.2,5.65,73.44,56.54,27.5,78.7,degraded,6,0,4,5,-0.1793,-12.743,-10.1782,0
PUMP-MONITOR,2026-01-02T01:15:00,482.07,2968.4,100.18,4.25,70.93,54.12,26.09,67.08,degraded,6,0,4,5,-1.3965,-1.0261,-2.5025,0
PUMP-MONITOR,2026-01-02T01:20:00,471.57,3102.05,106.18,5.92,78.41,51.67,24.37,59.06,degraded,6,0,1,5,1.6704,6.0064,7.4726,0
PUMP-MONITOR,2026-01-02T01:25:00,487.5,3121.28,90.5,3.77,77.68,54.7,26.66,68.41,degraded,6,0,3,5,-2.1467,-15.6847,-0.7291,0
PUMP-MONITOR,2026-01-02T01:30:00,480.02,3008.0,107.29,3.86,72.17,53.62,25.74,79.34,degraded,6,0,1,5,0.0869,16.7888,-5.5082,0
PUMP-MONITOR,2026-01-02T01:35:00,471.26,3184.72,107.83,4.24,72.6,52.13,24.57,66.66,degraded,6,0,0,5,0.3829,0.5391,0.4347,0
PUMP-MONITOR,2026-01-02T01:40:00,489.0,2995.82,111.97,4.29,82.56,53.09,25.96,63.88,degraded,6,0,3,5,0.0508,4.1385,9.9536,0
PUMP-MONITOR,2026-01-02T01:45:00,476.69,3099.39,91.92,3.84,81.42,49.79,23.73,61.21,degraded,6,0,0,5,-0.4496,-20.0508,-1.1394,0
PUMP-MONITOR,2026-01-02T01:50:00,471.61,3100.97,93.67,5.79,84.79,53.41,25.19,75.1,degraded,6,0,1,5,1.944,1.7532,3.3684,0
PUMP-MONITOR,2026-01-02T01:55:00,471.4,3195.93,114.17,5.69,73.85,51.78,24.41,68.95,degraded,6,0,4,5,-0.0944,20.4967,-10.9354,0
PUMP-MONITOR,2026-01-02T02:00:00,483.85,3100.49,94.81,5.2,72.65,53.77,26.02,78.97,degraded,6,0,3,5,-0.491,-19.3571,-1.2013,0
PUMP-MONITOR,2026-01-02T02:05:00,488.14,3082.02,91.32,5.46,82.44,52.54,25.65,65.21,degraded,6,0,1,5,0.2596,-3.4921,9.7879,0
PUMP-MONITOR,2026-01-02T02:10:00,477.39,3027.03,97.41,5.12,70.45,51.51,24.59,55.29,degraded,6,0,2,5,-0.3449,6.0979,-11.9848,0
PUMP-MONITOR,2026-01-02T02:15:00,483.64,2992.5,106.64,3.62,80.16,53.28,25.77,70.05,degraded,6,0,1,5,-1.495,9.2276,9.7107,0
PUMP-MONITOR,2026-01-02T02:20:00,477.11,3179.41,91.47,3.55,73.5,51.55,24.6,72.22,degraded,6,0,4,5,-0.0703,-15.1696,-6.6592,0
PUMP-MONITOR,2026-01-02T02:25:00,474.28,2922.9,102.07,4.05,76.7,49.59,23.52,62.37,degraded,6,0,1,5,0.4996,10.5949,3.1945,0
PUMP-MONITOR,2026-01-02T02:30:00,472.21,3090.32,96.69,5.47,84.47,52.64,24.86,73.98,degraded,6,0,2,5,1.4216,-5.3795,7.7676,0
PUMP-MONITOR,2026-01-02T02:35:00,476.23,2972.6,92.7,5.5,84.23,54.55,25.98,73.54,degraded,6,0,2,5,0.0254,-3.988,-0.2308,0
PUMP-MONITOR,2026-01-02T02:40:00,487.41,3010.02,90.2,4.23,84.05,51.29,25.0,62.24,degraded,6,0,1,5,-1.2687,-2.5001,-0.1843,0
PUMP-MONITOR,2026-01-02T02:45:00,484.37,2920.63,94.15,6.02,77.72,54.11,26.21,74.66,degraded,6,0,4,5,1.7936,3.9551,-6.327,0
PUMP-MONITOR,2026-01-02T02:50:00,482.5,3072.22,107.96,4.29,76.0,50.79,24.51,69.58,degraded,6,0,2,5,-1.7368,13.8028,-1.7207,0
PUMP-MONITOR,2026-01-02T02:55:00,488.63,3171.3,108.28,4.66,74.46,50.82,24.83,62.9,degraded,6,0,3,5,0.372,0.3186,-1.5451,0
PUMP-MONITOR,2026-01-02T03:00:00,471.88,2980.91,113.84,3.35,82.62,52.38,24.72,78.43,degraded,6,0,1,5,-1.3037,5.5682,8.1586,0
PUMP-MONITOR,2026-01-02T03:05:00,479.75,2982.76,93.66,3.16,83.31,54.14,25.97,71.58,degraded,6,0,4,5,-0.1988,-20.1793,0.6904,0
PUMP-MONITOR,2026-01-02T03:10:00,475.69,3140.5,112.35,4.4,79.39,52.22,24.84,60.78,degraded,6,0,0,5,1.24,18.6814,-3.9173,0
PUMP-MONITOR,2026-01-02T03:15:00,470.76,2983.35,99.42,3.37,75.4,52.8,24.86,70.05,degraded,6,0,2,5,-1.0265,-12.9267,-3.9848,0
PUMP-MONITOR,2026-01-02T03:20:00,480.94,3038.73,97.25,3.2,71.75,53.25,25.61,62.8,degraded,6,0,4,5,-0.1686,-2.171,-3.6493,0
PUMP-MONITOR,2026-01-02T03:25:00,479.07,3149.05,109.17,5.61,71.35,52.59,25.19,72.57,degraded,6,0,4,5,2.4094,11.9209,-0.4078,0
PUMP-MONITOR,2026-01-02T03:30:00,472.11,3098.36,101.59,5.37,70.69,49.77,23.49,56.69,degraded,6,0,3,5,-0.2374,-7.5818,-0.6543,0
PUMP-MONITOR,2026-01-02T03:35:00,486.75,3111.52,95.93,5.41,80.56,53.91,26.24,78.38,degraded,6,0,2,5,0.0386,-5.6581,9.8663,0
PUMP-MONITOR,2026-01-02T03:40:00,471.86,2998.98,115.04,4.8,81.69,52.46,24.75,77.37,degraded,6,0,3,5,-0.6126,19.1094,1.1343,0
PUMP-MONITOR,2026-01-02T03:45:00,479.62,3157.18,97.14,4.37,73.82,53.56,25.69,66.23,degraded,6,0,3,5,-0.4288,-17.8981,-7.8767,0
PUMP-MONITOR,2026-01-02T03:50:00,480.93,3152.87,95.34,4.4,75.86,49.34,23.73,61.03,degraded,6,0,3,5,0.0298,-1.8041,2.0391,0
PUMP-MONITOR,2026-01-02T03:55:00,485.91,3015.41,110.46,6.04,72.26,50.71,24.64,56.89,degraded,6,0,3,5,1.6421,15.1227,-3.5942,0
PUMP-MONITOR,2026-01-02T04:00:00,480.76,2999.06,106.14,3.89,81.28,49.12,23.61,59.45,degraded,6,0,1,5,-2.1529,-4.3185,9.0209,0
PUMP-MONITOR,2026-01-02T04:05:00,482.97,3145.88,104.11,3.68,71.95,52.04,25.13,61.82,degraded,6,0,0,5,-0.2091,-2.0351,-9.3353,0
PUMP-MONITOR,2026-01-02T04:10:00,471.61,2943.5,110.35,5.01,82.37,52.13,24.58,66.8,degraded,6,0,3,5,1.3317,6.2492,10.4259,0
PUMP-MONITOR,2026-01-02T04:15:00,481.18,2933.69,104.89,5.5,83.48,50.87,24.48,59.84,degraded,6,0,2,5,0.4929,-5.4639,1.1086,0
PUMP-MONITOR,2026-01-02T04:20:00,476.25,3112.8,94.04,5.64,77.36,51.52,24.54,55.34,degraded,6,0,1,5,0.1342,-10.8477,-6.1237,0
PUMP-MONITOR,2026-01-02T04:25:00,479.04,3097.9,99.27,3.88,73.09,51.62,24.73,72.47,degraded,6,0,3,5,-1.7596,5.2236,-4.2709,0
PUMP-MONITOR,2026-01-02T04:30:00,471.02,2956.46,105.8,3.4,74.97,51.91,24.45,74.94,degraded,6,0,1,5,-0.4833,6.5377,1.8805,0
PUMP-MONITOR,2026-01-02T04:35:00,488.24,2905.25,109.57,3.59,77.08,52.22,25.49,58.41,degraded,6,0,4,5,0.1988,3.7651,2.1112,0
PUMP-MONITOR,2026-01-02T04:40:00,482.77,3197.72,102.91,4.3,80.58,52.98,25.58,60.32,degraded,6,0,1,5,0.7082,-6.6577,3.4982,0
PUMP-MONITOR,2026-01-02T04:45:00,481.45,3188.63,112.05,3.21,72.78,52.15,25.11,77.46,degraded,6,0,2,5,-1.0901,9.1345,-7.7979,0
PUMP-MONITOR,2026-01-02T04:50:00,477.59,3161.95,102.73,5.94,78.55,52.71,25.17,62.08,degraded,6,0,3,5,2.7289,-9.3124,5.7716,0
PUMP-MONITOR,2026-01-02T04:55:00,483.65,3102.57,104.0,5.8,83.82,52.19,25.24,70.57,degraded,6,0,2,5,-0.146,1.2648,5.2666,0
PUMP-MONITOR,2026-01-02T05:00:00,485.96,3042.21,91.58,3.93,75.09,53.56,26.03,63.78,degraded,6,0,0,5,-1.8637,-12.4232,-8.7283,0
PUMP-MONITOR,2026-01-02T05:05:00,486.53,3034.27,112.59,5.38,83.16,51.66,25.13,61.35,degraded,6,1,1,5,1.452,21.0172,8.0682,0
PUMP-MONITOR,2026-01-02T05:10:00,483.44,2956.59,102.01,3.1,79.76,53.71,25.96,73.39,degraded,6,0,2,5,-2.2849,-10.5821,-3.3932,0
PUMP-MONITOR,2026-01-02T05:15:00,473.85,3087.8,93.93,5.93,72.01,50.14,23.76,67.97,degraded,6,0,2,5,2.8323,-8.0833,-7.7533,0
PUMP-MONITOR,2026-01-02T05:20:00,486.19,3150.71,109.54,5.79,80.95,49.78,24.2,58.86,degraded,6,0,1,5,-0.1422,15.6094,8.9398,0
PUMP-MONITOR,2026-01-02T05:25:00,475.16,3174.53,112.22,5.62,77.93,53.76,25.54,69.03,degraded,6,0,4,5,-0.1662,2.6841,-3.0166,0
PUMP-MONITOR,2026-01-02T05:30:00,481.48,3083.42,103.75,5.08,85.06,51.53,24.81,59.23,degraded,6,0,2,5,-0.5407,-8.474,7.1261,0
PUMP-MONITOR,2026-01-02T05:35:00,478.3,3162.31,100.08,4.88,78.7,50.18,24.0,57.15,degraded,6,0,1,5,-0.2027,-3.6683,-6.3552,0
PUMP-MONITOR,2026-01-02T05:40:00,472.73,3179.73,92.97,5.0,76.89,51.98,24.57,73.94,degraded,6,0,0,5,0.1246,-7.106,-1.8141,0
PUMP-MONITOR,2026-01-02T05:45:00,485.38,3008.42,99.13,3.98,76.9,49.18,23.87,58.98,degraded,6,0,4,5,-1.0235,6.157,0.0082,0
PUMP-MONITOR,2026-01-02T05:50:00,487.96,3180.53,106.13,6.05,82.23,52.72,25.73,74.43,degraded,6,0,3,5,2.0672,6.9963,5.3337,0
PUMP-MONITOR,2026-01-02T05:55:00,473.81,2970.54,96.53,5.65,75.67,48.49,22.98,56.43,degraded,6,0,1,5,-0.3935,-9.5981,-6.5604,0
PUMP-MONITOR,2026-01-02T06:00:00,472.7,2920.16,112.82,6.06,70.98,53.6,25.34,71.59,degraded,6,0,3,5,0.4068,16.289,-4.6874,0
PUMP-MONITOR,2026-01-02T06:05:00,479.55,3191.53,108.87,4.22,81.61,53.6,25.7,78.98,degraded,6,0,0,5,-1.8399,-3.9479,10.6242,0
PUMP-MONITOR,2026-01-02T06:10:00,484.34,3178.58,98.13,5.6,73.6,50.67,24.54,63.44,degraded,6,0,4,5,1.3762,-10.7366,-8.012,0
PUMP-MONITOR,2026-01-02T06:15:00,489.13,2960.39,103.56,5.87,81.43,53.96,26.39,77.99,degraded,6,0,4,5,0.2695,5.4252,7.8289,0
PUMP-MONITOR,2026-01-02T06:20:00,484.42,3108.81,101.67,5.36,84.48,52.81,25.58,59.35,degraded,6,0,0,5,-0.5044,-1.8912,3.0571,0
PUMP-MONITOR,2026-01-02T06:25:00,479.02,3094.71,94.07,4.7,83.39,52.84,25.31,75.07,degraded,6,0,3,5,-0.6631,-7.5933,-1.0892,0
PUMP-MONITOR,2026-01-02T06:30:00,476.35,2939.88,101.45,3.81,84.81,48.61,23.16,58.91,degraded,6,0,0,5,-0.8863,7.3788,1.414,0
PUMP-MONITOR,2026-01-02T06:35:00,471.07,3039.0,106.16,4.08,76.08,50.42,23.75,66.62,degraded,6,0,3,5,0.2627,4.7053,-8.7305,0
PUMP-MONITOR,2026-01-02T06:40:00,478.86,2996.25,97.63,5.15,82.05,53.64,25.69,74.88,degraded,6,0,0,5,1.0763,-8.5236,5.9714,0
PUMP-MONITOR,2026-01-02T06:45:00,483.81,3051.63,102.5,5.77,81.28,51.5,24.92,68.01,degraded,6,0,4,5,0.6138,4.8648,-0.7638,0
PUMP-MONITOR,2026-01-02T06:50:00,486.77,2970.91,107.12,3.08,84.0,51.9,25.27,69.13,degraded,6,0,0,5,-2.6826,4.6186,2.72,0
PUMP-MONITOR,2026-01-02T06:55:00,485.38,3117.25,109.96,3.13,82.34,51.92,25.2,70.56,degraded,6,0,0,5,0.0492,2.8411,-1.663,0
PUMP-MONITOR,2026-01-02T07:00:00,473.6,3015.96,95.35,5.56,73.95,51.14,24.22,73.52,degraded,6,0,0,5,2.4261,-14.6047,-8.3943,0
PUMP-MONITOR,2026-01-02T07:05:00,485.69,2986.39,112.69,4.96,84.82,52.13,25.32,73.45,degraded,6,0,2,5,-0.5996,17.3379,10.8752,0
PUMP-MONITOR,2026-01-02T07:10:00,481.09,3201.93,101.77,3.49,72.87,54.14,26.05,69.71,degraded,6,0,4,5,-1.4663,-10.92,-11.9522,0
PUMP-MONITOR,2026-01-02T07:15:00,472.65,3061.83,112.27,5.18,78.84,50.58,23.91,68.62,degraded,6,0,3,5,1.6875,10.5026,5.965,0
PUMP-MONITOR,2026-01-02T07:20:00,473.36,2988.2,100.93,4.46,76.43,48.42,22.92,60.04,degraded,6,0,3,5,-0.7215,-11.3414,-2.404,0
PUMP-MONITOR,2026-01-02T07:25:00,481.36,3179.27,109.08,4.72,77.41,51.66,24.87,66.82,degraded,6,0,3,5,0.2562,8.1428,0.9746,0
PUMP-MONITOR,2026-01-02T07:30:00,486.72,3151.07,97.03,3.9,71.18,51.27,24.95,68.78,degraded,6,0,1,5,-0.8135,-12.0493,-6.2307,0
PUMP-MONITOR,2026-01-02T07:35:00,478.59,3196.87,98.29,5.74,73.64,55.09,26.37,73.55,degraded,6,0,1,5,1.8416,1.2597,2.465,0
PUMP-MONITOR,2026-01-02T07:40:00,476.54,2995.75,111.57,3.13,72.63,54.64,26.04,73.43,degraded,6,0,2,5,-2.6139,13.2842,-1.0073,0
PUMP-MONITOR,2026-01-02T07:45:00,472.95,3111.51,111.28,3.58,81.89,54.35,25.71,73.38,degraded,6,0,0,5,0.4548,-0.2915,9.2588,0
PUMP-MONITOR,2026-01-02T07:50:00,483.81,2971.83,91.91,4.24,84.59,49.93,24.16,60.98,degraded,6,0,4,5,0.6544,-19.3696,2.6942,0
PUMP-MONITOR,2026-01-02T07:55:00,478.57,3044.9,101.87,5.04,77.85,49.15,23.52,62.01,degraded,6,0,3,5,0.8024,9.9598,-6.7378,0
PUMP-MONITOR,2026-01-02T08:00:00,488.16,3004.79,112.88,3.94,81.61,50.4,24.6,56.66,degraded,6,0,4,5,-1.1009,11.0068,3.7599,0
PUMP-MONITOR,2026-01-02T08:05:00,488.87,3139.78,105.1,4.55,76.62,53.88,26.34,62.39,degraded,6,0,4,5,0.6101,-7.7731,-4.9863,0
PUMP-MONITOR,2026-01-02T08:10:00,471.65,3054.66,109.01,4.25,70.51,51.62,24.35,61.17,degraded,6,1,5,5,-0.3003,3.911,-6.1143,0
PUMP-MONITOR,2026-01-02T08:15:00,487.98,2931.04,90.54,3.18,82.96,51.65,25.21,66.91,degraded,6,0,4,5,-1.0727,-18.4752,12.4536,0
PUMP-MONITOR,2026-01-02T08:20:00,486.42,2952.38,100.43,4.51,73.97,53.04,25.8,69.81,degraded,6,0,1,5,1.3341,9.8949,-8.992,0
PUMP-MONITOR,2026-01-02T08:25:00,473.5,2922.41,103.1,4.96,73.68,51.06,24.18,71.99,degraded,6,0,2,5,0.4439,2.6652,-0.2883,0
PUMP-MONITOR,2026-01-02T08:30:00,487.25,2984.99,107.56,5.26,74.47,51.73,25.21,62.22,degraded,6,0,3,5,0.3061,4.4598,0.7912,0
PUMP-MONITOR,2026-01-02T08:35:00,483.96,3156.4,97.47,5.47,82.47,53.37,25.83,73.36,degraded,6,0,0,5,0.212,-10.0847,7.9934,0
PUMP-MONITOR,2026-01-02T08:40:00,477.94,3023.07,99.91,4.79,78.89,52.4,25.04,61.66,degraded,6,0,1,5,-0.6856,2.4335,-3.5783,0
PUMP-MONITOR,2026-01-02T08:45:00,479.23,3088.29,103.52,3.58,77.01,50.49,24.2,57.27,degraded,6,0,1,5,-1.2092,3.6103,-1.8776,0
PUMP-MONITOR,2026-01-02T08:50:00,488.02,3068.9,103.17,5.4,78.68,52.0,25.38,70.14,degraded,6,0,0,5,1.8186,-0.3516,1.6667,0
PUMP-MONITOR,2026-01-02T08:55:00,488.63,3175.02,95.65,5.48,84.68,52.64,25.72,74.83,degraded,6,0,1,5,0.08,-7.5127,6.0043,0
PUMP-MONITOR,2026-01-02T09:00:00,488.98,3022.18,94.48,4.06,82.78,49.93,24.42,57.69,degraded,6,0,4,5,-1.42,-1.1692,-1.8977,0
PUMP-MONITOR,2026-01-02T09:05:00,487.08,2992.74,102.4,3.63,78.34,54.49,26.54,77.22,degraded,6,0,1,5,-0.4238,7.9207,-4.4442,0
PUMP-MONITOR,2026-01-02T09:10:00,476.87,3114.72,91.68,3.88,73.02,50.47,24.07,69.2,degraded,6,0,0,5,0.2465,-10.7221,-5.3231,0
PUMP-MONITOR,2026-01-02T09:15:00,472.85,3050.03,105.67,5.06,76.69,52.79,24.96,75.11,degraded,6,0,0,5,1.1796,13.9864,3.6732,0
PUMP-MONITOR,2026-01-02T09:20:00,479.58,3084.62,96.89,4.93,73.46,53.76,25.78,79.94,degraded,6,0,4,5,-0.1302,-8.7823,-3.2244,0
PUMP-MONITOR,2026-01-02T09:25:00,488.69,2982.98,93.03,5.29,71.75,52.85,25.83,70.03,degraded,6,0,0,5,0.3654,-3.8534,-1.7146,0
PUMP-MONITOR,2026-01-02T09:30:00,480.91,3149.57,91.93,3.54,77.86,56.38,27.11,79.66,degraded,6,0,4,5,-1.75,-1.1006,6.1062,0
PUMP-MONITOR,2026-01-02T09:35:00,476.49,3177.62,96.79,4.2,76.27,51.67,24.62,62.39,degraded,6,0,1,5,0.6597,4.8528,-1.5836,0
PUMP-MONITOR,2026-01-02T09:40:00,483.65,2922.01,112.2,3.23,77.15,54.32,26.27,76.76,degraded,6,0,4,5,-0.9784,15.4181,0.8804,0
PUMP-MONITOR,2026-01-02T09:45:00,479.25,2947.43,114.36,4.1,82.01,52.11,24.97,71.6,degraded,6,0,4,5,0.8782,2.1601,4.8545,0
PUMP-MONITOR,2026-01-02T09:50:00,474.74,3121.05,93.17,3.55,81.71,52.48,24.91,79.11,degraded,6,0,4,5,-0.5493,-21.1945,-0.301,0
PUMP-MONITOR,2026-01-02T09:55:00,485.95,3184.48,105.86,3.83,70.43,53.2,25.85,69.56,degraded,6,0,3,5,0.2725,12.6892,-11.2784,0
PUMP-MONITOR,2026-01-02T10:00:00,489.11,2950.27,105.7,4.41,77.5,49.59,24.25,59.92,degraded,6,0,3,5,0.5836,-0.161,7.0744,0
PUMP-MONITOR,2026-01-02T10:05:00,473.8,2907.07,100.88,4.3,77.47,51.61,24.45,78.19,degraded,6,0,0,5,-0.112,-4.8125,-0.0311,0
PUMP-MONITOR,2026-01-02T10:10:00,478.95,3045.76,93.64,4.94,81.09,51.18,24.51,67.63,degraded,6,1,3,5,0.639,-7.2491,3.6179,0
PUMP-MONITOR,2026-01-02T10:15:00,482.46,3136.62,97.82,3.16,81.0,54.46,26.27,70.02,degraded,6,0,0,5,-1.7755,4.1876,-0.0918,0
PUMP-MONITOR,2026-01-02T10:20:00,483.08,3003.24,103.3,4.77,71.29,53.34,25.77,71.12,degraded,6,0,2,5,1.6053,5.4726,-9.7028,0
PUMP-MONITOR,2026-01-02T10:25:00,484.03,2915.97,93.58,5.6,73.74,50.12,24.26,64.06,degraded,6,0,4,5,0.8312,-9.72,2.4479,0
PUMP-MONITOR,2026-01-02T10:30:00,482.46,2962.61,105.77,5.86,81.26,50.72,24.47,63.9,degraded,6,0,2,5,0.2648,12.1976,7.5181,0
PUMP-MONITOR,2026-01-02T10:35:00,474.34,3106.98,92.86,4.21,73.1,51.11,24.24,66.08,degraded,6,0,0,5,-1.6529,-12.9179,-8.1565,0
PUMP-MONITOR,2026-01-02T10:40:00,480.59,3153.0,98.4,3.69,79.91,52.38,25.17,74.03,degraded,6,0,0,5,-0.5206,5.5429,6.8038,0
PUMP-MONITOR,2026-01-02T10:45:00,485.1,3032.39,91.49,4.69,79.36,54.53,26.45,67.3,degraded,6,0,3,5,1.0035,-6.9109,-0.5443,0
PUMP-MONITOR,2026-01-02T10:50:00,481.57,3105.85,115.09,5.89,82.82,51.65,24.87,65.79,degraded,6,0,2,5,1.1933,23.6041,3.4573,0
PUMP-MONITOR,2026-01-02T10:55:00,471.33,3078.18,114.18,5.78,78.54,49.7,23.43,62.29,degraded,6,0,0,5,-0.1101,-0.9155,-4.2811,0
PUMP-MONITOR,2026-01-02T11:00:00,479.26,3041.66,102.96,4.06,75.01,51.06,24.47,62.28,degraded,6,0,0,5,-1.72,-11.219,-3.5341,0
PUMP-MONITOR,2026-01-02T11:05:00,480.18,3097.21,98.78,4.11,81.06,52.2,25.07,71.89,degraded,6,0,2,5,0.0493,-4.1742,6.0543,0
PUMP-MONITOR,2026-01-02T11:10:00,484.82,3121.64,113.46,5.65,80.83,53.61,25.99,62.85,degraded,6,0,3,5,1.543,14.6747,-0.2335,0
PUMP-MONITOR,2026-01-02T11:15:00,477.04,3047.76,91.52,3.34,79.87,55.3,26.38,75.56,degraded,6,0,4,5,-2.3071,-21.9387,-0.9533,0
PUMP-MONITOR,2026-01-02T11:20:00,481.05,2930.32,91.66,4.19,77.0,52.25,25.13,75.34,degraded,6,0,3,5,0.8492,0.1398,-2.8771,0
PUMP-MONITOR,2026-01-02T11:25:00,474.53,2936.53,108.21,5.4,84.22,51.79,24.58,78.3,degraded,6,0,2,5,1.2084,16.5559,7.226,0
PUMP-MONITOR,2026-01-02T11:30:00,481.04,2966.26,94.26,4.54,75.17,52.55,25.28,75.66,degraded,6,0,1,5,-0.8558,-13.9593,-9.0497,0
PUMP-MONITOR,2026-01-02T11:35:00,474.3,2932.65,104.78,5.04,75.6,50.04,23.73,62.29,degraded,6,0,1,5,0.4982,10.5202,0.4312,0
PUMP-MONITOR,2026-01-02T11:40:00,484.67,3188.24,110.41,4.38,75.07,51.92,25.16,61.62,degraded,6,0,0,5,-0.6635,5.635,-0.5362,0
PUMP-MONITOR,2026-01-02T11:45:00,481.11,2912.44,111.35,5.89,70.24,51.69,24.87,55.64,degraded,6,0,0,5,1.5096,0.9362,-4.8257,0
PUMP-MONITOR,2026-01-02T11:50:00,479.09,2909.94,108.18,5.57,82.18,51.74,24.79,62.86,degraded,6,0,3,5,-0.3231,-3.1674,11.9411,0
PUMP-MONITOR,2026-01-02T11:55:00,489.22,2949.13,102.6,4.55,76.45,52.17,25.52,55.24,degraded,6,0,1,5,-1.016,-5.5831,-5.732,0
PUMP-MONITOR,2026-01-02T12:00:00,476.85,3133.44,94.1,5.53,78.85,50.1,23.89,64.19,degraded,6,0,4,5,0.9804,-8.5007,2.3992,0
PUMP-MONITOR,2026-01-02T12:05:00,489.36,2952.94,102.27,5.97,77.2,52.06,25.48,65.03,degraded,6,0,1,5,0.4381,8.176,-1.6479,0
PUMP-MONITOR,2026-01-02T12:10:00,481.88,3142.05,95.56,3.17,82.55,51.31,24.72,56.36,degraded,6,0,3,5,-2.802,-6.7131,5.3432,0
PUMP-MONITOR,2026-01-02T12:15:00,478.98,3181.46,97.59,4.28,78.33,51.41,24.62,62.55,degraded,6,0,3,5,1.1143,2.0277,-4.2136,0
PUMP-MONITOR,2026-01-02T12:20:00,484.62,2908.96,103.93,5.66,73.28,56.33,27.3,78.37,degraded,6,0,1,5,1.3806,6.3485,-5.0547,0
PUMP-MONITOR,2026-01-02T12:25:00,475.21,3055.72,94.57,5.6,74.55,53.76,25.55,71.11,degraded,6,0,2,5,-0.0578,-9.3628,1.2682,0
PUMP-MONITOR,2026-01-02T12:30:00,471.85,2938.07,97.25,5.29,76.37,51.72,24.4,64.77,degraded,6,0,1,5,-0.3124,2.6788,1.8251,0
PUMP-MONITOR,2026-01-02T12:35:00,481.94,3042.31,112.06,3.67,79.96,51.67,24.9,66.28,degraded,6,0,4,5,-1.6202,14.8057,3.5919,0
PUMP-MONITOR,2026-01-02T12:40:00,488.53,3139.61,100.57,5.75,75.74,52.91,25.85,64.05,degraded,6,1,5,5,2.0835,-11.4813,-4.2205,0
PUMP-MONITOR,2026-01-02T12:45:00,483.17,3076.19,92.27,5.87,79.13,51.36,24.82,69.9,degraded,6,0,4,5,0.1121,-8.304,3.3862,0
PUMP-MONITOR,2026-01-02T12:50:00,477.06,3189.32,92.35,4.81,75.72,52.2,24.9,69.39,degraded,6,0,2,5,-1.0559,0.0765,-3.4087,0
PUMP-MONITOR,2026-01-02T12:55:00,489.17,3014.45,106.81,4.8,74.14,53.08,25.96,58.85,degraded,6,1,2,5,-0.0141,14.4644,-1.5745,0
PUMP-MONITOR,2026-01-02T13:00:00,479.84,3106.08,90.29,4.45,73.95,52.99,25.43,73.8,degraded,6,0,0,5,-0.3465,-16.5217,-0.1929,0
PUMP-MONITOR,2026-01-02T13:05:00,472.57,3181.56,110.36,3.11,74.54,52.18,24.66,68.69,degraded,6,0,0,5,-1.3374,20.0717,0.5917,0
PUMP-MONITOR,2026-01-02T13:10:00,480.28,3071.61,98.09,3.62,80.42,51.18,24.58,63.43,degraded,6,0,1,5,0.5076,-12.2688,5.8717,0
PUMP-MONITOR,2026-01-02T13:15:00,473.41,3091.46,114.07,5.02,82.35,49.03,23.21,62.24,degraded,6,0,3,5,1.4044,15.976,1.9371,0
PUMP-MONITOR,2026-01-02T13:20:00,479.71,3086.44,93.84,3.74,83.26,53.82,25.82,71.27,degraded,6,0,0,5,-1.2803,-20.2286,0.9106,0
PUMP-MONITOR,2026-01-02T13:25:00,486.41,2981.64,103.16,4.57,80.98,52.07,25.33,63.52,degraded,6,0,1,5,0.8281,9.3202,-2.2878,0
PUMP-MONITOR,2026-01-02T13:30:00,488.69,3096.11,104.65,5.75,83.53,52.53,25.67,57.22,degraded,6,0,3,5,1.1818,1.4863,2.5569,0
PUMP-MONITOR,2026-01-02T13:35:00,479.41,2918.26,103.28,5.19,80.56,50.41,24.17,66.32,degraded,6,0,2,5,-0.5658,-1.3675,-2.9733,0
PUMP-MONITOR,2026-01-02T13:40:00,476.6,3070.18,101.75,5.28,73.49,51.49,24.54,61.01,degraded,6,0,1,5,0.0965,-1.5247,-7.066,0
PUMP-MONITOR,2026-01-02T13:45:00,476.49,3034.03,109.86,4.01,73.42,51.68,24.63,61.05,degraded,6,0,1,5,-1.2769,8.1081,-0.0757,0
PUMP-MONITOR,2026-01-02T13:50:00,486.88,2927.75,112.65,4.33,76.61,53.25,25.93,64.25,degraded,6,0,4,5,0.3205,2.7863,3.1975,0
PUMP-MONITOR,2026-01-02T13:55:00,489.3,3128.26,112.73,3.35,74.99,50.3,24.61,59.3,degraded,6,0,0,5,-0.977,0.0856,-1.6295,0
PUMP-MONITOR,2026-01-02T14:00:00,483.59,2912.27,109.15,3.74,70.79,54.0,26.11,74.25,degraded,6,0,1,5,0.3941,-3.5885,-4.1921,0
PUMP-MONITOR,2026-01-02T14:05:00,486.14,2918.71,104.75,4.32,70.55,55.41,26.94,73.39,degraded,6,0,2,5,0.5777,-4.3924,-0.2412,0
PUMP-MONITOR,2026-01-02T14:10:00,483.08,3024.1,98.44,5.11,72.59,53.17,25.68,63.95,degraded,6,0,3,5,0.7856,-6.313,2.0369,0
PUMP-MONITOR,2026-01-02T14:15:00,476.45,3114.36,111.29,5.75,74.93,48.97,23.33,58.7,degraded,6,0,4,5,0.6465,12.8532,2.3439,0
PUMP-MONITOR,2026-01-02T14:20:00,473.95,3147.56,93.52,4.32,76.88,50.72,24.04,70.41,degraded,6,0,0,5,-1.4346,-17.7737,1.9432,0
PUMP-MONITOR,2026-01-02T14:25:00,478.23,2923.86,114.28,4.16,73.12,55.25,26.42,74.96,degraded,6,0,2,5,-0.1574,20.7611,-3.7543,0
PUMP-MONITOR,2026-01-02T14:30:00,473.37,2913.0,113.15,3.76,75.03,53.14,25.16,77.19,degraded,6,0,0,5,-0.3985,-1.1329,1.9089,0
PUMP-MONITOR,2026-01-02T14:35:00,475.54,2980.1,99.84,5.99,75.88,54.93,26.12,74.02,degraded,6,0,2,5,2.2289,-13.3075,0.854,0
PUMP-MONITOR,2026-01-02T14:40:00,473.82,3125.89,95.26,3.99,77.51,51.25,24.28,66.86,degraded,6,0,3,5,-2.0031,-4.5782,1.6221,0
PUMP-MONITOR,2026-01-02T14:45:00,476.15,3067.4,102.99,4.46,82.32,53.27,25.36,79.94,degraded,6,0,4,5,0.4697,7.73,4.8116,0
PUMP-MONITOR,2026-01-02T14:50:00,481.47,2926.88,107.16,5.74,78.81,49.15,23.67,60.64,degraded,6,0,4,5,1.2794,4.1651,-3.5076,0
PUMP-MONITOR,2026-01-02T14:55:00,488.27,3206.38,113.53,5.86,80.3,55.17,26.94,72.07,degraded,6,0,4,5,0.1181,6.3774,1.4909,0
PUMP-MONITOR,2026-01-02T15:00:00,480.22,3119.78,100.47,4.5,71.98,49.3,23.67,55.69,degraded,6,0,2,5,-1.3566,-13.0669,-8.3226,0
PUMP-MONITOR,2026-01-02T15:05:00,488.69,3012.48,110.34,3.23,84.23,54.79,26.77,75.33,degraded,6,0,4,5,-1.2721,9.8756,12.2463,0
PUMP-MONITOR,2026-01-02T15:10:00,487.2,3172.25,92.42,4.76,79.39,49.11,23.92,56.77,degraded,6,0,4,5,1.5345,-17.9205,-4.8394,0
PUMP-MONITOR,2026-01-02T15:15:00,478.86,2908.95,92.24,3.66,76.48,49.26,23.59,60.51,degraded,6,0,2,5,-1.1059,-0.1795,-2.9024,0
PUMP-MONITOR,2026-01-02T15:20:00,473.46,3023.71,99.62,5.73,71.3,50.32,23.82,57.58,degraded,6,0,0,5,2.071,7.3779,-5.1817,0
PUMP-MONITOR,2026-01-02T15:25:00,476.6,2980.65,109.36,5.66,83.41,54.13,25.8,74.85,degraded,6,0,2,5,-0.0658,9.7392,12.108,0
PUMP-MONITOR,2026-01-02T15:30:00,483.94,2931.71,108.62,5.18,80.26,51.86,25.1,59.49,degraded,6,0,3,5,-0.4856,-0.7386,-3.1522,0
PUMP-MONITOR,2026-01-02T15:35:00,485.37,2944.45,114.02,4.2,82.74,49.64,24.1,58.18,degraded,6,0,1,5,-0.9808,5.3967,2.4853,0
PUMP-MONITOR,2026-01-02T15:40:00,486.95,3059.28,104.36,5.57,71.19,51.36,25.01,65.41,degraded,6,0,0,5,1.3741,-9.6599,-11.5547,0
PUMP-MONITOR,2026-01-02T15:45:00,478.59,3139.22,92.23,3.27,80.08,53.17,25.45,76.18,degraded,6,0,0,5,-2.2978,-12.1262,8.8896,0
PUMP-MONITOR,2026-01-02T15:50:00,480.23,3022.58,112.47,4.47,70.51,50.4,24.2,56.83,degraded,6,0,2,5,1.1926,20.2421,-9.5676,0
PUMP-MONITOR,2026-01-02T15:55:00,470.13,3002.55,113.32,4.19,73.11,50.46,23.72,68.85,degraded,6,0,3,5,-0.2796,0.8452,2.6015,0
PUMP-MONITOR,2026-01-02T16:00:00,469.8,3185.94,104.77,3.68,82.62,50.75,23.84,61.07,degraded,6,0,2,5,-0.5054,-8.5468,9.5035,0
PUMP-MONITOR,2026-01-02T16:05:00,483.58,3041.61,111.62,3.86,83.55,50.95,24.64,57.91,degraded,6,0,4,5,0.1834,6.8518,0.9301,0
PUMP-MONITOR,2026-01-02T16:10:00,475.13,3029.46,107.52,3.67,74.7,52.76,25.07,63.49,degraded,6,0,4,5,-0.1939,-4.1061,-8.8416,0
PUMP-MONITOR,2026-01-02T16:15:00,482.73,3140.37,111.04,5.44,82.55,52.27,25.23,66.19,degraded,6,0,4,5,1.775,3.5181,7.8437,0
PUMP-MONITOR,2026-01-02T16:20:00,475.27,3067.48,91.63,3.5,76.92,51.23,24.35,67.26,degraded,6,1,1,5,-1.9464,-19.4115,-5.624,0
PUMP-MONITOR,2026-01-02T16:25:00,478.2,3036.92,102.39,4.11,77.0,51.55,24.65,59.97,degraded,6,0,2,5,0.611,10.7687,0.0792,0
PUMP-MONITOR,2026-01-02T16:30:00,476.75,3188.46,108.08,4.87,76.36,52.42,24.99,67.39,degraded,6,0,4,5,0.7592,5.6821,-0.6465,0
PUMP-MONITOR,2026-01-02T16:35:00,473.57,3031.58,108.37,3.99,82.79,49.68,23.53,67.42,degraded,6,0,2,5,-0.8803,0.2913,6.4316,0
PUMP-MONITOR,2026-01-02T16:40:00,478.61,3124.92,98.92,3.91,82.44,50.84,24.33,66.68,degraded,6,0,3,5,-0.0768,-9.4476,-0.3454,0
PUMP-MONITOR,2026-01-02T16:45:00,472.24,3000.3,103.31,4.66,84.77,53.66,25.34,76.15,degraded,6,0,1,5,0.7521,4.3933,2.3244,0
PUMP-MONITOR,2026-01-02T16:50:00,472.95,3006.61,111.46,5.45,75.32,52.07,24.62,59.78,degraded,6,0,3,5,0.7831,8.1472,-9.4424,0
PUMP-MONITOR,2026-01-02T16:55:00,482.52,2909.07,96.03,3.87,83.39,51.04,24.63,60.67,degraded,6,1,4,5,-1.5789,-15.4341,8.0659,0
PUMP-MONITOR,2026-01-02T17:00:00,487.32,3120.56,108.48,3.52,73.01,51.64,25.17,57.23,degraded,6,0,0,5,-0.343,12.4561,-10.3781,0
PUMP-MONITOR,2026-01-02T17:05:00,470.39,2998.52,106.12,3.75,84.84,51.45,24.2,58.49,degraded,6,0,4,5,0.2234,-2.359,11.8241,0
PUMP-MONITOR,2026-01-02T17:10:00,479.29,2970.16,97.82,5.86,82.93,49.62,23.78,64.15,degraded,6,0,3,5,2.1138,-8.3041,-1.9078,0
PUMP-MONITOR,2026-01-02T17:15:00,474.52,2966.41,99.72,4.8,79.88,51.81,24.58,59.89,degraded,6,0,2,5,-1.0603,1.8973,-3.0522,0
PUMP-MONITOR,2026-01-02T17:20:00,482.05,3088.67,102.27,5.19,75.09,54.58,26.31,72.52,degraded,6,0,2,5,0.3869,2.5519,-4.782,0
PUMP-MONITOR,2026-01-02T17:25:00,485.75,3124.68,96.47,3.59,76.13,52.61,25.56,67.61,degraded,6,0,1,5,-1.5991,-5.7995,1.0324,0
PUMP-MONITOR,2026-01-02T17:30:00,480.55,2933.6,106.46,4.68,76.19,51.44,24.72,65.11,degraded,6,0,1,5,1.0914,9.9929,0.0609,0
PUMP-MONITOR,2026-01-02T17:35:00,485.58,3150.13,105.36,3.4,74.17,50.94,24.74,57.98,degraded,6,0,3,5,-1.2836,-1.102,-2.014,0
PUMP-MONITOR,2026-01-02T17:40:00,469.83,3013.87,114.94,5.11,71.99,54.97,25.83,78.28,degraded,6,0,3,5,1.7086,9.5802,-2.186,0
PUMP-MONITOR,2026-01-02T17:45:00,477.14,2988.1,102.63,4.17,84.94,53.57,25.56,78.38,degraded,6,0,2,5,-0.9403,-12.3084,12.9517,0
PUMP-MONITOR,2026-01-02T17:50:00,489.24,3174.4,101.73,5.52,75.51,50.6,24.75,60.18,degraded,6,0,4,5,1.3503,-0.9001,-9.4314,0
PUMP-MONITOR,2026-01-02T17:55:00,474.04,2997.64,105.3,4.37,75.24,51.07,24.21,63.54,degraded,6,0,1,5,-1.1441,3.5649,-0.2651,0
PUMP-MONITOR,2026-01-02T18:00:00,486.64,3085.23,114.98,4.57,70.83,52.83,25.71,69.37,degraded,6,0,3,5,0.1952,9.6812,-4.415,0
PUMP-MONITOR,2026-01-02T18:05:00,471.39,2989.02,113.17,5.16,73.74,52.39,24.7,78.21,degraded,6,0,4,5,0.5896,-1.8112,2.9075,0
PUMP-MONITOR,2026-01-02T18:10:00,486.58,3081.52,108.74,3.72,79.09,50.81,24.72,64.47,degraded,6,0,4,5,-1.4359,-4.4251,5.3547,0
PUMP-MONITOR,2026-01-02T18:15:00,474.19,3049.13,95.61,4.12,80.07,48.36,22.93,59.17,degraded,6,0,0,5,0.4027,-13.1275,0.9759,0
PUMP-MONITOR,2026-01-02T18:20:00,483.75,3113.63,103.15,4.45,74.24,55.08,26.64,75.83,degraded,6,0,4,5,0.3267,7.5376,-5.8221,0
PUMP-MONITOR,2026-01-02T18:25:00,488.05,2966.95,90.37,3.3,71.58,51.51,25.14,57.61,degraded,6,0,4,5,-1.1529,-12.7853,-2.6584,0
PUMP-MONITOR,2026-01-02T18:30:00,489.42,3025.31,105.36,5.93,80.32,54.04,26.45,67.79,degraded,6,0,2,5,2.6365,14.9899,8.7396,0
PUMP-MONITOR,2026-01-02T18:35:00,474.28,3078.6,107.12,3.91,82.56,50.12,23.77,63.95,degraded,6,0,4,5,-2.0216,1.7617,2.2373,0
PUMP-MONITOR,2026-01-02T18:40:00,481.37,3122.51,107.74,4.71,75.06,54.98,26.47,74.89,degraded,6,0,3,5,0.7984,0.6255,-7.4994,0
PUMP-MONITOR,2026-01-02T18:45:00,471.31,2946.49,112.64,4.04,74.74,48.25,22.74,57.23,degraded,6,0,4,5,-0.6715,4.8939,-0.3256,0
PUMP-MONITOR,2026-01-02T18:50:00,481.03,3140.38,95.75,4.49,78.68,49.18,23.66,56.42,degraded,6,0,0,5,0.4499,-16.883,3.9448,0
PUMP-MONITOR,2026-01-02T18:55:00,480.84,3201.49,91.21,4.04,83.31,53.2,25.58,78.4,degraded,6,0,1,5,-0.4462,-4.54,4.6312,0
PUMP-MONITOR,2026-01-02T19:00:00,480.55,3014.86,106.98,4.82,81.18,54.11,26.0,79.07,degraded,6,0,1,5,0.7747,15.7626,-2.1324,0
PUMP-MONITOR,2026-01-02T19:05:00,471.71,3007.72,103.09,3.13,76.81,49.44,23.32,66.24,degraded,6,0,4,5,-1.6848,-3.8878,-4.3687,0
PUMP-MONITOR,2026-01-02T19:10:00,476.89,3113.41,105.26,6.03,75.12,54.01,25.76,71.95,degraded,6,0,4,5,2.8943,2.1701,-1.6887,0
PUMP-MONITOR,2026-01-02T19:15:00,472.88,3162.95,104.5,4.61,82.42,51.54,24.37,67.75,degraded,6,0,4,5,-1.4149,-0.7565,7.2928,0
PUMP-MONITOR,2026-01-02T19:20:00,484.07,3032.88,114.44,5.96,80.7,53.51,25.9,62.24,degraded,6,0,4,5,1.351,9.9392,-1.7152,0
PUMP-MONITOR,2026-01-02T19:25:00,477.3,3012.35,112.67,3.72,77.79,51.47,24.57,72.83,degraded,6,0,3,5,-2.2404,-1.7755,-2.9125,0
PUMP-MONITOR,2026-01-02T19:30:00,475.11,3196.42,95.54,3.38,73.98,53.89,25.6,79.03,degraded,6,0,2,5,-0.345,-17.1307,-3.809,0
PUMP-MONITOR,2026-01-02T19:35:00,479.09,3175.93,101.1,5.62,77.9,51.59,24.72,67.62,degraded,6,0,0,5,2.245,5.5684,3.9175,0
PUMP-MONITOR,2026-01-02T19:40:00,484.48,2923.15,101.06,4.35,74.3,52.0,25.19,69.52,degraded,6,0,4,5,-1.2765,-0.045,-3.5992,0
PUMP-MONITOR,2026-01-02T19:45:00,487.11,3096.39,100.42,3.24,76.81,51.78,25.22,65.75,degraded,6,0,3,5,-1.1029,-0.6421,2.5162,0
PUMP-MONITOR,2026-01-02T19:50:00,480.24,3007.25,108.63,4.03,77.05,50.33,24.17,63.59,degraded,6,0,3,5,0.7885,8.2102,0.2389,0
PUMP-MONITOR,2026-01-02T19:55:00,488.35,3169.73,104.56,3.74,75.97,51.86,25.33,55.72,degraded,6,0,3,5,-0.2949,-4.0658,-1.0861,0
PUMP-MONITOR,2026-01-02T20:00:00,489.39,3097.11,108.33,5.75,82.2,50.53,24.73,62.32,degraded,6,0,1,5,2.0115,3.7688,6.2367,0
PUMP-MONITOR,2026-01-02T20:05:00,487.0,3067.93,101.53,4.68,80.41,52.42,25.53,66.49,degraded,6,0,4,5,-1.0632,-6.7987,-1.7888,0
PUMP-MONITOR,2026-01-02T20:10:00,470.13,2992.89,100.38,3.46,72.5,49.9,23.46,61.47,degraded,6,0,3,5,-1.2245,-1.1537,-7.9185,0
PUMP-MONITOR,2026-01-02T20:15:00,477.5,3114.54,109.03,3.74,73.22,53.57,25.58,72.84,degraded,6,0,1,5,0.2808,8.6495,0.7272,0
PUMP-MONITOR,2026-01-02T20:20:00,485.63,3150.72,112.41,3.74,71.17,52.7,25.59,62.29,degraded,6,0,4,5,0.0033,3.384,-2.0531,0
PUMP-MONITOR,2026-01-02T20:25:00,484.69,3197.7,104.02,3.67,70.76,53.0,25.69,71.25,degraded,6,0,3,5,-0.0743,-8.3883,-0.4112,0
PUMP-MONITOR,2026-01-02T20:30:00,484.16,3182.11,92.61,3.81,75.33,53.1,25.71,66.37,degraded,6,0,3,5,0.1375,-11.4112,4.5679,0
PUMP-MONITOR,2026-01-02T20:35:00,482.3,3119.99,98.98,3.13,72.98,52.04,25.1,58.43,degraded,6,0,0,5,-0.6745,6.3634,-2.3458,0
PUMP-MONITOR,2026-01-02T20:40:00,471.06,2970.24,90.66,3.97,83.55,54.01,25.44,77.25,degraded,6,0,0,5,0.8371,-8.313,10.5706,0
PUMP-MONITOR,2026-01-02T20:45:00,488.18,3188.59,107.95,4.92,71.47,56.9,27.78,79.4,degraded,6,0,1,5,0.9486,17.286,-12.0762,0
PUMP-MONITOR,2026-01-02T20:50:00,487.16,3030.98,100.86,4.05,73.89,55.4,26.99,76.19,degraded,6,0,4,5,-0.8691,-7.0837,2.4195,0
PUMP-MONITOR,2026-01-02T20:55:00,469.98,2913.33,107.43,5.93,78.73,54.51,25.62,75.95,degraded,6,0,1,5,1.8828,6.567,4.8387,0
PUMP-MONITOR,2026-01-02T21:00:00,488.58,3028.94,97.78,5.94,74.56,51.99,25.4,72.02,degraded,6,0,3,5,0.0076,-9.6498,-4.1728,0
PUMP-MONITOR,2026-01-02T21:05:00,471.44,3108.46,98.29,3.44,71.97,49.15,23.17,57.06,degraded,6,0,1,5,-2.5031,0.5103,-2.5892,0
PUMP-MONITOR,2026-01-02T21:10:00,485.67,3175.72,104.77,3.61,73.84,53.71,26.09,73.75,degraded,6,0,2,5,0.1695,6.4741,1.8718,0
PUMP-MONITOR,2026-01-02T21:15:00,483.97,3064.39,104.83,5.05,72.51,51.73,25.04,56.8,degraded,6,0,4,5,1.4406,0.0608,-1.331,0
PUMP-MONITOR,2026-01-02T21:20:00,483.46,3183.18,102.32,3.8,81.21,52.44,25.35,58.73,degraded,6,0,3,5,-1.2435,-2.5029,8.7027,0
PUMP-MONITOR,2026-01-02T21:25:00,475.69,3129.74,103.28,5.52,71.67,52.82,25.12,77.45,degraded,6,0,4,5,1.7139,0.9519,-9.5496,0
PUMP-MONITOR,2026-01-02T21:30:00,473.76,3136.14,97.04,3.57,74.03,49.79,23.59,62.48,degraded,6,0,3,5,-1.9481,-6.2348,2.3631,0
PUMP-MONITOR,2026-01-02T21:35:00,479.72,3072.34,102.2,4.61,72.64,52.57,25.22,69.79,degraded,6,0,4,5,1.0441,5.1538,-1.3923,0
PUMP-MONITOR,2026-01-02T21:40:00,471.01,3039.43,92.02,5.71,70.47,53.03,24.98,71.22,degraded,6,0,1,5,1.1003,-10.1752,-2.1699,0
PUMP-MONITOR,2026-01-02T21:45:00,488.27,2979.64,98.06,3.39,80.35,56.45,27.56,76.82,degraded,6,0,2,5,-2.326,6.0443,9.8842,0
PUMP-MONITOR,2026-01-02T21:50:00,481.83,3024.71,92.97,5.87,81.75,52.24,25.17,65.79,degraded,6,0,4,5,2.479,-5.0965,1.3967,0
PUMP-MONITOR,2026-01-02T21:55:00,479.06,3142.94,110.0,5.62,84.12,50.96,24.41,70.47,degraded,6,0,4,5,-0.249,17.03,2.3769,0
PUMP-MONITOR,2026-01-02T22:00:00,478.45,2963.82,114.24,3.49,83.34,52.24,24.99,62.73,degraded,6,0,4,5,-2.1256,4.2391,-0.7829,0
PUMP-MONITOR,2026-01-02T22:05:00,482.26,2925.16,92.65,6.01,74.94,48.45,23.37,56.37,degraded,6,0,4,5,2.5219,-21.5898,-8.4021,0
PUMP-MONITOR,2026-01-02T22:10:00,482.4,2971.24,99.98,3.41,77.49,54.02,26.06,69.13,degraded,6,0,1,5,-2.6075,7.336,2.5529,0
PUMP-MONITOR,2026-01-02T22:15:00,487.53,3157.11,103.16,6.07,74.96,56.42,27.51,77.93,degraded,6,0,4,5,2.6659,3.1731,-2.5308,0
PUMP-MONITOR,2026-01-02T22:20:00,470.17,3160.7,102.96,5.05,79.11,52.62,24.74,63.55,degraded,6,0,2,5,-1.0259,-0.1949,4.1536,0
PUMP-MONITOR,2026-01-02T22:25:00,472.2,2922.71,97.38,3.75,70.64,51.4,24.27,68.29,degraded,6,0,1,5,-1.2974,-5.5786,-8.4745,0
PUMP-MONITOR,2026-01-02T22:30:00,477.42,2956.13,112.11,4.68,74.13,49.16,23.47,58.09,degraded,6,0,0,5,0.9348,14.7242,3.4875,0
PUMP-MONITOR,2026-01-02T22:35:00,486.92,3112.83,92.16,3.76,81.54,49.15,23.93,55.57,degraded,6,0,1,5,-0.919,-19.946,7.4088,0
PUMP-MONITOR,2026-01-02T22:40:00,473.65,3149.24,111.82,4.43,77.34,53.38,25.29,71.93,degraded,6,0,0,5,0.6627,19.6576,-4.1958,0
PUMP-MONITOR,2026-01-02T22:45:00,487.56,3189.49,112.18,4.71,72.82,56.46,27.53,80.08,degraded,6,0,2,5,0.2827,0.3634,-4.5159,0
PUMP-MONITOR,2026-01-02T22:50:00,474.18,3159.64,95.81,5.26,79.09,50.97,24.17,58.0,degraded,6,0,2,5,0.5476,-16.371,6.2638,0
PUMP-MONITOR,2026-01-02T22:55:00,486.18,3107.18,101.63,3.98,76.63,50.71,24.65,62.57,degraded,6,0,0,5,-1.2806,5.8199,-2.4622,0
PUMP-MONITOR,2026-01-02T23:00:00,474.02,3171.86,106.98,5.65,80.85,50.23,23.81,68.89,degraded,6,0,2,5,1.6685,5.3447,4.219,0
PUMP-MONITOR,2026-01-02T23:05:00,474.41,2908.88,112.14,3.49,72.6,53.89,25.57,78.97,degraded,6,0,4,5,-2.1509,5.1676,-8.2486,0
PUMP-MONITOR,2026-01-02T23:10:00,475.2,2926.83,104.55,5.68,74.09,52.36,24.88,61.2,degraded,6,0,4,5,2.1814,-7.5909,1.4926,0
PUMP-MONITOR,2026-01-02T23:15:00,487.12,3117.09,99.84,5.7,75.61,52.55,25.6,65.27,degraded,6,0,1,5,0.0224,-4.7088,1.5212,0
PUMP-MONITOR,2026-01-02T23:20:00,487.51,2910.88,103.6,4.24,78.48,51.88,25.29,62.63,degraded,6,0,1,5,-1.4568,3.7595,2.8676,0
PUMP-MONITOR,2026-01-02T23:25:00,478.68,3018.84,95.63,3.67,81.99,50.39,24.12,62.2,degraded,6,0,4,5,-0.5699,-7.9752,3.5108,0
PUMP-MONITOR,2026-01-02T23:30:00,471.67,3038.41,106.05,3.25,81.27,49.24,23.22,56.22,degraded,6,0,2,5,-0.4185,10.4274,-0.7169,0
PUMP-MONITOR,2026-01-02T23:35:00,470.04,3042.91,101.44,3.35,80.63,49.24,23.15,65.73,degraded,6,0,1,5,0.0928,-4.6145,-0.6402,0
PUMP-MONITOR,2026-01-02T23:40:00,485.19,3164.34,101.35,3.84,82.81,53.36,25.89,73.36,degraded,6,0,1,5,0.4986,-0.0879,2.1743,0
PUMP-MONITOR,2026-01-02T23:45:00,482.69,2980.34,105.74,4.51,84.22,51.05,24.64,60.25,degraded,6,0,4,5,0.668,4.385,1.4159,0
PUMP-MONITOR,2026-01-02T23:50:00,477.19,3146.79,113.7,3.6,85.31,54.31,25.91,77.64,degraded,6,0,4,5,-0.9166,7.967,1.0873,0
PUMP-MONITOR,2026-01-02T23:55:00,473.62,3159.8,98.67,4.74,78.32,51.51,24.4,63.79,degraded,6,0,2,5,1.1437,-15.0295,-6.9914,0
PUMP-MONITOR,2026-01-03T00:00:00,469.93,3109.36,105.11,4.24,80.0,53.59,25.18,79.77,degraded,6,0,1,5,-0.503,6.4301,1.6809,0
PUMP-MONITOR,2026-01-03T00:05:00,476.61,3096.56,113.75,3.24,82.83,52.52,25.03,75.32,degraded,6,0,1,5,-1.0016,8.6468,2.8349,0
PUMP-MONITOR,2026-01-03T00:10:00,487.11,3120.83,97.75,4.28,73.81,53.65,26.14,77.49,degraded,6,0,4,5,1.0491,-16.0043,-9.0219,0
PUMP-MONITOR,2026-01-03T00:15:00,488.28,3053.58,105.86,4.96,82.91,52.77,25.77,73.8,degraded,6,0,0,5,0.6736,8.1157,9.1031,0
PUMP-MONITOR,2026-01-03T00:20:00,476.59,3156.73,111.22,5.52,81.44,52.91,25.22,66.84,degraded,6,0,1,5,0.5662,5.3561,-1.4778,0
PUMP-MONITOR,2026-01-03T00:25:00,484.41,2977.45,97.56,3.87,74.41,52.42,25.39,57.99,degraded,6,0,1,5,-1.6517,-13.6577,-7.0247,0
PUMP-MONITOR,2026-01-03T00:30:00,483.49,3063.1,97.64,3.78,80.42,53.13,25.69,77.87,degraded,6,0,0,5,-0.0888,0.0823,6.0093,0
PUMP-MONITOR,2026-01-03T00:35:00,472.53,2914.49,114.83,3.27,71.92,50.44,23.83,72.38,degraded,6,0,2,5,-0.5093,17.1904,-8.5009,0
PUMP-MONITOR,2026-01-03T00:40:00,469.92,3011.48,114.69,4.53,82.22,51.26,24.09,59.41,degraded,6,0,2,5,1.2528,-0.1489,10.2962,0
PUMP-MONITOR,2026-01-03T00:45:00,484.46,3191.58,96.18,3.3,73.53,56.2,27.23,78.37,degraded,6,0,2,5,-1.2263,-18.5009,-8.69,0
PUMP-MONITOR,2026-01-03T00:50:00,487.52,2914.52,103.2,5.81,78.65,53.07,25.87,68.41,degraded,6,0,1,5,2.5085,7.0131,5.1205,0
PUMP-MONITOR,2026-01-03T00:55:00,488.62,3104.1,104.86,4.1,78.06,52.63,25.71,76.62,degraded,6,0,1,5,-1.7048,1.6616,-0.5875,0
PUMP-MONITOR,2026-01-03T01:00:00,487.86,2944.85,99.85,4.17,74.74,52.73,25.73,68.56,degraded,6,0,4,5,0.065,-5.0088,-3.3172,0
PUMP-MONITOR,2026-01-03T01:05:00,478.55,2924.02,114.26,3.62,78.21,54.26,25.97,74.31,degraded,6,0,2,5,-0.5454,14.4121,3.4664,0
PUMP-MONITOR,2026-01-03T01:10:00,474.45,3172.69,102.25,5.21,70.76,50.56,23.99,64.7,degraded,6,0,2,5,1.5829,-12.0093,-7.4524,0
PUMP-MONITOR,2026-01-03T01:15:00,480.86,2923.37,96.22,5.3,72.14,52.31,25.15,67.9,degraded,6,0,0,5,0.0969,-6.0316,1.3847,0
PUMP-MONITOR,2026-01-03T01:20:00,486.02,3132.17,110.01,3.88,80.22,51.49,25.03,68.26,degraded,6,0,2,5,-1.4202,13.7866,8.0812,0
PUMP-MONITOR,2026-01-03T01:25:00,487.74,2922.14,104.66,5.09,77.79,52.46,25.59,57.49,degraded,6,0,0,5,1.2108,-5.3459,-2.4301,0
PUMP-MONITOR,2026-01-03T01:30:00,484.11,3156.35,93.94,5.4,76.43,55.14,26.7,77.3,degraded,6,0,1,5,0.3091,-10.7236,-1.3632,0
PUMP-MONITOR,2026-01-03T01:35:00,476.69,3039.68,110.24,3.87,71.22,52.83,25.18,76.77,degraded,6,0,3,5,-1.537,16.3031,-5.2138,0
PUMP-MONITOR,2026-01-03T01:40:00,473.49,3097.45,93.33,3.92,83.15,52.16,24.7,71.37,degraded,6,0,4,5,0.0539,-16.9165,11.9394,0
PUMP-MONITOR,2026-01-03T01:45:00,470.8,3043.39,96.63,3.53,81.61,54.03,25.44,71.35,degraded,6,0,3,5,-0.3902,3.3019,-1.5477,0
PUMP-MONITOR,2026-01-03T01:50:00,476.88,3068.11,99.48,3.44,74.22,52.4,24.99,70.04,degraded,6,0,3,5,-0.0896,2.8494,-7.3871,0
PUMP-MONITOR,2026-01-03T01:55:00,475.23,3105.69,97.21,4.36,83.18,53.17,25.27,69.75,degraded,6,0,3,5,0.9194,-2.2624,8.9637,0
PUMP-MONITOR,2026-01-03T02:00:00,478.25,2965.5,96.01,5.62,82.31,53.05,25.37,65.6,degraded,6,0,1,5,1.2609,-1.2053,-0.8782,0
PUMP-MONITOR,2026-01-03T02:05:00,479.57,2962.64,97.64,3.86,77.82,51.05,24.48,71.43,degraded,6,0,0,5,-1.763,1.6279,-4.4833,0
PUMP-MONITOR,2026-01-03T02:10:00,474.81,3139.87,112.46,5.9,76.23,48.44,23.0,58.94,degraded,6,0,2,5,2.0382,14.8257,-1.5969,0
PUMP-MONITOR,2026-01-03T02:15:00,488.51,3057.59,102.26,5.18,79.39,52.39,25.59,65.11,degraded,6,0,3,5,-0.7207,-10.1985,3.1602,0
PUMP-MONITOR,2026-01-03T02:20:00,469.98,2982.6,91.49,5.86,77.95,50.27,23.63,66.61,degraded,6,1,5,5,0.6861,-10.7715,-1.4338,0
PUMP-MONITOR,2026-01-03T02:25:00,473.73,3181.41,105.67,5.75,76.21,52.71,24.97,67.1,degraded,6,0,4,5,-0.1074,14.1723,-1.7458,0
PUMP-MONITOR,2026-01-03T02:30:00,483.88,3168.63,112.04,3.62,71.92,50.32,24.35,63.33,degraded,6,0,3,5,-2.1356,6.3705,-4.2887,0
PUMP-MONITOR,2026-01-03T02:35:00,478.75,2932.82,103.48,4.94,79.98,50.18,24.03,59.16,degraded,6,0,3,5,1.3181,-8.5561,8.062,0
PUMP-MONITOR,2026-01-03T02:40:00,470.97,2936.19,100.03,3.78,82.22,50.67,23.87,58.22,degraded,6,0,3,5,-1.1529,-3.4533,2.2412,0
PUMP-MONITOR,2026-01-03T02:45:00,489.42,3085.44,110.62,4.02,77.64,52.14,25.52,73.64,degraded,6,0,1,5,0.2393,10.5983,-4.5813,0
PUMP-MONITOR,2026-01-03T02:50:00,489.14,3041.27,109.99,4.89,84.55,54.18,26.5,70.17,degraded,6,0,2,5,0.8712,-0.6359,6.9119,0
PUMP-MONITOR,2026-01-03T02:55:00,474.55,3031.37,112.98,5.39,73.65,49.52,23.5,56.18,degraded,6,0,1,5,0.4937,2.9918,-10.8971,0
PUMP-MONITOR,2026-01-03T03:00:00,483.83,3100.43,110.94,4.8,83.47,52.35,25.33,67.06,degraded,6,0,3,5,-0.593,-2.0428,9.8189,0
PUMP-MONITOR,2026-01-03T03:05:00,474.08,2964.12,93.05,5.98,78.66,53.8,25.51,74.06,degraded,6,0,4,5,1.1818,-17.8832,-4.8177,0
PUMP-MONITOR,2026-01-03T03:10:00,480.18,3039.93,98.55,5.15,84.27,52.29,25.11,64.05,degraded,6,0,1,5,-0.8315,5.4984,5.6189,0
PUMP-MONITOR,2026-01-03T03:15:00,475.63,3142.84,100.64,4.16,85.23,48.92,23.27,56.14,degraded,6,0,4,5,-0.9869,2.0896,0.9582,0
PUMP-MONITOR,2026-01-03T03:20:00,472.93,2978.85,106.53,5.46,84.35,51.83,24.51,71.49,degraded,6,0,4,5,1.2976,5.8888,-0.883,0
PUMP-MONITOR,2026-01-03T03:25:00,488.56,3072.03,104.68,5.77,78.89,54.61,26.68,68.71,degraded,6,0,3,5,0.3106,-1.8496,-5.461,0
PUMP-MONITOR,2026-01-03T03:30:00,484.3,3055.63,111.04,3.82,75.97,50.82,24.61,60.97,degraded,6,0,0,5,-1.9452,6.3578,-2.9146,0
PUMP-MONITOR,2026-01-03T03:35:00,485.46,3044.52,99.54,3.9,80.11,52.47,25.47,62.11,degraded,6,0,4,5,0.0787,-11.4982,4.1401,0
PUMP-MONITOR,2026-01-03T03:40:00,481.13,2938.0,101.83,5.88,82.25,50.96,24.52,71.36,degraded,6,0,4,5,1.9779,2.292,2.1411,0
PUMP-MONITOR,2026-01-03T03:45:00,469.89,3057.88,111.66,5.89,80.2,52.51,24.68,73.38,degraded,6,0,1,5,0.0118,9.8271,-2.0568,0
PUMP-MONITOR,2026-01-03T03:50:00,477.13,3120.57,100.7,3.91,83.66,50.2,23.95,69.02,degraded,6,0,1,5,-1.9767,-10.9568,3.4636,0
PUMP-MONITOR,2026-01-03T03:55:00,473.07,3197.93,107.33,4.01,76.17,50.52,23.9,57.3,degraded,6,0,2,5,0.0998,6.6311,-7.4936,0
PUMP-MONITOR,2026-01-03T04:00:00,480.88,3028.14,115.17,5.68,75.67,50.46,24.27,67.67,degraded,6,0,4,5,1.6656,7.8351,-0.4955,0
PUMP-MONITOR,2026-01-03T04:05:00,473.67,3134.99,94.74,6.09,80.45,49.86,23.62,68.27,degraded,6,0,3,5,0.4091,-20.4306,4.7808,0
PUMP-MONITOR,2026-01-03T04:10:00,487.45,2932.07,100.48,3.9,78.72,54.48,26.56,66.41,degraded,6,0,2,5,-2.1921,5.7419,-1.7354,0
PUMP-MONITOR,2026-01-03T04:15:00,481.01,3195.29,114.13,5.17,80.55,52.08,25.05,77.18,degraded,6,0,3,5,1.273,13.6498,1.8366,0
PUMP-MONITOR,2026-01-03T04:20:00,472.74,3134.61,93.69,3.94,83.47,53.66,25.36,72.42,degraded,6,0,4,5,-1.2334,-20.4439,2.9147,0
PUMP-MONITOR,2026-01-03T04:25:00,486.1,3179.46,93.12,4.94,84.41,53.24,25.88,72.76,degraded,6,0,0,5,1.0092,-0.5654,0.938,0
PUMP-MONITOR,2026-01-03T04:30:00,484.17,2922.63,113.47,5.89,78.89,51.93,25.14,66.97,degraded,6,0,1,5,0.9405,20.3475,-5.5182,0
PUMP-MONITOR,2026-01-03T04:35:00,469.92,3103.34,96.6,5.23,74.97,49.73,23.37,58.49,degraded,6,0,1,5,-0.6518,-16.8666,-3.9162,0
PUMP-MONITOR,2026-01-03T04:40:00,472.47,3089.58,92.89,6.11,84.93,51.86,24.5,71.59,degraded,6,0,0,5,0.8763,-3.7128,9.9581,0
PUMP-MONITOR,2026-01-03T04:45:00,473.03,2986.21,110.68,5.59,79.01,51.37,24.3,57.87,degraded,6,0,2,5,-0.5156,17.7908,-5.9209,0
PUMP-MONITOR,2026-01-03T04:50:00,476.61,3007.68,98.18,4.47,76.2,51.98,24.77,65.61,degraded,6,0,4,5,-1.127,-12.4969,-2.8126,0
PUMP-MONITOR,2026-01-03T04:55:00,488.44,2916.73,105.34,5.76,76.47,53.41,26.09,68.0,degraded,6,0,3,5,1.2914,7.1579,0.2725,0
PUMP-MONITOR,2026-01-03T05:00:00,472.7,3199.45,106.95,3.71,83.85,49.41,23.35,62.39,degraded,6,1,2,5,-2.0501,1.6044,7.3761,0
PUMP-MONITOR,2026-01-03T05:05:00,485.88,3061.98,114.04,5.96,79.02,49.89,24.24,62.47,degraded,6,0,0,5,2.2489,7.0901,-4.8266,0
PUMP-MONITOR,2026-01-03T05:10:00,477.93,3081.53,108.9,3.47,78.85,52.14,24.92,60.8,degraded,6,0,4,5,-2.4823,-5.133,-0.1698,0
PUMP-MONITOR,2026-01-03T05:15:00,470.82,2937.8,92.97,5.11,74.17,52.06,24.51,68.73,degraded,6,0,4,5,1.638,-15.9317,-4.683,0
PUMP-MONITOR,2026-01-03T05:20:00,487.63,3049.07,98.21,5.92,73.2,51.61,25.16,57.74,degraded,6,0,4,5,0.8055,5.2399,-0.9673,0
PUMP-MONITOR,2026-01-03T05:25:00,485.4,3009.88,114.4,4.76,77.85,51.5,25.0,57.12,degraded,6,0,1,5,-1.1597,16.1886,4.6534,0
PUMP-MONITOR,2026-01-03T05:30:00,484.24,2984.5,94.87,5.65,77.13,53.5,25.91,79.02,degraded,6,0,3,5,0.8872,-19.5276,-0.7201,0
PUMP-MONITOR,2026-01-03T05:35:00,473.7,3191.91,90.44,3.23,83.93,52.38,24.81,61.63,degraded,6,0,3,5,-2.4194,-4.432,6.7992,0
PUMP-MONITOR,2026-01-03T05:40:00,484.22,3102.53,105.62,4.07,74.87,55.11,26.69,74.85,degraded,6,0,1,5,0.8459,15.1811,-9.0589,0
PUMP-MONITOR,2026-01-03T05:45:00,488.27,2919.1,114.59,5.75,78.64,52.56,25.66,64.89,degraded,6,0,1,5,1.6755,8.9708,3.7624,0
PUMP-MONITOR,2026-01-03T05:50:00,488.41,2986.91,102.51,3.34,73.8,56.1,27.4,76.7,degraded,6,0,2,5,-2.4115,-12.0844,-4.8379,0
PUMP-MONITOR,2026-01-03T05:55:00,477.57,3003.51,112.8,3.79,80.89,50.63,24.18,57.34,degraded,6,0,0,5,0.4577,10.2968,7.0917,0
PUMP-MONITOR,2026-01-03T06:00:00,478.76,2966.04,92.52,3.98,72.61,52.95,25.35,73.46,degraded,6,0,3,5,0.1813,-20.2869,-8.2814,0
PUMP-MONITOR,2026-01-03T06:05:00,485.84,3119.17,115.13,4.52,71.09,52.75,25.63,63.41,degraded,6,0,2,5,0.5481,22.6128,-1.5163,0
PUMP-MONITOR,2026-01-03T06:10:00,487.83,3065.32,97.14,5.7,72.7,49.76,24.28,60.49,degraded,6,0,2,5,1.1804,-17.9941,1.6136,0
PUMP-MONITOR,2026-01-03T06:15:00,474.89,2977.27,109.7,4.29,81.14,50.96,24.2,55.37,degraded,6,0,2,5,-1.4157,12.5661,8.4359,0
PUMP-MONITOR,2026-01-03T06:20:00,488.2,3182.39,104.15,5.06,79.05,51.23,25.01,58.52,degraded,6,0,0,5,0.771,-5.5506,-2.0953,0
PUMP-MONITOR,2026-01-03T06:25:00,484.93,2971.21,101.98,3.9,75.19,52.37,25.4,72.73,degraded,6,0,0,5,-1.1631,-2.1701,-3.8512,0
PUMP-MONITOR,2026-01-03T06:30:00,479.56,3094.98,95.21,4.37,77.92,49.85,23.9,59.92,degraded,6,0,0,5,0.4716,-6.7692,2.7297,0
PUMP-MONITOR,2026-01-03T06:35:00,481.93,3111.35,115.26,4.75,75.41,52.54,25.32,68.8,degraded,6,0,0,5,0.3806,20.0503,-2.5186,0
PUMP-MONITOR,2026-01-03T06:40:00,482.54,2955.51,103.2,3.73,81.31,53.19,25.67,62.63,degraded,6,0,2,5,-1.0221,-12.0679,5.9091,0
PUMP-MONITOR,2026-01-03T06:45:00,484.01,3202.23,109.01,3.54,82.97,56.48,27.34,80.04,degraded,6,0,2,5,-0.1885,5.8159,1.6576,0
PUMP-MONITOR,2026-01-03T06:50:00,485.32,2956.59,93.49,3.25,82.72,52.65,25.55,74.22,degraded,6,0,3,5,-0.2929,-15.5182,-0.2561,0
PUMP-MONITOR,2026-01-03T06:55:00,485.82,3050.81,104.21,4.15,77.02,49.97,24.28,57.84,degraded,6,0,1,5,0.9057,10.7155,-5.6924,0
PUMP-MONITOR,2026-01-03T07:00:00,481.78,3098.81,107.49,4.7,70.5,49.7,23.94,59.44,degraded,6,0,1,5,0.5469,3.2782,-6.5252,0
PUMP-MONITOR,2026-01-03T07:05:00,474.7,3095.26,98.36,5.64,74.72,52.32,24.84,64.12,degraded,6,0,4,5,0.9434,-9.128,4.2219,0
PUMP-MONITOR,2026-01-03T07:10:00,487.34,3089.46,111.77,5.99,84.53,55.47,27.03,74.57,degraded,6,0,1,5,0.3496,13.4074,9.8075,0
PUMP-MONITOR,2026-01-03T07:15:00,481.22,3073.88,103.25,4.76,79.46,53.13,25.57,69.68,degraded,6,0,2,5,-1.2316,-8.5184,-5.0655,0
PUMP-MONITOR,2026-01-03T07:20:00,484.98,3162.76,100.26,3.58,76.19,51.9,25.17,74.13,degraded,6,0,0,5,-1.1812,-2.9853,-3.268,0
PUMP-MONITOR,2026-01-03T07:25:00,476.54,3102.44,93.0,4.84,78.98,51.4,24.49,55.69,degraded,6,0,3,5,1.2591,-7.2574,2.7856,0
PUMP-MONITOR,2026-01-03T07:30:00,473.51,3069.27,112.77,5.78,75.32,51.37,24.32,55.73,degraded,6,0,3,5,0.94,19.7655,-3.6612,0
PUMP-MONITOR,2026-01-03T07:35:00,485.58,3048.82,91.89,3.56,77.77,49.96,24.26,58.65,degraded,6,0,1,5,-2.2134,-20.8814,2.4526,0
PUMP-MONITOR,2026-01-03T07:40:00,488.36,3118.2,105.07,3.45,73.74,54.01,26.37,64.58,degraded,6,0,4,5,-0.1112,13.1838,-4.0319,0
PUMP-MONITOR,2026-01-03T07:45:00,479.81,2987.38,106.5,6.1,70.64,53.03,25.44,74.18,degraded,6,0,0,5,2.6441,1.4266,-3.1041,0
PUMP-MONITOR,2026-01-03T07:50:00,472.2,3157.42,92.58,5.66,82.91,51.36,24.25,63.39,degraded,6,0,2,5,-0.4351,-13.9161,12.2702,0
PUMP-MONITOR,2026-01-03T07:55:00,469.93,3112.58,109.29,5.24,70.65,51.77,24.33,72.52,degraded,6,0,3,5,-0.4258,16.7047,-12.2553,0
PUMP-MONITOR,2026-01-03T08:00:00,471.67,3176.42,102.49,4.88,81.53,52.05,24.55,61.02,degraded,6,0,0,5,-0.3525,-6.7963,10.8827,0
PUMP-MONITOR,2026-01-03T08:05:00,483.73,3099.71,110.09,3.17,73.23,50.7,24.53,67.57,degraded,6,0,2,5,-1.7103,7.6011,-8.3015,0
PUMP-MONITOR,2026-01-03T08:10:00,469.8,3000.46,90.89,3.62,77.05,50.33,23.65,63.8,degraded,6,0,1,5,0.4436,-19.2026,3.8205,0
PUMP-MONITOR,2026-01-03T08:15:00,487.62,3136.38,95.38,3.35,75.43,52.63,25.66,75.84,degraded,6,0,0,5,-0.2664,4.4877,-1.6171,0
PUMP-MONITOR,2026-01-03T08:20:00,487.87,3068.13,101.25,5.76,76.8,52.11,25.42,66.2,degraded,6,0,4,5,2.4074,5.87,1.3618,0
PUMP-MONITOR,2026-01-03T08:25:00,485.05,2969.85,96.43,5.43,72.64,53.01,25.71,69.45,degraded,6,0,2,5,-0.3241,-4.8165,-4.1569,0
PUMP-MONITOR,2026-01-03T08:30:00,473.43,3174.68,112.85,5.12,70.4,53.54,25.35,68.37,degraded,6,0,2,5,-0.3114,16.4141,-2.2347,0
PUMP-MONITOR,2026-01-03T08:35:00,477.23,3187.92,102.12,6.03,82.14,52.79,25.19,72.87,degraded,6,0,1,5,0.9106,-10.7245,11.7357,0
PUMP-MONITOR,2026-01-03T08:40:00,474.95,3026.5,103.83,3.84,74.95,52.18,24.78,72.48,degraded,6,0,4,5,-2.1958,1.7142,-7.1874,0
PUMP-MONITOR,2026-01-03T08:45:00,485.81,3129.72,96.33,5.46,79.87,54.57,26.51,70.84,degraded,6,0,2,5,1.6281,-7.5096,4.914,0
PUMP-MONITOR,2026-01-03T08:50:00,489.11,3110.97,107.33,4.62,84.62,50.45,24.68,61.47,degraded,6,0,1,5,-0.8494,11.0024,4.7521,0
PUMP-MONITOR,2026-01-03T08:55:00,481.71,3104.34,96.56,3.56,84.61,52.54,25.31,78.4,degraded,6,0,2,5,-1.057,-10.7713,-0.0141,0
PUMP-MONITOR,2026-01-03T09:00:00,477.7,3016.85,105.1,5.88,84.05,50.37,24.06,61.55,degraded,6,0,3,5,2.3191,8.5389,-0.5503,0
PUMP-MONITOR,2026-01-03T09:05:00,481.97,3109.48,94.58,3.39,83.22,52.37,25.24,65.98,degraded,6,0,4,5,-2.483,-10.5138,-0.8311,0
PUMP-MONITOR,2026-01-03T09:10:00,483.12,2930.79,109.51,4.83,71.09,51.21,24.74,63.24,degraded,6,0,3,5,1.431,14.9241,-12.1339,0
PUMP-MONITOR,2026-01-03T09:15:00,478.33,2999.54,97.81,4.04,74.38,51.87,24.81,62.46,degraded,6,0,3,5,-0.789,-11.6943,3.2901,0
PUMP-MONITOR,2026-01-03T09:20:00,471.02,3028.17,96.79,4.04,70.78,52.19,24.58,73.22,degraded,6,0,3,5,-0.0011,-1.0164,-3.5951,0
PUMP-MONITOR,2026-01-03T09:25:00,489.05,2912.71,113.32,5.47,73.65,54.95,26.87,76.25,degraded,6,0,3,5,1.4357,16.523,2.8695,0
PUMP-MONITOR,2026-01-03T09:30:00,475.29,3022.54,110.22,4.95,73.75,51.6,24.53,67.05,degraded,6,0,1,5,-0.5161,-3.1007,0.096,0
PUMP-MONITOR,2026-01-03T09:35:00,487.5,2960.34,103.14,5.49,71.47,55.05,26.84,76.41,degraded,6,0,0,5,0.5382,-7.0814,-2.2815,0
PUMP-MONITOR,2026-01-03T09:40:00,472.28,3130.51,94.0,6.07,72.78,53.39,25.21,76.11,degraded,6,0,3,5,0.578,-9.1327,1.3107,0
PUMP-MONITOR,2026-01-03T09:45:00,481.8,3089.8,97.55,6.12,83.01,49.67,23.93,57.07,degraded,6,0,4,5,0.0465,3.5493,10.2274,0
PUMP-MONITOR,2026-01-03T09:50:00,472.05,3163.78,99.06,6.04,81.24,48.75,23.01,62.6,degraded,6,0,1,5,-0.0804,1.511,-1.7679,0
PUMP-MONITOR,2026-01-03T09:55:00,472.47,3147.09,113.81,4.66,74.38,49.15,23.22,57.04,degraded,6,0,3,5,-1.3811,14.7453,-6.8579,0
PUMP-MONITOR,2026-01-03T10:00:00,476.56,3027.24,95.25,5.71,80.87,54.14,25.8,74.81,degraded,6,0,1,5,1.0564,-18.5631,6.4869,0
PUMP-MONITOR,2026-01-03T10:05:00,470.12,2988.61,99.26,3.53,70.79,50.98,23.97,67.33,degraded,6,0,3,5,-2.1795,4.0156,-10.0826,0
PUMP-MONITOR,2026-01-03T10:10:00,469.76,3035.87,104.92,6.14,84.18,51.68,24.28,77.37,degraded,6,0,3,5,2.6105,5.6613,13.3961,0
PUMP-MONITOR,2026-01-03T10:15:00,489.45,3029.8,109.6,5.17,71.47,54.55,26.7,75.56,degraded,6,0,1,5,-0.9756,4.676,-12.7077,0
PUMP-MONITOR,2026-01-03T10:20:00,488.35,3008.13,111.96,4.24,84.36,53.3,26.03,59.31,degraded,6,0,4,5,-0.9243,2.3605,12.885,0
PUMP-MONITOR,2026-01-03T10:25:00,485.85,2975.53,104.18,5.66,84.32,52.32,25.42,58.69,degraded,6,0,0,5,1.4207,-7.7834,-0.043,0
PUMP-MONITOR,2026-01-03T10:30:00,475.16,3004.63,92.58,5.53,70.72,50.86,24.17,65.22,degraded,6,0,4,5,-0.1331,-11.591,-13.5938,0
PUMP-MONITOR,2026-01-03T10:35:00,470.49,3004.56,94.3,3.93,79.08,53.48,25.16,79.21,degraded,6,0,4,5,-1.6002,1.7188,8.3595,0
PUMP-MONITOR,2026-01-03T10:40:00,474.53,2956.44,99.76,4.62,72.92,50.14,23.79,57.93,degraded,6,0,0,5,0.6844,5.4572,-6.1588,0
PUMP-MONITOR,2026-01-03T10:45:00,472.82,3071.56,107.07,5.25,78.26,52.21,24.69,76.55,degraded,6,0,2,5,0.6345,7.3134,5.3421,0
PUMP-MONITOR,2026-01-03T10:50:00,487.38,3167.97,105.13,5.71,82.79,51.17,24.94,67.3,degraded,6,0,2,5,0.4565,-1.9417,4.53,0
PUMP-MONITOR,2026-01-03T10:55:00,489.43,3112.63,104.21,3.71,76.15,52.24,25.57,57.42,degraded,6,0,1,5,-1.9936,-0.9271,-6.6399,0
PUMP-MONITOR,2026-01-03T11:00:00,488.57,3026.5,106.38,5.47,74.67,51.41,25.12,60.17,degraded,6,0,2,5,1.7561,2.1746,-1.4847,0
PUMP-MONITOR,2026-01-03T11:05:00,482.46,3038.99,113.97,4.79,82.04,55.01,26.54,75.55,degraded,6,0,0,5,-0.678,7.5883,7.3725,0
PUMP-MONITOR,2026-01-03T11:10:00,471.78,3008.67,99.15,4.84,71.55,49.11,23.17,65.48,degraded,6,0,0,5,0.0453,-14.8174,-10.4882,0
PUMP-MONITOR,2026-01-03T11:15:00,477.0,3063.37,111.63,4.4,81.83,51.29,24.47,73.55,degraded,6,0,4,5,-0.434,12.4805,10.2802,0
PUMP-MONITOR,2026-01-03T11:20:00,477.22,2938.75,111.82,5.4,77.46,48.96,23.36,55.68,degraded,6,0,3,5,0.9947,0.1844,-4.3697,0
PUMP-MONITOR,2026-01-03T11:25:00,481.57,3129.19,107.9,5.98,83.94,49.43,23.81,60.31,degraded,6,0,4,5,0.5877,-3.9197,6.4721,0
PUMP-MONITOR,2026-01-03T11:30:00,485.4,3085.4,100.28,4.27,82.13,50.98,24.75,59.06,degraded,6,0,2,5,-1.7154,-7.6144,-1.8028,0
PUMP-MONITOR,2026-01-03T11:35:00,480.72,3183.23,104.05,3.95,82.45,51.09,24.56,65.84,degraded,6,0,4,5,-0.3194,3.7712,0.312,0
PUMP-MONITOR,2026-01-03T11:40:00,470.05,3027.56,103.46,3.47,74.96,51.52,24.22,66.91,degraded,6,0,3,5,-0.48,-0.589,-7.4902,0
PUMP-MONITOR,2026-01-03T11:45:00,473.54,3169.45,98.96,4.42,77.18,55.59,26.33,78.73,degraded,6,0,2,5,0.9536,-4.5041,2.2255,0
PUMP-MONITOR,2026-01-03T11:50:00,488.19,2935.21,106.63,3.53,82.25,50.29,24.55,60.92,degraded,6,0,1,5,-0.8968,7.6653,5.0668,0
PUMP-MONITOR,2026-01-03T11:55:00,481.49,2937.15,108.18,5.48,74.66,51.6,24.85,70.31,degraded,6,0,3,5,1.9552,1.5581,-7.5846,0
PUMP-MONITOR,2026-01-03T12:00:00,480.07,3114.02,99.99,4.9,76.53,54.38,26.11,79.88,degraded,6,0,3,5,-0.5802,-8.1953,1.8676,0
PUMP-MONITOR,2026-01-03T12:05:00,476.72,2978.19,91.38,4.45,85.19,52.81,25.18,69.61,degraded,6,0,2,5,-0.453,-8.61,8.6553,0
PUMP-MONITOR,2026-01-03T12:10:00,471.86,3151.13,98.31,6.0,82.73,49.66,23.43,62.33,degraded,6,0,0,5,1.5553,6.9282,-2.4558,0
PUMP-MONITOR,2026-01-03T12:15:00,481.36,3176.04,110.74,5.75,76.9,53.77,25.88,65.64,degraded,6,0,3,5,-0.253,12.4349,-5.8262,0
PUMP-MONITOR,2026-01-03T12:20:00,485.36,3061.44,111.26,6.09,73.63,52.75,25.6,75.49,degraded,6,0,1,5,0.3418,0.5201,-3.2787,0
PUMP-MONITOR,2026-01-03T12:25:00,470.9,3034.07,103.32,4.07,76.71,49.72,23.41,67.76,degraded,6,0,3,5,-2.0263,-7.9398,3.0865,0
PUMP-MONITOR,2026-01-03T12:30:00,479.05,3116.68,101.63,4.42,72.22,51.22,24.54,64.52,degraded,6,0,3,5,0.3528,-1.696,-4.4967,0
PUMP-MONITOR,2026-01-03T12:35:00,485.71,2914.64,94.35,5.63,78.55,55.78,27.09,79.06,degraded,6,0,2,5,1.2137,-7.2761,6.3371,0
PUMP-MONITOR,2026-01-03T12:40:00,475.45,3173.73,99.95,4.31,77.72,48.22,22.93,57.94,degraded,6,0,3,5,-1.3197,5.605,-0.8328,0
PUMP-MONITOR,2026-01-03T12:45:00,476.54,2959.96,98.7,3.75,70.88,51.01,24.31,63.45,degraded,6,0,4,5,-0.559,-1.2552,-6.8381,0
PUMP-MONITOR,2026-01-03T12:50:00,486.84,3010.9,94.97,3.61,72.3,52.05,25.34,73.73,degraded,6,0,2,5,-0.1459,-3.7316,1.4171,0
PUMP-MONITOR,2026-01-03T12:55:00,484.01,3097.43,102.37,4.51,80.03,50.16,24.28,62.68,degraded,6,0,0,5,0.901,7.3999,7.7362,0
PUMP-MONITOR,2026-01-03T13:00:00,473.81,2995.82,94.01,5.31,85.4,53.48,25.34,78.51,degraded,6,0,3,5,0.7971,-8.3593,5.3686,0
PUMP-MONITOR,2026-01-03T13:05:00,470.14,3160.64,101.14,4.73,77.5,54.52,25.63,75.04,degraded,6,0,4,5,-0.5772,7.1289,-7.904,0
PUMP-MONITOR,2026-01-03T13:10:00,472.01,3056.96,100.11,3.53,84.75,50.04,23.62,67.34,degraded,6,0,2,5,-1.2014,-1.031,7.2461,0
PUMP-MONITOR,2026-01-03T13:15:00,479.74,3204.24,100.34,4.25,79.55,50.91,24.42,55.31,degraded,6,0,3,5,0.7215,0.2369,-5.1959,0
PUMP-MONITOR,2026-01-03T13:20:00,476.75,3155.22,92.96,3.83,82.39,51.5,24.55,72.82,degraded,6,0,0,5,-0.4202,-7.3863,2.8402,0
PUMP-MONITOR,2026-01-03T13:25:00,480.45,3169.41,107.53,3.57,73.98,50.87,24.44,55.78,degraded,6,1,4,5,-0.2556,14.5778,-8.4131,0
PUMP-MONITOR,2026-01-03T13:30:00,486.19,3091.02,96.92,4.81,83.81,51.13,24.86,68.5,degraded,6,1,5,5,1.234,-10.6149,9.8306,0
PUMP-MONITOR,2026-01-03T13:35:00,472.5,3119.22,97.96,6.13,77.44,51.64,24.4,72.52,degraded,6,0,0,5,1.3209,1.0443,-6.3674,0
PUMP-MONITOR,2026-01-03T13:40:00,483.0,3050.49,99.64,4.44,76.2,54.34,26.25,76.04,degraded,6,0,1,5,-1.6847,1.675,-1.243,0
PUMP-MONITOR,2026-01-03T13:45:00,481.26,2964.55,99.75,3.5,80.55,53.81,25.9,76.52,degraded,6,0,1,5,-0.9439,0.114,4.3535,0
PUMP-MONITOR,2026-01-03T13:50:00,472.28,2941.1,98.91,5.57,81.01,53.52,25.28,79.6,degraded,6,0,0,5,2.0718,-0.8451,0.461,0
PUMP-MONITOR,2026-01-03T13:55:00,487.04,3010.0,92.31,3.5,73.78,51.75,25.2,68.36,degraded,6,0,2,5,-2.0715,-6.599,-7.2298,0
PUMP-MONITOR,2026-01-03T14:00:00,476.42,3063.59,100.28,5.84,82.98,50.68,24.15,70.28,degraded,6,1,2,5,2.3403,7.9746,9.1993,0
PUMP-MONITOR,2026-01-03T14:05:00,485.17,2920.36,114.39,4.25,71.34,51.86,25.16,64.01,degraded,6,0,3,5,-1.5864,14.1049,-11.6426,0
PUMP-MONITOR,2026-01-03T14:10:00,487.13,3015.77,100.7,5.92,73.2,51.07,24.88,57.95,degraded,6,0,1,5,1.6713,-13.6919,1.8658,0
PUMP-MONITOR,2026-01-03T14:15:00,488.8,3065.35,93.54,3.44,80.57,53.79,26.29,64.11,degraded,6,0,1,5,-2.48,-7.1563,7.3649,0
PUMP-MONITOR,2026-01-03T14:20:00,472.77,2989.85,94.87,5.78,74.24,51.31,24.26,76.69,degraded,6,0,0,5,2.3386,1.3331,-6.3283,0
PUMP-MONITOR,2026-01-03T14:25:00,486.62,3082.58,94.84,3.54,71.21,54.47,26.5,70.04,degraded,6,0,4,5,-2.2422,-0.034,-3.0313,0
PUMP-MONITOR,2026-01-03T14:30:00,477.31,3076.02,109.14,4.84,75.65,54.44,25.98,77.27,degraded,6,0,0,5,1.2988,14.2986,4.4375,0
PUMP-MONITOR,2026-01-03T14:35:00,485.49,3123.02,94.68,4.21,81.46,52.22,25.35,74.76,degraded,6,0,0,5,-0.6321,-14.4554,5.8132,0
PUMP-MONITOR,2026-01-03T14:40:00,480.63,2944.69,114.3,5.98,70.45,50.67,24.35,67.62,degraded,6,0,2,5,1.7693,19.6226,-11.0076,0
PUMP-MONITOR,2026-01-03T14:45:00,478.43,2969.42,114.99,3.62,71.31,55.79,26.69,77.54,degraded,6,0,3,5,-2.3541,0.6839,0.8616,0
PUMP-MONITOR,2026-01-03T14:50:00,476.85,3140.49,104.93,4.11,70.81,54.12,25.81,73.46,degraded,6,0,4,5,0.4831,-10.0552,-0.506,0
PUMP-MONITOR,2026-01-03T14:55:00,472.72,2911.12,96.97,4.45,79.06,52.85,24.98,73.89,degraded,6,0,0,5,0.3438,-7.966,8.2558,0
PUMP-MONITOR,2026-01-03T15:00:00,484.15,2953.6,92.57,6.12,77.63,50.83,24.61,59.79,degraded,6,0,3,5,1.6746,-4.396,-1.4389,0
PUMP-MONITOR,2026-01-03T15:05:00,487.8,3053.11,110.86,3.32,72.6,50.07,24.42,62.58,degraded,6,0,0,5,-2.8051,18.2856,-5.027,0
PUMP-MONITOR,2026-01-03T15:10:00,480.27,2914.59,95.59,3.72,81.89,54.62,26.23,79.37,degraded,6,0,0,5,0.3997,-15.2699,9.2897,0
PUMP-MONITOR,2026-01-03T15:15:00,486.32,2981.96,110.62,5.85,83.07,55.2,26.84,74.82,degraded,6,0,0,5,2.1355,15.0295,1.186,0
PUMP-MONITOR,2026-01-03T15:20:00,483.71,3065.48,94.61,3.32,82.76,50.97,24.65,57.26,degraded,6,0,3,5,-2.5339,-16.0032,-0.3177,0
PUMP-MONITOR,2026-01-03T15:25:00,485.9,3069.4,113.67,3.38,84.14,52.98,25.74,79.59,degraded,6,0,3,5,0.0576,19.0579,1.3873,0
PUMP-MONITOR,2026-01-03T15:30:00,482.98,3061.97,90.99,4.92,70.64,55.67,26.89,78.73,degraded,6,0,2,5,1.5442,-22.6819,-13.5061,0
PUMP-MONITOR,2026-01-03T15:35:00,472.72,3048.86,101.85,3.26,83.69,51.2,24.2,68.51,degraded,6,0,4,5,-1.659,10.8567,13.0525,0
PUMP-MONITOR,2026-01-03T15:40:00,481.93,2930.39,113.31,4.13,75.05,48.91,23.57,56.97,degraded,6,0,2,5,0.8648,11.466,-8.6369,0
PUMP-MONITOR,2026-01-03T15:45:00,474.58,3112.5,98.81,5.26,82.36,50.23,23.84,64.23,degraded,6,0,2,5,1.1282,-14.5055,7.3025,0
PUMP-MONITOR,2026-01-03T15:50:00,474.68,2963.29,108.37,5.12,84.74,54.73,25.98,75.09,degraded,6,1,2,5,-0.1379,9.5645,2.3819,0
PUMP-MONITOR,2026-01-03T15:55:00,482.24,2941.77,92.83,3.17,78.28,52.32,25.23,66.6,degraded,6,0,4,5,-1.9533,-15.5413,-6.4589,0
PUMP-MONITOR,2026-01-03T16:00:00,478.24,3113.02,100.35,3.19,81.61,54.16,25.9,72.28,degraded,6,0,3,5,0.0294,7.5228,3.3333,0
PUMP-MONITOR,2026-01-03T16:05:00,489.04,3009.95,114.08,5.44,78.64,55.23,27.01,73.89,degraded,6,0,1,5,2.2425,13.7275,-2.9762,0
PUMP-MONITOR,2026-01-03T16:10:00,475.08,3068.0,110.62,5.31,70.6,55.42,26.33,78.28,degraded,6,0,4,5,-0.1262,-3.4554,-8.0311,0
PUMP-MONITOR,2026-01-03T16:15:00,479.97,3171.89,102.44,5.5,74.71,54.5,26.16,69.79,degraded,6,0,0,5,0.1937,-8.1843,4.1016,0
PUMP-MONITOR,2026-01-03T16:20:00,485.7,3172.34,111.32,4.2,80.56,52.63,25.56,64.98,degraded,6,1,1,5,-1.3077,8.8821,5.8492,0
PUMP-MONITOR,2026-01-03T16:25:00,482.21,3181.98,98.96,4.96,76.08,55.37,26.7,76.07,degraded,6,0,3,5,0.7632,-12.3596,-4.4715,0
PUMP-MONITOR,2026-01-03T16:30:00,470.87,3151.67,105.85,3.51,80.23,54.54,25.68,74.82,degraded,6,0,2,5,-1.4538,6.8902,4.148,0
PUMP-MONITOR,2026-01-03T16:35:00,472.79,3168.35,111.52,5.93,72.22,49.86,23.57,60.72,degraded,6,0,2,5,2.4235,5.6636,-8.0076,0
PUMP-MONITOR,2026-01-03T16:40:00,486.07,3057.15,95.4,4.9,81.99,51.38,24.97,67.25,degraded,6,0,1,5,-1.0268,-16.1126,9.7662,0
PUMP-MONITOR,2026-01-03T16:45:00,472.8,2992.85,95.65,5.16,84.35,54.6,25.82,73.35,degraded,6,0,0,5,0.2607,0.2434,2.3617,0
PUMP-MONITOR,2026-01-03T16:50:00,474.28,2978.82,113.02,5.96,81.58,50.22,23.82,64.59,degraded,6,0,3,5,0.7985,17.3709,-2.7742,0
PUMP-MONITOR,2026-01-03T16:55:00,480.9,3016.13,93.52,5.02,78.71,54.22,26.07,75.07,degraded,6,0,3,5,-0.9474,-19.4993,-2.8672,0
PUMP-MONITOR,2026-01-03T17:00:00,485.5,3138.95,98.14,5.94,85.39,54.27,26.35,76.68,degraded,6,0,3,5,0.9208,4.6184,6.6833,0
PUMP-MONITOR,2026-01-03T17:05:00,486.48,3132.13,108.55,4.44,76.68,54.11,26.32,78.5,degraded,6,0,1,5,-1.4953,10.409,-8.7128,0
PUMP-MONITOR,2026-01-03T17:10:00,479.98,2916.5,95.52,3.96,76.93,51.84,24.88,70.22,degraded,6,0,2,5,-0.4772,-13.0289,0.2456,0
PUMP-MONITOR,2026-01-03T17:15:00,469.57,3028.88,114.32,4.94,74.94,49.26,23.13,63.78,degraded,6,0,0,5,0.976,18.8042,-1.9909,0
PUMP-MONITOR,2026-01-03T17:20:00,486.93,3195.64,91.19,3.46,80.47,51.66,25.15,68.8,degraded,6,0,1,5,-1.4805,-23.1301,5.5315,0
PUMP-MONITOR,2026-01-03T17:25:00,484.14,3187.06,91.33,3.25,75.75,52.81,25.57,65.98,degraded,6,0,1,5,-0.2064,0.143,-4.7198,0
PUMP-MONITOR,2026-01-03T17:30:00,480.3,3111.11,100.64,3.31,78.62,52.23,25.09,66.02,degraded,6,0,3,5,0.0557,9.3056,2.8686,0
PUMP-MONITOR,2026-01-03T17:35:00,483.1,3203.84,107.7,4.94,84.63,52.21,25.23,56.08,degraded,6,0,2,5,1.6351,7.057,6.0108,0
PUMP-MONITOR,2026-01-03T17:40:00,470.49,3104.26,113.15,3.89,70.98,52.84,24.86,75.46,degraded,6,0,2,5,-1.0537,5.4524,-13.6485,0
PUMP-MONITOR,2026-01-03T17:45:00,470.84,2978.16,94.57,4.74,75.76,54.69,25.75,76.71,degraded,6,0,3,5,0.8554,-18.5824,4.7827,0
PUMP-MONITOR,2026-01-03T17:50:00,486.07,3177.54,90.56,5.61,73.2,53.45,25.98,63.67,degraded,6,0,4,5,0.8613,-4.0023,-2.5624,0
PUMP-MONITOR,2026-01-03T17:55:00,482.71,3211.0,93.08,5.73,73.06,50.86,24.55,68.64,degraded,6,1,1,5,0.1194,2.5186,-0.1411,0
PUMP-MONITOR,2026-01-03T18:00:00,469.96,3047.1,105.7,4.22,80.06,49.35,23.19,57.47,degraded,6,0,0,5,-1.5043,12.621,7.0015,0
PUMP-MONITOR,2026-01-03T18:05:00,483.72,3024.2,96.52,5.87,70.97,51.72,25.02,61.67,degraded,6,0,3,5,1.653,-9.1801,-9.0872,0
PUMP-MONITOR,2026-01-03T18:10:00,488.54,3069.12,108.6,3.76,82.31,53.83,26.3,64.92,degraded,6,0,4,5,-2.115,12.0734,11.339,0
PUMP-MONITOR,2026-01-03T18:15:00,476.04,3032.0,95.59,5.76,77.6,52.49,24.99,61.49,degraded,6,0,2,5,2.0042,-13.0072,-4.7132,0
PUMP-MONITOR,2026-01-03T18:20:00,478.68,3025.49,100.57,5.81,73.98,53.04,25.39,80.22,degraded,6,0,0,5,0.0483,4.981,-3.6186,0
PUMP-MONITOR,2026-01-03T18:25:00,489.19,3183.81,106.28,5.59,82.5,51.43,25.16,70.1,degraded,6,1,5,5,-0.2219,5.7104,8.5234,0
PUMP-MONITOR,2026-01-03T18:30:00,476.43,2926.64,107.04,4.68,78.48,52.12,24.83,73.62,degraded,6,0,3,5,-0.9141,0.7597,-4.025,0
PUMP-MONITOR,2026-01-03T18:35:00,482.58,3046.36,102.79,5.06,81.96,51.86,25.03,61.17,degraded,6,0,2,5,0.3872,-4.2542,3.4776,0
PUMP-MONITOR,2026-01-03T18:40:00,471.17,2982.0,114.46,5.75,75.72,51.36,24.2,61.85,degraded,6,0,2,5,0.6853,11.6745,-6.2344,0
PUMP-MONITOR,2026-01-03T18:45:00,478.72,3188.46,100.12,3.34,77.75,54.97,26.32,74.84,degraded,6,0,0,5,-2.4107,-14.338,2.0321,0
PUMP-MONITOR,2026-01-03T18:50:00,482.48,3025.41,105.61,4.29,71.92,49.0,23.64,57.81,degraded,6,0,2,5,0.9516,5.4873,-5.8315,0
PUMP-MONITOR,2026-01-03T18:55:00,470.68,3004.49,103.19,4.98,76.47,51.34,24.16,66.15,degraded,6,0,2,5,0.696,-2.4216,4.5524,0
PUMP-MONITOR,2026-01-03T19:00:00,481.5,3005.43,99.9,5.27,78.94,52.03,25.05,66.95,degraded,6,0,0,5,0.287,-3.2934,2.4673,0
PUMP-MONITOR,2026-01-03T19:05:00,472.76,2998.79,91.59,3.41,80.92,50.4,23.83,58.62,degraded,6,0,0,5,-1.8572,-8.3103,1.9751,0
PUMP-MONITOR,2026-01-03T19:10:00,476.69,3056.1,94.58,5.32,74.51,48.37,23.06,55.86,degraded,6,0,1,5,1.9092,2.9905,-6.4102,0
PUMP-MONITOR,2026-01-03T19:15:00,470.39,3001.47,96.85,3.73,78.22,51.63,24.29,58.72,degraded,6,0,4,5,-1.5922,2.2697,3.7129,0
PUMP-MONITOR,2026-01-03T19:20:00,482.63,3050.28,108.64,4.59,74.78,52.14,25.16,72.02,degraded,6,0,3,5,0.8618,11.793,-3.4344,0
PUMP-MONITOR,2026-01-03T19:25:00,474.06,3059.24,106.39,4.34,71.48,50.47,23.93,66.4,degraded,6,0,4,5,-0.2531,-2.2482,-3.3012,0
PUMP-MONITOR,2026-01-03T19:30:00,476.74,3134.57,112.19,4.26,84.4,50.4,24.03,63.31,degraded,6,0,4,5,-0.0799,5.7962,12.9189,0
PUMP-MONITOR,2026-01-03T19:35:00,480.96,2947.33,97.21,6.08,74.18,53.37,25.67,78.52,degraded,6,0,2,5,1.818,-14.9765,-10.226,0
PUMP-MONITOR,2026-01-03T19:40:00,474.25,3206.79,103.27,4.85,76.52,51.02,24.2,56.1,degraded,6,0,2,5,-1.2329,6.0608,2.3441,0
PUMP-MONITOR,2026-01-03T19:45:00,475.55,2957.65,109.12,5.83,71.2,53.01,25.21,76.95,degraded,6,0,2,5,0.9819,5.8455,-5.3181,0
PUMP-MONITOR,2026-01-03T19:50:00,483.53,3083.59,91.67,4.15,75.79,50.5,24.42,55.7,degraded,6,0,2,5,-1.6775,-17.442,4.5856,0
PUMP-MONITOR,2026-01-03T19:55:00,479.96,3011.11,99.14,5.05,83.91,51.64,24.79,71.79,degraded,6,0,1,5,0.9033,7.4618,8.1235,0
PUMP-MONITOR,2026-01-03T20:00:00,479.2,3165.32,113.47,4.59,81.34,54.31,26.02,77.45,degraded,6,0,4,5,-0.4598,14.3321,-2.5723,0
PUMP-MONITOR,2026-01-03T20:05:00,474.25,3005.29,99.34,5.64,74.02,48.98,23.23,62.99,degraded,6,0,3,5,1.0502,-14.1252,-7.3239,0
PUMP-MONITOR,2026-01-03T20:10:00,483.07,2948.8,97.36,5.83,79.3,50.82,24.55,55.8,degraded,6,0,4,5,0.1839,-1.9871,5.285,0
PUMP-MONITOR,2026-01-03T20:15:00,474.04,2922.12,112.37,3.54,74.49,51.08,24.21,62.74,degraded,6,0,2,5,-2.2862,15.0102,-4.8092,0
PUMP-MONITOR,2026-01-03T20:20:00,477.32,3029.87,95.15,4.09,79.15,49.51,23.63,55.8,degraded,6,0,1,5,0.5497,-17.2182,4.6623,0
PUMP-MONITOR,2026-01-03T20:25:00,475.74,2948.78,99.86,3.33,81.6,53.67,25.53,67.61,degraded,6,0,2,5,-0.7573,4.7102,2.4429,0
PUMP-MONITOR,2026-01-03T20:30:00,476.72,3102.8,95.26,6.17,82.54,50.95,24.29,60.11,degraded,6,0,0,5,2.8376,-4.5967,0.9457,0
PUMP-MONITOR,2026-01-03T20:35:00,483.5,3117.36,108.42,4.84,72.22,52.75,25.5,79.39,degraded,6,0,4,5,-1.3329,13.1598,-10.318,0
PUMP-MONITOR,2026-01-03T20:40:00,470.06,2921.62,101.62,4.67,84.81,53.12,24.97,70.32,degraded,6,0,3,5,-0.1673,-6.8067,12.5888,0
PUMP-MONITOR,2026-01-03T20:45:00,480.58,3188.66,113.39,5.25,76.71,51.45,24.73,64.93,degraded,6,0,1,5,0.5826,11.7732,-8.1061,0
PUMP-MONITOR,2026-01-03T20:50:00,485.99,3193.01,101.3,3.27,78.61,51.59,25.07,60.92,degraded,6,0,2,5,-1.9831,-12.087,1.8998,0
PUMP-MONITOR,2026-01-03T20:55:00,481.66,2924.96,111.58,3.98,75.86,51.37,24.74,60.27,degraded,6,0,4,5,0.7111,10.2803,-2.7443,0
PUMP-MONITOR,2026-01-03T21:00:00,481.56,2991.16,106.87,4.72,74.69,54.01,26.01,70.1,degraded,6,0,2,5,0.7376,-4.7073,-1.1702,0
PUMP-MONITOR,2026-01-03T21:05:00,483.97,2915.42,110.94,4.18,73.95,54.58,26.42,78.7,degraded,6,0,0,5,-0.5368,4.0692,-0.7451,0
PUMP-MONITOR,2026-01-03T21:10:00,470.24,2966.37,96.08,3.66,72.14,50.92,23.95,73.3,degraded,6,0,3,5,-0.5214,-14.8625,-1.8073,0
PUMP-MONITOR,2026-01-03T21:15:00,470.75,2944.78,96.19,4.24,80.81,49.01,23.07,64.38,degraded,6,0,3,5,0.5776,0.1125,8.6704,0
PUMP-MONITOR,2026-01-03T21:20:00,486.5,3189.16,113.86,3.45,72.85,52.61,25.59,75.07,degraded,6,0,3,5,-0.7893,17.6635,-7.9557,0
PUMP-MONITOR,2026-01-03T21:25:00,484.78,2912.59,96.9,5.48,71.81,48.58,23.55,55.69,degraded,6,0,3,5,2.0272,-16.9606,-1.0408,0
PUMP-MONITOR,2026-01-03T21:30:00,487.4,3097.06,95.54,4.14,79.3,53.55,26.1,61.76,degraded,6,0,3,5,-1.337,-1.3566,7.4891,0
PUMP-MONITOR,2026-01-03T21:35:00,474.85,3023.26,102.76,5.41,71.82,52.06,24.72,67.5,degraded,6,0,1,5,1.2692,7.2196,-7.4815,0
PUMP-MONITOR,2026-01-03T21:40:00,478.37,3209.14,100.72,4.33,83.88,53.87,25.77,67.71,degraded,6,0,4,5,-1.0789,-2.0387,12.0615,0
PUMP-MONITOR,2026-01-03T21:45:00,481.69,3097.01,91.1,5.67,81.76,52.93,25.49,78.4,degraded,6,0,0,5,1.3388,-9.6211,-2.1198,0
PUMP-MONITOR,2026-01-03T21:50:00,485.6,3046.51,99.86,3.26,84.89,53.41,25.94,80.06,degraded,6,0,3,5,-2.4089,8.7576,3.1292,0
PUMP-MONITOR,2026-01-03T21:55:00,480.41,3000.5,93.25,3.56,78.01,50.94,24.47,67.83,degraded,6,0,3,5,0.304,-6.6074,-6.8781,0
PUMP-MONITOR,2026-01-03T22:00:00,474.6,3181.85,106.25,3.41,81.12,51.29,24.34,61.7,degraded,6,0,3,5,-0.1544,13.0036,3.1035,0
PUMP-MONITOR,2026-01-03T22:05:00,480.67,3080.77,114.36,3.44,76.96,48.79,23.45,58.06,degraded,6,0,4,5,0.0256,8.1108,-4.1583,0
PUMP-MONITOR,2026-01-03T22:10:00,482.9,3062.91,109.2,4.88,80.12,52.58,25.39,71.12,degraded,6,0,1,5,1.4415,-5.1652,3.1628,0
PUMP-MONITOR,2026-01-03T22:15:00,478.56,3090.14,92.64,4.23,84.2,51.74,24.76,63.9,degraded,6,0,1,5,-0.6486,-16.5613,4.0799,0
PUMP-MONITOR,2026-01-03T22:20:00,487.37,3092.85,103.51,3.32,83.3,53.7,26.17,68.14,degraded,6,0,4,5,-0.9117,10.8699,-0.9059,0
PUMP-MONITOR,2026-01-03T22:25:00,476.73,2958.59,91.96,5.02,79.88,49.95,23.81,61.08,degraded,6,0,1,5,1.706,-11.5465,-3.4179,0
PUMP-MONITOR,2026-01-03T22:30:00,485.65,3000.21,97.0,3.95,76.98,50.43,24.49,63.75,degraded,6,1,3,5,-1.0724,5.0353,-2.9013,0
PUMP-MONITOR,2026-01-03T22:35:00,472.07,2961.48,92.32,5.77,78.44,51.89,24.5,64.07,degraded,6,0,0,5,1.8193,-4.6712,1.4647,0
PUMP-MONITOR,2026-01-03T22:40:00,472.8,3039.57,114.84,4.86,76.65,50.13,23.7,56.12,degraded,6,0,1,5,-0.9087,22.5149,-1.7899,0
PUMP-MONITOR,2026-01-03T22:45:00,488.3,2942.22,96.64,4.94,81.13,52.3,25.54,59.61,degraded,6,0,2,5,0.0745,-18.2043,4.4786,0
PUMP-MONITOR,2026-01-03T22:50:00,478.52,2974.61,102.22,4.82,72.02,54.79,26.22,75.76,degraded,6,0,1,5,-0.1192,5.5817,-9.1133,0
PUMP-MONITOR,2026-01-03T22:55:00,475.09,2928.07,102.5,3.35,71.96,48.62,23.1,57.27,degraded,6,0,2,5,-1.4674,0.2821,-0.0564,0
PUMP-MONITOR,2026-01-03T23:00:00,483.69,3116.12,115.27,5.45,83.43,52.57,25.43,58.36,degraded,6,0,1,5,2.1059,12.7706,11.466,0
PUMP-MONITOR,2026-01-03T23:05:00,469.62,3033.89,107.92,3.97,78.09,50.65,23.79,65.1,degraded,6,0,4,5,-1.4887,-7.345,-5.3321,0
PUMP-MONITOR,2026-01-03T23:10:00,470.99,3029.26,114.79,5.86,75.78,53.78,25.33,71.2,degraded,6,0,4,5,1.8921,6.8657,-2.3187,0
PUMP-MONITOR,2026-01-03T23:15:00,477.26,2958.22,109.69,4.48,83.84,50.26,23.99,67.3,degraded,6,0,1,5,-1.3758,-5.1029,8.0628,0
PUMP-MONITOR,2026-01-03T23:20:00,487.12,2964.05,107.36,5.0,85.25,52.79,25.72,72.57,degraded,6,0,3,5,0.5197,-2.3267,1.4142,0
PUMP-MONITOR,2026-01-03T23:25:00,483.64,3007.21,100.09,5.56,83.66,51.35,24.83,57.76,degraded,6,0,0,5,0.5559,-7.2703,-1.591,0
PUMP-MONITOR,2026-01-03T23:30:00,470.08,3009.56,96.1,5.39,82.55,52.54,24.7,71.92,degraded,6,1,4,5,-0.1704,-3.9918,-1.112,0
PUMP-MONITOR,2026-01-03T23:35:00,484.74,3031.39,93.16,5.02,71.04,53.03,25.71,71.04,degraded,6,0,2,5,-0.367,-2.9427,-11.5091,0
PUMP-MONITOR,2026-01-03T23:40:00,484.29,3120.67,96.14,3.5,83.75,51.8,25.08,55.85,degraded,6,0,0,5,-1.5238,2.9793,12.709,0
PUMP-MONITOR,2026-01-03T23:45:00,476.19,3184.54,107.83,5.97,72.29,51.72,24.63,76.49,degraded,6,0,0,5,2.476,11.6987,-11.4615,0
PUMP-MONITOR,2026-01-03T23:50:00,483.03,3069.86,101.24,4.66,82.94,51.09,24.68,68.68,degraded,6,0,1,5,-1.3147,-6.5975,10.6471,0
PUMP-MONITOR,2026-01-03T23:55:00,488.82,3210.17,111.22,3.62,78.22,51.99,25.41,67.0,degraded,6,0,2,5,-1.0387,9.984,-4.7135,0
PUMP-MONITOR,2026-01-04T00:00:00,488.47,2998.63,107.97,5.18,84.59,53.6,26.18,65.28,degraded,6,0,4,5,1.5618,-3.2487,6.3649,0
PUMP-MONITOR,2026-01-04T00:05:00,480.58,2939.45,100.0,5.53,83.2,54.57,26.23,79.91,degraded,6,0,0,5,0.3511,-7.9748,-1.3893,0
PUMP-MONITOR,2026-01-04T00:10:00,480.7,3008.24,107.93,5.03,76.54,51.36,24.69,65.59,degraded,6,0,3,5,-0.5057,7.9297,-6.6555,0
PUMP-MONITOR,2026-01-04T00:15:00,480.94,2999.27,94.0,3.46,82.21,51.86,24.94,60.32,degraded,6,0,4,5,-1.5626,-13.9267,5.6705,0
PUMP-MONITOR,2026-01-04T00:20:00,473.44,3108.38,107.26,4.95,75.65,48.72,23.06,57.68,degraded,6,0,2,5,1.4821,13.2611,-6.5647,0
PUMP-MONITOR,2026-01-04T00:25:00,478.79,2925.8,101.05,6.12,75.7,51.34,24.58,70.95,degraded,6,0,0,5,1.1736,-6.2141,0.0539,0
PUMP-MONITOR,2026-01-04T00:30:00,473.0,3067.93,101.62,5.99,79.7,51.85,24.52,79.2,degraded,6,0,3,5,-0.134,0.5679,3.9983,0
PUMP-MONITOR,2026-01-04T00:35:00,477.36,3159.52,97.36,4.9,83.6,54.63,26.08,77.22,degraded,6,0,1,5,-1.081,-4.2538,3.9042,0
PUMP-MONITOR,2026-01-04T00:40:00,472.52,3146.41,104.68,6.17,75.84,49.99,23.62,66.36,degraded,6,0,4,5,1.2691,7.3227,-7.7612,0
PUMP-MONITOR,2026-01-04T00:45:00,486.64,2972.01,108.38,3.57,82.52,52.26,25.43,75.24,degraded,6,0,2,5,-2.6018,3.6978,6.6753,0
PUMP-MONITOR,2026-01-04T00:50:00,487.12,3106.49,99.58,4.92,73.7,50.45,24.58,55.72,degraded,6,0,2,5,1.3441,-8.7972,-8.8201,0
PUMP-MONITOR,2026-01-04T00:55:00,477.0,3148.77,107.72,3.37,78.09,51.68,24.65,72.89,degraded,6,0,1,5,-1.5496,8.1301,4.3914,0
PUMP-MONITOR,2026-01-04T01:00:00,480.78,3067.16,111.87,5.95,71.26,55.02,26.45,78.89,degraded,6,0,1,5,2.5874,4.1584,-6.8248,0
PUMP-MONITOR,2026-01-04T01:05:00,478.43,3098.31,92.6,4.94,71.55,55.39,26.5,78.0,degraded,6,0,4,5,-1.0162,-19.2743,0.2813,0
PUMP-MONITOR,2026-01-04T01:10:00,485.12,2921.08,97.23,5.92,72.68,52.05,25.25,59.47,degraded,6,0,1,5,0.9782,4.6276,1.1384,0
PUMP-MONITOR,2026-01-04T01:15:00,489.29,3085.8,104.55,5.78,77.82,55.95,27.37,74.48,degraded,6,0,0,5,-0.1354,7.3281,5.1313,0
PUMP-MONITOR,2026-01-04T01:20:00,475.83,2962.78,109.1,5.24,85.26,49.23,23.43,62.4,degraded,6,0,4,5,-0.5368,4.5433,7.4457,0
PUMP-MONITOR,2026-01-04T01:25:00,473.85,2955.14,91.03,3.83,76.55,51.44,24.37,71.64,degraded,6,1,3,5,-1.4138,-18.0636,-8.7083,0
PUMP-MONITOR,2026-01-04T01:30:00,485.97,3112.31,97.08,4.68,82.4,51.2,24.88,68.18,degraded,6,0,4,5,0.8465,6.0473,5.8424,0
PUMP-MONITOR,2026-01-04T01:35:00,470.72,3145.28,95.2,5.93,72.06,54.02,25.43,75.88,degraded,6,0,2,5,1.2535,-1.8855,-10.3311,0
PUMP-MONITOR,2026-01-04T01:40:00,484.44,3004.53,91.12,5.78,78.73,55.03,26.66,78.42,degraded,6,0,3,5,-0.152,-4.0785,6.6707,0
PUMP-MONITOR,2026-01-04T01:45:00,479.87,3212.17,92.92,6.07,74.7,53.23,25.54,69.1,degraded,6,0,2,5,0.2883,1.7982,-4.0371,0
PUMP-MONITOR,2026-01-04T01:50:00,480.44,2959.28,95.25,5.56,76.48,53.13,25.53,80.18,degraded,6,0,2,5,-0.5069,2.3291,1.7773,0
PUMP-MONITOR,2026-01-04T01:55:00,488.7,2940.5,107.91,5.72,81.0,51.42,25.13,67.45,degraded,6,0,4,5,0.1575,12.6653,4.5276,0
PUMP-MONITOR,2026-01-04T02:00:00,487.46,3001.97,91.83,6.14,77.03,49.56,24.16,57.43,degraded,6,0,3,5,0.4254,-16.0771,-3.9732,0
PUMP-MONITOR,2026-01-04T02:05:00,482.87,3155.59,94.42,5.1,81.06,55.99,27.04,80.1,degraded,6,0,0,5,-1.0446,2.5888,4.0263,0
PUMP-MONITOR,2026-01-04T02:10:00,478.63,2966.04,93.03,4.94,82.74,54.24,25.96,70.57,degraded,6,0,0,5,-0.1568,-1.393,1.6796,0
PUMP-MONITOR,2026-01-04T02:15:00,477.03,2993.85,95.01,3.24,71.21,51.72,24.67,60.18,degraded,6,0,4,5,-1.6975,1.985,-11.5289,0
PUMP-MONITOR,2026-01-04T02:20:00,472.12,2989.55,95.05,4.26,84.05,51.29,24.22,62.74,degraded,6,0,3,5,1.0164,0.0357,12.8403,0
PUMP-MONITOR,2026-01-04T02:25:00,475.21,3197.31,110.71,5.42,81.12,52.84,25.11,67.6,degraded,6,0,1,5,1.1636,15.662,-2.9268,0
PUMP-MONITOR,2026-01-04T02:30:00,485.57,3115.0,92.21,5.77,79.04,52.25,25.37,56.24,degraded,6,0,0,5,0.3493,-18.5039,-2.0782,0
PUMP-MONITOR,2026-01-04T02:35:00,473.71,2997.03,97.7,4.25,71.6,52.91,25.06,70.93,degraded,6,0,1,5,-1.5226,5.4939,-7.441,0
PUMP-MONITOR,2026-01-04T02:40:00,486.56,2934.76,94.12,3.46,74.68,52.82,25.7,66.9,degraded,6,0,3,5,-0.7868,-3.5852,3.0776,0
PUMP-MONITOR,2026-01-04T02:45:00,482.77,3158.96,105.44,5.67,70.65,50.52,24.39,56.75,degraded,6,0,1,5,2.2033,11.3241,-4.026,0
PUMP-MONITOR,2026-01-04T02:50:00,478.74,3167.74,96.01,3.98,74.97,50.78,24.31,56.73,degraded,6,0,1,5,-1.6824,-9.4326,4.3153,0
PUMP-MONITOR,2026-01-04T02:55:00,472.06,2950.93,107.88,5.58,81.9,52.72,24.89,65.84,degraded,6,0,4,5,1.6003,11.876,6.9322,0
PUMP-MONITOR,2026-01-04T03:00:00,487.61,3124.35,99.51,3.68,72.26,50.71,24.73,60.87,degraded,6,0,2,5,-1.9058,-8.3788,-9.6377,0
PUMP-MONITOR,2026-01-04T03:05:00,478.07,3035.09,100.37,5.0,71.7,53.41,25.53,67.83,degraded,6,0,3,5,1.3216,0.8639,-0.565,0
PUMP-MONITOR,2026-01-04T03:10:00,473.64,3018.79,114.22,4.26,79.18,53.11,25.16,73.13,degraded,6,0,3,5,-0.7403,13.853,7.4821,0
PUMP-MONITOR,2026-01-04T03:15:00,478.71,3038.22,99.97,4.46,76.16,55.28,26.46,78.7,degraded,6,0,1,5,0.1964,-14.2493,-3.0165,0
PUMP-MONITOR,2026-01-04T03:20:00,475.55,3065.78,100.33,4.94,85.29,51.97,24.71,73.47,degraded,6,1,2,5,0.4866,0.3584,9.1271,0
PUMP-MONITOR,2026-01-04T03:25:00,472.72,3039.64,108.05,5.42,73.5,50.68,23.96,58.71,degraded,6,0,1,5,0.4763,7.7168,-11.7889,0
PUMP-MONITOR,2026-01-04T03:30:00,471.89,3032.42,90.84,4.04,78.21,51.18,24.15,63.2,degraded,6,0,4,5,-1.3763,-17.2107,4.7119,0
PUMP-MONITOR,2026-01-04T03:35:00,471.5,3098.15,104.52,4.46,71.64,50.89,24.0,62.64,degraded,6,0,4,5,0.4155,13.6843,-6.5716,0
PUMP-MONITOR,2026-01-04T03:40:00,487.62,3057.1,99.34,5.05,79.16,50.03,24.39,56.15,degraded,6,0,2,5,0.5911,-5.1775,7.5172,0
PUMP-MONITOR,2026-01-04T03:45:00,471.32,3075.61,102.96,3.3,84.04,51.36,24.21,63.62,degraded,6,0,2,5,-1.7505,3.6134,4.8775,0
PUMP-MONITOR,2026-01-04T03:50:00,487.55,3024.46,95.75,4.48,74.64,51.95,25.33,58.46,degraded,6,0,1,5,1.182,-7.2108,-9.3976,0
PUMP-MONITOR,2026-01-04T03:55:00,483.26,2925.83,107.45,4.19,75.33,56.43,27.27,78.9,degraded,6,0,0,5,-0.2914,11.7048,0.6917,0
PUMP-MONITOR,2026-01-04T04:00:00,476.69,3185.9,99.43,5.03,84.21,52.44,25.0,64.53,degraded,6,0,3,5,0.845,-8.0212,8.8785,0
PUMP-MONITOR,2026-01-04T04:05:00,471.71,3030.21,98.58,5.6,76.2,49.66,23.42,56.47,degraded,6,0,0,5,0.5625,-0.8528,-8.0109,0
PUMP-MONITOR,2026-01-04T04:10:00,473.58,3077.18,107.28,3.65,75.84,51.43,24.36,68.75,degraded,6,0,4,5,-1.9512,8.6987,-0.3586,0
PUMP-MONITOR,2026-01-04T04:15:00,471.91,3086.68,111.09,5.16,75.58,52.12,24.6,63.11,degraded,6,0,0,5,1.5097,3.8165,-0.2575,0
PUMP-MONITOR,2026-01-04T04:20:00,486.77,3170.7,112.95,4.42,77.99,49.78,24.23,59.76,degraded,6,0,1,5,-0.7375,1.8578,2.4113,0
PUMP-MONITOR,2026-01-04T04:25:00,471.93,2975.53,111.33,5.85,75.77,52.63,24.84,76.94,degraded,6,0,3,5,1.4301,-1.62,-2.2277,0
PUMP-MONITOR,2026-01-04T04:30:00,473.96,2972.5,93.2,3.54,82.56,51.39,24.36,75.53,degraded,6,0,2,5,-2.3032,-18.1351,6.7989,0
PUMP-MONITOR,2026-01-04T04:35:00,473.44,3125.4,100.04,5.28,72.44,53.97,25.55,70.44,degraded,6,0,1,5,1.7399,6.8488,-10.1271,0
PUMP-MONITOR,2026-01-04T04:40:00,471.05,2980.98,97.41,5.77,70.73,49.25,23.2,64.92,degraded,6,0,0,5,0.489,-2.6296,-1.7045,0
PUMP-MONITOR,2026-01-04T04:45:00,483.4,2915.7,108.48,4.85,79.46,53.24,25.74,62.36,degraded,6,0,3,5,-0.9203,11.0672,8.7231,0
PUMP-MONITOR,2026-01-04T04:50:00,487.63,2921.26,97.92,3.52,73.55,53.16,25.92,72.45,degraded,6,0,3,5,-1.3324,-10.5599,-5.9078,0
PUMP-MONITOR,2026-01-04T04:55:00,487.65,2995.52,112.29,4.24,78.04,53.42,26.05,72.16,degraded,6,0,1,5,0.7236,14.3705,4.4906,0
PUMP-MONITOR,2026-01-04T05:00:00,476.2,3011.31,103.28,3.91,76.9,54.63,26.02,73.97,degraded,6,0,1,5,-0.3339,-9.0086,-1.1338,0
PUMP-MONITOR,2026-01-04T05:05:00,473.46,3212.49,99.03,4.76,79.66,51.58,24.42,78.39,degraded,6,0,4,5,0.8475,-4.2568,2.7604,0
PUMP-MONITOR,2026-01-04T05:10:00,470.72,3172.68,104.66,6.06,80.61,52.51,24.72,63.17,degraded,6,0,3,5,1.3038,5.632,0.9464,0
PUMP-MONITOR,2026-01-04T05:15:00,473.36,3186.81,95.86,5.0,76.59,50.28,23.8,59.79,degraded,6,0,3,5,-1.0614,-8.7972,-4.026,0
PUMP-MONITOR,2026-01-04T05:20:00,476.16,3059.81,93.47,3.43,71.77,51.37,24.46,60.25,degraded,6,0,1,5,-1.567,-2.3939,-4.8127,0
PUMP-MONITOR,2026-01-04T05:25:00,487.39,2981.21,97.01,5.89,85.31,53.86,26.25,68.12,degraded,6,0,4,5,2.4586,3.5414,13.5326,0
PUMP-MONITOR,2026-01-04T05:30:00,471.89,3018.39,100.94,5.42,81.91,50.18,23.68,64.87,degraded,6,0,2,5,-0.4671,3.9282,-3.3905,0
PUMP-MONITOR,2026-01-04T05:35:00,475.58,3052.47,90.99,4.04,71.7,50.67,24.1,61.32,degraded,6,0,4,5,-1.3875,-9.9502,-10.2131,0
PUMP-MONITOR,2026-01-04T05:40:00,485.36,2993.49,109.17,5.98,74.0,50.05,24.29,63.45,degraded,6,0,4,5,1.9474,18.1862,2.2975,0
PUMP-MONITOR,2026-01-04T05:45:00,474.43,3152.89,107.18,5.65,82.49,50.82,24.11,65.06,degraded,6,0,4,5,-0.3396,-1.9909,8.4877,0
PUMP-MONITOR,2026-01-04T05:50:00,483.55,2982.11,93.26,3.61,74.96,55.39,26.78,78.39,degraded,6,0,2,5,-2.0369,-13.9185,-7.5284,0
PUMP-MONITOR,2026-01-04T05:55:00,485.28,3154.5,101.01,5.24,82.61,54.92,26.65,76.83,degraded,6,0,4,5,1.6279,7.75,7.6505,0
PUMP-MONITOR,2026-01-04T06:00:00,477.7,3182.1,100.16,4.94,77.65,54.99,26.27,75.98,degraded,6,0,1,5,-0.2919,-0.8517,-4.9622,0
PUMP-MONITOR,2026-01-04T06:05:00,481.6,3036.79,98.58,5.93,78.32,53.06,25.55,80.03,degraded,6,0,2,5,0.981,-1.5841,0.6736,0
PUMP-MONITOR,2026-01-04T06:10:00,481.56,3198.64,93.57,5.44,74.47,52.73,25.39,76.04,degraded,6,0,3,5,-0.481,-5.012,-3.8454,0
PUMP-MONITOR,2026-01-04T06:15:00,472.69,2942.09,104.09,6.19,83.47,50.64,23.94,56.41,degraded,6,0,0,5,0.7453,10.5189,8.9938,0
PUMP-MONITOR,2026-01-04T06:20:00,480.61,3203.54,92.73,4.97,76.18,50.71,24.37,67.12,degraded,6,0,4,5,-1.2174,-11.3583,-7.287,0
PUMP-MONITOR,2026-01-04T06:25:00,474.64,2991.89,108.86,6.06,85.12,52.42,24.88,71.31,degraded,6,1,5,5,1.084,16.133,8.9387,0
PUMP-MONITOR,2026-01-04T06:30:00,488.18,3206.1,113.68,5.8,79.65,50.96,24.88,64.64,degraded,6,0,3,5,-0.257,4.8242,-5.475,0
PUMP-MONITOR,2026-01-04T06:35:00,487.52,3138.74,106.49,4.12,77.18,51.97,25.33,64.69,degraded,6,0,2,5,-1.676,-7.1958,-2.4637,0
PUMP-MONITOR,2026-01-04T06:40:00,471.95,3064.33,110.12,4.61,75.07,48.14,22.72,56.39,degraded,6,0,1,5,0.4832,3.6291,-2.107,0
PUMP-MONITOR,2026-01-04T06:45:00,476.73,3026.27,103.27,3.53,84.88,51.44,24.52,55.52,degraded,6,0,4,5,-1.0748,-6.8495,9.8015,0
PUMP-MONITOR,2026-01-04T06:50:00,471.87,2985.32,109.79,5.05,80.41,54.2,25.57,79.99,degraded,6,0,3,5,1.5187,6.5254,-4.4693,0
PUMP-MONITOR,2026-01-04T06:55:00,482.15,3123.91,99.89,3.99,76.02,52.28,25.21,67.99,degraded,6,0,4,5,-1.0573,-9.9049,-4.386,0
PUMP-MONITOR,2026-01-04T07:00:00,470.74,3190.06,115.22,5.07,82.58,54.64,25.72,79.52,degraded,6,0,4,5,1.08,15.336,6.5583,0
PUMP-MONITOR,2026-01-04T07:05:00,472.59,3044.95,110.2,3.75,79.99,52.05,24.6,75.16,degraded,6,0,2,5,-1.3274,-5.0253,-2.5871,0
PUMP-MONITOR,2026-01-04T07:10:00,486.31,2954.12,111.57,4.16,81.46,54.36,26.44,67.88,degraded,6,0,4,5,0.4183,1.3706,1.4706,0
PUMP-MONITOR,2026-01-04T07:15:00,471.68,3093.44,106.95,5.84,78.98,50.28,23.71,66.53,degraded,6,0,1,5,1.6771,-4.616,-2.4815,0
PUMP-MONITOR,2026-01-04T07:20:00,478.59,3166.48,101.24,3.85,73.62,48.16,23.05,55.42,degraded,6,0,2,5,-1.9944,-5.7093,-5.3564,0
PUMP-MONITOR,2026-01-04T07:25:00,488.79,3020.16,111.27,5.58,73.37,52.87,25.84,70.22,degraded,6,0,3,5,1.7384,10.0257,-0.2571,0
PUMP-MONITOR,2026-01-04T07:30:00,471.99,3176.04,107.8,5.11,83.1,50.74,23.95,62.08,degraded,6,0,3,5,-0.4786,-3.4679,9.7336,0
PUMP-MONITOR,2026-01-04T07:35:00,470.48,3106.26,95.85,4.38,84.87,52.16,24.54,68.25,degraded,6,0,4,5,-0.7262,-11.9527,1.7704,0
PUMP-MONITOR,2026-01-04T07:40:00,478.56,2948.36,101.94,6.01,74.4,53.51,25.61,79.41,degraded,6,0,4,5,1.6255,6.0952,-10.4685,0
PUMP-MONITOR,2026-01-04T07:45:00,477.6,3077.26,95.1,4.72,80.12,50.01,23.88,65.09,degraded,6,0,3,5,-1.2841,-6.8466,5.7135,0
PUMP-MONITOR,2026-01-04T07:50:00,470.62,2987.19,97.89,3.2,76.14,52.89,24.89,69.36,degraded,6,0,0,5,-1.5201,2.7911,-3.9748,0
PUMP-MONITOR,2026-01-04T07:55:00,486.27,3025.33,102.46,4.97,74.58,54.12,26.32,74.07,degraded,6,1,1,5,1.7667,4.5674,-1.5661,0
PUMP-MONITOR,2026-01-04T08:00:00,481.54,2928.36,97.22,5.18,74.41,54.47,26.23,75.38,degraded,6,0,1,5,0.2165,-5.2354,-0.1696,0
PUMP-MONITOR,2026-01-04T08:05:00,483.07,2982.08,97.74,4.46,71.99,53.34,25.77,76.48,degraded,6,0,2,5,-0.7287,0.5139,-2.4134,0
PUMP-MONITOR,2026-01-04T08:10:00,482.05,3150.8,114.23,4.88,80.73,49.42,23.82,59.95,degraded,6,0,0,5,0.4266,16.4939,8.7396,0
PUMP-MONITOR,2026-01-04T08:15:00,487.34,3205.79,112.9,4.99,73.4,50.64,24.68,57.2,degraded,6,0,0,5,0.1033,-1.3321,-7.3344,0
PUMP-MONITOR,2026-01-04T08:20:00,476.51,2951.72,112.66,6.14,73.62,52.22,24.88,63.52,degraded,6,0,3,5,1.1566,-0.2335,0.2185,0
PUMP-MONITOR,2026-01-04T08:25:00,470.04,3152.8,102.55,3.43,81.67,51.54,24.23,60.76,degraded,6,0,3,5,-2.7149,-10.1173,8.0504,0
PUMP-MONITOR,2026-01-04T08:30:00,469.7,3175.81,112.42,4.36,70.69,48.72,22.88,56.66,degraded,6,0,2,5,0.9275,9.872,-10.9763,0
PUMP-MONITOR,2026-01-04T08:35:00,470.02,2942.19,104.05,3.74,81.49,50.02,23.51,55.89,degraded,6,0,2,5,-0.6179,-8.367,10.8015,0
PUMP-MONITOR,2026-01-04T08:40:00,470.27,3099.64,97.38,5.94,85.43,54.42,25.59,77.54,degraded,6,0,1,5,2.2029,-6.6739,3.9398,0
PUMP-MONITOR,2026-01-04T08:45:00,484.23,3172.83,101.37,4.26,80.59,50.18,24.3,59.25,degraded,6,0,2,5,-1.6838,3.9963,-4.8459,0
PUMP-MONITOR,2026-01-04T08:50:00,471.04,3177.13,111.13,3.52,76.77,50.22,23.65,69.07,degraded,6,0,1,5,-0.7406,9.7604,-3.8206,0
PUMP-MONITOR,2026-01-04T08:55:00,476.01,3104.41,102.34,4.81,83.29,54.7,26.04,73.49,degraded,6,0,2,5,1.2986,-8.7974,6.5216,0
PUMP-MONITOR,2026-01-04T09:00:00,477.61,3128.37,100.78,5.93,79.71,50.85,24.29,63.47,degraded,6,0,0,5,1.1111,-1.5608,-3.5807,0
PUMP-MONITOR,2026-01-04T09:05:00,488.67,3169.25,112.5,5.06,77.92,53.4,26.09,71.99,degraded,6,0,1,5,-0.8626,11.7229,-1.7866,0
PUMP-MONITOR,2026-01-04T09:10:00,481.34,2989.51,96.96,5.62,80.27,53.49,25.75,79.75,degraded,6,0,4,5,0.5543,-15.5341,2.3498,0
PUMP-MONITOR,2026-01-04T09:15:00,475.63,3050.02,111.32,3.99,79.49,53.78,25.58,73.33,degraded,6,0,0,5,-1.6257,14.351,-0.7821,0
PUMP-MONITOR,2026-01-04T09:20:00,479.06,3176.26,93.41,6.19,75.19,50.94,24.4,65.0,degraded,6,0,1,5,2.2019,-17.9063,-4.2971,0
PUMP-MONITOR,2026-01-04T09:25:00,480.58,2917.61,92.42,3.43,74.3,52.31,25.14,65.56,degraded,6,0,4,5,-2.7594,-0.9859,-0.8942,0
PUMP-MONITOR,2026-01-04T09:30:00,483.69,3075.6,107.92,5.47,77.64,48.96,23.68,56.72,degraded,6,1,3,5,2.0386,15.5008,3.3433,0
PUMP-MONITOR,2026-01-04T09:35:00,474.99,3149.93,96.93,5.78,74.0,54.7,25.98,80.13,degraded,6,0,0,5,0.3047,-10.9946,-3.6365,0
PUMP-MONITOR,2026-01-04T09:40:00,488.92,3186.84,92.16,5.25,75.53,53.36,26.09,79.3,degraded,6,0,1,5,-0.5306,-4.7736,1.5233,0
PUMP-MONITOR,2026-01-04T09:45:00,477.49,3183.25,103.68,6.01,71.61,49.64,23.7,63.88,degraded,6,0,0,5,0.7669,11.5265,-3.9139,0
PUMP-MONITOR,2026-01-04T09:50:00,486.45,2915.81,115.55,4.83,78.37,54.77,26.64,79.69,degraded,6,0,0,5,-1.1809,11.8628,6.7538,0
PUMP-MONITOR,2026-01-04T09:55:00,475.62,3051.12,101.68,3.69,78.16,52.87,25.15,63.49,degraded,6,0,1,5,-1.146,-13.8626,-0.2094,0
PUMP-MONITOR,2026-01-04T10:00:00,471.01,3140.4,104.64,4.27,78.6,47.72,22.47,57.14,degraded,6,0,3,5,0.5849,2.9604,0.4389,0
PUMP-MONITOR,2026-01-04T10:05:00,477.77,3191.12,108.34,3.42,80.68,50.67,24.21,70.53,degraded,6,0,1,5,-0.8484,3.6954,2.0852,0
PUMP-MONITOR,2026-01-04T10:10:00,471.22,2916.61,94.8,5.71,80.91,49.92,23.52,60.18,degraded,6,0,4,5,2.2839,-13.5365,0.2268,0
PUMP-MONITOR,2026-01-04T10:15:00,473.83,3012.88,104.15,3.55,85.44,52.95,25.09,72.03,degraded,6,0,0,5,-2.1569,9.3455,4.5342,0
PUMP-MONITOR,2026-01-04T10:20:00,479.34,3190.66,101.34,5.76,72.57,53.64,25.71,70.04,degraded,6,0,4,5,2.2089,-2.8049,-12.8731,0
PUMP-MONITOR,2026-01-04T10:25:00,480.17,2938.29,103.67,4.72,72.0,55.17,26.49,78.64,degraded,6,0,0,5,-1.0368,2.3307,-0.5708,0
PUMP-MONITOR,2026-01-04T10:30:00,475.93,3207.72,105.0,4.3,75.33,53.33,25.38,71.8,degraded,6,0,2,5,-0.424,1.3289,3.3286,0
PUMP-MONITOR,2026-01-04T10:35:00,472.33,2980.87,101.5,4.61,79.45,53.73,25.38,80.29,degraded,6,0,2,5,0.3152,-3.4977,4.1269,0
PUMP-MONITOR,2026-01-04T10:40:00,481.2,3028.52,113.04,5.98,82.33,51.39,24.73,59.75,degraded,6,0,3,5,1.3709,11.5391,2.8742,0
PUMP-MONITOR,2026-01-04T10:45:00,486.23,2976.69,91.27,4.58,85.19,52.41,25.48,58.24,degraded,6,0,3,5,-1.4087,-21.7764,2.8661,0
PUMP-MONITOR,2026-01-04T10:50:00,473.04,3029.25,112.98,4.78,82.08,49.11,23.23,59.88,degraded,6,0,0,5,0.2004,21.7122,-3.1122,0
PUMP-MONITOR,2026-01-04T10:55:00,482.52,2993.6,100.48,4.18,80.85,52.78,25.47,62.61,degraded,6,0,3,5,-0.5934,-12.4971,-1.2309,0
PUMP-MONITOR,2026-01-04T11:00:00,489.39,3072.08,98.85,4.73,79.64,53.23,26.05,74.93,degraded,6,0,1,5,0.5455,-1.6296,-1.2119,0
PUMP-MONITOR,2026-01-04T11:05:00,473.21,2923.43,97.51,3.59,77.73,49.7,23.52,63.48,degraded,6,0,2,5,-1.1395,-1.3468,-1.9047,0
PUMP-MONITOR,2026-01-04T11:10:00,477.77,3174.98,109.26,4.06,76.78,52.36,25.02,61.8,degraded,6,0,2,5,0.4704,11.7544,-0.9545,0
PUMP-MONITOR,2026-01-04T11:15:00,489.38,2942.95,113.85,3.49,81.43,54.97,26.9,73.25,degraded,6,0,0,5,-0.5742,4.5923,4.6518,0
PUMP-MONITOR,2026-01-04T11:20:00,479.18,2929.95,96.08,4.53,70.8,55.82,26.75,79.76,degraded,6,0,1,5,1.0469,-17.7741,-10.633,0
PUMP-MONITOR,2026-01-04T11:25:00,484.41,2925.75,110.65,5.23,70.88,55.28,26.78,77.15,degraded,6,1,3,5,0.6974,14.571,0.0847,0
PUMP-MONITOR,2026-01-04T11:30:00,477.81,3191.5,109.38,5.38,80.56,50.21,23.99,57.77,degraded,6,0,0,5,0.1544,-1.2726,9.6781,0
PUMP-MONITOR,2026-01-04T11:35:00,478.22,2956.26,94.32,3.4,75.5,50.92,24.35,55.8,degraded,6,0,3,5,-1.987,-15.0564,-5.0566,0
PUMP-MONITOR,2026-01-04T11:40:00,472.36,3027.83,105.53,5.54,84.32,52.42,24.76,78.62,degraded,6,0,4,5,2.1387,11.2059,8.8193,0
PUMP-MONITOR,2026-01-04T11:45:00,483.37,3150.07,114.91,3.48,75.43,50.52,24.42,56.25,degraded,6,0,2,5,-2.0564,9.3809,-8.8897,0
PUMP-MONITOR,2026-01-04T11:50:00,480.94,3127.66,107.81,4.26,77.11,53.65,25.8,67.76,degraded,6,0,3,5,0.7827,-7.0997,1.6796,0
PUMP-MONITOR,2026-01-04T11:55:00,470.74,3094.95,111.87,3.64,71.96,49.42,23.26,58.42,degraded,6,0,4,5,-0.625,4.0657,-5.1585,0
PUMP-MONITOR,2026-01-04T12:00:00,474.24,3123.73,109.23,4.64,83.79,55.06,26.11,80.31,degraded,6,0,2,5,0.9986,-2.6435,11.8398,0
PUMP-MONITOR,2026-01-04T12:05:00,488.25,3052.91,96.73,3.61,75.46,51.4,25.1,57.64,degraded,6,0,0,5,-1.0213,-12.5037,-8.3377,0
PUMP-MONITOR,2026-01-04T12:10:00,474.0,3167.07,98.16,6.12,74.19,49.77,23.59,64.95,degraded,6,0,4,5,2.503,1.4319,-1.265,0
PUMP-MONITOR,2026-01-04T12:15:00,471.74,3014.09,114.38,5.14,79.6,50.35,23.75,72.25,degraded,6,0,4,5,-0.9743,16.2247,5.4102,0
PUMP-MONITOR,2026-01-04T12:20:00,479.43,3028.14,113.52,3.22,84.4,49.73,23.84,64.8,degraded,6,0,0,5,-1.9204,-0.8615,4.8017,0
PUMP-MONITOR,2026-01-04T12:25:00,480.89,3137.18,112.0,5.59,71.94,53.66,25.8,70.66,degraded,6,0,2,5,2.3692,-1.526,-12.4634,0
PUMP-MONITOR,2026-01-04T12:30:00,473.29,3042.56,100.19,3.55,75.92,52.63,24.91,72.11,degraded,6,0,0,5,-2.0403,-11.8047,3.9765,0
PUMP-MONITOR,2026-01-04T12:35:00,488.65,3158.56,98.09,5.35,76.34,50.38,24.62,57.23,degraded,6,0,3,5,1.8015,-2.1019,0.4229,0
PUMP-MONITOR,2026-01-04T12:40:00,486.93,3203.47,113.57,6.11,80.72,49.38,24.05,58.62,degraded,6,0,1,5,0.7523,15.4812,4.3789,0
PUMP-MONITOR,2026-01-04T12:45:00,471.04,3109.98,106.2,3.93,82.64,50.5,23.79,69.01,degraded,6,1,2,5,-2.1712,-7.3735,1.9249,0
PUMP-MONITOR,2026-01-04T12:50:00,482.43,3159.28,110.55,4.98,79.6,53.94,26.02,79.46,degraded,6,0,3,5,1.048,4.3535,-3.0427,0
PUMP-MONITOR,2026-01-04T12:55:00,476.78,3199.26,109.17,6.01,84.32,50.68,24.16,71.44,degraded,6,0,1,5,1.0283,-1.3839,4.7201,0
PUMP-MONITOR,2026-01-04T13:00:00,470.06,2952.2,109.89,5.04,74.66,49.14,23.1,55.51,degraded,6,0,0,5,-0.9689,0.7202,-9.6629,0
PUMP-MONITOR,2026-01-04T13:05:00,473.29,2985.29,91.15,4.99,83.54,54.72,25.9,79.73,degraded,6,0,1,5,-0.0472,-18.7314,8.8807,0
PUMP-MONITOR,2026-01-04T13:10:00,485.88,3011.43,114.54,5.08,74.41,51.06,24.81,58.49,degraded,6,0,2,5,0.0855,23.3805,-9.1323,0
PUMP-MONITOR,2026-01-04T13:15:00,471.25,2984.84,100.37,3.82,75.84,51.75,24.39,63.24,degraded,6,0,1,5,-1.2568,-14.1614,1.4329,0
PUMP-MONITOR,2026-01-04T13:20:00,487.98,2978.41,99.27,3.51,84.01,53.12,25.92,77.88,degraded,6,0,1,5,-0.3091,-1.1057,8.1744,0
PUMP-MONITOR,2026-01-04T13:25:00,479.28,3196.93,107.99,5.82,76.88,53.61,25.7,73.28,degraded,6,0,0,5,2.3068,8.7188,-7.1337,0
PUMP-MONITOR,2026-01-04T13:30:00,488.33,3136.75,99.84,5.11,81.68,52.6,25.68,59.16,degraded,6,0,0,5,-0.7088,-8.1515,4.7947,0
PUMP-MONITOR,2026-01-04T13:35:00,488.32,3079.16,107.14,3.36,77.81,54.76,26.74,69.61,degraded,6,0,0,5,-1.7495,7.3058,-3.869,0
PUMP-MONITOR,2026-01-04T13:40:00,473.19,3156.02,105.69,5.11,79.69,54.88,25.97,78.9,degraded,6,1,1,5,1.7445,-1.4475,1.88,0
PUMP-MONITOR,2026-01-04T13:45:00,486.59,3161.22,103.33,4.9,76.68,55.58,27.05,78.36,degraded,6,0,2,5,-0.2049,-2.3634,-3.0048,0
PUMP-MONITOR,2026-01-04T13:50:00,474.15,3143.75,113.65,5.15,85.51,50.53,23.96,68.34,degraded,6,0,2,5,0.2474,10.3178,8.8254,0
PUMP-MONITOR,2026-01-04T13:55:00,479.53,3082.75,99.64,4.84,85.44,52.6,25.22,66.66,degraded,6,0,0,5,-0.3044,-14.0121,-0.0644,0
PUMP-MONITOR,2026-01-04T14:00:00,478.57,3081.4,104.8,3.75,74.83,49.66,23.76,61.89,degraded,6,0,4,5,-1.0929,5.1637,-10.609,0
PUMP-MONITOR,2026-01-04T14:05:00,480.01,3209.97,108.62,4.03,74.68,54.86,26.33,72.63,degraded,6,0,3,5,0.2804,3.82,-0.1549,0
PUMP-MONITOR,2026-01-04T14:10:00,470.01,2958.05,91.59,4.67,76.17,54.74,25.73,79.95,degraded,6,0,2,5,0.6385,-17.0302,1.49,0
PUMP-MONITOR,2026-01-04T14:15:00,480.51,3080.23,92.85,4.61,78.69,53.88,25.89,69.11,degraded,6,0,4,5,-0.0626,1.2562,2.5242,0
PUMP-MONITOR,2026-01-04T14:20:00,484.51,3015.27,106.15,4.29,78.22,52.31,25.35,65.78,degraded,6,0,1,5,-0.3194,13.3054,-0.4702,0
PUMP-MONITOR,2026-01-04T14:25:00,486.12,3076.15,96.88,4.24,74.74,51.38,24.98,61.4,degraded,6,0,1,5,-0.0499,-9.2665,-3.4837,0
PUMP-MONITOR,2026-01-04T14:30:00,487.56,2971.55,97.1,5.27,71.45,51.9,25.3,72.1,degraded,6,0,4,5,1.0262,0.2113,-3.2846,0
PUMP-MONITOR,2026-01-04T14:35:00,476.97,3156.11,114.39,4.09,80.48,51.54,24.58,65.09,degraded,6,0,4,5,-1.1728,17.2942,9.0265,0
PUMP-MONITOR,2026-01-04T14:40:00,483.29,3154.82,108.39,4.63,71.32,48.9,23.63,56.45,degraded,6,1,2,5,0.5379,-6.0017,-9.1614,0
PUMP-MONITOR,2026-01-04T14:45:00,472.75,2978.8,106.59,5.9,84.31,50.75,23.99,65.81,degraded,6,0,2,5,1.2714,-1.7937,12.9891,0
PUMP-MONITOR,2026-01-04T14:50:00,472.89,3181.07,105.27,5.63,76.02,51.26,24.24,70.25,degraded,6,1,3,5,-0.2748,-1.3294,-8.2917,0
PUMP-MONITOR,2026-01-04T14:55:00,480.1,3158.14,97.78,5.19,81.28,52.8,25.35,65.24,degraded,6,0,2,5,-0.4345,-7.4879,5.2647,0
PUMP-MONITOR,2026-01-04T15:00:00,478.21,3009.48,100.65,6.08,77.07,50.51,24.16,60.71,degraded,6,1,1,5,0.8844,2.8738,-4.2129,0
PUMP-MONITOR,2026-01-04T15:05:00,487.64,3088.92,102.5,6.04,74.1,53.02,25.86,75.02,degraded,6,0,0,5,-0.0346,1.8449,-2.973,0
PUMP-MONITOR,2026-01-04T15:10:00,478.72,2997.14,101.53,6.07,73.81,49.22,23.56,62.8,degraded,6,0,2,5,0.028,-0.9705,-0.2844,0
PUMP-MONITOR,2026-01-04T15:15:00,476.17,3151.49,93.34,6.14,82.91,51.84,24.68,60.53,degraded,6,0,1,5,0.0735,-8.1841,9.1014,0
PUMP-MONITOR,2026-01-04T15:20:00,484.34,3209.19,102.34,3.62,80.85,53.97,26.14,72.86,degraded,6,0,4,5,-2.5212,8.9937,-2.0615,0
PUMP-MONITOR,2026-01-04T15:25:00,489.0,3021.54,109.21,3.28,72.77,56.05,27.41,77.73,degraded,6,1,5,5,-0.3413,6.8772,-8.0847,0
PUMP-MONITOR,2026-01-04T15:30:00,486.3,3204.87,94.39,3.84,73.13,52.81,25.68,78.37,degraded,6,0,2,5,0.5622,-14.82,0.3599,0
PUMP-MONITOR,2026-01-04T15:35:00,478.81,3069.02,104.29,4.48,85.08,50.7,24.28,64.66,degraded,6,1,1,5,0.6339,9.8967,11.957,0
PUMP-MONITOR,2026-01-04T15:40:00,479.78,3032.5,103.36,4.63,76.58,51.48,24.7,73.95,degraded,6,0,2,5,0.1535,-0.9318,-8.5049,0
PUMP-MONITOR,2026-01-04T15:45:00,480.71,3157.9,101.59,3.99,78.84,50.37,24.22,57.23,degraded,6,0,2,5,-0.6411,-1.772,2.2571,0
PUMP-MONITOR,2026-01-04T15:50:00,488.5,3152.15,112.71,5.55,81.84,53.43,26.1,70.12,degraded,6,0,1,5,1.5556,11.1206,3.0058,0
PUMP-MONITOR,2026-01-04T15:55:00,478.75,3124.36,97.34,5.61,74.54,50.7,24.27,61.19,degraded,6,0,4,5,0.0626,-15.3626,-7.3034,0
PUMP-MONITOR,2026-01-04T16:00:00,477.45,3076.0,95.51,6.19,77.68,50.66,24.19,61.14,degraded,6,0,3,5,0.5864,-1.8283,3.1411,0
PUMP-MONITOR,2026-01-04T16:05:00,473.11,2994.04,107.45,4.59,84.44,50.7,23.99,58.47,degraded,6,0,3,5,-1.6062,11.9328,6.7635,0
PUMP-MONITOR,2026-01-04T16:10:00,470.89,2989.15,101.19,4.76,80.85,51.79,24.39,73.47,degraded,6,0,1,5,0.1726,-6.2563,-3.5947,0
PUMP-MONITOR,2026-01-04T16:15:00,486.02,3046.51,105.32,5.0,77.37,51.71,25.13,72.91,degraded,6,0,2,5,0.2367,4.1293,-3.4737,0
PUMP-MONITOR,2026-01-04T16:20:00,487.75,3077.0,113.18,3.47,76.52,50.46,24.61,60.24,degraded,6,0,0,5,-1.5232,7.8624,-0.8587,0
PUMP-MONITOR,2026-01-04T16:25:00,477.38,2953.14,103.24,4.58,81.96,54.87,26.19,78.93,degraded,6,0,0,5,1.1041,-9.9455,5.4411,0
PUMP-MONITOR,2026-01-04T16:30:00,475.06,2935.22,90.69,6.08,80.87,52.51,24.95,69.79,degraded,6,0,3,5,1.4972,-12.5485,-1.0855,0
PUMP-MONITOR,2026-01-04T16:35:00,483.6,2935.61,104.88,5.37,84.3,55.39,26.79,79.67,degraded,6,0,4,5,-0.7025,14.1891,3.4317,0
PUMP-MONITOR,2026-01-04T16:40:00,484.22,3062.92,104.03,6.03,76.43,55.01,26.64,73.24,degraded,6,0,4,5,0.6604,-0.8453,-7.8778,0
PUMP-MONITOR,2026-01-04T16:45:00,479.78,2927.37,111.85,4.68,80.8,52.75,25.31,68.71,degraded,6,1,5,5,-1.3489,7.8177,4.3725,0
PUMP-MONITOR,2026-01-04T16:50:00,479.63,2985.28,114.98,3.95,71.65,51.62,24.76,55.7,degraded,6,0,2,5,-0.7305,3.1326,-9.1456,0
PUMP-MONITOR,2026-01-04T16:55:00,469.51,3137.91,92.64,4.23,80.8,53.14,24.95,73.26,degraded,6,0,2,5,0.2732,-22.3422,9.1441,0
PUMP-MONITOR,2026-01-04T17:00:00,486.9,3192.81,100.88,5.88,81.51,52.9,25.76,76.37,degraded,6,0,0,5,1.6528,8.2362,0.7126,0
PUMP-MONITOR,2026-01-04T17:05:00,476.71,3109.57,102.25,4.79,78.41,52.67,25.11,71.89,degraded,6,0,0,5,-1.0882,1.3729,-3.1007,0
PUMP-MONITOR,2026-01-04T17:10:00,484.44,3183.35,105.05,4.01,74.9,48.88,23.68,55.56,degraded,6,0,1,5,-0.7807,2.8021,-3.5062,0
PUMP-MONITOR,2026-01-04T17:15:00,475.48,3213.68,107.15,5.82,72.01,49.63,23.6,62.78,degraded,6,0,4,5,1.8108,2.0931,-2.8909,0
PUMP-MONITOR,2026-01-04T17:20:00,482.59,2933.05,93.67,5.96,77.52,54.96,26.52,78.35,degraded,6,0,2,5,0.1345,-13.4764,5.5085,0
PUMP-MONITOR,2026-01-04T17:25:00,485.94,3149.76,110.45,4.43,82.15,50.78,24.67,63.29,degraded,6,0,3,5,-1.5217,16.784,4.631,0
PUMP-MONITOR,2026-01-04T17:30:00,475.7,3196.94,95.0,3.68,77.87,51.42,24.46,57.52,degraded,6,0,0,5,-0.7558,-15.4565,-4.2773,0
PUMP-MONITOR,2026-01-04T17:35:00,476.0,2916.7,113.47,3.68,78.04,48.47,23.07,56.26,degraded,6,0,1,5,-0.0024,18.4684,0.1691,0
PUMP-MONITOR,2026-01-04T17:40:00,485.03,3133.79,95.37,4.83,83.92,50.8,24.64,56.87,degraded,6,1,3,5,1.1532,-18.0936,5.8792,0
PUMP-MONITOR,2026-01-04T17:45:00,489.11,2959.61,111.13,4.91,83.37,50.35,24.63,63.54,degraded,6,0,0,5,0.0779,15.7559,-0.5534,0
PUMP-MONITOR,2026-01-04T17:50:00,470.15,3127.37,103.86,5.2,82.62,51.22,24.08,62.87,degraded,6,0,0,5,0.2933,-7.2678,-0.7455,0
PUMP-MONITOR,2026-01-04T17:55:00,481.96,3168.16,90.61,4.34,80.45,51.44,24.79,67.52,degraded,6,0,0,5,-0.861,-13.2516,-2.1713,0
PUMP-MONITOR,2026-01-04T18:00:00,485.59,3179.52,97.46,3.52,83.21,53.29,25.88,79.59,degraded,6,0,0,5,-0.817,6.8503,2.7541,0
PUMP-MONITOR,2026-01-04T18:05:00,473.88,3128.77,94.73,5.43,76.2,48.32,22.9,57.33,degraded,6,0,1,5,1.9042,-2.7262,-7.0094,0
PUMP-MONITOR,2026-01-04T18:10:00,483.82,3141.22,93.63,4.93,80.17,51.76,25.04,58.77,degraded,6,0,4,5,-0.4923,-1.0993,3.9732,0
PUMP-MONITOR,2026-01-04T18:15:00,487.27,3000.1,95.27,3.93,71.15,52.05,25.36,58.82,degraded,6,0,0,5,-1.0067,1.6393,-9.0193,0
PUMP-MONITOR,2026-01-04T18:20:00,477.24,2943.11,107.87,3.48,82.95,51.25,24.46,69.9,degraded,6,0,2,5,-0.447,12.5957,11.8005,0
PUMP-MONITOR,2026-01-04T18:25:00,481.61,3065.91,98.04,5.21,73.29,55.69,26.82,76.95,degraded,6,0,1,5,1.7341,-9.8307,-9.6563,0
PUMP-MONITOR,2026-01-04T18:30:00,482.11,3167.41,108.4,5.09,75.18,53.82,25.95,73.04,degraded,6,0,4,5,-0.1297,10.3636,1.8841,0
PUMP-MONITOR,2026-01-04T18:35:00,486.77,3060.87,96.65,5.22,79.53,54.89,26.72,71.77,degraded,6,0,2,5,0.1368,-11.753,4.3494,0
PUMP-MONITOR,2026-01-04T18:40:00,485.43,2977.94,93.46,4.53,77.3,51.32,24.91,56.68,degraded,6,0,2,5,-0.6885,-3.189,-2.2302,0
PUMP-MONITOR,2026-01-04T18:45:00,482.88,3185.86,104.61,3.64,71.02,50.78,24.52,61.94,degraded,6,0,0,5,-0.8933,11.1471,-6.2768,0
PUMP-MONITOR,2026-01-04T18:50:00,481.98,3100.11,95.32,3.76,78.03,51.56,24.85,66.22,degraded,6,0,1,5,0.118,-9.2848,7.0117,0
PUMP-MONITOR,2026-01-04T18:55:00,481.59,2954.52,115.27,5.42,72.51,54.0,26.0,73.96,degraded,6,0,3,5,1.6597,19.9445,-5.5271,0
PUMP-MONITOR,2026-01-04T19:00:00,481.77,2943.67,109.66,4.56,83.22,52.71,25.39,77.72,degraded,6,0,4,5,-0.8545,-5.6063,10.7155,0
PUMP-MONITOR,2026-01-04T19:05:00,475.6,2996.62,91.09,3.91,75.83,50.72,24.12,69.8,degraded,6,0,1,5,-0.649,-18.5737,-7.3862,0
PUMP-MONITOR,2026-01-04T19:10:00,475.58,3104.36,101.98,3.36,80.63,49.9,23.73,55.79,degraded,6,0,4,5,-0.5541,10.8925,4.7929,0
PUMP-MONITOR,2026-01-04T19:15:00,486.18,3163.57,104.97,6.06,82.99,55.5,26.98,73.17,degraded,6,0,4,5,2.6955,2.9944,2.3668,0
PUMP-MONITOR,2026-01-04T19:20:00,483.42,3002.02,97.32,3.65,81.87,51.74,25.01,66.1,degraded,6,0,2,5,-2.401,-7.6559,-1.1263,0
PUMP-MONITOR,2026-01-04T19:25:00,483.11,2945.44,110.53,5.48,72.56,51.93,25.09,63.95,degraded,6,0,0,5,1.8211,13.2149,-9.3035,0
PUMP-MONITOR,2026-01-04T19:30:00,477.53,3002.5,111.33,5.48,78.77,53.14,25.38,73.05,degraded,6,0,0,5,0.0001,0.7997,6.2019,0
PUMP-MONITOR,2026-01-04T19:35:00,476.21,3138.09,98.14,5.56,80.77,52.03,24.78,76.47,degraded,6,0,4,5,0.0824,-13.1877,2.0073,0
PUMP-MONITOR,2026-01-04T19:40:00,471.29,3162.48,96.19,6.09,76.01,49.3,23.23,60.18,degraded,6,0,1,5,0.5361,-1.9569,-4.7675,0
PUMP-MONITOR,2026-01-04T19:45:00,477.73,3051.53,103.36,3.82,72.38,52.9,25.27,79.92,degraded,6,0,2,5,-2.2715,7.1772,-3.6213,0
PUMP-MONITOR,2026-01-04T19:50:00,483.13,2928.42,99.7,4.01,79.83,49.03,23.69,55.63,degraded,6,0,2,5,0.1849,-3.6658,7.4478,0
PUMP-MONITOR,2026-01-04T19:55:00,478.12,3135.71,110.97,3.47,82.85,53.97,25.8,74.06,degraded,6,0,0,5,-0.5392,11.2767,3.0158,0
PUMP-MONITOR,2026-01-04T20:00:00,474.4,3178.14,109.43,6.22,80.17,52.34,24.83,62.91,degraded,6,0,1,5,2.753,-1.5476,-2.6833,0
PUMP-MONITOR,2026-01-04T20:05:00,484.48,2920.72,99.92,4.19,74.67,51.78,25.09,70.45,degraded,6,0,0,5,-2.029,-9.5074,-5.4906,0
PUMP-MONITOR,2026-01-04T20:10:00,485.5,3182.12,104.88,4.09,83.98,50.83,24.68,62.74,degraded,6,0,1,5,-0.1056,4.958,9.3102,0
PUMP-MONITOR,2026-01-04T20:15:00,472.19,3106.19,99.0,4.74,77.51,51.87,24.49,77.22,degraded,6,0,4,5,0.6483,-5.8812,-6.479,0
PUMP-MONITOR,2026-01-04T20:20:00,485.89,3038.62,96.11,5.79,79.85,52.49,25.51,63.41,degraded,6,1,3,5,1.0539,-2.887,2.3417,0
PUMP-MONITOR,2026-01-04T20:25:00,488.83,3074.97,107.47,5.36,71.63,52.85,25.83,66.24,degraded,6,0,0,5,-0.4258,11.3612,-8.2191,0
PUMP-MONITOR,2026-01-04T20:30:00,469.65,3131.87,99.03,5.74,82.01,49.33,23.17,64.08,degraded,6,0,4,5,0.3794,-8.4382,10.3784,0
PUMP-MONITOR,2026-01-04T20:35:00,483.93,3000.26,94.6,6.18,85.05,53.82,26.05,66.24,degraded,6,0,2,5,0.4406,-4.4292,3.0399,0
PUMP-MONITOR,2026-01-04T20:40:00,477.18,3182.86,101.27,3.9,71.35,54.08,25.8,72.39,degraded,6,0,4,5,-2.2821,6.6693,-13.6985,0
PUMP-MONITOR,2026-01-04T20:45:00,486.43,2927.75,99.33,5.7,70.81,54.02,26.28,72.05,degraded,6,0,3,5,1.7984,-1.9389,-0.5344,0
PUMP-MONITOR,2026-01-04T20:50:00,480.71,3170.4,97.24,4.4,81.54,50.87,24.45,66.47,degraded,6,0,4,5,-1.2961,-2.0937,10.7285,0
PUMP-MONITOR,2026-01-04T20:55:00,473.28,3119.45,106.01,5.67,76.15,51.37,24.31,67.25,degraded,6,0,0,5,1.2665,8.774,-5.3896,0
PUMP-MONITOR,2026-01-04T21:00:00,485.52,3181.75,113.63,4.33,80.94,55.42,26.91,74.17,degraded,6,1,2,5,-1.3439,7.6196,4.7844,0
PUMP-MONITOR,2026-01-04T21:05:00,474.25,3022.91,103.34,3.58,72.36,50.02,23.72,56.78,degraded,6,0,4,5,-0.748,-10.289,-8.5745,0
PUMP-MONITOR,2026-01-04T21:10:00,473.88,3181.27,95.22,5.91,80.27,52.55,24.9,78.62,degraded,6,0,1,5,2.3312,-8.1264,7.9024,0
PUMP-MONITOR,2026-01-04T21:15:00,479.44,3010.34,99.24,3.79,78.53,54.81,26.28,80.37,degraded,6,0,2,5,-2.1175,4.0252,-1.7361,0
PUMP-MONITOR,2026-01-04T21:20:00,470.76,3136.74,96.21,3.98,81.72,47.66,22.44,56.79,degraded,6,0,3,5,0.1852,-3.0313,3.1899,0
PUMP-MONITOR,2026-01-04T21:25:00,478.93,3147.45,91.76,3.88,81.83,50.21,24.05,63.76,degraded,6,0,0,5,-0.0975,-4.4561,0.1067,0
PUMP-MONITOR,2026-01-04T21:30:00,477.94,3137.58,107.21,4.32,75.27,53.2,25.43,73.42,degraded,6,0,3,5,0.4437,15.4531,-6.5569,0
PUMP-MONITOR,2026-01-04T21:35:00,471.55,3169.54,100.18,4.9,83.43,52.82,24.91,64.8,degraded,6,0,3,5,0.5753,-7.0281,8.1571,0
PUMP-MONITOR,2026-01-04T21:40:00,487.4,3007.5,110.61,3.31,83.41,53.34,26.0,77.31,degraded,6,0,4,5,-1.5855,10.4271,-0.0168,0
PUMP-MONITOR,2026-01-04T21:45:00,484.97,3037.18,94.22,3.53,79.96,51.56,25.0,71.08,degraded,6,0,2,5,0.2187,-16.3868,-3.4539,0
PUMP-MONITOR,2026-01-04T21:50:00,488.97,3041.4,96.42,5.06,76.3,55.14,26.96,72.4,degraded,6,0,3,5,1.5269,2.201,-3.6564,0
PUMP-MONITOR,2026-01-04T21:55:00,482.98,3143.11,113.81,5.24,76.83,53.07,25.63,73.21,degraded,6,0,3,5,0.1768,17.3858,0.5353,0
PUMP-MONITOR,2026-01-04T22:00:00,477.59,3123.66,109.21,6.11,80.06,49.76,23.76,65.81,degraded,6,0,1,5,0.8718,-4.5935,3.2287,0
PUMP-MONITOR,2026-01-04T22:05:00,485.72,2992.43,113.51,5.35,82.85,51.77,25.15,63.88,degraded,6,0,0,5,-0.7536,4.2916,2.7867,0
PUMP-MONITOR,2026-01-04T22:10:00,478.48,2997.09,108.58,3.79,72.08,53.99,25.83,75.39,degraded,6,1,3,5,-1.5648,-4.9284,-10.771,0
PUMP-MONITOR,2026-01-04T22:15:00,487.73,3059.33,110.8,6.13,74.3,54.0,26.34,68.38,degraded,6,1,2,5,2.3399,2.2228,2.2189,0
PUMP-MONITOR,2026-01-04T22:20:00,484.34,3021.07,109.74,6.15,70.78,50.2,24.31,60.23,degraded,6,0,4,5,0.0173,-1.0612,-3.5214,0
PUMP-MONITOR,2026-01-04T22:25:00,484.99,2941.86,104.02,4.87,76.42,51.79,25.12,65.33,degraded,6,0,4,5,-1.2788,-5.7157,5.6408,0
PUMP-MONITOR,2026-01-04T22:30:00,488.37,3025.1,109.17,3.5,71.28,53.32,26.04,60.25,degraded,6,0,2,5,-1.3697,5.1423,-5.1379,0
PUMP-MONITOR,2026-01-04T22:35:00,479.92,2979.77,107.95,5.53,84.63,49.4,23.71,56.77,degraded,6,0,0,5,2.0327,-1.2127,13.3554,0
PUMP-MONITOR,2026-01-04T22:40:00,477.28,3106.69,115.29,3.53,82.63,50.84,24.27,65.33,degraded,6,0,3,5,-1.9986,7.3369,-2.0036,0
PUMP-MONITOR,2026-01-04T22:45:00,471.13,3158.61,110.19,6.04,75.0,49.63,23.38,68.27,degraded,6,1,4,5,2.5073,-5.1042,-7.6326,0
PUMP-MONITOR,2026-01-04T22:50:00,487.26,3214.58,107.64,4.81,81.31,53.03,25.84,64.4,degraded,6,0,0,5,-1.2316,-2.55,6.3129,0
PUMP-MONITOR,2026-01-04T22:55:00,472.75,3144.91,96.73,4.62,83.04,52.18,24.67,68.86,degraded,6,0,1,5,-0.1887,-10.9024,1.7293,0
PUMP-MONITOR,2026-01-04T23:00:00,476.13,3000.35,112.22,4.03,74.67,53.36,25.41,75.09,degraded,6,0,0,5,-0.5898,15.491,-8.3707,0
PUMP-MONITOR,2026-01-04T23:05:00,476.2,3136.36,113.31,3.85,71.57,51.2,24.38,58.52,degraded,6,0,2,5,-0.1825,1.085,-3.0977,0
PUMP-MONITOR,2026-01-04T23:10:00,483.36,3153.97,101.77,4.79,83.09,52.47,25.36,64.59,degraded,6,0,0,5,0.9463,-11.5397,11.5178,0
PUMP-MONITOR,2026-01-04T23:15:00,476.53,2957.49,113.56,4.47,83.1,52.2,24.88,70.83,degraded,6,0,1,5,-0.319,11.7855,0.012,0
PUMP-MONITOR,2026-01-04T23:20:00,473.29,3193.82,115.49,4.92,75.92,50.89,24.09,69.17,degraded,6,0,3,5,0.4462,1.9321,-7.1798,0
PUMP-MONITOR,2026-01-04T23:25:00,470.15,3134.68,113.14,5.62,75.58,50.13,23.57,56.25,degraded,6,0,3,5,0.7005,-2.3519,-0.3417,0
PUMP-MONITOR,2026-01-04T23:30:00,472.43,2969.21,108.82,4.46,72.5,51.67,24.41,61.37,degraded,6,0,0,5,-1.1644,-4.3204,-3.0817,0
PUMP-MONITOR,2026-01-04T23:35:00,484.85,2967.97,112.88,4.21,75.29,49.23,23.87,58.62,degraded,6,0,3,5,-0.2471,4.0653,2.7955,0
PUMP-MONITOR,2026-01-04T23:40:00,479.44,3075.3,101.91,3.64,80.65,50.36,24.14,68.18,degraded,6,0,2,5,-0.5685,-10.9667,5.3531,0
PUMP-MONITOR,2026-01-04T23:45:00,485.32,3014.29,109.73,5.91,80.78,50.23,24.38,56.65,degraded,6,0,0,5,2.2728,7.8153,0.1314,0
PUMP-MONITOR,2026-01-04T23:50:00,469.66,3204.15,105.07,3.36,79.25,50.26,23.6,67.02,degraded,6,0,4,5,-2.5497,-4.6563,-1.5237,0
PUMP-MONITOR,2026-01-04T23:55:00,484.73,2999.44,114.47,6.04,84.45,52.89,25.64,65.57,degraded,6,0,3,5,2.6749,9.3987,5.191,0
PUMP-MONITOR,2026-01-05T00:00:00,473.49,3032.93,100.84,6.12,70.9,50.88,24.09,72.81,degraded,6,0,0,5,0.0771,-13.6313,-13.5411,0
PUMP-MONITOR,2026-01-05T00:05:00,472.95,2922.61,112.91,4.73,77.05,49.57,23.45,62.48,degraded,6,0,3,5,-1.3823,12.0668,6.1504,0
PUMP-MONITOR,2026-01-05T00:10:00,481.25,2928.83,99.21,3.86,81.85,52.62,25.32,79.64,degraded,6,0,2,5,-0.869,-13.6946,4.7916,0
PUMP-MONITOR,2026-01-05T00:15:00,483.96,3139.92,97.51,4.12,84.81,53.68,25.98,63.66,degraded,6,0,3,5,0.254,-1.7017,2.9623,0
PUMP-MONITOR,2026-01-05T00:20:00,479.86,3083.68,96.22,3.72,82.85,55.07,26.42,77.33,degraded,6,0,2,5,-0.3954,-1.2933,-1.9615,0
PUMP-MONITOR,2026-01-05T00:25:00,479.91,2986.31,114.97,5.47,85.29,53.45,25.65,65.07,degraded,6,0,3,5,1.7502,18.7502,2.4381,0
PUMP-MONITOR,2026-01-05T00:30:00,479.97,3100.94,92.01,3.32,77.97,51.05,24.5,67.2,degraded,6,0,3,5,-2.1507,-22.9576,-7.313,0
PUMP-MONITOR,2026-01-05T00:35:00,475.16,3045.99,114.92,3.94,80.6,49.72,23.62,55.83,degraded,6,0,0,5,0.6178,22.913,2.6319,0
PUMP-MONITOR,2026-01-05T00:40:00,475.0,3186.15,109.56,5.59,74.46,51.54,24.48,69.36,degraded,6,0,2,5,1.6459,-5.3602,-6.1488,0
PUMP-MONITOR,2026-01-05T00:45:00,472.79,2930.35,97.31,5.82,71.32,53.61,25.35,74.81,degraded,6,0,2,5,0.2301,-12.25,-3.1333,0
PUMP-MONITOR,2026-01-05T00:50:00,484.25,3093.29,96.46,5.88,78.47,55.35,26.8,76.16,degraded,6,0,3,5,0.0595,-0.8522,7.1441,0
PUMP-MONITOR,2026-01-05T00:55:00,476.7,3130.73,96.15,4.96,80.55,53.18,25.35,73.58,degraded,6,0,3,5,-0.9108,-0.3069,2.0793,0
PUMP-MONITOR,2026-01-05T01:00:00,485.02,3203.36,112.2,5.36,73.37,50.63,24.56,56.4,degraded,6,0,2,5,0.3924,16.0418,-7.1731,0
PUMP-MONITOR,2026-01-05T01:05:00,475.18,3164.2,103.79,5.13,84.01,49.71,23.62,62.9,degraded,6,0,4,5,-0.2266,-8.404,10.6336,0
PUMP-MONITOR,2026-01-05T01:10:00,482.25,2918.81,108.93,3.9,84.12,50.98,24.58,61.19,degraded,6,0,3,5,-1.2344,5.141,0.1155,0
PUMP-MONITOR,2026-01-05T01:15:00,479.25,2928.56,110.17,5.58,85.05,54.06,25.91,71.71,degraded,6,0,2,5,1.6797,1.2385,0.9247,0
PUMP-MONITOR,2026-01-05T01:20:00,474.35,3152.51,105.3,4.36,73.45,49.11,23.3,61.96,degraded,6,0,2,5,-1.2187,-4.8732,-11.5964,0
PUMP-MONITOR,2026-01-05T01:25:00,475.87,2968.24,106.93,4.96,72.12,52.22,24.85,73.21,degraded,6,0,4,5,0.6076,1.6275,-1.3287,0
PUMP-MONITOR,2026-01-05T01:30:00,477.34,3096.8,97.08,4.39,78.9,49.34,23.55,62.4,degraded,6,0,2,5,-0.5793,-9.8454,6.7808,0
PUMP-MONITOR,2026-01-05T01:35:00,471.42,3066.09,104.45,4.6,75.34,54.17,25.54,78.93,degraded,6,0,3,5,0.2182,7.3674,-3.5632,0
PUMP-MONITOR,2026-01-05T01:40:00,473.22,2955.32,113.27,5.78,77.0,51.73,24.48,78.71,degraded,6,0,3,5,1.1741,8.8179,1.6605,0
PUMP-MONITOR,2026-01-05T01:45:00,480.2,3040.79,111.84,4.25,78.93,51.72,24.83,65.89,degraded,6,0,0,5,-1.5258,-1.4227,1.9323,0
PUMP-MONITOR,2026-01-05T01:50:00,473.72,2960.0,93.07,5.16,81.41,50.95,24.13,62.34,degraded,6,0,3,5,0.9097,-18.7736,2.4798,0
PUMP-MONITOR,2026-01-05T01:55:00,481.57,3203.44,112.1,4.14,74.64,53.48,25.75,73.17,degraded,6,0,3,5,-1.0197,19.0308,-6.7708,0
PUMP-MONITOR,2026-01-05T02:00:00,479.6,3123.63,102.68,4.5,72.78,55.16,26.46,76.14,degraded,6,0,4,5,0.3619,-9.4197,-1.8651,0
PUMP-MONITOR,2026-01-05T02:05:00,472.22,2982.32,93.4,4.37,76.94,52.5,24.79,79.78,degraded,6,0,2,5,-0.1356,-9.2808,4.1654,0
PUMP-MONITOR,2026-01-05T02:10:00,478.25,3214.5,94.47,4.72,85.06,49.17,23.52,58.63,degraded,6,0,2,5,0.3513,1.069,8.1229,0
PUMP-MONITOR,2026-01-05T02:15:00,488.54,3139.54,108.62,3.56,72.67,54.94,26.84,69.75,degraded,6,0,3,5,-1.1641,14.1472,-12.3939,0
PUMP-MONITOR,2026-01-05T02:20:00,488.17,3067.58,92.42,4.05,84.27,52.51,25.63,66.46,degraded,6,0,2,5,0.4976,-16.1919,11.5982,0
PUMP-MONITOR,2026-01-05T02:25:00,481.65,2976.05,91.92,5.63,72.8,53.28,25.66,73.81,degraded,6,0,0,5,1.5773,-0.5008,-11.4718,0
PUMP-MONITOR,2026-01-05T02:30:00,471.21,3140.69,92.3,3.74,74.12,53.55,25.23,73.29,degraded,6,0,0,5,-1.8878,0.3765,1.3233,0
PUMP-MONITOR,2026-01-05T02:35:00,486.08,3046.68,108.5,3.38,78.36,53.88,26.19,77.99,degraded,6,0,4,5,-0.3577,16.2002,4.2356,0
PUMP-MONITOR,2026-01-05T02:40:00,478.63,3106.83,95.97,5.19,71.57,55.13,26.38,78.59,degraded,6,0,4,5,1.8006,-12.5283,-6.7805,0
PUMP-MONITOR,2026-01-05T02:45:00,475.14,3170.76,98.15,5.53,80.09,52.44,24.92,78.5,degraded,6,0,2,5,0.3475,2.1811,8.5169,0
PUMP-MONITOR,2026-01-05T02:50:00,478.01,3011.36,109.42,4.48,79.07,52.03,24.87,57.32,degraded,6,0,4,5,-1.0558,11.263,-1.0192,0
PUMP-MONITOR,2026-01-05T02:55:00,485.85,3118.36,111.07,6.2,85.61,52.91,25.71,60.41,degraded,6,0,1,5,1.7273,1.6582,6.5345,0
PUMP-MONITOR,2026-01-05T03:00:00,488.61,3114.27,111.65,4.81,79.68,51.18,25.01,62.9,degraded,6,0,1,5,-1.3935,0.5771,-5.931,0
PUMP-MONITOR,2026-01-05T03:05:00,469.81,3005.64,110.57,3.95,79.82,51.44,24.16,58.14,degraded,6,0,4,5,-0.8602,-1.0786,0.1427,0
PUMP-MONITOR,2026-01-05T03:10:00,477.89,3194.43,108.28,5.38,83.07,52.31,25.0,59.5,degraded,6,0,2,5,1.4339,-2.2872,3.2526,0
PUMP-MONITOR,2026-01-05T03:15:00,472.3,3182.31,101.85,3.36,79.29,52.99,25.02,64.83,degraded,6,0,1,5,-2.0276,-6.4339,-3.7812,0
PUMP-MONITOR,2026-01-05T03:20:00,487.42,2936.4,107.27,3.63,72.94,51.43,25.07,65.55,degraded,6,0,1,5,0.2716,5.4221,-6.3519,0
PUMP-MONITOR,2026-01-05T03:25:00,486.1,3202.47,108.75,6.0,77.03,53.68,26.09,78.51,degraded,6,0,3,5,2.3757,1.4743,4.0876,0
PUMP-MONITOR,2026-01-05T03:30:00,484.98,2932.88,95.41,6.16,77.27,48.9,23.71,57.1,degraded,6,0,2,5,0.1603,-13.3375,0.2406,0
PUMP-MONITOR,2026-01-05T03:35:00,488.76,3180.52,102.76,6.16,74.17,53.1,25.96,68.11,degraded,6,0,3,5,-0.0001,7.349,-3.0925,0
PUMP-MONITOR,2026-01-05T03:40:00,480.44,3123.08,102.14,6.18,77.8,54.85,26.35,74.68,degraded,6,0,2,5,0.0129,-0.6156,3.6295,0
PUMP-MONITOR,2026-01-05T03:45:00,486.4,3125.72,100.76,3.57,71.61,55.11,26.81,73.4,degraded,6,0,3,5,-2.6052,-1.3859,-6.1943,0
PUMP-MONITOR,2026-01-05T03:50:00,485.36,3191.59,103.29,3.52,78.92,54.08,26.25,75.13,degraded,6,0,4,5,-0.0552,2.5359,7.3096,0
PUMP-MONITOR,2026-01-05T03:55:00,473.44,3072.29,92.1,5.2,71.69,49.38,23.38,64.52,degraded,6,0,1,5,1.6786,-11.1959,-7.2323,0
PUMP-MONITOR,2026-01-05T04:00:00,484.56,2919.67,91.89,3.31,84.23,51.82,25.11,73.09,degraded,6,0,3,5,-1.8876,-0.2039,12.542,0
PUMP-MONITOR,2026-01-05T04:05:00,482.44,3185.54,103.57,5.66,71.25,52.03,25.1,56.8,degraded,6,0,3,5,2.3549,11.6769,-12.9791,0
PUMP-MONITOR,2026-01-05T04:10:00,489.21,3179.59,113.83,4.16,83.37,51.61,25.25,70.15,degraded,6,0,2,5,-1.5025,10.259,12.1248,0
PUMP-MONITOR,2026-01-05T04:15:00,472.79,3058.1,114.79,3.83,85.45,52.89,25.0,66.01,degraded,6,0,2,5,-0.3253,0.9649,2.0806,0
PUMP-MONITOR,2026-01-05T04:20:00,478.76,3216.71,114.96,4.43,70.94,51.17,24.5,64.68,degraded,6,0,1,5,0.5992,0.1692,-14.5104,0
PUMP-MONITOR,2026-01-05T04:25:00,489.29,2955.52,100.37,3.74,74.18,53.29,26.08,58.77,degraded,6,0,1,5,-0.694,-14.596,3.2378,0
PUMP-MONITOR,2026-01-05T04:30:00,486.7,2992.33,103.41,4.75,74.11,51.57,25.1,59.1,degraded,6,0,4,5,1.011,3.044,-0.0687,0
PUMP-MONITOR,2026-01-05T04:35:00,471.52,3082.2,95.73,5.02,80.99,50.48,23.8,69.0,degraded,6,0,2,5,0.2665,-7.6821,6.8764,0
PUMP-MONITOR,2026-01-05T04:40:00,487.85,2972.92,101.38,4.75,83.98,52.0,25.37,62.47,degraded,6,0,1,5,-0.2704,5.654,2.9867,0
PUMP-MONITOR,2026-01-05T04:45:00,475.26,3122.59,113.02,5.08,78.15,48.96,23.27,58.24,degraded,6,0,1,5,0.3301,11.6366,-5.8241,0
PUMP-MONITOR,2026-01-05T04:50:00,473.28,2955.98,103.65,5.18,74.05,51.04,24.16,60.0,degraded,6,0,1,5,0.106,-9.3723,-4.0991,0
PUMP-MONITOR,2026-01-05T04:55:00,486.96,3058.64,99.99,4.21,82.77,52.38,25.51,56.1,degraded,6,0,2,5,-0.9724,-3.658,8.7116,0
PUMP-MONITOR,2026-01-05T05:00:00,473.16,3005.46,93.5,3.86,85.48,53.44,25.29,70.91,degraded,6,1,3,5,-0.3521,-6.4911,2.7121,0
PUMP-MONITOR,2026-01-05T05:05:00,481.0,3201.71,97.61,3.57,81.03,53.84,25.9,77.05,degraded,6,0,3,5,-0.2887,4.1164,-4.447,0
PUMP-MONITOR,2026-01-05T05:10:00,479.23,3023.88,95.77,4.4,70.83,52.26,25.04,62.32,degraded,6,0,2,5,0.8328,-1.8419,-10.1957,0
PUMP-MONITOR,2026-01-05T05:15:00,479.28,3001.6,103.09,4.36,77.67,50.63,24.26,66.79,degraded,6,0,4,5,-0.0387,7.3135,6.8365,0
PUMP-MONITOR,2026-01-05T05:20:00,486.8,2977.36,94.36,4.19,79.22,54.49,26.52,67.33,degraded,6,0,4,5,-0.172,-8.7246,1.5512,0
PUMP-MONITOR,2026-01-05T05:25:00,475.61,2938.98,106.91,5.17,74.31,54.0,25.68,70.36,degraded,6,1,2,5,0.9747,12.5502,-4.9086,0
PUMP-MONITOR,2026-01-05T05:30:00,489.14,3132.6,103.46,3.96,75.36,53.48,26.16,78.8,degraded,6,1,5,5,-1.204,-3.4562,1.0482,0
PUMP-MONITOR,2026-01-05T05:35:00,476.41,3069.35,110.29,5.08,71.01,50.68,24.14,66.31,degraded,6,0,3,5,1.1208,6.8391,-4.348,0
PUMP-MONITOR,2026-01-05T05:40:00,474.71,3089.5,111.52,4.93,72.64,54.92,26.07,76.34,degraded,6,0,3,5,-0.1573,1.2211,1.6233,0
PUMP-MONITOR,2026-01-05T05:45:00,470.7,3016.38,113.59,5.15,80.38,51.34,24.16,58.22,degraded,6,0,3,5,0.2198,2.0744,7.7433,0
PUMP-MONITOR,2026-01-05T05:50:00,481.5,3213.08,98.87,5.65,85.51,49.99,24.07,63.63,degraded,6,0,3,5,0.5024,-14.7161,5.1336,0
PUMP-MONITOR,2026-01-05T05:55:00,484.54,2989.88,98.94,5.16,85.63,50.47,24.46,66.96,degraded,6,1,3,5,-0.4912,0.0631,0.1159,0
PUMP-MONITOR,2026-01-05T06:00:00,470.11,3213.72,105.67,4.71,72.26,53.88,25.33,78.84,degraded,6,0,0,5,-0.444,6.7284,-13.3709,0
PUMP-MONITOR,2026-01-05T06:05:00,478.54,3215.82,97.24,4.93,79.05,51.57,24.68,63.22,degraded,6,0,0,5,0.2178,-8.4274,6.7937,0
PUMP-MONITOR,2026-01-05T06:10:00,476.56,3174.72,98.75,6.22,71.65,52.02,24.79,62.9,degraded,6,0,1,5,1.2873,1.5076,-7.4048,0
PUMP-MONITOR,2026-01-05T06:15:00,479.7,2987.65,111.79,5.76,85.19,49.96,23.96,56.44,degraded,6,0,4,5,-0.4557,13.0478,13.5411,0
PUMP-MONITOR,2026-01-05T06:20:00,480.28,3082.63,94.12,4.91,84.0,54.43,26.14,80.22,degraded,6,0,4,5,-0.8483,-17.6734,-1.1845,0
PUMP-MONITOR,2026-01-05T06:25:00,482.79,3079.78,102.18,3.82,82.3,51.83,25.02,60.26,degraded,6,0,3,5,-1.0951,8.0639,-1.7063,0
PUMP-MONITOR,2026-01-05T06:30:00,485.89,3039.28,106.94,4.4,83.59,52.58,25.55,61.73,degraded,6,1,5,5,0.5775,4.7603,1.2869,0
PUMP-MONITOR,2026-01-05T06:35:00,473.4,2965.54,91.23,4.14,73.36,51.03,24.16,65.93,degraded,6,0,1,5,-0.2615,-15.7114,-10.227,0
PUMP-MONITOR,2026-01-05T06:40:00,477.64,2942.72,106.36,5.4,81.54,51.34,24.52,56.16,degraded,6,0,1,5,1.2637,15.1315,8.1854,0
PUMP-MONITOR,2026-01-05T06:45:00,481.24,2977.64,109.46,5.32,73.34,51.87,24.96,63.23,degraded,6,0,4,5,-0.0787,3.0994,-8.2033,0
PUMP-MONITOR,2026-01-05T06:50:00,470.4,2939.64,93.37,5.93,73.24,51.69,24.31,66.2,degraded,6,0,3,5,0.6091,-16.0903,-0.1027,0
PUMP-MONITOR,2026-01-05T06:55:00,478.56,3091.76,106.83,3.81,77.72,49.68,23.78,60.36,degraded,6,0,1,5,-2.1166,13.4516,4.4776,0
PUMP-MONITOR,2026-01-05T07:00:00,469.65,3124.49,94.4,4.24,77.08,49.84,23.41,56.45,degraded,6,0,1,5,0.4286,-12.4204,-0.6387,0
PUMP-MONITOR,2026-01-05T07:05:00,487.66,2990.65,91.11,3.9,78.59,54.57,26.61,76.05,degraded,6,0,1,5,-0.3444,-3.2977,1.5106,0
PUMP-MONITOR,2026-01-05T07:10:00,472.64,2958.2,106.33,5.5,82.06,52.59,24.85,75.22,degraded,6,0,0,5,1.602,15.2249,3.4735,0
PUMP-MONITOR,2026-01-05T07:15:00,470.51,2926.87,110.76,4.08,73.37,53.98,25.4,77.02,degraded,6,0,4,5,-1.4207,4.4276,-8.6895,0
PUMP-MONITOR,2026-01-05T07:20:00,470.91,3099.69,108.79,3.61,78.26,51.0,24.02,68.2,degraded,6,0,0,5,-0.4678,-1.9713,4.8902,0
PUMP-MONITOR,2026-01-05T07:25:00,486.05,3173.05,112.64,3.33,81.2,52.27,25.41,58.12,degraded,6,0,0,5,-0.2803,3.8479,2.9359,0
PUMP-MONITOR,2026-01-05T07:30:00,471.57,2967.36,103.29,5.59,84.69,49.63,23.4,56.93,degraded,6,0,1,5,2.2626,-9.349,3.4914,0
PUMP-MONITOR,2026-01-05T07:35:00,480.63,3094.11,96.85,3.29,79.94,50.88,24.45,57.8,degraded,6,0,0,5,-2.307,-6.4339,-4.7452,0
PUMP-MONITOR,2026-01-05T07:40:00,481.31,2926.87,99.94,4.17,74.53,53.26,25.64,73.04,degraded,6,0,2,5,0.8844,3.0903,-5.4092,0
PUMP-MONITOR,2026-01-05T07:45:00,484.34,2936.7,104.85,4.93,82.6,52.56,25.46,62.83,degraded,6,0,1,5,0.7579,4.9042,8.0699,0
PUMP-MONITOR,2026-01-05T07:50:00,478.65,3180.21,114.71,5.5,75.22,54.23,25.96,77.12,degraded,6,0,1,5,0.5687,9.8634,-7.3884,0
PUMP-MONITOR,2026-01-05T07:55:00,484.6,3122.3,114.23,5.24,75.32,53.1,25.73,63.88,degraded,6,0,0,5,-0.2534,-0.4802,0.1009,0
PUMP-MONITOR,2026-01-05T08:00:00,487.18,3082.67,99.6,4.53,84.48,53.64,26.13,64.87,degraded,6,0,2,5,-0.7162,-14.6308,9.1636,0
PUMP-MONITOR,2026-01-05T08:05:00,479.85,3016.67,104.52,3.56,76.27,50.33,24.15,66.69,degraded,6,0,3,5,-0.9639,4.9151,-8.2139,0
PUMP-MONITOR,2026-01-05T08:10:00,476.52,3045.37,113.12,5.99,85.5,50.0,23.83,66.98,degraded,6,0,0,5,2.4273,8.6096,9.2303,0
PUMP-MONITOR,2026-01-05T08:15:00,475.0,3150.95,91.53,3.33,73.8,52.13,24.76,73.04,degraded,6,0,4,5,-2.6651,-21.5993,-11.6945,0
PUMP-MONITOR,2026-01-05T08:20:00,470.61,3104.31,114.67,4.87,70.84,52.75,24.82,67.11,degraded,6,0,0,5,1.5464,23.1417,-2.9603,0
PUMP-MONITOR,2026-01-05T08:25:00,487.68,3046.21,90.72,5.73,75.47,51.66,25.19,61.95,degraded,6,0,2,5,0.8556,-23.9487,4.6244,0
PUMP-MONITOR,2026-01-05T08:30:00,488.59,2947.4,98.18,4.18,82.14,51.52,25.17,61.99,degraded,6,0,1,5,-1.5473,7.4624,6.677,0
PUMP-MONITOR,2026-01-05T08:35:00,477.58,2982.58,113.05,3.55,85.17,52.99,25.3,68.5,degraded,6,0,1,5,-0.6295,14.8675,3.0274,0
PUMP-MONITOR,2026-01-05T08:40:00,473.07,3191.82,112.54,5.2,84.94,50.19,23.74,63.41,degraded,6,0,4,5,1.6474,-0.5099,-0.2275,0
PUMP-MONITOR,2026-01-05T08:45:00,472.48,3055.95,115.54,4.63,73.56,52.17,24.65,68.77,degraded,6,0,3,5,-0.5727,3.0057,-11.3857,0
PUMP-MONITOR,2026-01-05T08:50:00,469.76,2941.88,93.31,3.99,85.23,53.92,25.33,78.23,degraded,6,0,4,5,-0.6339,-22.2296,11.6689,0
PUMP-MONITOR,2026-01-05T08:55:00,478.73,3099.33,102.24,5.39,80.32,52.77,25.26,69.92,degraded,6,0,3,5,1.3978,8.9208,-4.9051,0
PUMP-MONITOR,2026-01-05T09:00:00,488.33,2959.88,98.69,4.16,82.94,51.47,25.14,56.74,degraded,6,0,2,5,-1.2285,-3.5411,2.6195,0
PUMP-MONITOR,2026-01-05T09:05:00,469.81,3216.79,97.5,5.38,80.71,50.68,23.81,55.53,degraded,6,0,4,5,1.2182,-1.1911,-2.2345,0
PUMP-MONITOR,2026-01-05T09:10:00,469.82,3158.87,95.27,4.36,76.25,49.86,23.42,59.35,degraded,6,0,1,5,-1.024,-2.2318,-4.4548,0
PUMP-MONITOR,2026-01-05T09:15:00,478.49,3085.3,91.35,5.24,74.65,48.48,23.2,58.32,degraded,6,0,3,5,0.8869,-3.9253,-1.5976,0
PUMP-MONITOR,2026-01-05T09:20:00,488.65,3150.66,93.31,4.61,72.76,55.23,26.99,79.07,degraded,6,0,4,5,-0.6332,1.9652,-1.8955,0
PUMP-MONITOR,2026-01-05T09:25:00,486.21,3016.31,96.32,5.79,82.11,51.38,24.98,58.34,degraded,6,0,4,5,1.1785,3.0056,9.3523,0
PUMP-MONITOR,2026-01-05T09:30:00,488.94,3002.39,91.2,4.85,81.82,50.84,24.86,63.38,degraded,6,0,2,5,-0.9368,-5.119,-0.2887,0
PUMP-MONITOR,2026-01-05T09:35:00,483.48,3169.39,93.72,4.3,76.38,51.79,25.04,56.74,degraded,6,0,0,5,-0.551,2.5181,-5.4372,0
PUMP-MONITOR,2026-01-05T09:40:00,469.5,2994.75,103.58,5.94,72.94,52.83,24.8,68.89,degraded,6,0,0,5,1.64,9.8671,-3.4401,0
PUMP-MONITOR,2026-01-05T09:45:00,487.5,3159.9,100.82,5.84,71.43,54.29,26.47,71.93,degraded,6,0,2,5,-0.1046,-2.7593,-1.5138,0
PUMP-MONITOR,2026-01-05T09:50:00,483.53,3065.5,107.69,3.58,82.06,52.62,25.45,66.28,degraded,6,0,0,5,-2.2563,6.8697,10.6267,0
PUMP-MONITOR,2026-01-05T09:55:00,485.43,3048.66,105.59,4.0,75.85,53.77,26.1,75.15,degraded,6,0,2,5,0.4223,-2.0994,-6.2049,0
PUMP-MONITOR,2026-01-05T10:00:00,481.08,2962.21,112.93,3.9,80.2,48.59,23.38,58.16,degraded,6,0,0,5,-0.1022,7.3378,4.3489,0
PUMP-MONITOR,2026-01-05T10:05:00,485.42,3071.6,92.67,3.95,83.4,51.23,24.87,57.22,degraded,6,0,3,5,0.0529,-20.2608,3.1976,0
PUMP-MONITOR,2026-01-05T10:10:00,477.79,2950.97,115.34,4.35,85.37,51.31,24.52,57.59,degraded,6,0,3,5,0.3974,22.6649,1.9739,0
PUMP-MONITOR,2026-01-05T10:15:00,485.97,3211.15,101.24,5.22,77.47,50.49,24.54,58.75,degraded,6,0,2,5,0.8689,-14.0982,-7.899,0
PUMP-MONITOR,2026-01-05T10:20:00,480.1,3089.97,105.95,5.68,77.89,53.74,25.8,68.84,degraded,6,0,0,5,0.4584,4.7124,0.4205,0
PUMP-MONITOR,2026-01-05T10:25:00,484.97,3204.86,97.46,5.25,75.32,50.36,24.42,62.31,degraded,6,0,2,5,-0.4238,-8.4922,-2.5762,0
PUMP-MONITOR,2026-01-05T10:30:00,481.16,3205.9,92.13,4.64,72.34,51.24,24.65,63.29,degraded,6,0,3,5,-0.614,-5.3307,-2.9788,0
PUMP-MONITOR,2026-01-05T10:35:00,480.92,3170.73,111.42,4.79,78.8,52.29,25.15,74.47,degraded,6,1,2,5,0.1527,19.2924,6.4612,0
PUMP-MONITOR,2026-01-05T10:40:00,480.35,3123.4,98.94,4.14,77.39,49.01,23.54,58.09,degraded,6,0,1,5,-0.6528,-12.4795,-1.4102,0
PUMP-MONITOR,2026-01-05T10:45:00,479.78,3055.65,94.13,4.06,84.52,53.61,25.72,65.64,degraded,6,0,4,5,-0.0829,-4.8129,7.13,0
PUMP-MONITOR,2026-01-05T10:50:00,479.17,3111.03,100.26,3.56,72.25,53.26,25.52,73.29,degraded,6,0,1,5,-0.4963,6.13,-12.2748,0
PUMP-MONITOR,2026-01-05T10:55:00,470.87,2954.95,98.57,4.75,78.89,49.41,23.27,58.93,degraded,6,0,0,5,1.1876,-1.688,6.6475,0
PUMP-MONITOR,2026-01-05T11:00:00,483.12,3038.72,97.22,4.54,83.71,53.64,25.91,66.36,degraded,6,0,2,5,-0.2076,-1.3529,4.8181,0
PUMP-MONITOR,2026-01-05T11:05:00,472.95,3132.16,114.12,3.52,71.65,52.18,24.68,76.09,degraded,6,0,2,5,-1.0176,16.9074,-12.0593,0
PUMP-MONITOR,2026-01-05T11:10:00,476.54,3066.72,92.56,5.74,81.26,51.25,24.42,62.94,degraded,6,0,2,5,2.2188,-21.5617,9.6096,0
PUMP-MONITOR,2026-01-05T11:15:00,470.77,3023.55,111.45,5.94,83.0,50.54,23.79,58.85,degraded,6,0,4,5,0.2008,18.8859,1.7388,0
PUMP-MONITOR,2026-01-05T11:20:00,470.94,3092.83,100.18,6.02,82.76,54.69,25.76,77.23,degraded,6,0,1,5,0.082,-11.2642,-0.2391,0
PUMP-MONITOR,2026-01-05T11:25:00,480.81,3047.96,108.84,3.81,70.97,52.03,25.02,75.7,degraded,6,0,2,5,-2.2162,8.6603,-11.7942,0
PUMP-MONITOR,2026-01-05T11:30:00,469.83,3110.6,96.41,4.49,78.51,52.14,24.5,76.9,degraded,6,0,3,5,0.6845,-12.434,7.5455,0
PUMP-MONITOR,2026-01-05T11:35:00,480.49,3045.99,102.76,4.16,73.54,53.66,25.78,79.39,degraded,6,0,2,5,-0.3311,6.3452,-4.9768,0
PUMP-MONITOR,2026-01-05T11:40:00,488.32,3027.77,104.86,6.09,78.82,54.78,26.75,67.34,degraded,6,0,0,5,1.9277,2.1091,5.2885,0
PUMP-MONITOR,2026-01-05T11:45:00,487.67,2970.32,104.31,4.71,72.38,52.95,25.82,57.71,degraded,6,0,2,5,-1.3819,-0.5539,-6.4448,0
PUMP-MONITOR,2026-01-05T11:50:00,474.71,2973.7,114.36,3.84,76.4,52.47,24.91,78.96,degraded,6,0,2,5,-0.8698,10.0528,4.0228,0
PUMP-MONITOR,2026-01-05T11:55:00,472.63,3122.62,114.52,6.18,84.82,51.71,24.44,73.54,degraded,6,0,1,5,2.3417,0.1537,8.4165,0
PUMP-MONITOR,2026-01-05T12:00:00,470.27,3050.45,115.21,3.54,79.06,51.11,24.03,68.87,degraded,6,0,1,5,-2.6411,0.6939,-5.7595,0
PUMP-MONITOR,2026-01-05T12:05:00,481.65,3098.26,106.69,4.45,77.95,50.07,24.11,63.45,degraded,6,0,1,5,0.9109,-8.5206,-1.105,0
PUMP-MONITOR,2026-01-05T12:10:00,480.82,3083.47,108.26,4.29,79.33,51.8,24.91,64.52,degraded,6,0,2,5,-0.1534,1.568,1.3773,0
PUMP-MONITOR,2026-01-05T12:15:00,479.53,3000.89,111.38,5.32,84.02,51.93,24.9,58.34,degraded,6,0,2,5,1.0265,3.1184,4.692,0
PUMP-MONITOR,2026-01-05T12:20:00,477.3,2931.9,91.18,3.59,77.07,51.9,24.77,60.82,degraded,6,0,0,5,-1.7265,-20.199,-6.9577,0
PUMP-MONITOR,2026-01-05T12:25:00,484.48,3037.11,103.19,3.29,81.0,51.36,24.88,59.66,degraded,6,1,4,5,-0.3075,12.0075,3.9334,0
PUMP-MONITOR,2026-01-05T12:30:00,470.57,2992.68,91.88,4.12,75.01,50.79,23.9,68.14,degraded,6,1,1,5,0.8324,-11.3056,-5.9852,0
PUMP-MONITOR,2026-01-05T12:35:00,478.79,3210.52,111.24,3.46,85.48,49.67,23.78,57.26,degraded,6,1,2,5,-0.6618,19.3637,10.4689,0
PUMP-MONITOR,2026-01-05T12:40:00,475.78,3082.72,97.94,3.73,77.81,50.12,23.85,67.59,degraded,6,0,1,5,0.2704,-13.3,-7.6759,0
PUMP-MONITOR,2026-01-05T12:45:00,488.45,3074.53,105.67,3.68,78.81,53.14,25.96,76.48,degraded,6,0,1,5,-0.0482,7.7244,1.0061,0
PUMP-MONITOR,2026-01-05T12:50:00,479.31,2955.42,113.26,5.24,85.1,51.79,24.82,62.41,degraded,6,1,3,5,1.5625,7.5878,6.2902,0
PUMP-MONITOR,2026-01-05T12:55:00,473.74,2961.32,94.85,5.98,80.19,52.25,24.75,60.76,degraded,6,0,1,5,0.7387,-18.4103,-4.9185,0
PUMP-MONITOR,2026-01-05T13:00:00,475.66,3060.48,94.2,4.11,84.31,50.83,24.18,62.6,degraded,6,0,3,5,-1.8683,-0.648,4.1239,0
PUMP-MONITOR,2026-01-05T13:05:00,475.0,3061.99,103.27,4.02,74.41,49.88,23.69,63.08,degraded,6,0,1,5,-0.0952,9.0741,-9.9012,0
PUMP-MONITOR,2026-01-05T13:10:00,472.87,2963.33,101.87,4.4,78.22,55.39,26.19,77.7,degraded,6,0,2,5,0.3843,-1.4002,3.8095,0
PUMP-MONITOR,2026-01-05T13:15:00,482.69,2939.84,102.14,3.35,82.93,53.99,26.06,68.14,degraded,6,0,0,5,-1.0502,0.2724,4.7082,0
PUMP-MONITOR,2026-01-05T13:20:00,483.63,3090.66,115.65,3.71,81.71,52.74,25.51,77.04,degraded,6,0,4,5,0.3543,13.5093,-1.2171,0
PUMP-MONITOR,2026-01-05T13:25:00,478.01,2986.31,111.0,4.75,73.15,52.16,24.93,68.28,degraded,6,0,1,5,1.047,-4.6536,-8.5588,0
PUMP-MONITOR,2026-01-05T13:30:00,481.04,3148.9,106.18,3.38,71.13,52.32,25.17,75.18,degraded,6,0,4,5,-1.3684,-4.8179,-2.0154,0
PUMP-MONITOR,2026-01-05T13:35:00,476.62,2943.31,114.22,4.31,82.29,51.51,24.55,70.31,degraded,6,0,4,5,0.9228,8.0407,11.1536,0
PUMP-MONITOR,2026-01-05T13:40:00,487.34,3057.41,96.3,3.72,79.17,50.26,24.49,59.55,degraded,6,0,1,5,-0.5902,-17.9227,-3.1184,0
PUMP-MONITOR,2026-01-05T13:45:00,473.32,3120.47,100.04,5.35,80.31,54.71,25.9,76.7,degraded,6,0,1,5,1.6287,3.7361,1.1369,0
PUMP-MONITOR,2026-01-05T13:50:00,488.64,2977.22,113.27,3.6,84.37,51.32,25.08,65.2,degraded,6,0,2,5,-1.7474,13.2311,4.0601,0
PUMP-MONITOR,2026-01-05T13:55:00,476.19,3032.84,109.3,4.41,84.39,51.58,24.56,76.44,degraded,6,0,3,5,0.8135,-3.9671,0.0283,0
PUMP-MONITOR,2026-01-05T14:00:00,471.13,3105.11,92.91,4.9,84.36,51.7,24.36,75.19,degraded,6,0,2,5,0.4854,-16.3888,-0.0314,0
PUMP-MONITOR,2026-01-05T14:05:00,476.0,2955.22,99.12,4.93,72.44,53.96,25.69,74.83,degraded,6,0,0,5,0.0336,6.21,-11.9248,0
PUMP-MONITOR,2026-01-05T14:10:00,487.17,3050.85,111.29,3.69,84.76,51.95,25.31,71.34,degraded,6,1,4,5,-1.2363,12.1644,12.324,0
PUMP-MONITOR,2026-01-05T14:15:00,473.83,3164.24,115.7,5.83,80.2,51.11,24.22,74.83,degraded,6,0,4,5,2.1336,4.4157,-4.5605,0
PUMP-MONITOR,2026-01-05T14:20:00,483.17,3111.33,101.27,3.28,77.95,54.95,26.55,71.08,degraded,6,0,4,5,-2.5476,-14.4291,-2.2513,0
PUMP-MONITOR,2026-01-05T14:25:00,477.41,2987.06,105.62,5.11,83.57,50.89,24.3,63.28,degraded,6,0,4,5,1.8297,4.3441,5.6162,0
PUMP-MONITOR,2026-01-05T14:30:00,480.64,3018.17,110.28,3.52,85.3,52.36,25.17,58.68,degraded,6,0,4,5,-1.5888,4.6606,1.7282,0
PUMP-MONITOR,2026-01-05T14:35:00,486.46,3014.53,111.13,4.01,84.75,50.7,24.66,64.69,degraded,6,0,4,5,0.492,0.8552,-0.5471,0
PUMP-MONITOR,2026-01-05T14:40:00,484.14,2975.93,107.93,3.66,81.2,49.67,24.05,57.51,degraded,6,1,4,5,-0.3577,-3.2064,-3.552,0
PUMP-MONITOR,2026-01-05T14:45:00,485.99,3152.72,95.78,3.99,81.11,53.6,26.05,65.27,degraded,6,0,4,5,0.3351,-12.1417,-0.085,0
PUMP-MONITOR,2026-01-05T14:50:00,476.8,3011.36,107.81,3.61,71.85,51.13,24.38,57.79,degraded,6,0,2,5,-0.3787,12.0264,-9.2576,0
PUMP-MONITOR,2026-01-05T14:55:00,487.74,3157.73,105.87,3.72,80.07,55.83,27.23,74.89,degraded,6,0,3,5,0.1094,-1.9377,8.2195,0
PUMP-MONITOR,2026-01-05T15:00:00,480.95,2934.19,91.12,4.13,70.79,50.57,24.32,60.15,degraded,6,0,4,5,0.4039,-14.7566,-9.2803,0
PUMP-MONITOR,2026-01-05T15:05:00,484.7,3078.07,112.22,5.26,84.44,51.52,24.97,57.49,degraded,6,0,0,5,1.1351,21.1019,13.6441,0
PUMP-MONITOR,2026-01-05T15:10:00,486.87,3166.63,114.92,3.92,78.51,53.86,26.22,71.6,degraded,6,0,0,5,-1.3421,2.7038,-5.9233,0
PUMP-MONITOR,2026-01-05T15:15:00,475.47,3182.27,97.56,4.79,83.24,51.21,24.35,59.09,degraded,6,0,0,5,0.8708,-17.3636,4.73,0
PUMP-MONITOR,2026-01-05T15:20:00,469.67,3209.54,113.41,3.73,85.57,52.16,24.5,69.44,degraded,6,0,0,5,-1.0636,15.8544,2.3272,0
PUMP-MONITOR,2026-01-05T15:25:00,471.78,3142.8,106.75,3.4,85.25,50.73,23.93,74.39,degraded,6,0,4,5,-0.327,-6.6621,-0.3189,0
PUMP-MONITOR,2026-01-05T15:30:00,479.05,3073.16,104.83,5.31,74.97,51.56,24.7,72.32,degraded,6,1,4,5,1.9115,-1.9162,-10.2797,0
PUMP-MONITOR,2026-01-05T15:35:00,485.92,3040.36,113.47,5.29,74.37,53.05,25.78,79.76,degraded,6,0,0,5,-0.0166,8.6349,-0.606,0
PUMP-MONITOR,2026-01-05T15:40:00,481.19,3176.2,113.4,5.18,72.84,53.73,25.86,78.34,degraded,6,0,3,5,-0.1152,-0.0673,-1.5214,0
PUMP-MONITOR,2026-01-05T15:45:00,470.84,3185.38,102.79,5.36,80.41,50.71,23.87,64.12,degraded,6,0,1,5,0.1861,-10.6103,7.5616,0
PUMP-MONITOR,2026-01-05T15:50:00,485.64,3211.57,102.21,6.18,71.34,55.06,26.74,72.02,degraded,6,0,4,5,0.814,-0.5808,-9.0617,0
PUMP-MONITOR,2026-01-05T15:55:00,473.69,3067.48,113.82,5.66,80.74,51.07,24.19,62.63,degraded,6,0,0,5,-0.5157,11.6071,9.3967,0
PUMP-MONITOR,2026-01-05T16:00:00,485.22,2940.87,92.8,5.43,77.87,55.08,26.72,74.11,degraded,6,0,3,5,-0.2356,-21.0217,-2.8722,0
PUMP-MONITOR,2026-01-05T16:05:00,473.25,2967.62,111.77,5.26,77.97,52.0,24.61,69.1,degraded,6,0,3,5,-0.1715,18.9758,0.1,0
PUMP-MONITOR,2026-01-05T16:10:00,485.73,2949.52,96.05,4.82,79.11,49.5,24.04,58.02,degraded,6,0,4,5,-0.4326,-15.7244,1.1452,0
PUMP-MONITOR,2026-01-05T16:15:00,471.78,3215.64,95.97,6.23,80.92,54.57,25.74,76.83,degraded,6,0,1,5,1.4051,-0.0758,1.8038,0
PUMP-MONITOR,2026-01-05T16:20:00,473.53,3213.37,94.3,3.68,83.12,52.06,24.65,78.19,degraded,6,0,0,5,-2.551,-1.676,2.2013,0
PUMP-MONITOR,2026-01-05T16:25:00,474.42,3001.29,110.76,3.86,70.84,50.8,24.1,65.0,degraded,6,0,3,5,0.1834,16.4655,-12.2831,0
PUMP-MONITOR,2026-01-05T16:30:00,469.5,3148.38,93.46,5.2,76.11,48.7,22.86,58.58,degraded,6,0,4,5,1.3369,-17.3039,5.2773,0
PUMP-MONITOR,2026-01-05T16:35:00,475.47,3217.39,104.17,4.82,79.2,52.35,24.89,60.47,degraded,6,1,4,5,-0.3775,10.7132,3.0871,0
PUMP-MONITOR,2026-01-05T16:40:00,481.34,2997.32,101.56,4.84,82.24,52.09,25.07,59.22,degraded,6,0,3,5,0.0156,-2.6143,3.0411,0
PUMP-MONITOR,2026-01-05T16:45:00,475.08,3086.76,93.53,5.16,77.44,54.2,25.75,77.56,degraded,6,0,0,5,0.3287,-8.0244,-4.8029,0
PUMP-MONITOR,2026-01-05T16:50:00,472.19,3066.45,110.8,5.34,84.57,53.07,25.06,80.1,degraded,6,0,3,5,0.1729,17.2637,7.1357,0
PUMP-MONITOR,2026-01-05T16:55:00,475.28,3047.32,94.7,4.58,79.73,55.48,26.37,77.76,degraded,6,0,3,5,-0.7532,-16.0961,-4.8452,0
PUMP-MONITOR,2026-01-05T17:00:00,486.07,3055.47,98.2,5.13,82.05,55.14,26.8,80.31,degraded,6,0,2,5,0.5447,3.496,2.3181,0
PUMP-MONITOR,2026-01-05T17:05:00,478.6,2991.97,98.13,4.64,79.14,48.83,23.37,59.76,degraded,6,0,4,5,-0.4868,-0.0621,-2.9101,0
PUMP-MONITOR,2026-01-05T17:10:00,474.18,3196.77,112.35,6.2,81.88,50.79,24.08,68.53,degraded,6,0,0,5,1.5555,14.2131,2.74,0
PUMP-MONITOR,2026-01-05T17:15:00,488.21,3044.89,99.93,6.15,75.46,50.94,24.87,57.14,degraded,6,1,4,5,-0.0473,-12.4177,-6.4203,0
PUMP-MONITOR,2026-01-05T17:20:00,471.93,3157.62,102.13,4.94,84.07,51.13,24.13,75.65,degraded,6,0,0,5,-1.2123,2.1972,8.6142,0
PUMP-MONITOR,2026-01-05T17:25:00,474.61,2979.29,113.77,4.74,79.23,47.73,22.65,55.92,degraded,6,0,2,5,-0.1942,11.6473,-4.8409,0
PUMP-MONITOR,2026-01-05T17:30:00,486.87,2973.22,103.33,4.21,83.6,52.79,25.7,70.77,degraded,6,1,2,5,-0.5307,-10.4446,4.3696,0
PUMP-MONITOR,2026-01-05T17:35:00,478.95,3086.24,92.03,3.89,79.7,50.65,24.26,64.63,degraded,6,0,3,5,-0.3267,-11.2951,-3.8996,0
PUMP-MONITOR,2026-01-05T17:40:00,487.08,3033.51,108.41,4.59,80.31,56.01,27.28,75.36,degraded,6,0,3,5,0.6993,16.3817,0.6091,0
PUMP-MONITOR,2026-01-05T17:45:00,475.69,3038.82,92.9,6.27,75.55,55.19,26.25,77.19,degraded,6,0,2,5,1.6886,-15.5158,-4.7569,0
PUMP-MONITOR,2026-01-05T17:50:00,472.52,3114.2,110.41,3.64,72.93,51.61,24.39,69.35,degraded,6,0,0,5,-2.629,17.5156,-2.6209,0
PUMP-MONITOR,2026-01-05T17:55:00,484.58,2921.01,104.01,4.1,75.95,52.59,25.48,65.65,degraded,6,0,3,5,0.4556,-6.4061,3.0221,0
PUMP-MONITOR,2026-01-05T18:00:00,474.04,2981.24,112.33,3.64,73.68,50.14,23.77,63.58,degraded,6,0,1,5,-0.4616,8.3179,-2.2754,0
PUMP-MONITOR,2026-01-05T18:05:00,477.84,3208.3,94.63,3.91,85.42,50.61,24.18,56.88,degraded,6,1,4,5,0.2684,-17.6954,11.7459,0
PUMP-MONITOR,2026-01-05T18:10:00,474.16,2990.38,100.66,5.77,71.42,51.25,24.3,57.74,degraded,6,0,3,5,1.8625,6.0264,-14.0069,0
PUMP-MONITOR,2026-01-05T18:15:00,483.52,2923.43,113.18,5.22,71.1,52.16,25.22,63.9,degraded,6,0,4,5,-0.5497,12.5233,-0.3226,0
PUMP-MONITOR,2026-01-05T18:20:00,474.8,3213.34,115.25,4.09,81.41,50.46,23.96,57.17,degraded,6,0,1,5,-1.1269,2.0663,10.3178,0
PUMP-MONITOR,2026-01-05T18:25:00,485.04,3050.83,108.24,5.93,77.02,52.96,25.69,59.8,degraded,6,0,2,5,1.8402,-7.0091,-4.3961,0
PUMP-MONITOR,2026-01-05T18:30:00,486.85,2951.43,113.56,5.45,85.73,53.04,25.82,79.41,degraded,6,0,3,5,-0.4874,5.3225,8.7113,0
PUMP-MONITOR,2026-01-05T18:35:00,476.91,2988.89,96.59,3.33,80.45,52.44,25.01,73.22,degraded,6,0,4,5,-2.1174,-16.9669,-5.2803,0
PUMP-MONITOR,2026-01-05T18:40:00,473.59,2992.88,113.21,3.88,76.44,51.94,24.6,62.77,degraded,6,1,2,5,0.5536,16.6204,-4.0115,0
PUMP-MONITOR,2026-01-05T18:45:00,473.01,3141.49,100.43,4.12,82.99,51.31,24.27,75.07,degraded,6,0,3,5,0.2393,-12.7867,6.5524,0
PUMP-MONITOR,2026-01-05T18:50:00,487.44,3156.49,112.66,5.2,76.92,53.02,25.85,58.32,degraded,6,0,3,5,1.0747,12.2368,-6.0651,0
PUMP-MONITOR,2026-01-05T18:55:00,475.26,3144.69,106.52,5.36,79.59,51.92,24.67,69.76,degraded,6,0,0,5,0.1667,-6.1394,2.6632,0
PUMP-MONITOR,2026-01-05T19:00:00,477.7,3120.09,115.59,6.22,72.26,52.77,25.21,64.08,degraded,6,0,4,5,0.8593,9.0656,-7.3262,0
PUMP-MONITOR,2026-01-05T19:05:00,479.85,2969.04,94.47,6.03,79.54,51.39,24.66,72.99,degraded,6,0,3,5,-0.1932,-21.1196,7.2806,0
PUMP-MONITOR,2026-01-05T19:10:00,476.21,3037.12,99.01,6.23,82.86,53.79,25.62,74.87,degraded,6,0,4,5,0.2006,4.5368,3.3197,0
PUMP-MONITOR,2026-01-05T19:15:00,484.12,3105.52,113.73,5.55,77.1,53.69,25.99,75.39,degraded,6,0,3,5,-0.6748,14.7234,-5.7647,0
PUMP-MONITOR,2026-01-05T19:20:00,482.48,2944.0,99.31,3.5,75.43,51.38,24.79,65.78,degraded,6,0,1,5,-2.0559,-14.4236,-1.6648,0
PUMP-MONITOR,2026-01-05T19:25:00,486.14,2939.33,110.58,5.88,78.3,52.03,25.3,71.23,degraded,6,0,2,5,2.3861,11.27,2.873,0
PUMP-MONITOR,2026-01-05T19:30:00,472.8,2965.05,103.92,6.18,75.16,51.02,24.12,62.66,degraded,6,0,1,5,0.2918,-6.6542,-3.1419,0
PUMP-MONITOR,2026-01-05T19:35:00,477.67,3077.69,105.95,5.99,78.87,51.75,24.72,71.52,degraded,6,0,4,5,-0.1867,2.0293,3.7089,0
PUMP-MONITOR,2026-01-05T19:40:00,488.45,3165.03,109.41,5.24,84.76,53.97,26.36,66.74,degraded,6,0,2,5,-0.7514,3.4538,5.8927,0
PUMP-MONITOR,2026-01-05T19:45:00,471.71,2959.63,115.04,5.12,85.45,50.87,23.99,64.15,degraded,6,0,4,5,-0.1165,5.6344,0.6842,0
PUMP-MONITOR,2026-01-05T19:50:00,489.18,3206.4,106.61,5.46,73.3,54.66,26.74,71.24,degraded,6,0,2,5,0.3341,-8.4313,-12.1435,0
PUMP-MONITOR,2026-01-05T19:55:00,480.92,3046.68,102.43,3.5,78.44,54.65,26.28,71.08,degraded,6,0,4,5,-1.957,-4.1767,5.1372,0
PUMP-MONITOR,2026-01-05T20:00:00,482.46,3082.72,99.34,3.69,84.64,52.98,25.56,60.94,degraded,6,0,1,5,0.1951,-3.0891,6.2003,0
PUMP-MONITOR,2026-01-05T20:05:00,470.81,3028.25,115.35,4.74,84.15,52.85,24.88,72.78,degraded,6,1,5,5,1.0478,16.0059,-0.4871,0
PUMP-MONITOR,2026-01-05T20:10:00,483.86,3125.58,109.99,5.28,84.9,53.09,25.69,80.29,degraded,6,0,0,5,0.538,-5.3627,0.7415,0
PUMP-MONITOR,2026-01-05T20:15:00,476.79,2930.22,111.42,5.04,83.86,52.15,24.86,63.24,degraded,6,0,2,5,-0.2393,1.4363,-1.0345,0
PUMP-MONITOR,2026-01-05T20:20:00,486.05,2942.51,94.03,5.09,82.16,51.27,24.92,60.71,degraded,6,0,1,5,0.0448,-17.389,-1.7035,0
PUMP-MONITOR,2026-01-05T20:25:00,470.75,3051.02,105.08,3.53,85.23,51.25,24.13,68.68,degraded,6,0,0,5,-1.5515,11.046,3.068,0
PUMP-MONITOR,2026-01-05T20:30:00,486.76,3095.06,92.09,5.55,78.78,52.75,25.67,77.44,degraded,6,0,4,5,2.0186,-12.9931,-6.4461,0
PUMP-MONITOR,2026-01-05T20:35:00,484.13,3082.83,94.48,5.01,82.99,49.04,23.74,56.89,degraded,6,0,0,5,-0.5465,2.3908,4.2098,0
PUMP-MONITOR,2026-01-05T20:40:00,470.97,3044.25,110.66,6.11,77.75,55.23,26.01,79.56,degraded,6,0,2,5,1.0994,16.1818,-5.241,0
PUMP-MONITOR,2026-01-05T20:45:00,481.73,3111.98,91.58,4.77,71.9,54.57,26.29,78.87,degraded,6,0,2,5,-1.3389,-19.0751,-5.8517,0
PUMP-MONITOR,2026-01-05T20:50:00,482.08,3118.81,101.43,5.95,74.29,56.26,27.12,79.87,degraded,6,1,4,5,1.18,9.8427,2.388,0
PUMP-MONITOR,2026-01-05T20:55:00,470.87,2940.25,94.16,4.67,75.55,53.69,25.28,72.37,degraded,6,0,1,5,-1.2798,-7.2715,1.2631,0
PUMP-MONITOR,2026-01-05T21:00:00,482.8,3129.24,106.53,4.58,83.33,53.01,25.59,68.99,degraded,6,0,1,5,-0.0886,12.3754,7.7818,0
PUMP-MONITOR,2026-01-05T21:05:00,482.25,2954.33,100.04,3.84,84.73,48.51,23.39,56.78,degraded,6,0,4,5,-0.7423,-6.4916,1.4006,0
PUMP-MONITOR,2026-01-05T21:10:00,472.11,3191.15,97.45,5.69,79.06,51.95,24.53,67.2,degraded,6,0,0,5,1.8513,-2.5889,-5.6707,0
PUMP-MONITOR,2026-01-05T21:15:00,471.54,3031.35,91.7,3.44,83.25,51.72,24.39,76.66,degraded,6,0,1,5,-2.2433,-5.7549,4.1923,0
PUMP-MONITOR,2026-01-05T21:20:00,478.07,3193.96,101.71,4.26,80.82,55.0,26.3,75.56,degraded,6,0,2,5,0.8167,10.0095,-2.4372,0
PUMP-MONITOR,2026-01-05T21:25:00,478.86,3089.83,95.56,3.5,74.23,51.03,24.44,65.95,degraded,6,0,1,5,-0.757,-6.1432,-6.5811,0
PUMP-MONITOR,2026-01-05T21:30:00,482.18,2964.33,102.92,4.33,79.63,52.98,25.55,73.35,degraded,6,0,1,5,0.8262,7.354,5.3963,0
PUMP-MONITOR,2026-01-05T21:35:00,471.63,3151.3,108.24,3.52,84.73,49.82,23.5,56.25,degraded,6,0,4,5,-0.8105,5.3204,5.099,0
PUMP-MONITOR,2026-01-05T21:40:00,479.75,3214.88,111.16,4.86,85.1,51.13,24.53,57.84,degraded,6,0,2,5,1.3457,2.9207,0.3705,0
PUMP-MONITOR,2026-01-05T21:45:00,487.37,2927.66,102.42,5.36,71.64,51.92,25.31,70.24,degraded,6,0,2,5,0.4952,-8.7357,-13.4585,0
PUMP-MONITOR,2026-01-05T21:50:00,486.04,3093.91,103.58,5.12,79.93,53.53,26.02,78.47,degraded,6,0,2,5,-0.2397,1.1551,8.2906,0
PUMP-MONITOR,2026-01-05T21:55:00,483.72,3178.35,104.46,3.64,77.05,49.85,24.11,59.82,degraded,6,0,0,5,-1.4827,0.8869,-2.8793,0
PUMP-MONITOR,2026-01-05T22:00:00,473.02,3052.94,100.57,4.69,83.84,53.16,25.15,79.83,degraded,6,0,4,5,1.0564,-3.8966,6.7919,0
PUMP-MONITOR,2026-01-05T22:05:00,470.6,2938.96,104.25,6.22,70.98,52.32,24.62,73.76,degraded,6,0,1,5,1.5305,3.6794,-12.8667,0
PUMP-MONITOR,2026-01-05T22:10:00,484.62,3077.79,101.06,4.17,83.36,50.79,24.62,63.07,degraded,6,0,2,5,-2.0548,-3.1903,12.3835,0
PUMP-MONITOR,2026-01-05T22:15:00,478.17,3187.58,92.46,5.97,84.8,55.76,26.66,80.28,degraded,6,0,3,5,1.7994,-8.5976,1.438,0
PUMP-MONITOR,2026-01-05T22:20:00,475.4,3201.21,102.66,4.63,71.86,53.81,25.58,68.58,degraded,6,0,1,5,-1.3375,10.1969,-12.9421,0
PUMP-MONITOR,2026-01-05T22:25:00,481.6,3123.69,99.42,5.64,83.09,51.78,24.94,69.68,degraded,6,0,2,5,1.0122,-3.232,11.2286,0
PUMP-MONITOR,2026-01-05T22:30:00,480.23,3043.77,114.19,4.88,83.65,55.44,26.62,78.64,degraded,6,0,2,5,-0.7662,14.7621,0.5599,0
PUMP-MONITOR,2026-01-05T22:35:00,475.82,3152.97,112.6,3.87,82.98,52.12,24.8,77.07,degraded,6,1,2,5,-1.011,-1.5893,-0.6633,0
PUMP-MONITOR,2026-01-05T22:40:00,469.85,3076.37,105.39,6.12,71.89,51.75,24.31,59.55,degraded,6,0,3,5,2.2574,-7.2049,-11.09,0
PUMP-MONITOR,2026-01-05T22:45:00,471.31,3144.06,98.62,3.41,71.51,53.73,25.32,76.46,degraded,6,0,1,5,-2.7161,-6.769,-0.3786,0
PUMP-MONITOR,2026-01-05T22:50:00,482.66,3096.78,92.34,5.0,71.41,52.13,25.16,66.55,degraded,6,0,0,5,1.5969,-6.2803,-0.1083,0
PUMP-MONITOR,2026-01-05T22:55:00,480.55,3198.05,95.86,4.19,76.35,48.5,23.3,57.92,degraded,6,0,3,5,-0.818,3.523,4.9449,0
PUMP-MONITOR,2026-01-05T23:00:00,469.82,3160.84,112.98,5.17,71.9,52.46,24.64,65.85,degraded,6,0,3,5,0.9817,17.1127,-4.4519,0
PUMP-MONITOR,2026-01-05T23:05:00,482.07,3150.25,102.38,3.73,85.14,53.05,25.57,62.32,degraded,6,0,0,5,-1.4394,-10.5953,13.2378,0
PUMP-MONITOR,2026-01-05T23:10:00,483.1,3058.57,93.75,5.6,84.24,52.75,25.48,76.58,degraded,6,0,1,5,1.869,-8.6332,-0.8918,0
PUMP-MONITOR,2026-01-05T23:15:00,478.87,3155.69,108.65,3.47,81.91,54.62,26.16,71.76,degraded,6,0,3,5,-2.131,14.9058,-2.3332,0
PUMP-MONITOR,2026-01-05T23:20:00,488.19,3010.36,107.34,6.1,73.66,55.14,26.92,80.01,degraded,6,0,0,5,2.6321,-1.3187,-8.248,0
PUMP-MONITOR,2026-01-05T23:25:00,470.91,2984.59,98.01,5.14,75.51,50.05,23.57,65.07,degraded,6,0,2,5,-0.9622,-9.3253,1.8415,0
PUMP-MONITOR,2026-01-05T23:30:00,475.44,2987.4,95.94,6.03,72.46,54.69,26.0,74.14,degraded,6,0,1,5,0.891,-2.07,-3.0454,0
PUMP-MONITOR,2026-01-05T23:35:00,473.58,2990.76,107.34,3.74,81.46,54.57,25.84,73.21,degraded,6,1,3,5,-2.2909,11.4004,9.0039,0
PUMP-MONITOR,2026-01-05T23:40:00,476.92,3197.07,101.86,4.19,77.86,52.14,24.86,62.7,degraded,6,0,0,5,0.4566,-5.4862,-3.6065,0
PUMP-MONITOR,2026-01-05T23:45:00,479.47,3107.34,105.93,3.61,84.79,55.8,26.75,78.72,degraded,6,0,0,5,-0.5849,4.0728,6.9333,0
PUMP-MONITOR,2026-01-05T23:50:00,475.57,3129.79,94.8,4.66,72.39,52.87,25.14,64.48,degraded,6,0,3,5,1.0482,-11.1294,-12.3956,0
PUMP-MONITOR,2026-01-05T23:55:00,481.88,3207.54,115.02,4.58,83.58,52.62,25.36,76.18,degraded,6,0,3,5,-0.0778,20.224,11.1805,0
PUMP-MONITOR,2026-01-06T00:00:00,486.02,3152.58,111.8,3.88,73.39,51.15,24.86,68.16,degraded,6,0,4,5,-0.6949,-3.2253,-10.1903,0
PUMP-MONITOR,2026-01-06T00:05:00,485.32,3057.1,106.38,5.9,82.8,52.83,25.64,75.24,degraded,6,0,3,5,2.0195,-5.4151,9.4168,0
PUMP-MONITOR,2026-01-06T00:10:00,470.99,3146.21,105.8,4.52,84.27,52.2,24.59,69.96,degraded,6,0,4,5,-1.3862,-0.5844,1.4728,0
PUMP-MONITOR,2026-01-06T00:15:00,477.96,2940.38,95.14,4.44,72.23,50.77,24.27,62.28,degraded,6,0,2,5,-0.0756,-10.6602,-12.0476,0
PUMP-MONITOR,2026-01-06T00:20:00,480.8,2932.53,101.94,6.1,85.65,56.15,27.0,78.28,degraded,6,0,1,5,1.6568,6.801,13.4247,0
PUMP-MONITOR,2026-01-06T00:25:00,470.89,3026.53,110.13,5.7,84.15,53.97,25.41,79.45,degraded,6,0,1,5,-0.3941,8.1952,-1.4983,0
PUMP-MONITOR,2026-01-06T00:30:00,471.38,3048.89,95.89,4.06,79.32,51.3,24.18,59.25,degraded,6,0,3,5,-1.643,-14.2401,-4.8317,0
PUMP-MONITOR,2026-01-06T00:35:00,483.89,3167.63,103.32,4.14,75.67,54.45,26.35,69.05,degraded,6,0,3,5,0.0814,7.4223,-3.6505,0
PUMP-MONITOR,2026-01-06T00:40:00,471.31,3141.19,103.62,4.73,74.55,48.41,22.81,55.82,degraded,6,0,4,5,0.5896,0.3045,-1.1259,0
PUMP-MONITOR,2026-01-06T00:45:00,478.31,2950.66,108.34,4.41,80.53,55.15,26.38,79.51,degraded,6,0,3,5,-0.3274,4.7197,5.9878,0
PUMP-MONITOR,2026-01-06T00:50:00,480.28,2949.73,109.04,5.37,79.75,51.94,24.95,61.35,degraded,6,0,4,5,0.9614,0.7033,-0.7822,0
PUMP-MONITOR,2026-01-06T00:55:00,479.02,3137.56,105.27,4.56,77.12,52.23,25.02,75.99,degraded,6,0,1,5,-0.8027,-3.7769,-2.6296,0
PUMP-MONITOR,2026-01-06T01:00:00,483.33,3037.58,115.68,5.07,71.81,51.72,25.0,58.88,degraded,6,0,2,5,0.5041,10.4108,-5.3147,0
PUMP-MONITOR,2026-01-06T01:05:00,473.01,3090.39,104.83,3.94,78.18,53.14,25.14,73.39,degraded,6,0,3,5,-1.1244,-10.8522,6.3707,0
PUMP-MONITOR,2026-01-06T01:10:00,484.27,3164.78,115.7,3.79,80.72,53.59,25.95,74.79,degraded,6,1,2,5,-0.1524,10.8738,2.5441,0
PUMP-MONITOR,2026-01-06T01:15:00,485.59,3022.46,94.23,5.33,80.92,49.68,24.13,61.49,degraded,6,0,3,5,1.5396,-21.4642,0.2024,0
PUMP-MONITOR,2026-01-06T01:20:00,472.02,3138.15,100.84,4.08,78.74,52.44,24.75,77.06,degraded,6,0,3,5,-1.2469,6.6024,-2.1805,0
PUMP-MONITOR,2026-01-06T01:25:00,474.2,3211.46,96.55,5.43,76.83,52.39,24.84,65.34,degraded,6,0,3,5,1.3469,-4.2845,-1.9146,0
PUMP-MONITOR,2026-01-06T01:30:00,472.05,3011.53,93.76,6.25,76.14,51.58,24.35,65.78,degraded,6,1,5,5,0.8202,-2.7944,-0.6912,0
PUMP-MONITOR,2026-01-06T01:35:00,469.47,3086.79,92.28,4.59,75.9,52.77,24.77,70.35,degraded,6,0,3,5,-1.6574,-1.4773,-0.2394,0
PUMP-MONITOR,2026-01-06T01:40:00,485.94,3125.1,94.5,3.82,74.22,51.28,24.92,63.57,degraded,6,0,1,5,-0.7722,2.2156,-1.679,0
PUMP-MONITOR,2026-01-06T01:45:00,472.26,2975.91,101.3,6.23,78.04,50.14,23.68,62.36,degraded,6,0,0,5,2.4046,6.8061,3.8253,0
PUMP-MONITOR,2026-01-06T01:50:00,476.69,3126.95,95.93,4.66,75.86,52.12,24.85,74.24,degraded,6,0,0,5,-1.5633,-5.3676,-2.1876,0
PUMP-MONITOR,2026-01-06T01:55:00,485.13,2984.58,91.27,5.22,71.8,53.3,25.86,74.25,degraded,6,2,5,5,0.5593,-4.6606,-4.0599,0
PUMP-MONITOR,2026-01-06T02:00:00,488.02,2952.29,103.94,4.79,75.59,52.15,25.45,58.79,degraded,6,0,2,5,-0.4291,12.6644,3.7963,0
PUMP-MONITOR,2026-01-06T02:05:00,485.91,3015.33,112.15,6.22,80.46,53.0,25.75,80.24,degraded,6,0,2,5,1.4249,8.2151,4.8705,0
PUMP-MONITOR,2026-01-06T02:10:00,475.3,3033.39,97.01,5.64,73.56,52.16,24.79,63.12,degraded,6,0,2,5,-0.5821,-15.142,-6.9026,0
PUMP-MONITOR,2026-01-06T02:15:00,483.5,2939.07,97.89,3.89,76.31,51.95,25.12,74.12,degraded,6,0,3,5,-1.7411,0.8769,2.7482,0
PUMP-MONITOR,2026-01-06T02:20:00,470.18,3112.73,108.53,3.76,81.04,55.19,25.95,79.83,degraded,6,0,4,5,-0.1311,10.6443,4.7319,0
PUMP-MONITOR,2026-01-06T02:25:00,472.31,3033.2,98.38,5.88,84.33,51.02,24.1,73.73,degraded,6,0,0,5,2.1135,-10.1519,3.2881,0
PUMP-MONITOR,2026-01-06T02:30:00,486.16,3077.45,109.24,4.92,81.4,54.1,26.3,65.25,degraded,6,0,0,5,-0.9568,10.8585,-2.9332,0
PUMP-MONITOR,2026-01-06T02:35:00,475.15,3104.48,107.25,6.21,84.56,54.09,25.7,72.82,degraded,6,0,4,5,1.2896,-1.9918,3.1624,0
PUMP-MONITOR,2026-01-06T02:40:00,478.46,3029.33,97.71,3.58,84.43,52.97,25.35,73.37,degraded,6,0,2,5,-2.6301,-9.5418,-0.1308,0
PUMP-MONITOR,2026-01-06T02:45:00,475.34,3062.9,92.6,4.47,75.27,51.47,24.47,57.11,degraded,6,1,1,5,0.8908,-5.1052,-9.1541,0
PUMP-MONITOR,2026-01-06T02:50:00,479.32,3042.99,108.65,4.87,82.87,51.89,24.87,61.3,degraded,6,0,2,5,0.4011,16.0511,7.5942,0
PUMP-MONITOR,2026-01-06T02:55:00,472.85,2930.13,96.27,3.56,72.07,51.04,24.13,60.08,degraded,6,0,4,5,-1.3102,-12.3785,-10.7934,0
PUMP-MONITOR,2026-01-06T03:00:00,485.49,2989.42,99.2,5.2,81.62,50.41,24.47,62.72,degraded,6,0,1,5,1.6352,2.929,9.5452,0
PUMP-MONITOR,2026-01-06T03:05:00,488.29,2934.27,104.87,4.29,77.01,55.14,26.92,74.48,degraded,6,0,0,5,-0.9067,5.6657,-4.6062,0
PUMP-MONITOR,2026-01-06T03:10:00,483.33,3075.2,99.11,4.22,71.88,49.09,23.73,57.45,degraded,6,0,0,5,-0.0681,-5.7597,-5.1377,0
PUMP-MONITOR,2026-01-06T03:15:00,472.27,3033.46,93.08,5.87,76.37,53.8,25.41,75.37,degraded,6,0,3,5,1.6486,-6.0315,4.4944,0
PUMP-MONITOR,2026-01-06T03:20:00,482.58,2948.06,97.65,5.99,75.5,53.31,25.73,64.46,degraded,6,0,3,5,0.12,4.576,-0.8674,0
PUMP-MONITOR,2026-01-06T03:25:00,479.31,3074.01,110.98,5.9,71.21,54.72,26.23,72.58,degraded,6,0,0,5,-0.093,13.3316,-4.2936,0
PUMP-MONITOR,2026-01-06T03:30:00,475.88,3183.8,115.07,5.53,85.21,54.33,25.85,76.3,degraded,6,0,1,5,-0.3624,4.0855,14.0001,0
PUMP-MONITOR,2026-01-06T03:35:00,478.89,3165.29,104.81,3.63,73.34,49.3,23.61,57.46,degraded,6,0,3,5,-1.9069,-10.2568,-11.8666,0
PUMP-MONITOR,2026-01-06T03:40:00,477.63,2930.73,106.04,4.41,84.64,53.3,25.46,64.11,degraded,6,0,4,5,0.7865,1.2262,11.3015,0
PUMP-MONITOR,2026-01-06T03:45:00,478.11,3167.32,114.2,5.88,76.03,53.42,25.54,75.66,degraded,6,0,1,5,1.4672,8.1577,-8.6124,0
PUMP-MONITOR,2026-01-06T03:50:00,479.64,3007.71,112.39,3.89,82.56,51.19,24.55,59.17,degraded,6,0,0,5,-1.991,-1.811,6.5253,0
PUMP-MONITOR,2026-01-06T03:55:00,483.29,3048.65,108.66,5.1,77.0,52.02,25.14,70.89,degraded,6,0,3,5,1.2078,-3.7267,-5.5593,0
PUMP-MONITOR,2026-01-06T04:00:00,471.0,3035.47,98.94,3.62,84.37,49.26,23.2,55.7,degraded,6,0,1,5,-1.4792,-9.7196,7.376,0
PUMP-MONITOR,2026-01-06T04:05:00,471.65,2965.89,91.06,4.57,80.06,51.15,24.12,68.34,degraded,6,1,4,5,0.9516,-7.8811,-4.3166,0
PUMP-MONITOR,2026-01-06T04:10:00,486.05,3019.24,113.97,4.4,82.63,50.54,24.56,63.79,degraded,6,0,2,5,-0.1726,22.9161,2.5699,0
PUMP-MONITOR,2026-01-06T04:15:00,479.1,3013.48,101.05,6.31,80.09,54.57,26.15,73.94,degraded,6,0,4,5,1.9124,-12.9261,-2.5419,0
PUMP-MONITOR,2026-01-06T04:20:00,485.76,3181.89,107.43,3.33,75.88,53.39,25.93,70.58,degraded,6,0,4,5,-2.9768,6.3765,-4.2054,0
PUMP-MONITOR,2026-01-06T04:25:00,481.54,3217.67,99.79,3.37,74.06,52.06,25.07,58.73,degraded,6,0,1,5,0.0327,-7.6323,-1.8156,0
PUMP-MONITOR,2026-01-06T04:30:00,483.72,3022.95,93.27,4.01,76.3,51.46,24.89,61.72,degraded,6,0,0,5,0.6456,-6.5263,2.2357,0
PUMP-MONITOR,2026-01-06T04:35:00,486.13,2969.6,101.09,6.09,77.12,52.99,25.76,71.13,degraded,6,0,3,5,2.0761,7.828,0.8211,0
PUMP-MONITOR,2026-01-06T04:40:00,483.8,3048.42,98.18,3.48,71.64,55.4,26.8,80.24,degraded,6,1,2,5,-2.6043,-2.9139,-5.4813,0
PUMP-MONITOR,2026-01-06T04:45:00,487.1,3105.18,101.69,3.83,75.1,54.39,26.49,80.26,degraded,6,0,3,5,0.3436,3.505,3.4554,0
PUMP-MONITOR,2026-01-06T04:50:00,469.88,2981.77,95.91,4.16,79.44,52.65,24.74,66.5,degraded,6,0,2,5,0.3365,-5.7713,4.345,0
PUMP-MONITOR,2026-01-06T04:55:00,485.49,3210.39,91.86,5.96,74.24,53.17,25.81,61.01,degraded,6,0,2,5,1.7981,-4.0551,-5.1963,0
PUMP-MONITOR,2026-01-06T05:00:00,474.05,3067.33,103.11,3.49,73.96,55.38,26.25,78.02,degraded,6,0,1,5,-2.4707,11.248,-0.2817,0
PUMP-MONITOR,2026-01-06T05:05:00,479.31,3137.51,100.24,5.06,81.11,53.11,25.46,78.66,degraded,6,0,2,5,1.5706,-2.8709,7.1512,0
PUMP-MONITOR,2026-01-06T05:10:00,471.9,3046.6,110.61,5.27,76.15,51.34,24.23,56.76,degraded,6,0,0,5,0.2028,10.3763,-4.9658,0
PUMP-MONITOR,2026-01-06T05:15:00,476.06,2939.34,108.95,5.03,76.39,49.47,23.55,62.42,degraded,6,0,3,5,-0.2394,-1.6644,0.2407,0
PUMP-MONITOR,2026-01-06T05:20:00,471.98,3042.98,115.38,5.84,84.59,48.69,22.98,61.72,degraded,6,0,1,5,0.8192,6.4365,8.2064,0
PUMP-MONITOR,2026-01-06T05:25:00,474.73,3153.4,93.13,4.74,76.36,52.44,24.89,73.12,degraded,6,0,3,5,-1.1076,-22.258,-8.2369,0
PUMP-MONITOR,2026-01-06T05:30:00,485.03,3204.85,110.48,3.63,72.83,55.03,26.69,74.68,degraded,6,0,3,5,-1.1083,17.3563,-3.5311,0
PUMP-MONITOR,2026-01-06T05:35:00,484.07,3186.72,101.34,5.05,78.27,53.91,26.1,67.28,degraded,6,0,1,5,1.421,-9.1434,5.4469,0
PUMP-MONITOR,2026-01-06T05:40:00,471.03,3160.41,106.6,5.02,77.27,53.44,25.17,69.06,degraded,6,0,2,5,-0.0277,5.2577,-1.0028,0
PUMP-MONITOR,2026-01-06T05:45:00,471.16,2988.7,107.63,4.73,76.18,51.88,24.44,74.49,degraded,6,0,3,5,-0.2882,1.034,-1.0896,0
PUMP-MONITOR,2026-01-06T05:50:00,469.88,3039.76,115.73,3.73,77.05,50.89,23.91,68.24,degraded,6,0,0,5,-1.0068,8.1034,0.8684,0
PUMP-MONITOR,2026-01-06T05:55:00,472.24,3153.92,115.81,4.22,72.83,51.91,24.51,60.32,degraded,6,0,0,5,0.4898,0.0782,-4.2179,0
PUMP-MONITOR,2026-01-06T06:00:00,474.05,3064.23,97.64,4.35,77.34,49.78,23.6,60.11,degraded,6,0,3,5,0.1283,-18.1705,4.5126,0
PUMP-MONITOR,2026-01-06T06:05:00,470.63,3108.3,115.22,3.35,75.39,47.99,22.59,57.48,degraded,6,0,4,5,-0.9993,17.5765,-1.9572,0
PUMP-MONITOR,2026-01-06T06:10:00,485.65,3135.99,103.55,3.89,72.82,51.88,25.19,68.13,degraded,6,0,1,5,0.5393,-11.665,-2.5716,0
PUMP-MONITOR,2026-01-06T06:15:00,484.43,3143.03,113.5,4.62,82.96,55.01,26.65,76.98,degraded,6,0,0,5,0.7349,9.9425,10.1438,0
PUMP-MONITOR,2026-01-06T06:20:00,483.91,3088.42,113.55,5.52,78.98,50.61,24.49,66.76,degraded,6,0,0,5,0.9023,0.0583,-3.98,0
PUMP-MONITOR,2026-01-06T06:25:00,479.81,3000.51,110.73,6.02,77.84,52.41,25.15,74.41,degraded,6,1,3,5,0.4992,-2.8236,-1.1376,0
PUMP-MONITOR,2026-01-06T06:30:00,482.89,2996.22,93.1,6.19,73.28,52.28,25.24,59.62,degraded,6,0,1,5,0.164,-17.6278,-4.5646,0
PUMP-MONITOR,2026-01-06T06:35:00,472.26,2970.85,106.71,5.65,80.35,49.1,23.19,64.51,degraded,6,0,1,5,-0.5316,13.6046,7.0722,0
PUMP-MONITOR,2026-01-06T06:40:00,475.24,3048.61,97.85,5.19,75.66,51.54,24.5,73.28,degraded,6,0,3,5,-0.4692,-8.8565,-4.6883,0
PUMP-MONITOR,2026-01-06T06:45:00,478.66,3010.09,95.37,5.24,82.23,49.32,23.61,57.11,degraded,6,0,0,5,0.056,-2.484,6.5724,0
PUMP-MONITOR,2026-01-06T06:50:00,474.88,3194.55,109.0,4.53,76.7,49.94,23.71,63.6,degraded,6,0,2,5,-0.7076,13.6365,-5.534,0
PUMP-MONITOR,2026-01-06T06:55:00,479.98,3022.77,105.14,3.61,84.38,53.12,25.5,71.43,degraded,6,0,2,5,-0.919,-3.8626,7.6801,0
PUMP-MONITOR,2026-01-06T07:00:00,478.58,3126.56,97.15,5.55,79.51,55.29,26.46,75.17,degraded,6,0,0,5,1.9405,-7.9868,-4.8671,0
PUMP-MONITOR,2026-01-06T07:05:00,471.62,3180.45,111.79,3.99,71.67,50.53,23.83,68.86,degraded,6,0,1,5,-1.5653,14.6307,-7.8382,0
PUMP-MONITOR,2026-01-06T07:10:00,471.24,3171.87,101.52,6.0,84.45,53.39,25.16,75.13,degraded,6,0,0,5,2.0092,-10.2613,12.7739,0
PUMP-MONITOR,2026-01-06T07:15:00,484.34,3093.78,96.03,5.36,80.45,51.58,24.98,59.23,degraded,6,0,1,5,-0.6415,-5.4961,-4.0022,0
PUMP-MONITOR,2026-01-06T07:20:00,473.51,2949.66,101.78,6.12,72.98,49.72,23.54,68.05,degraded,6,1,5,5,0.7596,5.7544,-7.4706,0
PUMP-MONITOR,2026-01-06T07:25:00,480.07,3119.71,104.32,3.55,71.0,50.32,24.16,61.93,degraded,6,0,4,5,-2.5692,2.5344,-1.9753,0
PUMP-MONITOR,2026-01-06T07:30:00,486.73,2938.6,114.17,4.55,75.82,53.16,25.88,79.41,degraded,6,0,3,5,1.0009,9.8502,4.8184,0
PUMP-MONITOR,2026-01-06T07:35:00,472.26,3184.25,96.9,4.04,80.08,49.4,23.33,60.81,degraded,6,0,4,5,-0.5044,-17.269,4.2569,0
PUMP-MONITOR,2026-01-06T07:40:00,482.74,3050.74,99.85,6.12,79.3,52.14,25.17,76.98,degraded,6,0,2,5,2.0732,2.9522,-0.7707,0
PUMP-MONITOR,2026-01-06T07:45:00,470.17,3191.99,94.62,4.71,72.17,50.58,23.78,60.15,degraded,6,0,3,5,-1.4057,-5.235,-7.132,0
PUMP-MONITOR,2026-01-06T07:50:00,472.45,3103.28,99.97,3.95,72.8,52.68,24.89,70.59,degraded,6,0,1,5,-0.7596,5.355,0.627,0
PUMP-MONITOR,2026-01-06T07:55:00,475.94,2931.55,91.14,3.73,71.42,52.64,25.05,76.87,degraded,6,0,4,5,-0.224,-8.8288,-1.3809,0
PUMP-MONITOR,2026-01-06T08:00:00,479.38,2960.61,102.83,5.36,78.55,51.51,24.69,70.36,degraded,6,1,3,5,1.6322,11.6931,7.1308,0
PUMP-MONITOR,2026-01-06T08:05:00,479.24,3073.06,107.4,4.77,74.96,53.36,25.57,80.5,degraded,6,0,3,5,-0.5873,4.5644,-3.5918,0
PUMP-MONITOR,2026-01-06T08:10:00,477.92,3194.04,107.76,5.95,84.2,53.27,25.46,75.99,degraded,6,0,1,5,1.1748,0.3574,9.2443,0
PUMP-MONITOR,2026-01-06T08:15:00,480.25,2933.3,101.08,5.97,81.5,52.91,25.41,69.91,degraded,6,0,2,5,0.0179,-6.6757,-2.7014,0
PUMP-MONITOR,2026-01-06T08:20:00,485.66,2948.03,95.69,4.33,78.76,53.56,26.01,79.47,degraded,6,0,4,5,-1.6329,-5.3892,-2.7435,0
PUMP-MONITOR,2026-01-06T08:25:00,483.93,3202.15,113.98,3.98,71.59,49.57,23.99,59.33,degraded,6,0,2,5,-0.3489,18.2894,-7.1629,0
PUMP-MONITOR,2026-01-06T08:30:00,475.32,3002.95,112.21,5.71,77.47,51.81,24.63,71.38,degraded,6,0,4,5,1.7236,-1.7684,5.8723,0
PUMP-MONITOR,2026-01-06T08:35:00,479.86,3035.33,109.8,3.34,79.57,54.27,26.04,68.69,degraded,6,0,4,5,-2.3679,-2.4112,2.0997,0
PUMP-MONITOR,2026-01-06T08:40:00,484.34,2971.48,101.84,4.49,75.25,54.2,26.25,68.71,degraded,6,0,2,5,1.1545,-7.9653,-4.3155,0
PUMP-MONITOR,2026-01-06T08:45:00,488.35,3166.05,111.74,4.01,85.35,54.57,26.65,71.2,degraded,6,0,2,5,-0.4794,9.9024,10.0954,0
PUMP-MONITOR,2026-01-06T08:50:00,469.7,2929.91,112.55,3.48,79.5,54.41,25.56,75.42,degraded,6,0,3,5,-0.5379,0.8105,-5.8429,0
PUMP-MONITOR,2026-01-06T08:55:00,470.15,2974.0,114.94,4.75,85.17,52.5,24.68,79.58,degraded,6,0,2,5,1.2697,2.3945,5.6702,0
PUMP-MONITOR,2026-01-06T09:00:00,486.63,3071.95,96.1,4.54,71.46,54.23,26.39,73.2,degraded,6,0,3,5,-0.2092,-18.8415,-13.7104,0
PUMP-MONITOR,2026-01-06T09:05:00,478.44,3003.1,114.86,4.48,75.25,53.07,25.39,72.67,degraded,6,0,4,5,-0.0586,18.7586,3.7846,0
PUMP-MONITOR,2026-01-06T09:10:00,482.85,2955.95,115.67,5.52,75.62,53.6,25.88,66.38,degraded,6,0,3,5,1.0433,0.8123,0.3702,0
PUMP-MONITOR,2026-01-06T09:15:00,488.67,2941.25,110.95,4.88,80.99,52.97,25.89,65.29,degraded,6,0,1,5,-0.6455,-4.7227,5.3689,0
PUMP-MONITOR,2026-01-06T09:20:00,470.82,2958.26,110.1,3.82,76.97,54.84,25.82,80.48,degraded,6,0,4,5,-1.0609,-0.8537,-4.0214,0
PUMP-MONITOR,2026-01-06T09:25:00,483.68,3143.73,104.33,4.46,76.7,52.24,25.27,57.46,degraded,6,0,0,5,0.6426,-5.762,-0.2628,0
PUMP-MONITOR,2026-01-06T09:30:00,472.57,3058.83,105.9,5.19,77.94,52.31,24.72,63.68,degraded,6,0,4,5,0.7268,1.5689,1.2359,0
PUMP-MONITOR,2026-01-06T09:35:00,479.31,2987.84,105.86,4.55,73.05,50.59,24.25,56.4,degraded,6,0,4,5,-0.6309,-0.0455,-4.8924,0
PUMP-MONITOR,2026-01-06T09:40:00,487.82,3162.83,101.28,3.71,74.42,52.94,25.83,60.7,degraded,6,0,3,5,-0.8442,-4.5827,1.379,0
PUMP-MONITOR,2026-01-06T09:45:00,472.72,2935.87,96.74,3.75,83.17,50.74,23.98,63.21,degraded,6,1,3,5,0.0382,-4.5373,8.7489,0
PUMP-MONITOR,2026-01-06T09:50:00,471.51,3105.25,99.82,3.59,71.66,50.1,23.62,62.98,degraded,6,1,1,5,-0.1624,3.079,-11.515,0
PUMP-MONITOR,2026-01-06T09:55:00,473.09,3106.04,95.1,3.39,76.37,53.04,25.09,67.5,degraded,6,1,5,5,-0.1983,-4.7176,4.7133,0
PUMP-MONITOR,2026-01-06T10:00:00,482.77,3169.75,94.76,4.05,81.77,53.28,25.72,79.05,degraded,6,0,1,5,0.6661,-0.3442,5.3947,0
PUMP-MONITOR,2026-01-06T10:05:00,481.66,2941.74,106.93,5.69,73.09,53.98,26.0,70.71,degraded,6,0,2,5,1.6343,12.1699,-8.6789,0
PUMP-MONITOR,2026-01-06T10:10:00,482.05,3068.41,112.83,5.32,72.72,52.05,25.09,72.91,degraded,6,0,3,5,-0.3694,5.9015,-0.3707,0
PUMP-MONITOR,2026-01-06T10:15:00,488.71,3169.68,92.16,5.47,79.88,54.48,26.62,72.52,degraded,6,0,0,5,0.1484,-20.6635,7.1673,0
PUMP-MONITOR,2026-01-06T10:20:00,488.82,3009.47,91.41,3.84,72.29,49.88,24.38,60.79,degraded,6,1,3,5,-1.6285,-0.7492,-7.5947,0
PUMP-MONITOR,2026-01-06T10:25:00,470.23,3059.61,101.2,4.73,78.21,52.1,24.5,79.12,degraded,6,0,1,5,0.8902,9.7821,5.9192,0
PUMP-MONITOR,2026-01-06T10:30:00,474.03,2987.69,114.31,4.1,80.8,51.73,24.52,74.5,degraded,6,0,3,5,-0.6303,13.1157,2.5912,0
PUMP-MONITOR,2026-01-06T10:35:00,479.46,3199.67,95.32,3.66,74.99,50.33,24.13,59.55,degraded,6,0,0,5,-0.4342,-18.9916,-5.8084,0
PUMP-MONITOR,2026-01-06T10:40:00,478.68,2967.22,108.1,5.98,77.01,52.0,24.89,77.17,degraded,6,0,0,5,2.3112,12.7847,2.0165,0
PUMP-MONITOR,2026-01-06T10:45:00,487.26,3035.15,93.89,5.89,84.01,56.01,27.29,80.08,degraded,6,0,2,5,-0.0894,-14.2191,7.0044,0
PUMP-MONITOR,2026-01-06T10:50:00,488.12,2977.86,91.5,5.05,82.23,54.94,26.82,72.86,degraded,6,0,0,5,-0.8384,-2.386,-1.7854,0
PUMP-MONITOR,2026-01-06T10:55:00,488.86,3014.18,101.07,4.07,77.85,52.42,25.63,71.17,degraded,6,0,4,5,-0.9756,9.569,-4.3763,0
PUMP-MONITOR,2026-01-06T11:00:00,485.56,3163.2,95.46,4.0,82.17,55.09,26.75,76.54,degraded,6,0,0,5,-0.073,-5.6122,4.323,0
PUMP-MONITOR,2026-01-06T11:05:00,481.07,3092.51,100.15,5.93,85.67,52.78,25.39,64.4,degraded,6,0,2,5,1.9321,4.6901,3.4966,0
PUMP-MONITOR,2026-01-06T11:10:00,479.13,3178.19,107.84,3.69,76.49,52.75,25.27,74.55,degraded,6,0,4,5,-2.2384,7.6938,-9.1767,0
PUMP-MONITOR,2026-01-06T11:15:00,474.11,2922.49,109.67,4.75,73.94,52.54,24.91,74.54,degraded,6,0,0,5,1.0555,1.8303,-2.5505,0
PUMP-MONITOR,2026-01-06T11:20:00,475.29,3204.95,111.62,3.64,85.86,51.86,24.65,77.73,degraded,6,0,4,5,-1.1066,1.9474,11.92,0
PUMP-MONITOR,2026-01-06T11:25:00,482.53,3113.71,101.51,3.69,81.49,51.11,24.66,58.97,degraded,6,0,3,5,0.0446,-10.1069,-4.3708,0
PUMP-MONITOR,2026-01-06T11:30:00,486.32,3100.35,101.86,3.41,75.15,52.47,25.52,75.11,degraded,6,0,1,5,-0.2792,0.3458,-6.3459,0
PUMP-MONITOR,2026-01-06T11:35:00,483.03,3013.29,96.77,4.42,75.56,49.75,24.03,56.29,degraded,6,0,0,5,1.0143,-5.0876,0.4178,0
PUMP-MONITOR,2026-01-06T11:40:00,478.94,2954.29,99.24,4.21,79.51,50.55,24.21,64.96,degraded,6,0,3,5,-0.2142,2.4746,3.9494,0
PUMP-MONITOR,2026-01-06T11:45:00,480.86,2991.95,111.14,6.15,72.4,54.59,26.25,78.56,degraded,6,0,1,5,1.9447,11.8913,-7.1179,0
PUMP-MONITOR,2026-01-06T11:50:00,483.18,3115.74,94.87,3.94,73.83,52.68,25.46,70.53,degraded,6,1,2,5,-2.2131,-16.2612,1.4346,0
PUMP-MONITOR,2026-01-06T11:55:00,474.15,2955.59,113.65,3.77,77.64,48.89,23.18,60.74,degraded,6,1,5,5,-0.1705,18.778,3.8137,0
PUMP-MONITOR,2026-01-06T12:00:00,488.62,2993.71,96.03,5.21,75.16,52.23,25.52,67.49,degraded,6,0,4,5,1.4402,-17.6223,-2.486,0
PUMP-MONITOR,2026-01-06T12:05:00,481.43,3197.07,108.4,4.53,78.02,54.3,26.14,76.23,degraded,6,0,4,5,-0.6801,12.3697,2.8635,0
PUMP-MONITOR,2026-01-06T12:10:00,478.02,2975.1,103.89,6.17,82.5,52.71,25.2,68.31,degraded,6,1,2,5,1.6399,-4.5071,4.4786,0
PUMP-MONITOR,2026-01-06T12:15:00,484.97,3008.96,92.96,3.39,84.86,52.9,25.65,72.6,degraded,6,0,3,5,-2.7738,-10.9303,2.3567,0
PUMP-MONITOR,2026-01-06T12:20:00,481.48,3208.71,114.3,4.88,81.52,52.67,25.36,73.24,degraded,6,0,0,5,1.486,21.3373,-3.3385,0
PUMP-MONITOR,2026-01-06T12:25:00,470.97,3021.17,108.21,4.19,73.17,54.02,25.44,72.2,degraded,6,0,2,5,-0.6864,-6.0854,-8.3502,0
PUMP-MONITOR,2026-01-06T12:30:00,476.59,3058.84,107.18,5.77,71.41,51.76,24.67,77.0,degraded,6,0,4,5,1.5747,-1.035,-1.7558,0
PUMP-MONITOR,2026-01-06T12:35:00,485.31,3138.44,105.79,5.0,77.37,53.09,25.76,61.07,degraded,6,0,4,5,-0.7726,-1.392,5.9608,0
PUMP-MONITOR,2026-01-06T12:40:00,472.63,2952.99,102.62,4.57,81.33,51.26,24.23,59.65,degraded,6,0,2,5,-0.4226,-3.1718,3.9592,0
PUMP-MONITOR,2026-01-06T12:45:00,483.7,3189.74,100.15,5.23,85.4,51.6,24.96,58.25,degraded,6,0,1,5,0.6559,-2.4671,4.0661,0
PUMP-MONITOR,2026-01-06T12:50:00,487.01,3042.36,92.18,6.23,80.58,52.65,25.64,74.76,degraded,6,0,2,5,1.0031,-7.964,-4.822,0
PUMP-MONITOR,2026-01-06T12:55:00,478.19,2925.86,105.06,6.2,85.16,51.43,24.59,67.32,degraded,6,0,1,5,-0.0329,12.877,4.5859,0
PUMP-MONITOR,2026-01-06T13:00:00,480.92,3190.62,99.81,4.64,76.1,53.04,25.51,75.75,degraded,6,0,3,5,-1.5596,-5.2518,-9.0593,0
PUMP-MONITOR,2026-01-06T13:05:00,477.26,3121.74,93.96,3.82,83.68,51.29,24.48,55.75,degraded,6,0,2,5,-0.8167,-5.8487,7.5816,0
PUMP-MONITOR,2026-01-06T13:10:00,476.02,2995.52,109.64,4.09,78.13,51.7,24.61,73.54,degraded,6,0,3,5,0.2682,15.6745,-5.5571,0
PUMP-MONITOR,2026-01-06T13:15:00,472.26,3120.92,112.35,4.76,84.46,50.94,24.06,70.71,degraded,6,0,1,5,0.6703,2.7098,6.3284,0
PUMP-MONITOR,2026-01-06T13:20:00,474.82,2980.89,98.39,5.0,85.71,49.28,23.4,61.73,degraded,6,0,3,5,0.2364,-13.9571,1.2494,0
PUMP-MONITOR,2026-01-06T13:25:00,470.35,3041.38,103.07,6.16,81.24,53.67,25.24,79.4,degraded,6,0,1,5,1.1586,4.6785,-4.4688,0
PUMP-MONITOR,2026-01-06T13:30:00,479.97,3097.68,108.5,6.13,76.05,50.28,24.13,62.07,degraded,6,0,0,5,-0.0317,5.4333,-5.1861,0
PUMP-MONITOR,2026-01-06T13:35:00,471.77,3090.05,92.28,3.99,78.51,54.18,25.56,74.42,degraded,6,0,0,5,-2.1343,-16.2166,2.4562,0
PUMP-MONITOR,2026-01-06T13:40:00,474.13,3106.46,114.93,3.61,73.88,50.63,24.01,58.41,degraded,6,0,1,5,-0.3763,22.6452,-4.6306,0
PUMP-MONITOR,2026-01-06T13:45:00,475.63,3092.57,99.11,5.18,85.36,49.47,23.53,60.29,degraded,6,0,4,5,1.5685,-15.8139,11.4811,0
PUMP-MONITOR,2026-01-06T13:50:00,484.31,3147.32,107.61,6.17,79.19,52.07,25.22,70.95,degraded,6,0,4,5,0.9855,8.495,-6.1633,0
PUMP-MONITOR,2026-01-06T13:55:00,478.83,3123.07,96.64,5.57,71.79,53.85,25.78,76.38,degraded,6,0,4,5,-0.5951,-10.9654,-7.4089,0
PUMP-MONITOR,2026-01-06T14:00:00,487.78,3103.2,99.39,5.58,71.92,55.09,26.87,79.42,degraded,6,0,0,5,0.0075,2.7452,0.1329,0
PUMP-MONITOR,2026-01-06T14:05:00,476.1,3045.69,97.76,4.24,83.59,53.48,25.46,77.53,degraded,6,1,4,5,-1.3402,-1.6335,11.6681,0
PUMP-MONITOR,2026-01-06T14:10:00,474.96,2933.99,111.02,4.77,75.31,51.87,24.63,59.08,degraded,6,1,5,5,0.5338,13.2647,-8.2783,0
PUMP-MONITOR,2026-01-06T14:15:00,487.05,3105.39,106.0,5.2,84.46,51.49,25.08,62.32,degraded,6,0,3,5,0.4252,-5.0236,9.1483,0
PUMP-MONITOR,2026-01-06T14:20:00,484.54,3094.26,96.89,3.4,74.72,50.56,24.5,66.77,degraded,6,1,4,5,-1.8046,-9.1055,-9.7405,0
PUMP-MONITOR,2026-01-06T14:25:00,477.69,2925.86,97.66,3.66,84.35,53.51,25.56,74.0,degraded,6,0,3,5,0.2688,0.7709,9.6319,0
PUMP-MONITOR,2026-01-06T14:30:00,480.69,3176.19,102.1,3.64,78.47,53.3,25.62,73.86,degraded,6,1,4,5,-0.0261,4.4368,-5.8808,0
PUMP-MONITOR,2026-01-06T14:35:00,472.42,3182.23,113.57,4.44,78.71,49.95,23.6,57.36,degraded,6,0,0,5,0.8036,11.4692,0.2429,0
PUMP-MONITOR,2026-01-06T14:40:00,471.43,3170.03,103.58,4.62,80.52,52.86,24.92,74.21,degraded,6,1,4,5,0.1775,-9.992,1.8058,0
PUMP-MONITOR,2026-01-06T14:45:00,469.38,3161.07,92.9,5.6,75.73,52.19,24.5,80.22,degraded,6,0,4,5,0.9814,-10.6754,-4.7819,0
PUMP-MONITOR,2026-01-06T14:50:00,475.91,3074.94,107.43,4.11,81.37,50.16,23.87,60.78,degraded,6,0,0,5,-1.493,14.5307,5.6393,0
PUMP-MONITOR,2026-01-06T14:55:00,481.61,3214.2,99.64,5.53,75.54,50.95,24.54,64.66,degraded,6,0,1,5,1.4219,-7.7926,-5.8288,0
PUMP-MONITOR,2026-01-06T15:00:00,469.92,3084.6,110.13,4.75,80.24,54.61,25.66,78.11,degraded,6,0,0,5,-0.7758,10.491,4.6966,0
PUMP-MONITOR,2026-01-06T15:05:00,486.47,3099.63,91.57,4.75,80.92,53.61,26.08,65.27,degraded,6,0,1,5,-0.005,-18.5625,0.6792,0
PUMP-MONITOR,2026-01-06T15:10:00,483.73,3107.17,94.2,5.52,79.81,52.15,25.23,57.52,degraded,6,0,1,5,0.7743,2.6367,-1.1114,0
PUMP-MONITOR,2026-01-06T15:15:00,478.71,3017.93,112.71,4.7,78.14,52.4,25.09,77.04,degraded,6,0,4,5,-0.8243,18.5104,-1.6728,0
PUMP-MONITOR,2026-01-06T15:20:00,488.11,2956.23,115.9,3.67,79.34,53.48,26.11,60.39,degraded,6,0,0,5,-1.0268,3.1809,1.2053,0
PUMP-MONITOR,2026-01-06T15:25:00,484.82,3074.82,91.64,4.42,75.38,52.87,25.63,80.11,degraded,6,0,4,5,0.7463,-24.2561,-3.9591,0
PUMP-MONITOR,2026-01-06T15:30:00,473.32,3015.97,92.7,3.69,81.48,52.19,24.7,60.57,degraded,6,0,4,5,-0.7271,1.0583,6.0976,0
PUMP-MONITOR,2026-01-06T15:35:00,484.93,2950.28,114.96,4.23,71.82,52.75,25.58,67.01,degraded,6,0,0,5,0.5411,22.2587,-9.6608,0
PUMP-MONITOR,2026-01-06T15:40:00,486.72,2974.22,103.04,6.22,72.18,50.49,24.57,55.89,degraded,6,0,0,5,1.984,-11.9128,0.3582,0
PUMP-MONITOR,2026-01-06T15:45:00,477.2,3151.8,96.83,3.88,85.1,49.49,23.62,55.74,degraded,6,0,1,5,-2.3353,-6.2139,12.9262,0
PUMP-MONITOR,2026-01-06T15:50:00,472.86,2937.96,94.31,3.41,75.25,49.19,23.26,59.27,degraded,6,1,2,5,-0.4718,-2.5183,-9.854,0
PUMP-MONITOR,2026-01-06T15:55:00,479.53,3217.22,98.32,6.29,71.64,49.92,23.94,57.45,degraded,6,0,4,5,2.8788,4.0053,-3.6065,0
PUMP-MONITOR,2026-01-06T16:00:00,481.39,2965.09,92.25,3.41,75.67,53.66,25.83,74.11,degraded,6,0,1,5,-2.8788,-6.0672,4.0304,0
PUMP-MONITOR,2026-01-06T16:05:00,470.38,3093.71,94.92,5.16,75.07,49.77,23.41,64.95,degraded,6,1,2,5,1.7521,2.666,-0.6069,0
PUMP-MONITOR,2026-01-06T16:10:00,469.62,3069.69,107.24,6.1,74.13,49.21,23.11,64.55,degraded,6,0,3,5,0.9377,12.3228,-0.9397,0
PUMP-MONITOR,2026-01-06T16:15:00,486.88,3151.82,94.32,4.91,79.84,52.94,25.78,67.0,degraded,6,0,1,5,-1.1925,-12.9223,5.7108,0
PUMP-MONITOR,2026-01-06T16:20:00,472.57,2998.58,91.33,4.14,76.95,50.67,23.95,71.19,degraded,6,0,3,5,-0.767,-2.9873,-2.8891,0
PUMP-MONITOR,2026-01-06T16:25:00,476.05,3058.35,99.61,4.01,72.06,52.09,24.8,66.03,degraded,6,0,0,5,-0.134,8.2828,-4.8883,0
PUMP-MONITOR,2026-01-06T16:30:00,476.24,2980.32,101.63,5.52,80.96,52.1,24.81,70.8,degraded,6,1,1,5,1.5183,2.016,8.8997,0
PUMP-MONITOR,2026-01-06T16:35:00,473.29,2929.16,112.5,5.3,72.75,53.04,25.1,70.47,degraded,6,0,2,5,-0.2265,10.8763,-8.2109,0
PUMP-MONITOR,2026-01-06T16:40:00,488.32,3022.64,112.77,4.21,71.48,53.13,25.94,69.08,degraded,6,0,3,5,-1.0859,0.267,-1.2638,0
PUMP-MONITOR,2026-01-06T16:45:00,472.33,3198.01,105.25,3.43,83.86,49.93,23.58,69.46,degraded,6,0,4,5,-0.7851,-7.5183,12.3787,0
PUMP-MONITOR,2026-01-06T16:50:00,484.48,2928.13,108.7,4.6,71.76,53.89,26.11,75.11,degraded,6,0,1,5,1.1786,3.4516,-12.1072,0
PUMP-MONITOR,2026-01-06T16:55:00,472.44,3032.88,100.7,5.71,75.37,50.69,23.95,60.55,degraded,6,0,4,5,1.1082,-8.0027,3.6128,0
PUMP-MONITOR,2026-01-06T17:00:00,471.93,3028.18,111.49,4.87,76.06,49.83,23.51,62.62,degraded,6,0,4,5,-0.8464,10.7857,0.6963,0
PUMP-MONITOR,2026-01-06T17:05:00,481.07,3210.44,111.11,4.41,74.49,52.8,25.4,76.63,degraded,6,1,3,5,-0.4594,-0.3758,-1.5757,0
PUMP-MONITOR,2026-01-06T17:10:00,470.52,3160.76,111.29,6.34,77.99,54.47,25.63,76.5,degraded,6,0,4,5,1.9296,0.1781,3.5044,0
PUMP-MONITOR,2026-01-06T17:15:00,471.72,3154.66,95.57,5.61,72.97,51.24,24.17,60.22,degraded,6,0,0,5,-0.7296,-15.7226,-5.0203,0
PUMP-MONITOR,2026-01-06T17:20:00,482.22,2969.91,111.29,5.43,78.8,55.0,26.52,79.92,degraded,6,0,1,5,-0.1801,15.7257,5.8292,0
PUMP-MONITOR,2026-01-06T17:25:00,488.99,3144.25,91.68,5.25,73.01,53.7,26.26,66.16,degraded,6,1,3,5,-0.1753,-19.6103,-5.7948,0
PUMP-MONITOR,2026-01-06T17:30:00,471.26,2930.36,111.01,5.63,84.57,52.28,24.64,72.86,degraded,6,0,1,5,0.3782,19.3282,11.5634,0
PUMP-MONITOR,2026-01-06T17:35:00,473.92,3040.98,107.54,4.8,74.01,50.49,23.93,65.66,degraded,6,0,3,5,-0.8298,-3.4707,-10.5633,0
PUMP-MONITOR,2026-01-06T17:40:00,472.28,2973.92,108.92,6.17,83.13,51.35,24.25,62.25,degraded,6,0,2,5,1.3702,1.3786,9.1182,0
PUMP-MONITOR,2026-01-06T17:45:00,488.18,2979.31,96.22,6.07,82.3,53.35,26.04,71.8,degraded,6,0,0,5,-0.0977,-12.6932,-0.8243,0
PUMP-MONITOR,2026-01-06T17:50:00,479.52,3095.17,104.4,6.08,75.42,49.97,23.96,63.81,degraded,6,0,1,5,0.0032,8.1742,-6.8842,0
PUMP-MONITOR,2026-01-06T17:55:00,478.99,2926.1,91.53,6.14,84.68,49.5,23.71,59.91,degraded,6,0,4,5,0.06,-12.8687,9.2621,0
PUMP-MONITOR,2026-01-06T18:00:00,476.64,3204.65,92.64,5.99,72.82,50.04,23.85,67.37,degraded,6,0,0,5,-0.1446,1.1143,-11.8636,0
PUMP-MONITOR,2026-01-06T18:05:00,482.48,3208.54,107.43,6.25,80.77,54.05,26.08,70.13,degraded,6,0,0,5,0.2611,14.7902,7.9504,0
PUMP-MONITOR,2026-01-06T18:10:00,477.54,3079.03,103.16,5.12,74.25,50.8,24.26,70.6,degraded,6,0,2,5,-1.1343,-4.2716,-6.5149,0
PUMP-MONITOR,2026-01-06T18:15:00,474.5,3035.69,103.05,4.13,78.67,54.99,26.09,77.34,degraded,6,0,3,5,-0.9912,-0.1118,4.4178,0
PUMP-MONITOR,2026-01-06T18:20:00,471.02,3168.08,103.02,5.15,84.57,53.92,25.4,75.48,degraded,6,0,4,5,1.025,-0.0325,5.8958,0
PUMP-MONITOR,2026-01-06T18:25:00,476.47,2993.67,103.02,4.54,73.91,53.87,25.67,72.9,degraded,6,0,0,5,-0.6131,-0.001,-10.653,0
PUMP-MONITOR,2026-01-06T18:30:00,483.13,3061.89,100.58,4.57,84.58,52.88,25.55,61.65,degraded,6,0,2,5,0.0293,-2.4403,10.6725,0
PUMP-MONITOR,2026-01-06T18:35:00,472.53,3134.27,93.46,4.91,73.06,49.81,23.54,61.12,degraded,6,0,4,5,0.3445,-7.1137,-11.5229,0
PUMP-MONITOR,2026-01-06T18:40:00,478.91,2979.06,97.29,5.54,79.71,54.37,26.04,70.33,degraded,6,0,3,5,0.6228,3.8255,6.6528,0
PUMP-MONITOR,2026-01-06T18:45:00,484.17,3098.77,94.84,4.01,84.66,51.74,25.05,61.95,degraded,6,1,1,5,-1.5207,-2.4494,4.9498,0
PUMP-MONITOR,2026-01-06T18:50:00,486.01,3222.2,99.37,5.95,84.59,51.3,24.93,70.86,degraded,6,0,3,5,1.933,4.5253,-0.0767,0
PUMP-MONITOR,2026-01-06T18:55:00,484.76,2974.07,100.67,4.85,80.56,53.31,25.84,66.43,degraded,6,0,1,5,-1.0997,1.3052,-4.0239,0
PUMP-MONITOR,2026-01-06T19:00:00,475.26,3132.37,109.56,4.73,72.8,51.53,24.49,67.19,degraded,6,1,3,5,-0.1197,8.8882,-7.764,0
PUMP-MONITOR,2026-01-06T19:05:00,485.99,2974.96,98.52,3.75,73.96,51.33,24.95,62.12,degraded,6,0,1,5,-0.9751,-11.04,1.1602,0
PUMP-MONITOR,2026-01-06T19:10:00,469.32,3057.18,99.89,4.81,77.39,50.71,23.8,65.45,degraded,6,0,2,5,1.0599,1.3746,3.4343,0
PUMP-MONITOR,2026-01-06T19:15:00,473.63,3012.28,97.71,6.16,77.56,53.79,25.48,74.1,degraded,6,0,4,5,1.3517,-2.1822,0.1691,0
PUMP-MONITOR,2026-01-06T19:20:00,476.76,3125.36,102.1,6.06,77.35,52.37,24.97,60.13,degraded,6,0,4,5,-0.1093,4.3868,-0.2146,0
PUMP-MONITOR,2026-01-06T19:25:00,478.94,3155.53,102.99,5.52,85.48,50.06,23.98,61.9,degraded,6,0,3,5,-0.5396,0.8872,8.1317,0
PUMP-MONITOR,2026-01-06T19:30:00,484.83,3200.66,105.89,4.4,72.21,56.4,27.34,79.14,degraded,6,0,2,5,-1.1173,2.9094,-13.2668,0
PUMP-MONITOR,2026-01-06T19:35:00,477.64,3214.6,110.99,3.88,83.84,52.08,24.87,66.96,degraded,6,0,2,5,-0.5142,5.0926,11.6244,0
PUMP-MONITOR,2026-01-06T19:40:00,482.69,2926.7,108.62,4.65,77.98,54.57,26.34,70.8,degraded,6,0,0,5,0.7682,-2.3699,-5.8556,0
PUMP-MONITOR,2026-01-06T19:45:00,472.08,3208.21,104.95,6.24,85.24,51.93,24.51,72.47,degraded,6,0,2,5,1.5827,-3.668,7.2568,0
PUMP-MONITOR,2026-01-06T19:50:00,487.34,2992.05,109.53,3.45,81.28,53.44,26.04,70.73,degraded,6,0,0,5,-2.7805,4.5759,-3.9609,0
PUMP-MONITOR,2026-01-06T19:55:00,472.59,3176.29,92.61,5.65,71.31,51.56,24.36,67.93,degraded,6,0,1,5,2.1952,-16.9128,-9.9719,0
PUMP-MONITOR,2026-01-06T20:00:00,482.59,3059.96,110.17,6.21,84.85,50.8,24.52,67.19,degraded,6,0,2,5,0.5559,17.5605,13.5462,0
PUMP-MONITOR,2026-01-06T20:05:00,480.74,3123.73,102.88,3.93,84.05,50.19,24.13,55.83,degraded,6,1,2,5,-2.2801,-7.2888,-0.8024,0
PUMP-MONITOR,2026-01-06T20:10:00,470.88,3002.91,107.61,4.79,81.79,50.93,23.98,67.64,degraded,6,0,3,5,0.8632,4.7283,-2.2555,0
PUMP-MONITOR,2026-01-06T20:15:00,484.27,3037.95,99.78,4.08,73.93,49.87,24.15,61.27,degraded,6,0,2,5,-0.705,-7.8363,-7.8607,0
PUMP-MONITOR,2026-01-06T20:20:00,477.82,2931.12,95.77,3.47,77.6,50.15,23.96,60.36,degraded,6,0,0,5,-0.6102,-4.0053,3.6626,0
PUMP-MONITOR,2026-01-06T20:25:00,474.46,3016.23,95.06,5.73,76.48,53.49,25.38,76.0,degraded,6,0,1,5,2.2526,-0.7088,-1.1126,0
PUMP-MONITOR,2026-01-06T20:30:00,470.2,3106.41,108.05,4.35,84.48,47.52,22.34,57.39,degraded,6,0,2,5,-1.379,12.9924,7.9928,0
PUMP-MONITOR,2026-01-06T20:35:00,475.87,3203.59,100.95,5.96,71.79,50.37,23.97,62.75,degraded,6,0,0,5,1.6175,-7.1044,-12.6875,0
PUMP-MONITOR,2026-01-06T20:40:00,488.94,3159.88,103.92,6.31,77.83,50.01,24.45,60.38,degraded,6,0,1,5,0.3425,2.9658,6.0385,0
PUMP-MONITOR,2026-01-06T20:45:00,479.83,2945.82,93.22,4.94,71.75,51.04,24.49,64.88,degraded,6,0,3,5,-1.3629,-10.6936,-6.0773,0
PUMP-MONITOR,2026-01-06T20:50:00,488.55,2930.24,111.11,4.34,84.34,52.64,25.72,68.31,degraded,6,0,2,5,-0.609,17.8879,12.5924,0
PUMP-MONITOR,2026-01-06T20:55:00,470.76,3211.37,94.45,4.99,83.11,51.93,24.45,75.84,degraded,6,0,0,5,0.6531,-16.6559,-1.2294,0
PUMP-MONITOR,2026-01-06T21:00:00,483.51,3072.37,95.11,3.86,81.92,52.56,25.41,74.86,degraded,6,0,4,5,-1.1292,0.6517,-1.189,0
PUMP-MONITOR,2026-01-06T21:05:00,486.82,3026.99,104.17,4.05,75.86,50.21,24.44,58.74,degraded,6,0,4,5,0.192,9.0639,-6.0683,0
PUMP-MONITOR,2026-01-06T21:10:00,477.08,2953.47,107.21,6.12,77.89,52.54,25.07,65.09,degraded,6,0,3,5,2.0728,3.0375,2.0358,0
PUMP-MONITOR,2026-01-06T21:15:00,483.5,3094.39,113.12,4.72,73.98,54.31,26.26,72.8,degraded,6,0,4,5,-1.4054,5.9084,-3.908,0
PUMP-MONITOR,2026-01-06T21:20:00,485.21,3142.94,103.9,5.57,79.92,54.64,26.51,80.34,degraded,6,0,1,5,0.8541,-9.2208,5.9377,0
PUMP-MONITOR,2026-01-06T21:25:00,488.77,3115.75,98.55,4.78,85.81,51.52,25.18,65.06,degraded,6,0,0,5,-0.7886,-5.3417,5.8867,0
PUMP-MONITOR,2026-01-06T21:30:00,471.55,3022.71,93.86,3.64,75.22,54.11,25.52,78.74,degraded,6,0,0,5,-1.1493,-4.6942,-10.5895,0
PUMP-MONITOR,2026-01-06T21:35:00,483.87,2970.88,111.23,3.51,78.97,53.13,25.71,63.65,degraded,6,0,4,5,-0.1267,17.371,3.7495,0
PUMP-MONITOR,2026-01-06T21:40:00,479.51,3132.5,96.54,3.76,83.8,53.03,25.43,73.75,degraded,6,0,4,5,0.2509,-14.694,4.8325,0
PUMP-MONITOR,2026-01-06T21:45:00,472.65,3042.75,111.62,4.67,81.37,48.14,22.75,56.5,degraded,6,0,0,5,0.907,15.0805,-2.4313,0
PUMP-MONITOR,2026-01-06T21:50:00,486.55,3065.25,107.3,3.86,77.0,51.47,25.04,58.06,degraded,6,0,0,5,-0.8055,-4.3157,-4.3659,0
PUMP-MONITOR,2026-01-06T21:55:00,481.23,3021.62,101.88,3.54,76.6,51.64,24.85,69.92,degraded,6,0,1,5,-0.3228,-5.4163,-0.406,0
PUMP-MONITOR,2026-01-06T22:00:00,477.67,3131.82,96.96,5.45,81.26,54.91,26.23,73.63,degraded,6,1,4,5,1.908,-4.9251,4.6578,0
PUMP-MONITOR,2026-01-06T22:05:00,473.33,2944.79,110.2,3.43,81.94,52.05,24.64,77.38,degraded,6,0,0,5,-2.0201,13.2413,0.6808,0
PUMP-MONITOR,2026-01-06T22:10:00,478.81,3124.56,106.62,5.21,83.73,54.68,26.18,80.55,degraded,6,0,2,5,1.7876,-3.5832,1.7909,0
PUMP-MONITOR,2026-01-06T22:15:00,487.19,2928.62,108.75,4.98,74.62,52.26,25.46,62.86,degraded,6,0,3,5,-0.2377,2.1354,-9.1052,0
PUMP-MONITOR,2026-01-06T22:20:00,471.83,2969.59,109.14,6.33,82.09,55.61,26.24,80.04,degraded,6,0,3,5,1.3542,0.3903,7.4709,0
PUMP-MONITOR,2026-01-06T22:25:00,474.59,3122.52,101.54,3.99,84.86,51.06,24.23,71.2,degraded,6,0,0,5,-2.3383,-7.608,2.7643,0
PUMP-MONITOR,2026-01-06T22:30:00,472.75,2990.7,102.77,5.26,83.37,53.92,25.49,72.57,degraded,6,1,2,5,1.2647,1.2328,-1.4887,0
PUMP-MONITOR,2026-01-06T22:35:00,470.47,2943.87,107.69,5.43,74.69,48.66,22.89,58.41,degraded,6,0,4,5,0.1742,4.9225,-8.6766,0
PUMP-MONITOR,2026-01-06T22:40:00,480.86,3026.96,106.75,5.36,84.44,53.67,25.81,78.85,degraded,6,1,3,5,-0.0677,-0.9411,9.753,0
PUMP-MONITOR,2026-01-06T22:45:00,472.2,3155.84,107.99,5.04,77.55,52.77,24.92,64.3,degraded,6,0,0,5,-0.3205,1.2401,-6.8947,0
PUMP-MONITOR,2026-01-06T22:50:00,473.53,2963.9,108.01,4.02,83.22,54.48,25.8,73.2,degraded,6,0,0,5,-1.0218,0.0184,5.6723,0
PUMP-MONITOR,2026-01-06T22:55:00,473.84,3202.7,98.77,6.1,80.01,51.97,24.63,73.16,degraded,6,0,2,5,2.083,-9.2399,-3.2076,0
PUMP-MONITOR,2026-01-06T23:00:00,480.25,3175.83,114.34,5.44,83.16,50.09,24.06,66.19,degraded,6,0,4,5,-0.6664,15.5704,3.144,0
PUMP-MONITOR,2026-01-06T23:05:00,470.45,3016.54,110.62,5.2,80.51,50.96,23.98,63.09,degraded,6,0,0,5,-0.2388,-3.7197,-2.6506,0
PUMP-MONITOR,2026-01-06T23:10:00,484.33,3040.29,114.18,6.18,79.59,52.18,25.27,57.3,degraded,6,0,0,5,0.9835,3.5651,-0.9161,0
PUMP-MONITOR,2026-01-06T23:15:00,476.67,3163.84,100.56,4.55,73.13,52.73,25.13,72.42,degraded,6,0,3,5,-1.6341,-13.6229,-6.4585,0
PUMP-MONITOR,2026-01-06T23:20:00,478.74,2987.63,112.19,6.31,79.05,53.8,25.75,78.57,degraded,6,0,2,5,1.7582,11.6286,5.9211,0
PUMP-MONITOR,2026-01-06T23:25:00,487.46,3116.23,104.67,4.53,79.89,51.04,24.88,67.76,degraded,6,0,2,5,-1.7759,-7.5243,0.837,0
PUMP-MONITOR,2026-01-06T23:30:00,481.97,2961.65,104.4,6.35,81.87,53.19,25.63,68.36,degraded,6,0,4,5,1.8172,-0.2656,1.9817,0
PUMP-MONITOR,2026-01-06T23:35:00,479.14,3189.28,112.34,3.96,78.44,54.56,26.14,79.26,degraded,6,0,2,5,-2.3869,7.9404,-3.4325,0
PUMP-MONITOR,2026-01-06T23:40:00,471.71,3114.64,91.7,4.59,78.5,52.54,24.79,79.66,degraded,6,0,3,5,0.6342,-20.6445,0.0624,0
PUMP-MONITOR,2026-01-06T23:45:00,478.04,3212.52,99.78,3.89,84.48,54.38,25.99,76.83,degraded,6,1,2,5,-0.7027,8.0842,5.9812,0
PUMP-MONITOR,2026-01-06T23:50:00,482.03,3202.67,110.94,4.55,71.1,49.33,23.78,56.02,degraded,6,0,0,5,0.6626,11.1597,-13.3831,0
PUMP-MONITOR,2026-01-06T23:55:00,485.55,3023.87,91.02,3.43,84.45,53.07,25.77,73.57,degraded,6,1,5,5,-1.1226,-19.9181,13.3483,0
PUMP-MONITOR,2026-01-07T00:00:00,483.95,2975.08,97.75,4.62,77.71,52.04,25.18,66.05,degraded,6,0,2,5,1.1866,6.7329,-6.7369,0
PUMP-MONITOR,2026-01-07T00:05:00,480.5,3200.91,115.93,5.88,75.97,50.71,24.37,62.18,degraded,6,0,4,5,1.2585,18.1742,-1.7445,0
PUMP-MONITOR,2026-01-07T00:10:00,478.95,2979.74,110.84,6.34,73.21,51.74,24.78,63.74,degraded,6,0,2,5,0.4654,-5.0854,-2.762,0
PUMP-MONITOR,2026-01-07T00:15:00,481.32,3188.8,109.82,4.65,75.86,51.89,24.98,69.96,degraded,6,0,1,5,-1.6929,-1.0199,2.6529,0
PUMP-MONITOR,2026-01-07T00:20:00,487.28,2957.29,100.87,5.74,73.74,53.35,26.0,69.62,degraded,6,0,4,5,1.0946,-8.955,-2.1183,0
PUMP-MONITOR,2026-01-07T00:25:00,488.21,3069.31,111.68,5.2,72.55,54.6,26.66,77.44,degraded,6,0,2,5,-0.5449,10.8075,-1.1939,0
PUMP-MONITOR,2026-01-07T00:30:00,471.7,3089.52,112.88,4.87,81.16,53.14,25.07,68.84,degraded,6,0,0,5,-0.3284,1.2035,8.6095,0
PUMP-MONITOR,2026-01-07T00:35:00,482.29,2969.92,94.7,3.4,72.87,55.51,26.77,79.47,degraded,6,0,2,5,-1.4715,-18.1823,-8.2838,0
PUMP-MONITOR,2026-01-07T00:40:00,472.26,3048.64,108.35,3.5,78.15,49.41,23.33,59.94,degraded,6,0,0,5,0.1016,13.6506,5.2744,0
PUMP-MONITOR,2026-01-07T00:45:00,480.76,3210.73,113.0,4.88,75.91,49.98,24.03,56.53,degraded,6,0,1,5,1.3771,4.653,-2.2371,0
PUMP-MONITOR,2026-01-07T00:50:00,487.82,3062.13,104.17,5.35,83.3,54.59,26.63,73.56,degraded,6,0,1,5,0.4741,-8.8354,7.3915,0
PUMP-MONITOR,2026-01-07T00:55:00,476.87,3205.52,106.26,4.79,82.32,51.9,24.75,59.11,degraded,6,0,4,5,-0.5574,2.0937,-0.9856,0
PUMP-MONITOR,2026-01-07T01:00:00,487.52,3216.35,98.59,4.3,72.0,53.63,26.14,67.12,degraded,6,0,2,5,-0.4942,-7.671,-10.3153,0
PUMP-MONITOR,2026-01-07T01:05:00,487.48,3061.88,92.66,6.25,72.22,53.32,25.99,75.1,degraded,6,0,2,5,1.9498,-5.9295,0.2233,0
PUMP-MONITOR,2026-01-07T01:10:00,482.03,2945.72,114.28,4.52,72.8,49.97,24.09,63.98,degraded,6,0,4,5,-1.7258,21.6263,0.5762,0
PUMP-MONITOR,2026-01-07T01:15:00,486.65,2989.94,113.84,4.05,72.4,52.09,25.35,72.74,degraded,6,0,0,5,-0.4705,-0.4474,-0.4037,0
PUMP-MONITOR,2026-01-07T01:20:00,475.06,3099.39,113.84,4.55,72.6,55.75,26.48,80.34,degraded,6,0,3,5,0.492,0.0043,0.2066,0
PUMP-MONITOR,2026-01-07T01:25:00,479.27,3187.45,92.75,6.0,75.34,54.98,26.35,74.21,degraded,6,0,0,5,1.4526,-21.0942,2.7409,0
PUMP-MONITOR,2026-01-07T01:30:00,488.98,2939.89,104.76,6.13,85.54,51.23,25.05,62.81,degraded,6,0,4,5,0.1313,12.011,10.1962,0
PUMP-MONITOR,2026-01-07T01:35:00,486.56,3222.33,110.51,3.79,74.9,51.42,25.02,59.61,degraded,6,0,3,5,-2.3425,5.756,-10.6383,0
PUMP-MONITOR,2026-01-07T01:40:00,487.83,3054.23,110.05,5.8,79.94,50.47,24.62,59.67,degraded,6,0,2,5,2.0129,-0.4687,5.0366,0
PUMP-MONITOR,2026-01-07T01:45:00,484.95,3020.98,98.48,5.02,80.31,55.71,27.02,74.44,degraded,6,0,4,5,-0.7785,-11.5646,0.3686,0
PUMP-MONITOR,2026-01-07T01:50:00,480.59,2983.99,97.37,5.73,73.79,54.63,26.26,79.94,degraded,6,0,3,5,0.7083,-1.1097,-6.5216,0
PUMP-MONITOR,2026-01-07T01:55:00,480.84,3039.49,101.96,4.4,79.41,54.26,26.09,75.12,degraded,6,0,1,5,-1.3287,4.5876,5.6236,0
PUMP-MONITOR,2026-01-07T02:00:00,475.22,3164.15,101.14,3.46,73.02,52.0,24.71,67.33,degraded,6,0,1,5,-0.9373,-0.8145,-6.3847,0
PUMP-MONITOR,2026-01-07T02:05:00,470.88,3148.3,101.44,4.64,80.81,51.96,24.47,79.5,degraded,6,0,3,5,1.1737,0.2945,7.7878,0
PUMP-MONITOR,2026-01-07T02:10:00,471.97,3010.11,108.67,4.2,74.98,50.9,24.02,71.3,degraded,6,0,2,5,-0.4426,7.2275,-5.8313,0
PUMP-MONITOR,2026-01-07T02:15:00,482.36,3041.51,105.67,4.97,84.65,50.03,24.13,63.43,degraded,6,0,1,5,0.7762,-3.0007,9.6734,0
PUMP-MONITOR,2026-01-07T02:20:00,482.51,3139.86,100.92,6.03,74.13,54.21,26.16,69.77,degraded,6,0,2,5,1.0624,-4.745,-10.5281,0
PUMP-MONITOR,2026-01-07T02:25:00,487.85,3072.39,100.1,5.42,79.65,53.74,26.22,72.78,degraded,6,0,2,5,-0.6094,-0.8249,5.5253,0
PUMP-MONITOR,2026-01-07T02:30:00,475.58,3033.77,108.39,4.55,74.94,55.16,26.23,77.53,degraded,6,0,0,5,-0.8772,8.2969,-4.7157,0
PUMP-MONITOR,2026-01-07T02:35:00,487.38,3009.08,111.72,3.8,76.69,53.63,26.14,76.18,degraded,6,0,1,5,-0.7505,3.3276,1.7557,0
PUMP-MONITOR,2026-01-07T02:40:00,488.6,2990.95,95.34,6.35,77.07,52.64,25.72,73.12,degraded,6,0,3,5,2.5554,-16.377,0.3795,0
PUMP-MONITOR,2026-01-07T02:45:00,472.62,3077.69,97.96,5.82,84.22,51.02,24.11,61.15,degraded,6,0,0,5,-0.5367,2.6185,7.1525,0
PUMP-MONITOR,2026-01-07T02:50:00,478.39,3168.03,105.3,4.04,81.61,51.7,24.73,62.57,degraded,6,0,4,5,-1.7792,7.3431,-2.609,0
PUMP-MONITOR,2026-01-07T02:55:00,484.92,3079.87,91.26,4.31,74.95,50.85,24.66,67.9,degraded,6,0,4,5,0.2764,-14.0481,-6.6666,0
PUMP-MONITOR,2026-01-07T03:00:00,479.6,3213.35,111.05,3.38,73.1,53.12,25.48,69.68,degraded,6,1,4,5,-0.9284,19.7966,-1.852,0
PUMP-MONITOR,2026-01-07T03:05:00,481.96,2994.48,100.76,4.15,82.56,50.8,24.48,66.93,degraded,6,0,0,5,0.7637,-10.2898,9.466,0
PUMP-MONITOR,2026-01-07T03:10:00,487.53,2972.5,110.82,5.02,84.87,54.0,26.33,76.31,degraded,6,0,3,5,0.8723,10.0524,2.311,0
PUMP-MONITOR,2026-01-07T03:15:00,484.08,3061.46,95.3,6.24,75.49,53.41,25.86,66.62,degraded,6,0,4,5,1.2169,-15.516,-9.3863,0
PUMP-MONITOR,2026-01-07T03:20:00,483.46,3178.15,115.02,6.05,77.22,54.31,26.26,68.31,degraded,6,0,4,5,-0.1916,19.7173,1.7356,0
PUMP-MONITOR,2026-01-07T03:25:00,470.84,3224.54,103.12,3.71,77.82,52.05,24.51,67.22,degraded,6,0,3,5,-2.3345,-11.893,0.598,0
PUMP-MONITOR,2026-01-07T03:30:00,479.73,3217.74,110.15,3.94,79.16,51.14,24.53,69.58,degraded,6,0,0,5,0.2288,7.0287,1.3407,0
PUMP-MONITOR,2026-01-07T03:35:00,474.46,3132.87,99.18,3.54,75.96,50.47,23.95,55.82,degraded,6,0,0,5,-0.3957,-10.9692,-3.1962,0
PUMP-MONITOR,2026-01-07T03:40:00,477.56,3014.14,92.18,5.2,80.49,52.5,25.07,69.37,degraded,6,0,2,5,1.6608,-7.0048,4.5269,0
PUMP-MONITOR,2026-01-07T03:45:00,469.72,3118.36,106.62,4.02,79.06,49.99,23.48,63.03,degraded,6,0,1,5,-1.1836,14.4408,-1.4349,0
PUMP-MONITOR,2026-01-07T03:50:00,471.88,3177.61,104.11,5.28,78.19,54.91,25.91,76.55,degraded,6,0,4,5,1.2636,-2.5102,-0.8663,0
PUMP-MONITOR,2026-01-07T03:55:00,471.4,3005.23,96.36,4.14,81.47,53.3,25.13,67.06,degraded,6,0,1,5,-1.1415,-7.7512,3.2779,0
PUMP-MONITOR,2026-01-07T04:00:00,473.23,3057.68,104.56,4.44,79.26,49.81,23.57,62.67,degraded,6,1,4,5,0.3011,8.2018,-2.2098,0
PUMP-MONITOR,2026-01-07T04:05:00,481.68,3082.37,96.23,5.4,84.37,54.29,26.15,74.39,degraded,6,0,0,5,0.9561,-8.3278,5.1142,0
PUMP-MONITOR,2026-01-07T04:10:00,481.25,3167.66,103.49,5.51,81.07,52.82,25.42,66.92,degraded,6,0,1,5,0.106,7.2555,-3.3042,0
PUMP-MONITOR,2026-01-07T04:15:00,476.13,3038.7,103.96,5.39,84.18,50.48,24.03,59.78,degraded,6,1,4,5,-0.1196,0.47,3.1068,0
PUMP-MONITOR,2026-01-07T04:20:00,487.64,3190.28,105.51,4.79,77.84,51.84,25.28,61.53,degraded,6,0,4,5,-0.5967,1.5506,-6.3378,0
PUMP-MONITOR,2026-01-07T04:25:00,475.27,2943.07,111.77,3.49,73.1,49.92,23.73,66.43,degraded,6,1,4,5,-1.2992,6.2584,-4.7407,0
PUMP-MONITOR,2026-01-07T04:30:00,484.69,3041.11,97.11,5.61,72.31,55.87,27.08,79.01,degraded,6,0,2,5,2.1147,-14.6579,-0.7819,0
PUMP-MONITOR,2026-01-07T04:35:00,483.63,3178.93,112.54,5.58,80.6,53.34,25.8,69.04,degraded,6,0,0,5,-0.0297,15.4275,8.2817,0
PUMP-MONITOR,2026-01-07T04:40:00,482.27,3003.03,94.02,5.3,79.65,51.65,24.91,62.02,degraded,6,0,2,5,-0.2797,-18.5205,-0.9436,0
PUMP-MONITOR,2026-01-07T04:45:00,482.58,2960.43,99.28,6.2,78.56,52.04,25.11,76.64,degraded,6,0,1,5,0.9005,5.2621,-1.0943,0
PUMP-MONITOR,2026-01-07T04:50:00,471.03,3135.59,107.11,3.41,85.04,48.82,23.0,57.37,degraded,6,0,0,5,-2.7825,7.8278,6.4836,0
PUMP-MONITOR,2026-01-07T04:55:00,479.99,3168.84,98.44,4.07,82.02,53.82,25.83,70.49,degraded,6,1,1,5,0.6552,-8.6667,-3.0266,0
PUMP-MONITOR,2026-01-07T05:00:00,477.2,3066.29,103.07,3.94,71.72,51.01,24.34,66.03,degraded,6,0,1,5,-0.1284,4.6297,-10.2981,0
PUMP-MONITOR,2026-01-07T05:05:00,472.64,3000.23,99.65,5.61,82.07,48.42,22.89,61.28,degraded,6,0,2,5,1.6641,-3.4155,10.3525,0
PUMP-MONITOR,2026-01-07T05:10:00,474.21,2927.56,106.04,6.29,76.47,50.04,23.73,59.57,degraded,6,0,4,5,0.6826,6.3832,-5.5994,0
PUMP-MONITOR,2026-01-07T05:15:00,477.73,3203.69,105.46,4.06,81.16,52.83,25.24,74.3,degraded,6,0,3,5,-2.2312,-0.5756,4.6856,0
PUMP-MONITOR,2026-01-07T05:20:00,470.48,3057.13,94.51,4.27,71.38,52.12,24.52,66.73,degraded,6,0,3,5,0.2126,-10.9493,-9.7726,0
PUMP-MONITOR,2026-01-07T05:25:00,485.96,3000.74,91.14,3.42,80.52,54.61,26.54,73.62,degraded,6,0,3,5,-0.854,-3.375,9.1412,0
PUMP-MONITOR,2026-01-07T05:30:00,487.21,3100.87,111.57,4.47,76.17,52.08,25.37,65.02,degraded,6,1,1,5,1.0586,20.4289,-4.354,0
PUMP-MONITOR,2026-01-07T05:35:00,479.99,3000.52,102.87,4.45,73.32,50.85,24.41,56.35,degraded,6,0,2,5,-0.0208,-8.6925,-2.8473,0
PUMP-MONITOR,2026-01-07T05:40:00,484.22,2962.64,92.49,6.29,85.83,53.98,26.14,68.52,degraded,6,0,1,5,1.8377,-10.3866,12.5076,0
PUMP-MONITOR,2026-01-07T05:45:00,478.12,2943.21,98.17,6.03,80.65,48.94,23.4,60.31,degraded,6,1,1,5,-0.2566,5.6843,-5.1822,0
PUMP-MONITOR,2026-01-07T05:50:00,483.55,3019.79,102.5,5.7,77.82,55.61,26.89,75.07,degraded,6,0,4,5,-0.3323,4.3281,-2.8315,0
PUMP-MONITOR,2026-01-07T05:55:00,469.17,3048.03,102.1,4.29,78.52,53.33,25.02,68.42,degraded,6,1,4,5,-1.4111,-0.3941,0.7034,0
PUMP-MONITOR,2026-01-07T06:00:00,473.05,3125.89,110.64,5.96,78.54,52.22,24.7,79.44,degraded,6,0,1,5,1.6652,8.5354,0.0218,0
PUMP-MONITOR,2026-01-07T06:05:00,487.54,3056.34,104.69,5.14,85.63,53.65,26.16,63.55,degraded,6,0,2,5,-0.8186,-5.9536,7.0852,0
PUMP-MONITOR,2026-01-07T06:10:00,478.14,3064.84,104.76,5.86,72.7,54.28,25.95,73.75,degraded,6,0,2,5,0.7258,0.0725,-12.9326,0
PUMP-MONITOR,2026-01-07T06:15:00,486.1,3039.26,111.19,5.4,78.65,52.49,25.51,59.58,degraded,6,0,4,5,-0.461,6.4338,5.9546,0
PUMP-MONITOR,2026-01-07T06:20:00,474.78,2946.17,101.66,5.41,72.33,54.44,25.85,74.2,degraded,6,0,2,5,0.0116,-9.5367,-6.3242,0
PUMP-MONITOR,2026-01-07T06:25:00,487.39,2940.86,113.11,5.4,79.69,51.95,25.32,59.42,degraded,6,0,1,5,-0.015,11.453,7.3647,0
PUMP-MONITOR,2026-01-07T06:30:00,471.93,2934.15,109.44,3.88,77.73,50.99,24.06,75.79,degraded,6,0,2,5,-1.5174,-3.6676,-1.9599,0
PUMP-MONITOR,2026-01-07T06:35:00,478.7,3149.56,92.07,5.07,78.36,51.91,24.85,61.74,degraded,6,0,0,5,1.1926,-17.371,0.6321,0
PUMP-MONITOR,2026-01-07T06:40:00,481.46,3037.63,102.1,4.54,77.87,51.74,24.91,56.26,degraded,6,0,3,5,-0.5304,10.0324,-0.4898,0
PUMP-MONITOR,2026-01-07T06:45:00,475.02,3211.91,93.16,4.08,79.18,52.15,24.77,71.06,degraded,6,1,2,5,-0.4684,-8.9443,1.3082,0
PUMP-MONITOR,2026-01-07T06:50:00,469.26,3202.59,95.81,5.86,82.44,51.2,24.03,77.48,degraded,6,0,3,5,1.7829,2.6554,3.2572,0
PUMP-MONITOR,2026-01-07T06:55:00,487.35,3030.49,93.09,5.29,81.16,54.52,26.57,68.54,degraded,6,0,1,5,-0.5696,-2.728,-1.2738,0
PUMP-MONITOR,2026-01-07T07:00:00,472.17,3175.21,98.43,4.9,71.98,50.28,23.74,65.05,degraded,6,0,2,5,-0.3907,5.3454,-9.1839,0
PUMP-MONITOR,2026-01-07T07:05:00,477.97,3043.91,110.44,6.14,74.72,51.78,24.75,77.12,degraded,6,1,4,5,1.2458,12.004,2.7443,0
PUMP-MONITOR,2026-01-07T07:10:00,475.61,3077.48,112.17,5.51,84.75,51.32,24.41,67.85,degraded,6,0,4,5,-0.636,1.7359,10.0274,0
PUMP-MONITOR,2026-01-07T07:15:00,472.7,2976.67,107.77,5.79,72.26,51.09,24.15,70.41,degraded,6,0,2,5,0.2787,-4.3988,-12.4892,0
PUMP-MONITOR,2026-01-07T07:20:00,478.66,3110.22,100.59,4.12,72.82,54.84,26.25,78.86,degraded,6,0,3,5,-1.6669,-7.1831,0.5527,0
PUMP-MONITOR,2026-01-07T07:25:00,469.6,3091.12,113.75,4.63,71.81,51.22,24.05,75.8,degraded,6,1,4,5,0.511,13.165,-1.005,0
PUMP-MONITOR,2026-01-07T07:30:00,476.89,2990.54,95.09,3.84,85.54,53.22,25.38,66.34,degraded,6,0,4,5,-0.7907,-18.6595,13.7286,0
PUMP-MONITOR,2026-01-07T07:35:00,474.16,3028.45,95.07,5.28,80.7,49.22,23.34,58.97,degraded,6,0,1,5,1.4413,-0.0201,-4.8408,0
PUMP-MONITOR,2026-01-07T07:40:00,484.82,3176.37,104.89,5.27,79.76,54.4,26.38,74.22,degraded,6,0,4,5,-0.0088,9.8104,-0.9395,0
PUMP-MONITOR,2026-01-07T07:45:00,471.94,3194.47,95.22,6.28,80.18,51.8,24.45,76.39,degraded,6,0,4,5,1.0052,-9.6673,0.4164,0
PUMP-MONITOR,2026-01-07T07:50:00,476.6,3048.64,107.69,3.41,77.28,51.97,24.77,58.65,degraded,6,0,3,5,-2.8699,12.4714,-2.8927,0
PUMP-MONITOR,2026-01-07T07:55:00,476.06,2950.0,115.41,3.47,75.88,49.76,23.69,64.89,degraded,6,0,0,5,0.0626,7.7156,-1.4021,0
PUMP-MONITOR,2026-01-07T08:00:00,477.3,3121.85,99.91,5.93,86.0,52.6,25.11,67.73,degraded,6,0,3,5,2.4592,-15.496,10.1168,0
PUMP-MONITOR,2026-01-07T08:05:00,469.33,3086.82,97.86,5.54,74.23,47.38,22.24,56.5,degraded,6,0,4,5,-0.3849,-2.0523,-11.7678,0
PUMP-MONITOR,2026-01-07T08:10:00,481.03,2995.76,104.26,5.72,83.83,52.81,25.4,66.19,degraded,6,0,4,5,0.1746,6.4064,9.6052,0
PUMP-MONITOR,2026-01-07T08:15:00,483.48,3075.43,104.21,3.89,84.16,54.14,26.18,70.05,degraded,6,1,5,5,-1.8287,-0.0569,0.3242,0
PUMP-MONITOR,2026-01-07T08:20:00,486.68,3055.21,93.31,5.01,71.49,53.02,25.81,76.27,degraded,6,0,0,5,1.1243,-10.899,-12.667,0
PUMP-MONITOR,2026-01-07T08:25:00,469.38,2987.93,103.74,6.01,78.3,48.14,22.6,57.11,degraded,6,1,3,5,0.9987,10.4322,6.8046,0
PUMP-MONITOR,2026-01-07T08:30:00,487.8,3035.07,107.34,3.71,79.18,55.22,26.94,79.21,degraded,6,0,2,5,-2.3031,3.6017,0.882,0
PUMP-MONITOR,2026-01-07T08:35:00,487.58,3102.46,110.17,3.82,72.99,51.26,25.0,64.3,degraded,6,0,2,5,0.108,2.8329,-6.1868,0
PUMP-MONITOR,2026-01-07T08:40:00,481.16,3131.54,96.29,5.32,72.28,50.1,24.11,59.97,degraded,6,0,4,5,1.5015,-13.8806,-0.7092,0
PUMP-MONITOR,2026-01-07T08:45:00,482.13,3199.65,97.18,3.43,77.03,49.06,23.65,57.47,degraded,6,0,4,5,-1.8849,0.887,4.7426,0
PUMP-MONITOR,2026-01-07T08:50:00,469.27,3002.26,107.26,5.48,85.24,50.29,23.6,62.23,degraded,6,0,4,5,2.045,10.081,8.2195,0
PUMP-MONITOR,2026-01-07T08:55:00,481.63,3079.75,94.05,3.48,82.16,55.13,26.55,78.38,degraded,6,1,5,5,-2.0024,-13.2082,-3.0863,0
PUMP-MONITOR,2026-01-07T09:00:00,478.73,3173.18,103.04,4.3,74.12,53.24,25.49,78.83,degraded,6,0,2,5,0.823,8.9874,-8.0387,0
PUMP-MONITOR,2026-01-07T09:05:00,482.53,3063.72,98.46,4.75,82.74,53.31,25.72,72.61,degraded,6,0,1,5,0.4521,-4.5824,8.6249,0
PUMP-MONITOR,2026-01-07T09:10:00,483.8,3045.36,93.12,4.56,78.24,52.91,25.6,80.52,degraded,6,1,2,5,-0.1915,-5.341,-4.503,0
PUMP-MONITOR,2026-01-07T09:15:00,488.11,3204.55,93.47,6.21,82.98,53.67,26.2,65.52,degraded,6,0,4,5,1.6517,0.3508,4.7383,0
PUMP-MONITOR,2026-01-07T09:20:00,484.06,3177.59,115.54,4.45,84.82,52.11,25.22,71.27,degraded,6,0,1,5,-1.7647,22.0743,1.8433,0
PUMP-MONITOR,2026-01-07T09:25:00,469.23,3006.0,107.29,5.81,82.8,48.9,22.94,55.74,degraded,6,0,3,5,1.3594,-8.2562,-2.0264,0
PUMP-MONITOR,2026-01-07T09:30:00,486.75,3108.45,114.61,4.74,80.58,51.19,24.92,67.24,degraded,6,0,0,5,-1.0698,7.3208,-2.2157,0
PUMP-MONITOR,2026-01-07T09:35:00,480.72,3072.58,93.06,6.07,71.09,49.86,23.97,60.31,degraded,6,0,0,5,1.3356,-21.5421,-9.4935,0
PUMP-MONITOR,2026-01-07T09:40:00,480.46,3162.98,101.35,4.64,83.84,54.24,26.06,69.59,degraded,6,0,2,5,-1.432,8.2897,12.7529,0
PUMP-MONITOR,2026-01-07T09:45:00,481.09,3128.13,104.13,3.66,83.51,51.9,24.97,57.25,degraded,6,1,5,5,-0.9795,2.7774,-0.3323,0
PUMP-MONITOR,2026-01-07T09:50:00,471.87,3094.09,98.49,5.55,72.64,52.74,24.88,69.27,degraded,6,0,1,5,1.8862,-5.6433,-10.8643,0
PUMP-MONITOR,2026-01-07T09:55:00,486.53,2994.96,91.97,3.57,71.79,52.52,25.55,73.95,degraded,6,1,1,5,-1.9762,-6.5215,-0.8547,0
PUMP-MONITOR,2026-01-07T10:00:00,484.01,3104.75,108.1,5.13,84.1,51.29,24.82,67.91,degraded,6,0,2,5,1.5603,16.1311,12.3082,0
PUMP-MONITOR,2026-01-07T10:05:00,472.03,2931.85,108.41,4.37,76.93,50.35,23.77,60.94,degraded,6,0,1,5,-0.7671,0.3106,-7.1692,0
PUMP-MONITOR,2026-01-07T10:10:00,473.42,3117.24,93.96,4.11,78.23,50.8,24.05,63.19,degraded,6,0,2,5,-0.2512,-14.4457,1.3059,0
PUMP-MONITOR,2026-01-07T10:15:00,481.28,2965.55,103.24,4.1,71.56,54.6,26.28,70.32,degraded,6,0,1,5,-0.0164,9.2743,-6.6726,0
PUMP-MONITOR,2026-01-07T10:20:00,475.47,3063.3,97.14,4.71,76.82,53.06,25.23,80.02,degraded,6,0,4,5,0.6112,-6.0954,5.262,0
PUMP-MONITOR,2026-01-07T10:25:00,470.85,2969.83,91.23,6.31,76.47,52.8,24.86,65.47,degraded,6,1,1,5,1.5967,-5.9075,-0.3492,0
PUMP-MONITOR,2026-01-07T10:30:00,485.68,2934.67,96.9,4.97,78.11,51.66,25.09,69.67,degraded,6,0,1,5,-1.3317,5.669,1.6392,0
PUMP-MONITOR,2026-01-07T10:35:00,483.37,3064.56,103.9,5.15,84.35,53.83,26.02,74.47,degraded,6,0,4,5,0.1745,6.9966,6.2409,0
PUMP-MONITOR,2026-01-07T10:40:00,484.22,3183.31,103.7,4.62,74.37,51.04,24.72,55.85,degraded,6,0,1,5,-0.5236,-0.199,-9.9887,0
PUMP-MONITOR,2026-01-07T10:45:00,484.15,2940.66,98.21,3.66,75.04,54.25,26.27,69.51,degraded,6,0,2,5,-0.9626,-5.4897,0.6786,0
PUMP-MONITOR,2026-01-07T10:50:00,476.0,3182.94,97.58,6.14,83.45,51.87,24.69,60.36,degraded,6,0,0,5,2.4827,-0.6286,8.4078,0
PUMP-MONITOR,2026-01-07T10:55:00,473.74,3036.16,92.06,5.39,82.77,52.04,24.65,69.42,degraded,6,0,2,5,-0.7538,-5.5195,-0.6861,0
PUMP-MONITOR,2026-01-07T11:00:00,481.31,2928.68,109.39,3.6,79.67,54.87,26.41,73.01,degraded,6,0,3,5,-1.7929,17.322,-3.0955,0
PUMP-MONITOR,2026-01-07T11:05:00,473.04,3139.62,100.64,3.83,75.1,51.81,24.51,62.83,degraded,6,0,3,5,0.2319,-8.7415,-4.5734,0
PUMP-MONITOR,2026-01-07T11:10:00,471.39,3125.73,107.46,3.78,83.21,50.97,24.03,61.38,degraded,6,0,1,5,-0.0538,6.8194,8.1126,0
PUMP-MONITOR,2026-01-07T11:15:00,478.18,3211.42,104.78,4.76,79.97,48.87,23.37,60.29,degraded,6,0,2,5,0.9814,-2.6829,-3.2398,0
PUMP-MONITOR,2026-01-07T11:20:00,476.51,3061.04,98.93,4.6,77.33,53.76,25.62,68.16,degraded,6,0,3,5,-0.1615,-5.8521,-2.6413,0
PUMP-MONITOR,2026-01-07T11:25:00,483.42,3072.9,91.16,5.61,81.3,50.65,24.49,65.29,degraded,6,0,0,5,1.0171,-7.7648,3.97,0
PUMP-MONITOR,2026-01-07T11:30:00,469.42,3218.77,102.23,3.59,71.43,53.41,25.07,79.22,degraded,6,0,1,5,-2.0262,11.0692,-9.8656,0
PUMP-MONITOR,2026-01-07T11:35:00,471.85,3033.21,109.9,4.58,80.37,52.2,24.63,71.33,degraded,6,1,5,5,0.9961,7.6679,8.9327,0
PUMP-MONITOR,2026-01-07T11:40:00,487.65,3216.8,98.16,4.29,80.58,52.8,25.75,63.42,degraded,6,0,0,5,-0.2883,-11.7381,0.216,0
PUMP-MONITOR,2026-01-07T11:45:00,472.56,3224.76,95.41,3.83,77.21,53.39,25.23,79.49,degraded,6,0,4,5,-0.4686,-2.7528,-3.3674,0
PUMP-MONITOR,2026-01-07T11:50:00,472.58,3145.45,102.9,3.87,82.65,49.38,23.34,63.48,degraded,6,1,4,5,0.0423,7.4881,5.4335,0
PUMP-MONITOR,2026-01-07T11:55:00,479.29,2969.26,111.01,5.37,77.15,52.29,25.06,63.73,degraded,6,0,2,5,1.5037,8.1118,-5.5014,0
PUMP-MONITOR,2026-01-07T12:00:00,482.65,3093.2,96.65,5.06,83.4,52.61,25.39,72.16,degraded,6,0,0,5,-0.3077,-14.357,6.2576,0
PUMP-MONITOR,2026-01-07T12:05:00,486.8,3198.78,110.3,5.25,78.27,52.04,25.33,58.93,degraded,6,0,3,5,0.1903,13.6477,-5.1334,0
PUMP-MONITOR,2026-01-07T12:10:00,469.31,3056.28,96.49,5.28,83.63,50.08,23.51,62.2,degraded,6,0,3,5,0.0277,-13.8091,5.3566,0
PUMP-MONITOR,2026-01-07T12:15:00,483.38,2975.48,100.69,4.95,74.57,52.42,25.34,57.3,degraded,6,0,2,5,-0.3317,4.1943,-9.062,0
PUMP-MONITOR,2026-01-07T12:20:00,469.9,3133.87,94.39,5.49,80.5,50.66,23.8,60.06,degraded,6,0,0,5,0.5403,-6.2997,5.9346,0
PUMP-MONITOR,2026-01-07T12:25:00,478.58,3115.03,105.73,6.06,81.7,52.7,25.22,65.87,degraded,6,0,1,5,0.5682,11.3468,1.2011,0
PUMP-MONITOR,2026-01-07T12:30:00,474.54,3106.28,109.37,5.57,74.65,52.39,24.86,76.13,degraded,6,0,0,5,-0.4879,3.6418,-7.0471,0
PUMP-MONITOR,2026-01-07T12:35:00,485.18,3082.49,99.62,5.96,85.42,53.1,25.76,64.2,degraded,6,0,2,5,0.388,-9.7553,10.7617,0
PUMP-MONITOR,2026-01-07T12:40:00,473.3,3206.39,99.69,3.56,84.94,51.87,24.55,65.21,degraded,6,0,0,5,-2.3944,0.067,-0.4787,0
PUMP-MONITOR,2026-01-07T12:45:00,475.92,2944.33,97.33,5.72,76.45,53.04,25.24,63.24,degraded,6,0,1,5,2.1581,-2.3525,-8.486,0
PUMP-MONITOR,2026-01-07T12:50:00,483.31,3089.37,98.12,4.25,78.81,53.33,25.77,64.47,degraded,6,0,0,5,-1.4774,0.7877,2.3605,0
PUMP-MONITOR,2026-01-07T12:55:00,477.33,3060.19,107.23,5.34,75.18,53.13,25.36,76.47,degraded,6,0,4,5,1.0971,9.1091,-3.6311,0
PUMP-MONITOR,2026-01-07T13:00:00,471.08,3191.59,107.13,4.1,84.12,49.41,23.28,63.47,degraded,6,0,3,5,-1.2431,-0.0973,8.9351,0
PUMP-MONITOR,2026-01-07T13:05:00,480.69,3140.67,110.32,5.68,82.27,52.81,25.39,79.62,degraded,6,1,3,5,1.5853,3.1868,-1.8471,0
PUMP-MONITOR,2026-01-07T13:10:00,475.23,3112.91,91.39,3.47,73.45,50.23,23.87,67.46,degraded,6,1,5,5,-2.2164,-18.9299,-8.8227,0
PUMP-MONITOR,2026-01-07T13:15:00,474.71,2931.27,102.18,3.5,84.55,52.77,25.05,62.44,degraded,6,0,4,5,0.0319,10.7868,11.1029,0
PUMP-MONITOR,2026-01-07T13:20:00,485.25,3111.87,103.3,4.81,78.9,51.06,24.78,66.07,degraded,6,0,0,5,1.3131,1.1266,-5.647,0
PUMP-MONITOR,2026-01-07T13:25:00,476.3,2998.68,104.94,6.26,75.15,53.26,25.37,72.39,degraded,6,1,3,5,1.4424,1.6394,-3.7532,0
PUMP-MONITOR,2026-01-07T13:30:00,476.45,3042.61,110.2,4.64,85.33,50.96,24.28,68.61,degraded,6,0,3,5,-1.6146,5.2582,10.1827,0
PUMP-MONITOR,2026-01-07T13:35:00,485.34,3107.9,105.03,5.81,78.99,54.66,26.53,79.63,degraded,6,1,2,5,1.1665,-5.1742,-6.3429,0
PUMP-MONITOR,2026-01-07T13:40:00,487.24,3049.75,99.83,4.26,85.64,53.47,26.05,61.47,degraded,6,1,4,5,-1.5433,-5.1982,6.6476,0
PUMP-MONITOR,2026-01-07T13:45:00,483.85,3057.54,110.82,4.36,78.26,55.46,26.83,77.66,degraded,6,0,4,5,0.0935,10.9917,-7.3736,0
PUMP-MONITOR,2026-01-07T13:50:00,485.71,3010.26,105.53,5.22,72.4,52.5,25.5,61.64,degraded,6,0,4,5,0.8614,-5.2937,-5.8596,0
PUMP-MONITOR,2026-01-07T13:55:00,471.25,2947.83,103.9,5.55,73.47,51.13,24.09,67.23,degraded,6,0,0,5,0.3272,-1.63,1.0714,0
PUMP-MONITOR,2026-01-07T14:00:00,480.89,3154.44,108.61,4.36,77.66,54.48,26.2,76.75,degraded,6,1,5,5,-1.1872,4.7148,4.1898,0
PUMP-MONITOR,2026-01-07T14:05:00,483.76,3044.1,92.15,4.25,79.43,53.25,25.76,61.04,degraded,6,0,4,5,-0.108,-16.4585,1.7681,0
PUMP-MONITOR,2026-01-07T14:10:00,486.16,3027.77,102.14,4.2,75.41,52.81,25.67,57.53,degraded,6,0,1,5,-0.0558,9.9908,-4.0174,0
PUMP-MONITOR,2026-01-07T14:15:00,475.26,3121.23,109.03,5.73,76.33,49.19,23.38,59.28,degraded,6,0,0,5,1.5309,6.8892,0.9204,0
PUMP-MONITOR,2026-01-07T14:20:00,488.74,3041.61,93.57,4.84,80.07,52.42,25.62,69.76,degraded,6,0,0,5,-0.8908,-15.4659,3.7389,0
PUMP-MONITOR,2026-01-07T14:25:00,487.2,2929.71,96.46,3.41,85.21,54.72,26.66,71.47,degraded,6,0,3,5,-1.4281,2.8911,5.1387,0
PUMP-MONITOR,2026-01-07T14:30:00,471.42,2928.05,97.64,4.69,78.08,52.92,24.95,77.21,degraded,6,1,2,5,1.2792,1.1786,-7.1343,0
PUMP-MONITOR,2026-01-07T14:35:00,488.82,2994.26,94.72,3.72,80.07,51.48,25.16,57.0,degraded,6,0,4,5,-0.9665,-2.9146,1.9905,0
PUMP-MONITOR,2026-01-07T14:40:00,480.97,2961.76,100.61,4.45,71.41,56.31,27.08,79.88,degraded,6,0,3,5,0.727,5.8906,-8.6617,0
PUMP-MONITOR,2026-01-07T14:45:00,481.37,3110.85,111.99,4.06,76.84,56.12,27.02,79.96,degraded,6,0,3,5,-0.3876,11.3819,5.4346,0
PUMP-MONITOR,2026-01-07T14:50:00,481.62,2930.88,101.75,4.06,74.58,55.1,26.54,73.84,degraded,6,0,1,5,0.0037,-10.2427,-2.2645,0
PUMP-MONITOR,2026-01-07T14:55:00,479.99,3138.85,95.64,4.52,77.94,51.47,24.71,63.81,degraded,6,0,2,5,0.4595,-6.1157,3.3661,0
PUMP-MONITOR,2026-01-07T15:00:00,481.18,3153.05,98.99,5.35,85.31,54.48,26.21,77.0,degraded,6,0,3,5,0.8302,3.3573,7.366,0
PUMP-MONITOR,2026-01-07T15:05:00,481.27,3034.72,110.34,5.77,78.51,53.23,25.62,67.84,degraded,6,0,4,5,0.4215,11.3433,-6.7955,0
PUMP-MONITOR,2026-01-07T15:10:00,478.36,2983.66,91.32,5.28,83.33,52.56,25.14,68.23,degraded,6,0,3,5,-0.4936,-19.0182,4.814,0
PUMP-MONITOR,2026-01-07T15:15:00,482.99,2990.58,106.5,4.68,79.52,54.17,26.16,80.56,degraded,6,0,4,5,-0.5972,15.1833,-3.8069,0
PUMP-MONITOR,2026-01-07T15:20:00,484.16,3218.99,101.09,5.97,80.66,50.57,24.48,66.46,degraded,6,0,2,5,1.283,-5.4129,1.1347,0
PUMP-MONITOR,2026-01-07T15:25:00,469.09,2992.09,92.99,5.56,75.55,48.18,22.6,57.07,degraded,6,1,3,5,-0.4043,-8.0957,-5.1022,0
PUMP-MONITOR,2026-01-07T15:30:00,485.94,2947.84,115.17,3.42,82.35,52.48,25.5,73.01,degraded,6,0,4,5,-2.141,22.1805,6.8003,0
PUMP-MONITOR,2026-01-07T15:35:00,475.34,3194.38,98.41,3.95,76.0,51.6,24.53,57.39,degraded,6,0,3,5,0.5331,-16.7675,-6.3555,0
PUMP-MONITOR,2026-01-07T15:40:00,487.86,3017.31,113.15,5.99,77.84,51.9,25.32,56.38,degraded,6,0,2,5,2.0394,14.7482,1.8439,0
PUMP-MONITOR,2026-01-07T15:45:00,478.48,3098.06,115.31,6.3,76.84,52.16,24.96,64.55,degraded,6,0,1,5,0.3058,2.1574,-1.0023,0
PUMP-MONITOR,2026-01-07T15:50:00,474.15,3144.69,110.09,5.18,82.43,50.5,23.94,66.36,degraded,6,0,4,5,-1.1167,-5.2255,5.5855,0
PUMP-MONITOR,2026-01-07T15:55:00,469.35,3149.18,108.09,5.53,72.11,55.01,25.82,78.94,degraded,6,0,4,5,0.3523,-1.9933,-10.316,0
PUMP-MONITOR,2026-01-07T16:00:00,480.41,2950.79,109.72,5.59,74.61,52.16,25.06,60.33,degraded,6,0,3,5,0.0517,1.6316,2.5039,0
PUMP-MONITOR,2026-01-07T16:05:00,483.16,3174.94,98.88,3.95,79.94,51.75,25.0,71.43,degraded,6,0,4,5,-1.634,-10.8489,5.3262,0
PUMP-MONITOR,2026-01-07T16:10:00,475.6,3102.2,108.86,6.03,81.97,53.58,25.48,77.45,degraded,6,0,1,5,2.0753,9.9848,2.0294,0
PUMP-MONITOR,2026-01-07T16:15:00,479.69,3092.69,99.73,3.7,71.72,52.06,24.97,73.26,degraded,6,0,1,5,-2.328,-9.1261,-10.2477,0
PUMP-MONITOR,2026-01-07T16:20:00,483.58,3118.77,112.3,4.79,80.77,52.88,25.57,63.28,degraded,6,1,2,5,1.0889,12.5618,9.0502,0
PUMP-MONITOR,2026-01-07T16:25:00,471.89,3153.62,110.96,3.46,84.29,52.13,24.6,71.04,degraded,6,0,2,5,-1.3295,-1.3384,3.5152,0
PUMP-MONITOR,2026-01-07T16:30:00,486.94,2989.66,112.24,5.22,75.09,53.07,25.84,71.67,degraded,6,0,1,5,1.762,1.2797,-9.194,0
PUMP-MONITOR,2026-01-07T16:35:00,488.58,3044.97,110.1,4.53,83.81,52.55,25.68,70.97,degraded,6,0,1,5,-0.6923,-2.1353,8.7175,0
PUMP-MONITOR,2026-01-07T16:40:00,485.77,3022.06,110.82,5.86,85.29,53.74,26.11,75.74,degraded,6,0,1,5,1.3315,0.7176,1.4764,0
PUMP-MONITOR,2026-01-07T16:45:00,487.88,3068.38,97.26,5.51,80.35,54.39,26.54,76.21,degraded,6,0,3,5,-0.3484,-13.5571,-4.9314,0
PUMP-MONITOR,2026-01-07T16:50:00,473.32,3172.29,93.49,6.09,73.83,55.5,26.27,78.61,degraded,6,0,0,5,0.5764,-3.7766,-6.5257,0
PUMP-MONITOR,2026-01-07T16:55:00,471.38,3017.29,104.74,5.01,83.86,51.21,24.14,64.61,degraded,6,0,0,5,-1.081,11.2523,10.0293,0
PUMP-MONITOR,2026-01-07T17:00:00,480.3,2945.36,115.15,4.43,75.9,52.41,25.17,68.57,degraded,6,0,0,5,-0.5753,10.416,-7.9538,0
PUMP-MONITOR,2026-01-07T17:05:00,488.62,2933.73,95.0,5.84,85.43,54.09,26.43,66.99,degraded,6,0,0,5,1.4044,-20.1584,9.526,0
PUMP-MONITOR,2026-01-07T17:10:00,486.06,3036.72,96.9,5.47,74.87,55.31,26.88,75.51,degraded,6,0,3,5,-0.3713,1.9071,-10.556,0
PUMP-MONITOR,2026-01-07T17:15:00,479.78,3035.44,92.6,5.54,85.11,53.69,25.76,71.29,degraded,6,0,4,5,0.0724,-4.2993,10.2311,0
PUMP-MONITOR,2026-01-07T17:20:00,476.53,3078.84,99.07,3.47,81.73,54.67,26.05,73.06,degraded,6,1,4,5,-2.0675,6.469,-3.3708,0
PUMP-MONITOR,2026-01-07T17:25:00,475.37,3088.42,93.72,5.83,81.1,51.66,24.56,60.01,degraded,6,1,4,5,2.3623,-5.3518,-0.6383,0
PUMP-MONITOR,2026-01-07T17:30:00,487.6,2947.26,95.35,4.36,71.53,51.67,25.19,70.67,degraded,6,0,3,5,-1.4758,1.6295,-9.5651,0
PUMP-MONITOR,2026-01-07T17:35:00,480.2,2933.41,115.19,4.81,81.6,52.06,25.0,55.96,degraded,6,0,0,5,0.4489,19.8376,10.0695,0
PUMP-MONITOR,2026-01-07T17:40:00,470.43,3062.65,103.42,5.24,78.06,50.68,23.84,62.73,degraded,6,0,1,5,0.4358,-11.7648,-3.5415,0
PUMP-MONITOR,2026-01-07T17:45:00,472.9,3096.06,111.59,4.63,71.34,49.94,23.62,63.38,degraded,6,1,1,5,-0.6074,8.1712,-6.716,0
PUMP-MONITOR,2026-01-07T17:50:00,477.3,2942.55,100.06,5.26,84.53,49.2,23.48,58.88,degraded,6,0,4,5,0.624,-11.5362,13.1822,0
PUMP-MONITOR,2026-01-07T17:55:00,473.84,2948.39,93.48,5.6,75.97,50.41,23.89,68.27,degraded,6,0,4,5,0.3448,-6.583,-8.5581,0
PUMP-MONITOR,2026-01-07T18:00:00,479.63,3164.4,93.84,6.27,81.34,52.15,25.01,72.79,degraded,6,1,4,5,0.6647,0.362,5.3731,0
PUMP-MONITOR,2026-01-07T18:05:00,470.56,3073.77,97.18,3.5,79.21,50.4,23.72,62.72,degraded,6,0,0,5,-2.7701,3.344,-2.1331,0
PUMP-MONITOR,2026-01-07T18:10:00,484.92,2968.91,115.27,4.78,75.46,54.72,26.53,69.76,degraded,6,0,4,5,1.2777,18.0909,-3.7478,0
PUMP-MONITOR,2026-01-07T18:15:00,470.93,3149.38,99.9,4.35,75.31,51.34,24.18,69.18,degraded,6,1,2,5,-0.421,-15.3716,-0.1537,0
PUMP-MONITOR,2026-01-07T18:20:00,483.66,3075.68,99.45,6.22,83.38,49.22,23.81,57.17,degraded,6,1,5,5,1.8682,-0.4504,8.0701,0
PUMP-MONITOR,2026-01-07T18:25:00,472.71,3118.21,107.74,4.07,85.34,51.33,24.26,59.39,degraded,6,0,1,5,-2.1541,8.2854,1.9631,0
PUMP-MONITOR,2026-01-07T18:30:00,469.17,2991.7,111.34,4.94,76.14,48.29,22.66,59.73,degraded,6,0,2,5,0.8721,3.6061,-9.1953,0
PUMP-MONITOR,2026-01-07T18:35:00,485.37,3061.4,99.06,3.86,83.8,50.98,24.75,61.27,degraded,6,2,6,5,-1.0811,-12.2795,7.6516,0
PUMP-MONITOR,2026-01-07T18:40:00,472.02,2963.0,101.42,3.43,75.89,53.45,25.23,74.6,degraded,6,0,0,5,-0.4267,2.3532,-7.9091,0
PUMP-MONITOR,2026-01-07T18:45:00,473.75,3191.3,109.99,5.17,76.98,49.47,23.44,60.0,degraded,6,0,3,5,1.7381,8.5752,1.0899,0
PUMP-MONITOR,2026-01-07T18:50:00,474.72,3111.2,110.19,3.46,71.4,50.41,23.93,62.97,degraded,6,1,2,5,-1.7104,0.1954,-5.5758,0
PUMP-MONITOR,2026-01-07T18:55:00,478.61,3004.18,115.01,3.74,79.64,51.9,24.84,58.26,degraded,6,0,4,5,0.2807,4.8207,8.2396,0
PUMP-MONITOR,2026-01-07T19:00:00,484.61,3018.74,107.67,5.6,74.86,51.89,25.15,62.29,degraded,6,0,3,5,1.8588,-7.3382,-4.7814,0
PUMP-MONITOR,2026-01-07T19:05:00,479.43,3176.81,106.32,4.31,80.93,51.78,24.83,68.23,degraded,6,0,0,5,-1.2863,-1.3488,6.068,0
PUMP-MONITOR,2026-01-07T19:10:00,486.23,3187.96,102.2,3.58,71.3,52.85,25.7,62.42,degraded,6,0,0,5,-0.7295,-4.1212,-9.6298,0
PUMP-MONITOR,2026-01-07T19:15:00,477.21,3092.55,94.92,3.51,73.94,51.2,24.43,65.02,degraded,6,0,2,5,-0.0754,-7.2787,2.6447,0
PUMP-MONITOR,2026-01-07T19:20:00,472.61,3222.67,101.37,4.51,83.1,49.14,23.23,59.62,degraded,6,0,2,5,1.0057,6.4505,9.1589,0
PUMP-MONITOR,2026-01-07T19:25:00,486.96,2936.1,101.96,4.38,77.95,55.13,26.85,80.59,degraded,6,0,2,5,-0.1326,0.59,-5.1548,0
PUMP-MONITOR,2026-01-07T19:30:00,481.37,3114.3,105.72,4.89,76.54,56.02,26.97,79.56,degraded,6,0,2,5,0.5041,3.761,-1.4081,0
PUMP-MONITOR,2026-01-07T19:35:00,487.46,3077.53,103.53,4.3,73.48,52.5,25.59,59.72,degraded,6,0,1,5,-0.5859,-2.1913,-3.0581,0
PUMP-MONITOR,2026-01-07T19:40:00,484.86,2931.15,93.75,4.38,85.08,49.75,24.12,60.11,degraded,6,0,1,5,0.079,-9.7755,11.6028,0
PUMP-MONITOR,2026-01-07T19:45:00,481.65,2937.67,109.91,4.88,74.28,51.62,24.86,70.0,degraded,6,1,4,5,0.4965,16.1589,-10.7989,0
PUMP-MONITOR,2026-01-07T19:50:00,470.31,3080.71,101.36,3.45,71.48,50.88,23.93,73.58,degraded,6,0,1,5,-1.4274,-8.5499,-2.8001,0
PUMP-MONITOR,2026-01-07T19:55:00,473.27,2997.34,93.53,5.12,84.39,54.42,25.75,74.17,degraded,6,0,0,5,1.6729,-7.8323,12.9096,0
PUMP-MONITOR,2026-01-07T20:00:00,482.49,2988.0,92.88,5.93,82.53,53.54,25.83,66.01,degraded,6,0,1,5,0.8052,-0.6515,-1.861,0
PUMP-MONITOR,2026-01-07T20:05:00,478.95,3055.8,104.4,4.63,85.31,54.31,26.01,75.39,degraded,6,0,1,5,-1.2971,11.5225,2.7753,0
PUMP-MONITOR,2026-01-07T20:10:00,469.58,3164.63,96.48,4.73,79.81,51.21,24.05,74.7,degraded,6,0,0,5,0.0986,-7.9188,-5.493,0
PUMP-MONITOR,2026-01-07T20:15:00,483.54,3016.06,103.43,4.53,76.09,53.34,25.79,74.63,degraded,6,0,1,5,-0.1959,6.9478,-3.7205,0
PUMP-MONITOR,2026-01-07T20:20:00,472.64,3174.24,92.91,5.84,84.49,51.65,24.41,59.76,degraded,6,1,5,5,1.3106,-10.5201,8.4009,0
PUMP-MONITOR,2026-01-07T20:25:00,488.88,3068.13,108.55,3.65,83.76,54.48,26.63,68.84,degraded,6,0,0,5,-2.1873,15.6362,-0.7387,0
PUMP-MONITOR,2026-01-07T20:30:00,478.03,3028.46,103.51,4.4,80.61,51.42,24.58,66.63,degraded,6,0,3,5,0.7484,-5.0329,-3.1456,0
PUMP-MONITOR,2026-01-07T20:35:00,478.68,3148.51,98.18,5.6,75.77,50.98,24.4,64.33,degraded,6,0,3,5,1.1936,-5.3363,-4.845,0
PUMP-MONITOR,2026-01-07T20:40:00,486.74,3028.44,115.32,5.22,73.86,53.11,25.85,79.19,degraded,6,0,0,5,-0.3817,17.141,-1.903,0
PUMP-MONITOR,2026-01-07T20:45:00,479.01,2931.92,93.48,3.96,81.4,50.62,24.25,64.49,degraded,6,0,1,5,-1.257,-21.8409,7.5419,0
PUMP-MONITOR,2026-01-07T20:50:00,475.39,3044.86,91.98,4.76,81.58,55.35,26.31,79.61,degraded,6,0,0,5,0.799,-1.4973,0.1731,0
PUMP-MONITOR,2026-01-07T20:55:00,469.72,3057.12,109.23,3.84,75.77,52.59,24.7,80.0,degraded,6,0,1,5,-0.9121,17.2491,-5.8024,0
PUMP-MONITOR,2026-01-07T21:00:00,470.24,2981.07,92.51,5.0,73.76,49.26,23.16,63.67,degraded,6,0,4,5,1.1553,-16.7168,-2.0184,0
PUMP-MONITOR,2026-01-07T21:05:00,480.54,3049.36,96.71,4.76,84.65,52.52,25.24,79.66,degraded,6,0,4,5,-0.2357,4.1991,10.8937,0
PUMP-MONITOR,2026-01-07T21:10:00,486.17,3203.34,93.19,5.84,83.69,52.12,25.34,59.6,degraded,6,0,4,5,1.0751,-3.5243,-0.9598,0
PUMP-MONITOR,2026-01-07T21:15:00,473.98,2973.15,108.56,3.68,85.11,52.8,25.03,74.47,degraded,6,0,1,5,-2.162,15.3742,1.4206,0
PUMP-MONITOR,2026-01-07T21:20:00,471.29,3026.29,96.51,3.68,81.59,50.77,23.93,61.12,degraded,6,1,3,5,0.0016,-12.0544,-3.5221,0
PUMP-MONITOR,2026-01-07T21:25:00,487.31,2936.44,102.17,3.77,85.43,52.11,25.4,69.08,degraded,6,0,3,5,0.0894,5.6661,3.8425,0
PUMP-MONITOR,2026-01-07T21:30:00,471.79,3160.18,115.01,4.22,83.78,52.87,24.94,73.94,degraded,6,0,4,5,0.4486,12.8346,-1.6517,0
PUMP-MONITOR,2026-01-07T21:35:00,486.38,3022.11,105.92,4.71,73.55,53.73,26.13,78.81,degraded,6,0,2,5,0.4963,-9.0835,-10.2324,0
PUMP-MONITOR,2026-01-07T21:40:00,471.37,2973.76,92.76,5.49,81.09,51.05,24.06,64.5,degraded,6,0,1,5,0.775,-13.1668,7.5475,0
PUMP-MONITOR,2026-01-07T21:45:00,477.9,3141.33,95.13,5.25,83.55,50.57,24.17,57.02,degraded,6,0,1,5,-0.2346,2.3748,2.4593,0
PUMP-MONITOR,2026-01-07T21:50:00,479.12,2960.35,93.77,3.72,71.62,50.89,24.38,56.21,degraded,6,0,3,5,-1.5316,-1.3655,-11.9359,0
PUMP-MONITOR,2026-01-07T21:55:00,473.49,3017.65,92.35,3.83,82.0,49.58,23.48,67.27,degraded,6,1,5,5,0.1029,-1.4197,10.38,0
PUMP-MONITOR,2026-01-07T22:00:00,485.88,3158.3,92.52,3.66,81.3,54.55,26.51,79.85,degraded,6,0,0,5,-0.1672,0.1726,-0.6987,0
PUMP-MONITOR,2026-01-07T22:05:00,487.26,3177.09,102.4,3.75,77.05,54.49,26.55,78.62,degraded,6,0,0,5,0.0962,9.8828,-4.2495,0
PUMP-MONITOR,2026-01-07T22:10:00,482.61,3043.34,111.84,4.63,79.34,56.09,27.07,77.55,degraded,6,0,4,5,0.8799,9.4329,2.2892,0
PUMP-MONITOR,2026-01-07T22:15:00,481.95,3163.83,111.15,4.22,73.16,53.33,25.7,64.23,degraded,6,0,4,5,-0.4178,-0.6889,-6.1792,0
PUMP-MONITOR,2026-01-07T22:20:00,476.96,3183.6,96.67,4.69,85.95,52.4,24.99,74.39,degraded,6,0,1,5,0.4715,-14.4752,12.7918,0
PUMP-MONITOR,2026-01-07T22:25:00,478.75,3052.62,114.82,4.75,85.7,53.56,25.64,79.41,degraded,6,0,0,5,0.0655,18.145,-0.2537,0
PUMP-MONITOR,2026-01-07T22:30:00,482.79,3176.91,115.93,6.15,72.45,52.75,25.47,59.48,degraded,6,0,4,5,1.3955,1.113,-13.2497,0
PUMP-MONITOR,2026-01-07T22:35:00,476.28,3182.23,100.89,4.31,85.58,51.45,24.51,68.88,degraded,6,0,3,5,-1.8343,-15.0384,13.133,0
PUMP-MONITOR,2026-01-07T22:40:00,470.15,3014.69,107.44,4.55,85.91,52.79,24.82,74.42,degraded,6,0,2,5,0.2352,6.5479,0.324,0
PUMP-MONITOR,2026-01-07T22:45:00,472.41,3019.19,96.27,5.27,79.08,51.63,24.39,68.7,degraded,6,0,2,5,0.7194,-11.1683,-6.827,0
PUMP-MONITOR,2026-01-07T22:50:00,470.52,2990.95,95.67,6.18,83.92,52.49,24.7,63.89,degraded,6,0,0,5,0.9138,-0.5997,4.8408,0
PUMP-MONITOR,2026-01-07T22:55:00,470.18,3005.15,108.85,4.24,85.28,50.5,23.74,68.24,degraded,6,0,2,5,-1.9425,13.1793,1.3568,0
PUMP-MONITOR,2026-01-07T23:00:00,478.23,3168.6,92.84,5.61,85.21,51.82,24.78,67.51,degraded,6,0,1,5,1.3684,-16.0133,-0.0687,0
PUMP-MONITOR,2026-01-07T23:05:00,488.41,2935.43,93.5,6.02,81.26,54.02,26.38,75.42,degraded,6,0,4,5,0.4082,0.665,-3.9473,0
PUMP-MONITOR,2026-01-07T23:10:00,482.77,3167.55,110.57,6.36,82.81,51.76,24.99,55.95,degraded,6,0,2,5,0.3469,17.0708,1.5483,0
PUMP-MONITOR,2026-01-07T23:15:00,472.08,3023.81,104.04,4.18,76.73,52.52,24.79,66.53,degraded,6,0,4,5,-2.181,-6.5341,-6.0794,0
PUMP-MONITOR,2026-01-07T23:20:00,475.04,2946.82,98.33,6.33,77.02,54.06,25.68,79.94,degraded,6,0,3,5,2.1512,-5.7039,0.2921,0
PUMP-MONITOR,2026-01-07T23:25:00,470.91,3165.66,101.84,5.52,83.04,51.25,24.14,63.47,degraded,6,0,0,5,-0.818,3.5021,6.0162,0
PUMP-MONITOR,2026-01-07T23:30:00,474.68,3008.77,94.55,6.31,75.02,53.06,25.18,65.06,degraded,6,0,2,5,0.7895,-7.2834,-8.0148,0
PUMP-MONITOR,2026-01-07T23:35:00,478.41,3062.5,101.95,5.77,76.53,53.69,25.69,68.4,degraded,6,0,2,5,-0.5349,7.3915,1.506,0
PUMP-MONITOR,2026-01-07T23:40:00,469.31,3148.78,97.88,4.78,85.72,53.0,24.87,67.43,degraded,6,1,2,5,-0.9915,-4.0649,9.187,0
PUMP-MONITOR,2026-01-07T23:45:00,478.82,3065.3,115.34,4.31,85.99,54.93,26.3,79.41,degraded,6,0,0,5,-0.4655,17.4581,0.2771,0
PUMP-MONITOR,2026-01-07T23:50:00,479.43,3108.66,93.63,4.85,77.61,54.17,25.97,68.43,degraded,6,0,1,5,0.5324,-21.7067,-8.3839,0
PUMP-MONITOR,2026-01-07T23:55:00,474.28,3037.26,113.92,4.59,84.62,53.24,25.25,71.92,degraded,6,0,4,5,-0.2514,20.2907,7.0087,0
PUMP-MONITOR,2026-01-08T00:00:00,469.88,2978.89,108.3,5.39,76.02,53.78,25.27,71.47,degraded,6,0,0,5,0.7926,-5.6255,-8.5982,0
PUMP-MONITOR,2026-01-08T00:05:00,481.88,2961.99,111.29,4.52,84.43,52.71,25.4,75.37,degraded,6,0,3,5,-0.8698,2.99,8.4131,0
PUMP-MONITOR,2026-01-08T00:10:00,488.24,3129.34,97.44,4.74,77.43,51.56,25.17,70.53,degraded,6,1,4,5,0.2196,-13.8468,-7.0001,0
PUMP-MONITOR,2026-01-08T00:15:00,481.3,2943.82,111.1,6.24,84.75,52.98,25.5,67.39,degraded,6,0,1,5,1.4984,13.6586,7.3169,0
PUMP-MONITOR,2026-01-08T00:20:00,480.93,3149.72,104.2,5.79,77.23,49.88,23.99,64.19,degraded,6,0,1,5,-0.446,-6.8966,-7.5195,0
PUMP-MONITOR,2026-01-08T00:25:00,477.03,3057.22,105.34,5.56,79.71,52.2,24.9,64.33,degraded,6,0,4,5,-0.226,1.1405,2.4813,0
PUMP-MONITOR,2026-01-08T00:30:00,472.19,3070.57,95.8,4.38,82.89,51.44,24.29,78.02,degraded,6,0,0,5,-1.1818,-9.5419,3.1753,0
PUMP-MONITOR,2026-01-08T00:35:00,479.01,3125.52,111.4,3.51,74.84,53.69,25.72,78.28,degraded,6,1,4,5,-0.8758,15.6012,-8.0493,0
PUMP-MONITOR,2026-01-08T00:40:00,482.97,2946.16,112.62,4.84,83.39,53.63,25.9,68.61,degraded,6,0,4,5,1.3327,1.2173,8.5482,0
PUMP-MONITOR,2026-01-08T00:45:00,482.68,3022.28,99.63,5.16,74.84,52.66,25.42,69.02,degraded,6,0,4,5,0.3164,-12.9897,-8.548,0
PUMP-MONITOR,2026-01-08T00:50:00,470.07,2966.0,114.91,5.42,77.78,49.89,23.45,62.57,degraded,6,1,3,5,0.2665,15.2855,2.9466,0
PUMP-MONITOR,2026-01-08T00:55:00,482.62,3113.27,105.27,3.82,81.2,50.89,24.56,67.55,degraded,6,0,0,5,-1.5966,-9.6409,3.4167,0
PUMP-MONITOR,2026-01-08T01:00:00,486.75,2974.25,108.42,4.29,84.95,53.34,25.96,71.63,degraded,6,0,3,5,0.4636,3.1423,3.7509,0
PUMP-MONITOR,2026-01-08T01:05:00,486.21,3171.26,103.95,4.86,74.56,52.76,25.65,70.64,degraded,6,0,2,5,0.5703,-4.4632,-10.3933,0
PUMP-MONITOR,2026-01-08T01:10:00,476.46,3163.07,96.9,3.81,77.01,52.29,24.92,79.08,degraded,6,0,2,5,-1.0498,-7.0495,2.4494,0
PUMP-MONITOR,2026-01-08T01:15:00,479.33,3164.51,102.6,5.74,73.37,51.7,24.78,58.65,degraded,6,0,2,5,1.9355,5.6975,-3.6384,0
PUMP-MONITOR,2026-01-08T01:20:00,484.53,2982.33,101.96,3.58,76.79,51.48,24.94,61.38,degraded,6,1,3,5,-2.1622,-0.6389,3.4236,0
PUMP-MONITOR,2026-01-08T01:25:00,475.88,2980.04,110.49,3.43,80.54,53.34,25.38,73.56,degraded,6,0,0,5,-0.1485,8.5256,3.7511,0
PUMP-MONITOR,2026-01-08T01:30:00,482.97,3092.8,109.74,5.16,82.55,53.68,25.92,64.18,degraded,6,0,3,5,1.7233,-0.7433,2.0013,0
PUMP-MONITOR,2026-01-08T01:35:00,472.48,2989.96,103.91,3.52,76.41,49.11,23.2,58.54,degraded,6,0,3,5,-1.6347,-5.8326,-6.1338,0
PUMP-MONITOR,2026-01-08T01:40:00,480.68,3140.45,105.06,3.46,73.94,49.74,23.91,59.15,degraded,6,1,2,5,-0.0589,1.151,-2.4752,0
PUMP-MONITOR,2026-01-08T01:45:00,480.04,3024.28,108.34,5.31,75.97,52.0,24.96,73.12,degraded,6,1,4,5,1.8492,3.2773,2.037,0
PUMP-MONITOR,2026-01-08T01:50:00,478.63,2931.37,91.25,5.28,71.24,51.06,24.44,63.23,degraded,6,0,0,5,-0.031,-17.0922,-4.7351,0
PUMP-MONITOR,2026-01-08T01:55:00,480.53,3087.18,109.09,5.95,77.43,52.07,25.02,56.97,degraded,6,0,2,5,0.667,17.8395,6.1946,0
PUMP-MONITOR,2026-01-08T02:00:00,469.66,3221.95,113.67,3.67,74.17,49.23,23.12,56.87,degraded,6,0,1,5,-2.2817,4.5835,-3.2605,0
PUMP-MONITOR,2026-01-08T02:05:00,477.9,3098.15,103.84,4.11,83.43,50.17,23.98,65.94,degraded,6,0,4,5,0.4419,-9.8342,9.2591,0
PUMP-MONITOR,2026-01-08T02:10:00,477.16,3212.8,113.79,5.08,81.03,52.51,25.05,75.08,degraded,6,0,1,5,0.9715,9.9571,-2.4002,0
PUMP-MONITOR,2026-01-08T02:15:00,481.85,3002.46,99.75,6.13,73.48,50.25,24.21,58.18,degraded,6,0,1,5,1.0482,-14.0479,-7.5532,0
PUMP-MONITOR,2026-01-08T02:20:00,474.87,3171.26,112.36,5.88,78.58,55.54,26.37,78.71,degraded,6,0,4,5,-0.2501,12.6164,5.1037,0
PUMP-MONITOR,2026-01-08T02:25:00,471.51,3076.78,104.92,4.49,72.21,50.26,23.7,67.39,degraded,6,0,4,5,-1.3861,-7.4458,-6.3665,0
PUMP-MONITOR,2026-01-08T02:30:00,477.89,3182.69,102.57,5.93,85.9,54.18,25.89,78.43,degraded,6,0,0,5,1.4412,-2.3421,13.6815,0
PUMP-MONITOR,2026-01-08T02:35:00,478.01,3224.53,116.04,4.84,80.89,51.93,24.83,61.31,degraded,6,0,4,5,-1.0899,13.47,-5.0073,0
PUMP-MONITOR,2026-01-08T02:40:00,474.87,3153.4,106.02,5.42,83.3,48.96,23.25,60.35,degraded,6,0,0,5,0.5767,-10.0263,2.4092,0
PUMP-MONITOR,2026-01-08T02:45:00,470.09,3090.8,113.98,3.79,83.43,53.51,25.16,79.01,degraded,6,1,5,5,-1.6344,7.9604,0.1294,0
PUMP-MONITOR,2026-01-08T02:50:00,483.38,2996.85,92.98,5.0,74.13,56.54,27.33,79.51,degraded,6,0,2,5,1.2152,-20.9952,-9.2961,0
PUMP-MONITOR,2026-01-08T02:55:00,482.76,3136.3,94.51,4.27,74.1,52.07,25.14,74.41,degraded,6,0,3,5,-0.7342,1.5239,-0.0305,0
PUMP-MONITOR,2026-01-08T03:00:00,472.58,3204.17,114.11,5.94,84.51,55.33,26.15,80.27,degraded,6,1,1,5,1.677,19.5992,10.4098,0
PUMP-MONITOR,2026-01-08T03:05:00,477.09,3180.47,109.63,3.51,85.93,53.95,25.74,73.19,degraded,6,0,0,5,-2.4366,-4.4814,1.4186,0
PUMP-MONITOR,2026-01-08T03:10:00,479.42,3095.5,102.07,3.54,74.82,54.45,26.1,78.59,degraded,6,0,1,5,0.0349,-7.5564,-11.1099,0
PUMP-MONITOR,2026-01-08T03:15:00,470.25,3199.71,111.4,3.94,76.79,51.89,24.4,76.03,degraded,6,0,0,5,0.3981,9.3333,1.9676,0
PUMP-MONITOR,2026-01-08T03:20:00,470.23,3200.02,110.65,5.63,85.81,50.86,23.92,57.7,degraded,6,1,4,5,1.6859,-0.7498,9.0189,0
PUMP-MONITOR,2026-01-08T03:25:00,483.69,3201.68,100.8,5.91,72.26,50.25,24.31,61.44,degraded,6,0,4,5,0.2847,-9.8542,-13.5445,0
PUMP-MONITOR,2026-01-08T03:30:00,473.29,2956.96,105.77,5.25,84.57,50.42,23.86,68.65,degraded,6,0,4,5,-0.6653,4.976,12.3102,0
PUMP-MONITOR,2026-01-08T03:35:00,485.84,3001.49,113.43,4.87,85.59,53.71,26.09,75.04,degraded,6,0,0,5,-0.3785,7.658,1.0149,0
PUMP-MONITOR,2026-01-08T03:40:00,486.76,3157.69,96.99,3.72,75.92,54.7,26.63,79.78,degraded,6,0,1,5,-1.1511,-16.4423,-9.6655,0
PUMP-MONITOR,2026-01-08T03:45:00,468.95,3071.48,94.53,4.19,71.31,50.99,23.91,65.62,degraded,6,1,2,5,0.4725,-2.455,-4.6149,0
PUMP-MONITOR,2026-01-08T03:50:00,482.14,3035.39,115.72,4.29,77.63,52.91,25.51,62.45,degraded,6,0,3,5,0.1062,21.1883,6.3208,0
PUMP-MONITOR,2026-01-08T03:55:00,482.23,3064.89,100.3,3.63,73.35,55.22,26.63,74.31,degraded,6,0,4,5,-0.6678,-15.4221,-4.2822,0
PUMP-MONITOR,2026-01-08T04:00:00,471.1,2968.44,107.06,4.41,76.14,49.04,23.1,63.04,degraded,6,1,1,5,0.7799,6.7588,2.7918,0
PUMP-MONITOR,2026-01-08T04:05:00,483.57,3039.35,91.19,6.22,73.89,53.55,25.9,79.45,degraded,6,0,4,5,1.8105,-15.8743,-2.2441,0
PUMP-MONITOR,2026-01-08T04:10:00,473.32,3021.74,100.81,6.32,76.7,49.48,23.42,66.34,degraded,6,0,0,5,0.1074,9.6262,2.807,0
PUMP-MONITOR,2026-01-08T04:15:00,476.42,3100.2,104.89,6.23,75.46,50.56,24.09,71.02,degraded,6,0,2,5,-0.0948,4.0808,-1.2384,0
PUMP-MONITOR,2026-01-08T04:20:00,475.07,3184.15,92.82,4.82,78.44,53.0,25.18,70.16,degraded,6,1,2,5,-1.4065,-12.0689,2.9777,0
PUMP-MONITOR,2026-01-08T04:25:00,479.36,2989.77,110.92,5.17,81.03,53.15,25.48,78.52,degraded,6,0,0,5,0.3453,18.1,2.5914,0
PUMP-MONITOR,2026-01-08T04:30:00,478.35,3181.36,111.52,5.89,81.33,50.71,24.26,59.26,degraded,6,0,4,5,0.7192,0.5988,0.3013,0
PUMP-MONITOR,2026-01-08T04:35:00,482.53,3009.4,115.95,3.47,71.22,54.44,26.27,80.53,degraded,6,0,3,5,-2.4227,4.4229,-10.1167,0
PUMP-MONITOR,2026-01-08T04:40:00,478.32,2944.13,114.63,5.6,83.63,54.4,26.02,78.32,degraded,6,0,1,5,2.1395,-1.3201,12.4106,0
PUMP-MONITOR,2026-01-08T04:45:00,485.54,2963.53,101.23,4.66,81.41,51.9,25.2,70.9,degraded,6,0,4,5,-0.9496,-13.3944,-2.2136,0
PUMP-MONITOR,2026-01-08T04:50:00,485.03,3217.07,105.68,5.96,78.66,55.15,26.75,79.15,degraded,6,0,2,5,1.3028,4.4492,-2.7501,0
PUMP-MONITOR,2026-01-08T04:55:00,478.31,2967.62,113.44,4.03,72.44,52.31,25.02,58.89,degraded,6,0,3,5,-1.9236,7.7567,-6.2256,0
PUMP-MONITOR,2026-01-08T05:00:00,480.71,3093.15,98.99,4.39,72.96,48.51,23.32,56.32,degraded,6,0,2,5,0.3584,-14.4492,0.5195,0
PUMP-MONITOR,2026-01-08T05:05:00,470.11,3007.42,100.44,4.14,81.34,51.42,24.17,73.16,degraded,6,0,1,5,-0.2515,1.4564,8.3854,0
PUMP-MONITOR,2026-01-08T05:10:00,484.89,3171.56,96.73,6.0,78.94,55.31,26.82,77.02,degraded,6,0,4,5,1.8597,-3.7115,-2.3999,0
PUMP-MONITOR,2026-01-08T05:15:00,485.99,3143.45,103.13,5.61,82.57,54.77,26.62,75.66,degraded,6,0,0,5,-0.3922,6.3981,3.6292,0
PUMP-MONITOR,2026-01-08T05:20:00,480.8,2960.4,100.37,5.9,77.95,52.58,25.28,59.7,degraded,6,0,3,5,0.2952,-2.7583,-4.6202,0
PUMP-MONITOR,2026-01-08T05:25:00,486.52,2956.17,113.71,4.3,77.07,55.73,27.11,79.7,degraded,6,0,1,5,-1.6087,13.3389,-0.885,0
PUMP-MONITOR,2026-01-08T05:30:00,470.04,3200.44,105.53,5.33,73.21,49.12,23.09,59.46,degraded,6,0,0,5,1.0349,-8.1822,-3.8586,0
PUMP-MONITOR,2026-01-08T05:35:00,483.22,2952.75,104.09,5.75,77.25,52.04,25.15,73.31,degraded,6,0,0,5,0.417,-1.4404,4.0425,0
PUMP-MONITOR,2026-01-08T05:40:00,471.51,3210.16,96.42,5.67,83.57,51.75,24.4,69.67,degraded,6,0,3,5,-0.0757,-7.6712,6.3245,0
PUMP-MONITOR,2026-01-08T05:45:00,473.51,3122.66,109.32,3.58,73.48,50.35,23.84,61.8,degraded,6,0,1,5,-2.0883,12.9043,-10.0974,0
PUMP-MONITOR,2026-01-08T05:50:00,478.55,2932.55,114.44,4.02,72.92,53.12,25.42,70.49,degraded,6,0,1,5,0.4355,5.1225,-0.5556,0
PUMP-MONITOR,2026-01-08T05:55:00,474.04,3090.68,93.93,5.72,76.58,52.99,25.12,71.55,degraded,6,0,2,5,1.7035,-20.5165,3.6545,0
PUMP-MONITOR,2026-01-08T06:00:00,488.33,3041.38,92.69,3.73,77.19,51.26,25.03,62.25,degraded,6,0,2,5,-1.9937,-1.2372,0.6129,0
PUMP-MONITOR,2026-01-08T06:05:00,471.17,2954.58,101.38,6.34,78.84,50.31,23.7,57.94,degraded,6,1,1,5,2.6106,8.6848,1.6564,0
PUMP-MONITOR,2026-01-08T06:10:00,481.44,2996.17,92.71,3.87,76.55,51.14,24.62,64.98,degraded,6,0,4,5,-2.47,-8.6649,-2.2938,0
PUMP-MONITOR,2026-01-08T06:15:00,477.81,2932.6,113.26,5.56,81.64,51.59,24.65,76.14,degraded,6,0,2,5,1.6889,20.5489,5.0927,0
PUMP-MONITOR,2026-01-08T06:20:00,485.83,2929.96,95.51,3.87,76.61,51.72,25.13,68.03,degraded,6,0,0,5,-1.6925,-17.7508,-5.036,0
PUMP-MONITOR,2026-01-08T06:25:00,477.74,3197.54,113.87,3.57,81.76,48.34,23.1,56.28,degraded,6,0,0,5,-0.2981,18.363,5.1571,0
PUMP-MONITOR,2026-01-08T06:30:00,473.31,2977.99,115.94,3.92,76.5,49.64,23.5,63.35,degraded,6,0,2,5,0.3507,2.0653,-5.2697,0
PUMP-MONITOR,2026-01-08T06:35:00,472.98,3058.25,112.34,4.64,83.03,52.02,24.61,65.49,degraded,6,0,0,5,0.719,-3.6012,6.5393,0
PUMP-MONITOR,2026-01-08T06:40:00,485.8,2995.5,103.88,4.19,79.93,50.98,24.77,65.3,degraded,6,0,4,5,-0.4444,-8.4545,-3.1037,0
PUMP-MONITOR,2026-01-08T06:45:00,481.55,2972.3,108.43,5.05,75.11,53.63,25.83,70.04,degraded,6,1,5,5,0.8598,4.5464,-4.8168,0
PUMP-MONITOR,2026-01-08T06:50:00,476.42,2945.64,102.64,4.01,84.17,51.56,24.56,55.84,degraded,6,1,4,5,-1.0413,-5.7866,9.0545,0
PUMP-MONITOR,2026-01-08T06:55:00,470.22,3188.36,114.59,5.03,72.34,53.92,25.35,74.67,degraded,6,0,4,5,1.0219,11.9496,-11.831,0
PUMP-MONITOR,2026-01-08T07:00:00,482.94,3089.23,109.45,3.63,76.65,55.0,26.56,79.2,degraded,6,0,1,5,-1.4031,-5.1394,4.3173,0
PUMP-MONITOR,2026-01-08T07:05:00,479.99,3125.65,97.12,3.89,75.3,50.78,24.38,70.83,degraded,6,1,2,5,0.2636,-12.3343,-1.351,0
PUMP-MONITOR,2026-01-08T07:10:00,483.15,3134.22,115.21,3.6,83.36,51.59,24.92,62.31,degraded,6,0,2,5,-0.2938,18.0969,8.0581,0
PUMP-MONITOR,2026-01-08T07:15:00,477.76,3066.45,105.91,4.08,83.99,50.29,24.03,60.36,degraded,6,0,2,5,0.4768,-9.3082,0.6314,0
PUMP-MONITOR,2026-01-08T07:20:00,480.92,2980.59,104.26,5.21,74.2,53.09,25.53,68.94,degraded,6,0,0,5,1.133,-1.6451,-9.7973,0
PUMP-MONITOR,2026-01-08T07:25:00,472.52,3055.87,105.43,5.28,83.65,48.81,23.06,56.59,degraded,6,0,1,5,0.0712,1.1723,9.4586,0
PUMP-MONITOR,2026-01-08T07:30:00,483.61,3114.92,98.85,5.67,73.85,54.35,26.29,69.24,degraded,6,0,2,5,0.3872,-6.5795,-9.8,0
PUMP-MONITOR,2026-01-08T07:35:00,470.47,2976.98,101.06,6.38,85.68,50.13,23.58,57.38,degraded,6,0,4,5,0.7123,2.2092,11.8247,0
PUMP-MONITOR,2026-01-08T07:40:00,477.99,2985.09,97.16,5.29,71.51,49.72,23.76,65.59,degraded,6,0,1,5,-1.0906,-3.903,-14.1653,0
PUMP-MONITOR,2026-01-08T07:45:00,470.3,3036.23,92.38,5.58,75.31,51.41,24.18,57.23,degraded,6,1,3,5,0.2888,-4.7781,3.7933,0
PUMP-MONITOR,2026-01-08T07:50:00,488.44,2958.59,103.18,3.46,81.28,51.73,25.27,67.94,degraded,6,0,4,5,-2.1234,10.8007,5.9699,0
PUMP-MONITOR,2026-01-08T07:55:00,473.15,3043.17,91.73,4.84,71.64,51.78,24.5,76.34,degraded,6,0,3,5,1.3852,-11.4482,-9.6352,0
PUMP-MONITOR,2026-01-08T08:00:00,484.84,3145.88,103.52,5.04,74.01,54.33,26.34,73.21,degraded,6,0,0,5,0.1966,11.7899,2.3696,0
PUMP-MONITOR,2026-01-08T08:05:00,484.73,2968.42,106.29,3.8,74.84,53.13,25.75,63.82,degraded,6,0,0,5,-1.2396,2.7702,0.8322,0
PUMP-MONITOR,2026-01-08T08:10:00,481.74,3123.92,110.0,5.31,83.46,52.51,25.3,78.37,degraded,6,0,2,5,1.5093,3.7032,8.6193,0
PUMP-MONITOR,2026-01-08T08:15:00,487.0,3189.43,95.52,3.99,71.32,55.4,26.98,75.24,degraded,6,0,0,5,-1.3201,-14.4738,-12.1476,0
PUMP-MONITOR,2026-01-08T08:20:00,486.6,3079.02,105.54,5.04,75.16,49.5,24.09,57.74,degraded,6,0,2,5,1.0501,10.0173,3.8448,0
PUMP-MONITOR,2026-01-08T08:25:00,481.74,2969.49,103.68,4.37,84.52,49.26,23.73,59.25,degraded,6,0,3,5,-0.6675,-1.8622,9.3645,0
PUMP-MONITOR,2026-01-08T08:30:00,477.27,2935.8,96.36,6.32,83.12,54.29,25.91,69.81,degraded,6,0,4,5,1.9469,-7.3167,-1.4027,0
PUMP-MONITOR,2026-01-08T08:35:00,483.88,3046.22,114.66,6.16,78.87,54.87,26.55,75.49,degraded,6,0,3,5,-0.1533,18.3013,-4.2558,0
PUMP-MONITOR,2026-01-08T08:40:00,476.88,3000.5,94.0,5.49,76.03,55.37,26.41,80.16,degraded,6,1,5,5,-0.6698,-20.6624,-2.8342,0
PUMP-MONITOR,2026-01-08T08:45:00,469.39,3127.31,114.65,4.05,75.93,50.32,23.62,68.19,degraded,6,0,4,5,-1.4474,20.6481,-0.1036,0
PUMP-MONITOR,2026-01-08T08:50:00,475.57,3116.09,112.7,4.82,74.79,51.92,24.69,64.53,degraded,6,1,3,5,0.7781,-1.9472,-1.1404,0
PUMP-MONITOR,2026-01-08T08:55:00,488.73,3126.03,107.54,6.44,83.46,55.44,27.09,78.49,degraded,6,0,1,5,1.614,-5.1619,8.6737,0
PUMP-MONITOR,2026-01-08T09:00:00,485.84,3027.97,91.67,5.17,79.08,51.04,24.8,63.0,degraded,6,0,0,5,-1.2642,-15.8715,-4.379,0
PUMP-MONITOR,2026-01-08T09:05:00,472.02,3200.33,103.67,3.71,84.88,51.67,24.39,67.58,degraded,6,0,2,5,-1.4591,11.9977,5.8003,0
PUMP-MONITOR,2026-01-08T09:10:00,483.89,3095.34,115.94,6.35,83.35,54.68,26.46,75.54,degraded,6,0,3,5,2.6364,12.2734,-1.5334,0
PUMP-MONITOR,2026-01-08T09:15:00,483.79,3079.87,109.07,3.78,78.39,55.28,26.74,77.78,degraded,6,1,4,5,-2.5738,-6.8655,-4.9545,0
PUMP-MONITOR,2026-01-08T09:20:00,469.93,3226.13,115.3,5.84,84.25,50.5,23.73,73.86,degraded,6,0,2,5,2.0674,6.229,5.8504,0
PUMP-MONITOR,2026-01-08T09:25:00,475.54,3036.98,108.96,3.76,75.29,49.18,23.39,57.98,degraded,6,0,4,5,-2.0856,-6.3409,-8.9592,0
PUMP-MONITOR,2026-01-08T09:30:00,477.17,3221.61,99.07,5.27,73.07,52.89,25.24,71.69,degraded,6,0,4,5,1.512,-9.8922,-2.2188,0
PUMP-MONITOR,2026-01-08T09:35:00,470.09,3143.17,93.31,3.48,72.83,47.85,22.5,58.78,degraded,6,1,3,5,-1.7958,-5.7569,-0.2376,0
PUMP-MONITOR,2026-01-08T09:40:00,483.47,3130.39,93.74,4.36,75.95,55.32,26.75,72.95,degraded,6,0,0,5,0.8878,0.4257,3.1232,0
PUMP-MONITOR,2026-01-08T09:45:00,481.46,3048.95,96.86,4.44,72.71,50.94,24.52,68.02,degraded,6,0,2,5,0.0796,3.1184,-3.2424,0
PUMP-MONITOR,2026-01-08T09:50:00,475.17,3041.47,104.99,4.32,77.46,51.12,24.29,59.15,degraded,6,0,2,5,-0.1233,8.1313,4.7499,0
PUMP-MONITOR,2026-01-08T09:55:00,475.95,3079.54,94.92,4.56,73.01,48.17,22.93,57.89,degraded,6,0,2,5,0.2407,-10.0665,-4.4485,0
PUMP-MONITOR,2026-01-08T10:00:00,482.29,3060.82,102.65,4.93,82.31,51.04,24.62,70.35,degraded,6,0,1,5,0.3711,7.7324,9.3008,0
PUMP-MONITOR,2026-01-08T10:05:00,477.59,3032.35,112.02,5.44,77.84,54.58,26.07,77.14,degraded,6,1,2,5,0.5081,9.3664,-4.4734,0
PUMP-MONITOR,2026-01-08T10:10:00,485.83,3223.91,102.31,3.73,77.2,52.97,25.74,75.97,degraded,6,0,1,5,-1.7137,-9.708,-0.6377,0
PUMP-MONITOR,2026-01-08T10:15:00,488.25,3097.59,95.37,6.1,80.95,53.69,26.21,69.16,degraded,6,0,3,5,2.378,-6.9419,3.752,0
PUMP-MONITOR,2026-01-08T10:20:00,475.6,3161.45,115.84,4.81,73.17,49.66,23.62,64.61,degraded,6,1,3,5,-1.2919,20.4739,-7.7882,0
PUMP-MONITOR,2026-01-08T10:25:00,479.2,3043.77,112.77,4.87,85.83,54.1,25.92,77.1,degraded,6,0,4,5,0.0534,-3.0734,12.6619,0
PUMP-MONITOR,2026-01-08T10:30:00,475.52,3120.95,92.49,5.21,84.83,49.62,23.59,61.9,degraded,6,1,2,5,0.3409,-20.276,-0.9939,0
PUMP-MONITOR,2026-01-08T10:35:00,486.39,3019.94,101.36,3.99,83.46,51.53,25.06,63.86,degraded,6,0,0,5,-1.2127,8.869,-1.37,0
PUMP-MONITOR,2026-01-08T10:40:00,476.74,3157.84,97.84,4.37,81.88,49.5,23.6,65.01,degraded,6,1,4,5,0.3799,-3.5194,-1.5866,0
PUMP-MONITOR,2026-01-08T10:45:00,468.8,3039.36,109.86,4.28,78.41,53.63,25.14,77.16,degraded,6,0,3,5,-0.0898,12.012,-3.4689,0
PUMP-MONITOR,2026-01-08T10:50:00,483.39,2982.96,102.92,4.16,78.54,54.14,26.17,76.56,degraded,6,0,3,5,-0.1209,-6.9321,0.129,0
PUMP-MONITOR,2026-01-08T10:55:00,475.75,3157.25,106.66,5.19,80.07,51.61,24.55,71.25,degraded,6,1,3,5,1.0275,3.7388,1.5334,0
PUMP-MONITOR,2026-01-08T11:00:00,486.38,2958.94,104.36,4.92,81.54,53.41,25.98,68.89,degraded,6,0,2,5,-0.2749,-2.3059,1.4657,0
PUMP-MONITOR,2026-01-08T11:05:00,485.72,3127.27,102.01,3.5,71.38,50.61,24.58,62.86,degraded,6,0,2,5,-1.4116,-2.3469,-10.1557,0
PUMP-MONITOR,2026-01-08T11:10:00,483.2,3158.41,91.25,4.7,83.8,52.15,25.2,56.59,degraded,6,0,1,5,1.1986,-10.7588,12.417,0
PUMP-MONITOR,2026-01-08T11:15:00,486.86,3135.9,110.17,4.55,71.5,54.35,26.46,72.12,degraded,6,0,2,5,-0.1512,18.9206,-12.3006,0
PUMP-MONITOR,2026-01-08T11:20:00,471.89,3013.01,107.8,5.67,86.04,50.76,23.95,69.19,degraded,6,0,2,5,1.1224,-2.3705,14.5427,0
PUMP-MONITOR,2026-01-08T11:25:00,473.61,3211.59,92.58,5.72,84.19,51.9,24.58,69.26,degraded,6,0,3,5,0.0431,-15.2262,-1.845,0
PUMP-MONITOR,2026-01-08T11:30:00,488.25,2962.21,115.48,5.63,71.47,56.78,27.72,78.97,degraded,6,0,3,5,-0.0886,22.9033,-12.7204,0
PUMP-MONITOR,2026-01-08T11:35:00,474.12,3135.27,104.03,3.67,79.04,54.39,25.79,71.64,degraded,6,1,2,5,-1.9542,-11.4478,7.5651,0
PUMP-MONITOR,2026-01-08T11:40:00,486.07,3018.52,104.58,4.96,84.52,56.07,27.25,78.93,degraded,6,0,1,5,1.2856,0.545,5.4811,0
PUMP-MONITOR,2026-01-08T11:45:00,484.36,3059.05,111.09,3.9,71.53,51.4,24.9,60.49,degraded,6,0,0,5,-1.0581,6.5124,-12.9853,0
PUMP-MONITOR,2026-01-08T11:50:00,472.27,3036.06,99.81,5.78,77.08,51.58,24.36,77.65,degraded,6,0,3,5,1.882,-11.2768,5.547,0
PUMP-MONITOR,2026-01-08T11:55:00,471.82,3109.48,110.23,6.1,85.57,49.3,23.26,58.41,degraded,6,1,1,5,0.3132,10.4222,8.4856,0
PUMP-MONITOR,2026-01-08T12:00:00,472.94,3221.85,112.18,5.46,72.21,50.85,24.05,66.66,degraded,6,0,4,5,-0.6327,1.9492,-13.356,0
PUMP-MONITOR,2026-01-08T12:05:00,474.33,3138.58,109.61,5.8,76.05,51.74,24.54,63.23,degraded,6,0,3,5,0.3356,-2.5762,3.841,0
PUMP-MONITOR,2026-01-08T12:10:00,488.19,3178.03,108.89,6.22,82.91,56.4,27.54,77.69,degraded,6,1,2,5,0.4171,-0.7209,6.8539,0
PUMP-MONITOR,2026-01-08T12:15:00,470.96,3109.32,101.01,3.82,83.62,51.36,24.19,60.77,degraded,6,0,3,5,-2.3997,-7.8727,0.7126,0
PUMP-MONITOR,2026-01-08T12:20:00,471.98,3131.99,100.21,3.81,76.46,53.04,25.04,75.99,degraded,6,1,5,5,-0.0021,-0.7996,-7.1625,0
PUMP-MONITOR,2026-01-08T12:25:00,480.49,3228.27,106.5,3.48,72.85,49.83,23.94,60.02,degraded,6,0,0,5,-0.3299,6.2878,-3.6071,0
PUMP-MONITOR,2026-01-08T12:30:00,482.13,3187.94,106.26,3.55,82.0,51.86,25.0,69.94,degraded,6,0,0,5,0.0609,-0.2406,9.1485,0
PUMP-MONITOR,2026-01-08T12:35:00,486.02,3110.57,101.8,3.46,81.06,55.69,27.07,76.65,degraded,6,0,3,5,-0.0876,-4.4608,-0.9375,0
PUMP-MONITOR,2026-01-08T12:40:00,472.31,3194.19,103.37,4.02,75.93,52.62,24.85,72.66,degraded,6,0,1,5,0.5661,1.5705,-5.1297,0
PUMP-MONITOR,2026-01-08T12:45:00,482.09,2981.8,97.52,4.65,82.7,52.81,25.46,62.87,degraded,6,0,3,5,0.6311,-5.8516,6.7719,0
PUMP-MONITOR,2026-01-08T12:50:00,474.59,2975.04,103.47,5.24,82.14,49.82,23.64,61.29,degraded,6,0,2,5,0.5814,5.9559,-0.5634,0
PUMP-MONITOR,2026-01-08T12:55:00,472.88,2978.47,111.29,4.18,72.57,50.82,24.03,73.72,degraded,6,0,3,5,-1.0606,7.8161,-9.5641,0
PUMP-MONITOR,2026-01-08T13:00:00,486.61,3121.37,110.59,3.87,78.21,50.74,24.69,60.09,degraded,6,1,3,5,-0.3097,-0.701,5.6348,0
PUMP-MONITOR,2026-01-08T13:05:00,472.62,2959.88,103.48,4.44,73.28,51.61,24.39,66.95,degraded,6,0,1,5,0.5731,-7.1066,-4.9249,0
PUMP-MONITOR,2026-01-08T13:10:00,488.03,3208.14,114.58,5.38,80.73,51.25,25.01,63.07,degraded,6,0,2,5,0.9399,11.0995,7.4459,0
PUMP-MONITOR,2026-01-08T13:15:00,479.07,2990.71,101.02,6.3,78.55,53.34,25.56,76.1,degraded,6,0,3,5,0.9232,-13.5662,-2.1822,0
PUMP-MONITOR,2026-01-08T13:20:00,477.93,2947.85,104.85,4.75,80.13,49.67,23.74,64.93,degraded,6,1,2,5,-1.5492,3.8287,1.5822,0
PUMP-MONITOR,2026-01-08T13:25:00,472.73,3051.31,98.79,3.71,82.66,49.99,23.63,67.55,degraded,6,0,0,5,-1.0457,-6.0523,2.5307,0
PUMP-MONITOR,2026-01-08T13:30:00,475.14,3003.99,109.8,5.9,74.09,49.02,23.29,58.27,degraded,6,0,4,5,2.1968,11.0078,-8.5722,0
PUMP-MONITOR,2026-01-08T13:35:00,481.37,3140.58,105.55,5.82,80.39,51.97,25.02,57.23,degraded,6,0,4,5,-0.0834,-4.2553,6.2993,0
PUMP-MONITOR,2026-01-08T13:40:00,486.13,3197.5,103.9,5.79,76.07,54.67,26.58,75.81,degraded,6,1,5,5,-0.0331,-1.6446,-4.3148,0
PUMP-MONITOR,2026-01-08T13:45:00,480.56,3133.34,94.17,6.04,77.73,54.19,26.04,76.64,degraded,6,0,1,5,0.2505,-9.7352,1.6524,0
PUMP-MONITOR,2026-01-08T13:50:00,488.19,3191.53,97.76,6.36,79.1,50.49,24.65,59.49,degraded,6,0,0,5,0.3189,3.5974,1.377,0
PUMP-MONITOR,2026-01-08T13:55:00,475.42,3124.8,92.89,4.69,76.29,52.65,25.03,61.69,degraded,6,0,4,5,-1.6639,-4.873,-2.8174,0
PUMP-MONITOR,2026-01-08T14:00:00,469.04,3127.31,104.58,4.68,85.5,51.4,24.11,58.18,degraded,6,0,3,5,-0.0163,11.6888,9.2189,0
PUMP-MONITOR,2026-01-08T14:05:00,477.81,3000.02,115.21,4.85,71.74,52.4,25.04,59.05,degraded,6,0,3,5,0.1767,10.6281,-13.7689,0
PUMP-MONITOR,2026-01-08T14:10:00,484.59,3043.15,94.62,6.37,71.87,52.26,25.33,66.96,degraded,6,0,4,5,1.5171,-20.5886,0.1376,0
PUMP-MONITOR,2026-01-08T14:15:00,483.52,3213.35,104.81,4.11,81.54,50.95,24.64,70.03,degraded,6,0,4,5,-2.2612,10.1896,9.6643,0
PUMP-MONITOR,2026-01-08T14:20:00,477.64,3063.08,105.98,3.84,78.48,50.21,23.98,58.75,degraded,6,0,0,5,-0.2646,1.1671,-3.0613,0
PUMP-MONITOR,2026-01-08T14:25:00,486.24,3016.29,104.64,4.83,83.93,51.18,24.89,65.88,degraded,6,0,0,5,0.9839,-1.3329,5.4571,0
PUMP-MONITOR,2026-01-08T14:30:00,471.27,3045.92,91.29,6.0,77.83,48.25,22.74,58.06,degraded,6,0,0,5,1.1744,-13.3548,-6.1054,0
PUMP-MONITOR,2026-01-08T14:35:00,487.72,3084.65,113.87,4.56,80.26,49.97,24.37,57.84,degraded,6,0,0,5,-1.4437,22.5834,2.4301,0
PUMP-MONITOR,2026-01-08T14:40:00,469.93,3003.41,99.03,4.48,82.76,50.59,23.77,60.49,degraded,6,0,0,5,-0.0782,-14.8403,2.4994,0
PUMP-MONITOR,2026-01-08T14:45:00,477.44,3222.71,103.75,3.72,82.27,54.44,25.99,75.24,degraded,6,0,1,5,-0.7658,4.7228,-0.4922,0
PUMP-MONITOR,2026-01-08T14:50:00,476.51,3133.12,107.88,5.03,80.21,52.25,24.9,61.95,degraded,6,0,4,5,1.3123,4.1257,-2.0566,0
PUMP-MONITOR,2026-01-08T14:55:00,469.96,3197.32,106.68,4.61,79.41,48.67,22.87,62.3,degraded,6,0,1,5,-0.4201,-1.1973,-0.7992,0
PUMP-MONITOR,2026-01-08T15:00:00,481.03,2961.91,92.92,5.5,82.38,53.1,25.54,76.1,degraded,6,0,2,5,0.8956,-13.7583,2.9719,0
PUMP-MONITOR,2026-01-08T15:05:00,482.08,2958.83,109.56,6.38,72.65,54.55,26.3,69.43,degraded,6,0,1,5,0.8769,16.6411,-9.7294,0
PUMP-MONITOR,2026-01-08T15:10:00,480.51,3008.58,99.0,5.95,71.89,54.74,26.3,72.29,degraded,6,0,1,5,-0.4336,-10.5669,-0.7632,0
PUMP-MONITOR,2026-01-08T15:15:00,470.64,3027.0,108.79,5.42,84.55,51.77,24.37,60.58,degraded,6,0,4,5,-0.5221,9.7936,12.6576,0
PUMP-MONITOR,2026-01-08T15:20:00,472.44,2948.69,102.9,6.38,80.84,52.41,24.76,76.2,degraded,6,0,4,5,0.9533,-5.8961,-3.7015,0
PUMP-MONITOR,2026-01-08T15:25:00,479.91,3129.48,108.99,5.66,72.02,53.42,25.64,69.29,degraded,6,0,1,5,-0.7224,6.0973,-8.8222,0
PUMP-MONITOR,2026-01-08T15:30:00,473.65,3160.46,96.58,5.22,76.82,51.0,24.16,74.22,degraded,6,0,2,5,-0.4382,-12.4113,4.7941,0
PUMP-MONITOR,2026-01-08T15:35:00,484.96,2996.34,106.95,4.55,78.39,53.13,25.77,75.43,degraded,6,0,0,5,-0.6701,10.3648,1.5778,0
PUMP-MONITOR,2026-01-08T15:40:00,486.56,3021.36,93.62,4.29,76.02,51.42,25.02,60.66,degraded,6,0,3,5,-0.2534,-13.3232,-2.3725,0
PUMP-MONITOR,2026-01-08T15:45:00,488.17,3146.42,93.48,5.9,71.37,51.69,25.23,65.67,degraded,6,0,0,5,1.6038,-0.1473,-4.6566,0
PUMP-MONITOR,2026-01-08T15:50:00,472.26,3124.53,105.92,5.18,76.89,51.7,24.42,59.49,degraded,6,0,0,5,-0.7141,12.4415,5.5249,0
PUMP-MONITOR,2026-01-08T15:55:00,479.63,2964.28,102.21,4.86,77.34,49.83,23.9,62.95,degraded,6,0,2,5,-0.3194,-3.7034,0.4451,0
PUMP-MONITOR,2026-01-08T16:00:00,469.5,3205.17,108.89,5.39,85.13,50.63,23.77,67.29,degraded,6,0,1,5,0.5228,6.6803,7.7907,0
PUMP-MONITOR,2026-01-08T16:05:00,485.47,3138.61,99.06,6.1,72.82,51.8,25.15,61.46,degraded,6,0,0,5,0.7161,-9.8349,-12.3081,0
PUMP-MONITOR,2026-01-08T16:10:00,482.87,3172.98,106.6,4.3,80.69,51.9,25.06,64.64,degraded,6,0,0,5,-1.7981,7.5416,7.8696,0
PUMP-MONITOR,2026-01-08T16:15:00,486.08,3190.2,110.07,4.58,72.79,54.59,26.53,69.57,degraded,6,1,5,5,0.272,3.4654,-7.8961,0
PUMP-MONITOR,2026-01-08T16:20:00,475.63,2945.76,101.42,4.58,83.06,52.84,25.13,76.85,degraded,6,0,0,5,0.0058,-8.6476,10.2646,0
PUMP-MONITOR,2026-01-08T16:25:00,469.25,3148.16,98.77,4.52,84.6,54.38,25.52,77.97,degraded,6,0,4,5,-0.0669,-2.6462,1.5447,0
PUMP-MONITOR,2026-01-08T16:30:00,471.88,2957.3,109.71,4.25,82.09,52.54,24.79,78.93,degraded,6,0,1,5,-0.2643,10.9387,-2.5127,0
PUMP-MONITOR,2026-01-08T16:35:00,474.69,3210.85,97.84,5.28,79.43,53.15,25.23,66.85,degraded,6,0,0,5,1.0321,-11.8705,-2.6579,0
PUMP-MONITOR,2026-01-08T16:40:00,477.73,3101.68,93.3,4.72,81.43,52.93,25.29,67.39,degraded,6,1,5,5,-0.5637,-4.5384,1.998,0
PUMP-MONITOR,2026-01-08T16:45:00,475.72,3158.19,101.68,5.74,76.28,52.07,24.77,58.53,degraded,6,0,3,5,1.0169,8.3776,-5.1448,0
PUMP-MONITOR,2026-01-08T16:50:00,477.63,3226.74,99.55,3.54,75.81,52.7,25.17,65.47,degraded,6,0,4,5,-2.1922,-2.131,-0.4752,0
PUMP-MONITOR,2026-01-08T16:55:00,479.02,3205.86,108.28,3.66,85.35,52.66,25.22,76.48,degraded,6,0,1,5,0.1112,8.7344,9.5466,0
PUMP-MONITOR,2026-01-08T17:00:00,488.36,3026.68,115.24,6.25,85.94,49.6,24.22,58.02,degraded,6,0,4,5,2.5989,6.9547,0.5816,0
PUMP-MONITOR,2026-01-08T17:05:00,487.23,3144.6,100.83,4.73,82.98,51.72,25.2,69.03,degraded,6,0,3,5,-1.5267,-14.4062,-2.9609,0
PUMP-MONITOR,2026-01-08T17:10:00,468.89,3139.31,105.34,5.66,74.15,53.64,25.15,77.73,degraded,6,0,3,5,0.9341,4.5121,-8.8267,0
PUMP-MONITOR,2026-01-08T17:15:00,476.25,3049.39,115.54,5.06,76.83,51.05,24.31,70.76,degraded,6,0,0,5,-0.6024,10.2013,2.6767,0
PUMP-MONITOR,2026-01-08T17:20:00,484.9,3117.68,115.72,4.71,79.3,51.7,25.07,61.31,degraded,6,0,0,5,-0.3531,0.1722,2.4779,0
PUMP-MONITOR,2026-01-08T17:25:00,471.36,2942.98,103.73,4.4,73.87,52.05,24.53,69.09,degraded,6,0,0,5,-0.3046,-11.985,-5.4288,0
PUMP-MONITOR,2026-01-08T17:30:00,469.6,3131.51,116.23,4.21,80.4,51.39,24.13,69.08,degraded,6,0,2,5,-0.1869,12.4989,6.5271,0
PUMP-MONITOR,2026-01-08T17:35:00,479.23,3190.9,95.85,5.0,80.86,52.8,25.3,64.67,degraded,6,0,4,5,0.79,-20.3773,0.4552,0
PUMP-MONITOR,2026-01-08T17:40:00,488.23,2945.69,100.09,4.69,74.73,56.27,27.47,76.51,degraded,6,1,4,5,-0.3165,4.2327,-6.1246,0
PUMP-MONITOR,2026-01-08T17:45:00,488.7,2947.14,106.45,3.91,77.87,51.54,25.19,60.08,degraded,6,0,3,5,-0.7735,6.3626,3.1413,0
PUMP-MONITOR,2026-01-08T17:50:00,480.54,3073.92,105.15,4.23,84.09,51.1,24.55,68.84,degraded,6,0,0,5,0.3169,-1.301,6.2202,0
PUMP-MONITOR,2026-01-08T17:55:00,488.16,3089.62,102.23,4.69,83.66,50.11,24.46,55.94,degraded,6,0,4,5,0.4626,-2.9188,-0.4302,0
PUMP-MONITOR,2026-01-08T18:00:00,486.89,3161.01,103.02,5.04,83.54,53.27,25.94,63.47,degraded,6,0,4,5,0.3443,0.787,-0.1219,0
PUMP-MONITOR,2026-01-08T18:05:00,477.97,3149.91,101.31,6.24,75.2,52.2,24.95,68.95,degraded,6,0,4,5,1.1967,-1.7008,-8.3435,0
PUMP-MONITOR,2026-01-08T18:10:00,479.25,3197.67,108.53,5.55,73.08,51.86,24.85,70.92,degraded,6,0,0,5,-0.6854,7.2146,-2.1203,0
PUMP-MONITOR,2026-01-08T18:15:00,478.25,2982.39,105.49,4.86,73.89,52.56,25.14,69.14,degraded,6,0,2,5,-0.6922,-3.0404,0.8099,0
PUMP-MONITOR,2026-01-08T18:20:00,475.39,3032.13,92.9,4.76,76.67,51.22,24.35,70.47,degraded,6,0,4,5,-0.0954,-12.5856,2.7794,0
PUMP-MONITOR,2026-01-08T18:25:00,487.24,3221.6,96.97,3.78,79.9,52.86,25.75,76.83,degraded,6,0,1,5,-0.9841,4.0699,3.233,0
PUMP-MONITOR,2026-01-08T18:30:00,469.68,3130.73,109.3,4.61,83.19,49.2,23.11,62.36,degraded,6,0,0,5,0.8336,12.3226,3.2904,0
PUMP-MONITOR,2026-01-08T18:35:00,477.25,2964.01,93.85,4.32,76.71,51.62,24.63,57.84,degraded,6,0,2,5,-0.2876,-15.4489,-6.4811,0
PUMP-MONITOR,2026-01-08T18:40:00,482.08,3044.79,114.12,4.89,83.75,54.33,26.19,75.21,degraded,6,0,0,5,0.569,20.2695,7.0382,0
PUMP-MONITOR,2026-01-08T18:45:00,481.01,3141.23,104.18,3.79,83.17,54.19,26.07,72.15,degraded,6,0,3,5,-1.0984,-9.9365,-0.5764,0
PUMP-MONITOR,2026-01-08T18:50:00,473.94,3130.83,100.36,6.14,86.08,52.33,24.8,63.21,degraded,6,0,0,5,2.3462,-3.8235,2.9069,0
PUMP-MONITOR,2026-01-08T18:55:00,468.94,3158.36,92.16,3.49,78.74,53.47,25.07,75.26,degraded,6,0,3,5,-2.6463,-8.1926,-7.3422,0
PUMP-MONITOR,2026-01-08T19:00:00,473.4,3014.38,101.24,4.44,77.68,53.8,25.47,69.42,degraded,6,0,2,5,0.9438,9.0794,-1.0526,0
PUMP-MONITOR,2026-01-08T19:05:00,485.18,3201.46,97.68,4.65,85.13,52.43,25.44,61.99,degraded,6,1,4,5,0.2136,-3.5661,7.4508,0
PUMP-MONITOR,2026-01-08T19:10:00,469.07,3087.95,91.98,6.07,74.11,50.63,23.75,57.08,degraded,6,0,1,5,1.413,-5.6999,-11.0252,0
PUMP-MONITOR,2026-01-08T19:15:00,486.96,3120.93,102.04,3.6,77.09,52.22,25.43,59.97,degraded,6,1,4,5,-2.4633,10.0669,2.9767,0
PUMP-MONITOR,2026-01-08T19:20:00,474.21,3212.44,101.24,3.53,85.43,54.7,25.94,77.74,degraded,6,1,1,5,-0.069,-0.8025,8.3425,0
PUMP-MONITOR,2026-01-08T19:25:00,481.69,3091.41,113.31,6.34,72.2,52.8,25.43,72.14,degraded,6,1,1,5,2.8109,12.0649,-13.2285,0
PUMP-MONITOR,2026-01-08T19:30:00,487.81,2967.99,106.34,5.85,83.75,54.74,26.7,69.74,degraded,6,0,4,5,-0.4972,-6.964,11.5528,0
PUMP-MONITOR,2026-01-08T19:35:00,469.82,3023.88,97.41,6.33,82.3,51.89,24.38,76.92,degraded,6,0,2,5,0.4801,-8.9328,-1.4547,0
PUMP-MONITOR,2026-01-08T19:40:00,469.45,3119.12,110.62,5.58,80.14,49.07,23.04,63.13,degraded,6,0,1,5,-0.7434,13.2091,-2.1586,0
PUMP-MONITOR,2026-01-08T19:45:00,469.04,2950.33,96.95,5.4,76.16,49.6,23.27,59.04,degraded,6,0,1,5,-0.1812,-13.6641,-3.976,0
PUMP-MONITOR,2026-01-08T19:50:00,475.61,2996.42,100.4,6.26,85.12,53.41,25.4,68.53,degraded,6,0,0,5,0.8573,3.4404,8.9543,0
PUMP-MONITOR,2026-01-08T19:55:00,471.22,3034.41,112.3,4.91,75.93,53.85,25.37,71.76,degraded,6,0,2,5,-1.3445,11.9043,-9.1913,0
PUMP-MONITOR,2026-01-08T20:00:00,483.27,3085.97,108.24,5.03,81.75,53.77,25.99,80.13,degraded,6,0,4,5,0.1105,-4.055,5.824,0
PUMP-MONITOR,2026-01-08T20:05:00,482.58,3057.98,109.48,4.96,76.09,51.43,24.82,69.62,degraded,6,0,0,5,-0.07,1.2369,-5.6565,0
PUMP-MONITOR,2026-01-08T20:10:00,486.31,3009.09,94.19,4.57,81.14,55.24,26.86,78.75,degraded,6,0,0,5,-0.3831,-15.2901,5.0509,0
PUMP-MONITOR,2026-01-08T20:15:00,474.37,2936.53,93.61,6.41,80.88,51.98,24.66,67.24,degraded,6,1,5,5,1.8375,-0.5787,-0.2658,0
PUMP-MONITOR,2026-01-08T20:20:00,481.25,3141.48,96.98,5.76,79.09,50.45,24.28,61.05,degraded,6,0,0,5,-0.6496,3.3692,-1.7885,0
PUMP-MONITOR,2026-01-08T20:25:00,470.68,2957.57,106.51,5.71,82.12,52.16,24.55,76.36,degraded,6,0,2,5,-0.0513,9.5269,3.0284,0
PUMP-MONITOR,2026-01-08T20:30:00,483.77,3193.19,97.19,3.52,75.78,51.32,24.83,56.51,degraded,6,0,4,5,-2.1927,-9.3168,-6.3425,0
PUMP-MONITOR,2026-01-08T20:35:00,486.75,3127.1,98.28,4.3,79.51,51.0,24.82,56.09,degraded,6,0,4,5,0.7834,1.0834,3.73,0
PUMP-MONITOR,2026-01-08T20:40:00,471.53,2966.29,99.62,4.4,83.43,53.39,25.18,75.12,degraded,6,0,0,5,0.0957,1.3423,3.9203,0
PUMP-MONITOR,2026-01-08T20:45:00,478.82,3114.23,108.65,6.47,73.32,52.1,24.95,76.35,degraded,6,0,1,5,2.0753,9.0278,-10.1069,0
PUMP-MONITOR,2026-01-08T20:50:00,479.94,3121.38,99.66,4.38,80.07,48.53,23.29,57.76,degraded,6,0,4,5,-2.0891,-8.9883,6.746,0
PUMP-MONITOR,2026-01-08T20:55:00,483.48,3018.09,96.75,4.36,80.17,51.29,24.8,71.96,degraded,6,0,2,5,-0.0216,-2.9093,0.1029,0
PUMP-MONITOR,2026-01-08T21:00:00,472.54,3095.73,95.53,4.2,82.18,48.04,22.7,56.55,degraded,6,1,5,5,-0.1602,-1.2197,2.0161,0
PUMP-MONITOR,2026-01-08T21:05:00,475.14,3205.57,115.98,4.39,74.46,51.72,24.57,68.95,degraded,6,0,3,5,0.1926,20.4516,-7.7253,0
PUMP-MONITOR,2026-01-08T21:10:00,475.78,3229.68,114.52,4.61,84.45,52.01,24.74,67.44,degraded,6,1,1,5,0.2135,-1.4618,9.9913,0
PUMP-MONITOR,2026-01-08T21:15:00,482.59,2964.49,102.2,5.92,79.99,51.88,25.04,71.42,degraded,6,0,1,5,1.3104,-12.323,-4.4606,0
PUMP-MONITOR,2026-01-08T21:20:00,474.03,3083.11,95.52,4.63,74.99,51.33,24.33,65.17,degraded,6,0,4,5,-1.2853,-6.6781,-4.9963,0
PUMP-MONITOR,2026-01-08T21:25:00,479.62,2963.56,107.27,6.01,78.58,52.22,25.05,69.0,degraded,6,0,4,5,1.3762,11.7501,3.5852,0
PUMP-MONITOR,2026-01-08T21:30:00,479.25,3041.95,108.59,4.38,72.72,50.65,24.28,64.13,degraded,6,0,3,5,-1.625,1.3233,-5.8591,0
PUMP-MONITOR,2026-01-08T21:35:00,483.68,3174.75,91.74,3.59,82.65,48.56,23.49,55.83,degraded,6,0,3,5,-0.7887,-16.8514,9.9349,0
PUMP-MONITOR,2026-01-08T21:40:00,475.22,2961.26,107.16,5.07,74.6,50.13,23.82,62.78,degraded,6,0,4,5,1.4743,15.4166,-8.0519,0
PUMP-MONITOR,2026-01-08T21:45:00,488.52,3200.62,101.88,5.75,71.84,55.37,27.05,72.62,degraded,6,0,2,5,0.6835,-5.2763,-2.7666,0
PUMP-MONITOR,2026-01-08T21:50:00,481.63,3151.78,95.87,4.99,75.71,50.4,24.27,65.89,degraded,6,0,3,5,-0.7606,-6.0124,3.8753,0
PUMP-MONITOR,2026-01-08T21:55:00,469.34,3098.6,94.19,5.02,78.7,52.1,24.45,80.77,degraded,6,0,1,5,0.0303,-1.6729,2.9858,0
PUMP-MONITOR,2026-01-08T22:00:00,476.78,3062.02,100.78,6.03,86.07,52.25,24.91,74.58,degraded,6,0,2,5,1.0041,6.5816,7.3703,0
PUMP-MONITOR,2026-01-08T22:05:00,480.92,2958.04,96.11,6.27,73.23,50.66,24.36,66.0,degraded,6,0,3,5,0.2415,-4.6613,-12.8408,0
PUMP-MONITOR,2026-01-08T22:10:00,488.28,3194.67,98.39,4.49,78.93,52.65,25.71,64.88,degraded,6,0,4,5,-1.7797,2.2709,5.7012,0
PUMP-MONITOR,2026-01-08T22:15:00,488.07,3155.0,115.6,6.35,74.96,54.27,26.49,80.24,degraded,6,1,3,5,1.8596,17.214,-3.9632,0
PUMP-MONITOR,2026-01-08T22:20:00,469.06,3017.83,111.67,5.97,76.57,50.49,23.68,69.78,degraded,6,0,2,5,-0.373,-3.9327,1.6098,0
PUMP-MONITOR,2026-01-08T22:25:00,469.86,3188.67,102.58,4.18,71.47,51.53,24.21,60.29,degraded,6,0,1,5,-1.7942,-9.0912,-5.1091,0
PUMP-MONITOR,2026-01-08T22:30:00,475.58,3206.69,109.35,5.42,77.67,50.13,23.84,67.59,degraded,6,0,4,5,1.24,6.7765,6.2034,0
PUMP-MONITOR,2026-01-08T22:35:00,481.74,3197.58,95.73,5.54,78.05,48.71,23.46,57.18,degraded,6,0,0,5,0.1228,-13.6267,0.3856,0
PUMP-MONITOR,2026-01-08T22:40:00,473.04,3105.61,110.89,4.11,85.25,52.12,24.66,70.47,degraded,6,0,2,5,-1.4364,15.1634,7.195,0
PUMP-MONITOR,2026-01-08T22:45:00,475.28,3211.0,115.08,3.92,77.59,50.75,24.12,72.97,degraded,6,0,4,5,-0.1855,4.1868,-7.6601,0
PUMP-MONITOR,2026-01-08T22:50:00,477.1,2934.32,102.46,5.58,75.64,51.23,24.44,72.02,degraded,6,1,4,5,1.6553,-12.6171,-1.9469,0
PUMP-MONITOR,2026-01-08T22:55:00,478.5,3001.45,107.43,5.51,80.46,54.79,26.22,73.8,degraded,6,1,5,5,-0.07,4.9683,4.8172,0
PUMP-MONITOR,2026-01-08T23:00:00,478.72,2967.17,103.99,4.77,81.45,53.25,25.49,77.61,degraded,6,0,0,5,-0.7345,-3.4408,0.9881,0
PUMP-MONITOR,2026-01-08T23:05:00,481.81,3045.25,94.79,5.82,75.34,52.89,25.48,68.62,degraded,6,0,3,5,1.0448,-9.196,-6.1041,0
PUMP-MONITOR,2026-01-08T23:10:00,474.82,3146.9,99.84,4.57,75.99,48.96,23.25,57.38,degraded,6,0,4,5,-1.2454,5.0478,0.6414,0
PUMP-MONITOR,2026-01-08T23:15:00,471.53,3027.81,91.51,5.09,82.42,52.15,24.59,80.78,degraded,6,0,2,5,0.5189,-8.3315,6.4305,0
PUMP-MONITOR,2026-01-08T23:20:00,477.72,3181.19,100.63,5.72,71.41,52.86,25.25,63.21,degraded,6,0,1,5,0.6319,9.1239,-11.0028,0
PUMP-MONITOR,2026-01-08T23:25:00,475.53,3128.45,115.86,5.76,79.71,53.44,25.41,72.16,degraded,6,0,3,5,0.0417,15.2294,8.2978,0
PUMP-MONITOR,2026-01-08T23:30:00,481.66,3142.63,115.2,4.35,79.7,53.67,25.85,76.16,degraded,6,0,4,5,-1.412,-0.659,-0.0102,0
PUMP-MONITOR,2026-01-08T23:35:00,477.71,3178.29,114.5,5.76,73.73,50.51,24.13,58.3,degraded,6,0,0,5,1.4079,-0.7047,-5.9669,0
PUMP-MONITOR,2026-01-08T23:40:00,469.75,3196.97,102.46,4.78,74.29,50.66,23.8,56.77,degraded,6,0,2,5,-0.9769,-12.0368,0.5597,0
PUMP-MONITOR,2026-01-08T23:45:00,473.59,3229.81,107.76,3.71,83.77,52.31,24.78,70.28,degraded,6,0,4,5,-1.0686,5.3035,9.4751,0
PUMP-MONITOR,2026-01-08T23:50:00,486.63,3129.58,95.25,4.28,77.29,53.55,26.06,69.2,degraded,6,0,2,5,0.5672,-12.5169,-6.4755,0
PUMP-MONITOR,2026-01-08T23:55:00,471.12,3035.69,92.02,5.49,80.05,52.94,24.94,78.15,degraded,6,1,5,5,1.2106,-3.2263,2.7592,0
PUMP-MONITOR,2026-01-09T00:00:00,487.53,3010.24,107.89,5.07,73.88,54.7,26.67,67.92,degraded,6,0,3,5,-0.4208,15.8726,-6.1724,0
PUMP-MONITOR,2026-01-09T00:05:00,468.99,2956.3,94.34,4.58,85.13,51.86,24.32,76.85,degraded,6,0,0,5,-0.4891,-13.5533,11.2522,0
PUMP-MONITOR,2026-01-09T00:10:00,469.24,3204.32,104.03,5.12,76.41,52.9,24.82,73.37,degraded,6,0,1,5,0.5373,9.6957,-8.7247,0
PUMP-MONITOR,2026-01-09T00:15:00,485.38,3087.62,113.31,4.23,72.85,51.4,24.95,62.96,degraded,6,0,4,5,-0.8837,9.2786,-3.5544,0
PUMP-MONITOR,2026-01-09T00:20:00,473.99,2958.44,99.59,3.8,73.0,52.66,24.96,63.81,degraded,6,0,0,5,-0.4312,-13.7263,0.1505,0
PUMP-MONITOR,2026-01-09T00:25:00,477.82,2993.19,91.49,4.05,85.11,55.56,26.55,79.04,degraded,6,0,2,5,0.2444,-8.0926,12.1098,0
PUMP-MONITOR,2026-01-09T00:30:00,468.85,3101.57,93.11,3.49,77.45,51.51,24.15,77.89,degraded,6,0,2,5,-0.5544,1.6192,-7.6581,0
PUMP-MONITOR,2026-01-09T00:35:00,482.0,3117.92,103.53,6.13,78.45,49.37,23.8,59.72,degraded,6,0,0,5,2.6354,10.4158,0.9985,0
PUMP-MONITOR,2026-01-09T00:40:00,484.85,3223.96,99.31,4.51,85.68,51.89,25.16,64.8,degraded,6,0,0,5,-1.6167,-4.2229,7.2279,0
PUMP-MONITOR,2026-01-09T00:45:00,478.74,3111.42,114.62,4.97,76.11,52.77,25.26,64.51,degraded,6,1,5,5,0.4585,15.3179,-9.5738,0
PUMP-MONITOR,2026-01-09T00:50:00,487.59,3101.03,112.56,5.5,71.56,53.76,26.21,63.46,degraded,6,1,2,5,0.525,-2.061,-4.55,0
PUMP-MONITOR,2026-01-09T00:55:00,478.65,3157.43,97.27,6.11,82.03,52.33,25.05,64.62,degraded,6,0,0,5,0.6116,-15.2924,10.4713,0
PUMP-MONITOR,2026-01-09T01:00:00,475.9,2974.44,103.76,4.06,84.73,52.62,25.04,76.2,degraded,6,0,3,5,-2.0522,6.4928,2.6966,0
PUMP-MONITOR,2026-01-09T01:05:00,478.35,3219.3,92.7,4.44,77.76,52.82,25.27,72.23,degraded,6,0,4,5,0.3892,-11.0655,-6.9616,0
PUMP-MONITOR,2026-01-09T01:10:00,473.02,3086.72,104.35,5.2,82.08,52.65,24.91,74.7,degraded,6,1,4,5,0.7539,11.6508,4.3209,0
PUMP-MONITOR,2026-01-09T01:15:00,486.7,3219.64,105.58,3.73,75.82,53.62,26.1,64.63,degraded,6,0,0,5,-1.4686,1.2279,-6.2658,0
PUMP-MONITOR,2026-01-09T01:20:00,471.68,3122.83,116.28,6.16,79.79,48.88,23.06,58.63,degraded,6,0,2,5,2.4283,10.7006,3.9754,0
PUMP-MONITOR,2026-01-09T01:25:00,478.81,2963.36,110.93,4.63,75.8,54.12,25.91,78.08,degraded,6,0,3,5,-1.5304,-5.3435,-3.9973,0
PUMP-MONITOR,2026-01-09T01:30:00,482.74,2939.55,94.16,5.01,80.1,52.08,25.14,71.04,degraded,6,0,2,5,0.383,-16.7729,4.305,0
PUMP-MONITOR,2026-01-09T01:35:00,487.36,3019.43,105.97,3.66,77.11,50.49,24.61,65.68,degraded,6,0,3,5,-1.3457,11.8134,-2.9876,0
PUMP-MONITOR,2026-01-09T01:40:00,488.28,3012.96,104.01,3.87,74.53,54.99,26.85,76.52,degraded,6,1,2,5,0.2057,-1.9646,-2.5877,0
PUMP-MONITOR,2026-01-09T01:45:00,478.07,3001.94,99.35,5.16,80.32,49.96,23.88,60.27,degraded,6,1,4,5,1.2925,-4.6559,5.7917,0
PUMP-MONITOR,2026-01-09T01:50:00,482.25,2979.92,104.84,4.55,84.87,50.01,24.12,57.7,degraded,6,0,3,5,-0.6168,5.487,4.5511,0
PUMP-MONITOR,2026-01-09T01:55:00,475.27,3170.65,96.97,4.82,82.86,50.77,24.13,72.2,degraded,6,0,4,5,0.2769,-7.8658,-2.0106,0
PUMP-MONITOR,2026-01-09T02:00:00,486.18,3004.53,109.38,5.1,73.7,53.81,26.16,70.44,degraded,6,0,0,5,0.273,12.409,-9.1571,0
PUMP-MONITOR,2026-01-09T02:05:00,480.42,3065.01,103.2,6.33,74.42,49.09,23.58,57.1,degraded,6,0,2,5,1.2375,-6.1803,0.7174,0
PUMP-MONITOR,2026-01-09T02:10:00,470.33,3098.6,101.41,5.23,81.6,53.13,24.99,76.96,degraded,6,0,2,5,-1.1053,-1.792,7.1848,0
PUMP-MONITOR,2026-01-09T02:15:00,486.8,3093.5,96.53,5.54,74.18,56.0,27.26,74.69,degraded,6,0,4,5,0.3125,-4.8855,-7.4197,0
PUMP-MONITOR,2026-01-09T02:20:00,469.06,3157.53,113.97,3.75,81.9,50.76,23.81,61.81,degraded,6,0,4,5,-1.7909,17.4428,7.7172,0
PUMP-MONITOR,2026-01-09T02:25:00,487.8,3143.26,114.24,6.05,76.97,51.54,25.14,60.44,degraded,6,0,0,5,2.3035,0.2729,-4.9323,0
PUMP-MONITOR,2026-01-09T02:30:00,488.14,3190.41,106.14,5.96,72.19,53.37,26.05,63.18,degraded,6,0,1,5,-0.0896,-8.0982,-4.7827,0
PUMP-MONITOR,2026-01-09T02:35:00,477.27,2984.47,105.04,5.94,83.72,52.54,25.08,67.78,degraded,6,1,5,5,-0.0283,-1.1026,11.5361,0
PUMP-MONITOR,2026-01-09T02:40:00,488.5,3054.98,94.01,4.74,73.7,51.66,25.24,66.64,degraded,6,0,3,5,-1.1978,-11.0313,-10.0213,0
PUMP-MONITOR,2026-01-09T02:45:00,486.68,3058.98,104.45,5.87,73.39,54.52,26.54,72.71,degraded,6,0,4,5,1.1275,10.4367,-0.3121,0
PUMP-MONITOR,2026-01-09T02:50:00,483.86,3063.09,95.76,3.55,72.33,51.55,24.94,67.23,degraded,6,0,1,5,-2.3124,-8.689,-1.0571,0
PUMP-MONITOR,2026-01-09T02:55:00,483.09,3210.12,93.1,4.82,81.33,50.86,24.57,65.27,degraded,6,1,5,5,1.2643,-2.6604,8.9965,0
PUMP-MONITOR,2026-01-09T03:00:00,472.19,3140.89,91.56,5.64,78.72,53.53,25.28,72.7,degraded,6,1,3,5,0.8212,-1.5382,-2.6093,0
PUMP-MONITOR,2026-01-09T03:05:00,480.2,2941.08,102.47,6.37,85.96,49.26,23.65,60.24,degraded,6,0,1,5,0.7353,10.9137,7.2386,0
PUMP-MONITOR,2026-01-09T03:10:00,475.74,3072.98,92.09,5.53,81.55,53.67,25.53,75.95,degraded,6,1,2,5,-0.8438,-10.3838,-4.4086,0
PUMP-MONITOR,2026-01-09T03:15:00,483.35,3155.3,94.81,4.01,84.5,50.83,24.57,57.06,degraded,6,0,4,5,-1.5187,2.7169,2.9462,0
PUMP-MONITOR,2026-01-09T03:20:00,469.2,2964.42,111.19,3.72,83.93,53.96,25.32,72.38,degraded,6,0,1,5,-0.2943,16.3807,-0.5685,0
PUMP-MONITOR,2026-01-09T03:25:00,469.07,3055.01,114.96,4.93,77.47,50.88,23.87,62.69,degraded,6,0,2,5,1.2176,3.7751,-6.4617,0
PUMP-MONITOR,2026-01-09T03:30:00,471.95,3040.19,104.33,6.36,86.05,51.99,24.54,80.07,degraded,6,0,0,5,1.4257,-10.6294,8.5858,0
PUMP-MONITOR,2026-01-09T03:35:00,470.09,3051.11,110.42,4.6,72.9,48.59,22.84,57.57,degraded,6,0,1,5,-1.762,6.0838,-13.1536,0
PUMP-MONITOR,2026-01-09T03:40:00,473.54,3017.32,115.96,4.78,80.7,51.27,24.28,62.88,degraded,6,0,3,5,0.1864,5.5461,7.8033,0
PUMP-MONITOR,2026-01-09T03:45:00,486.86,3172.52,91.51,4.21,71.6,53.45,26.02,65.39,degraded,6,1,1,5,-0.57,-24.4516,-9.0981,0
PUMP-MONITOR,2026-01-09T03:50:00,475.1,2973.21,111.2,4.71,71.88,51.38,24.41,75.83,degraded,6,1,3,5,0.4969,19.6889,0.2792,0
PUMP-MONITOR,2026-01-09T03:55:00,486.22,3083.26,101.53,5.49,86.27,55.3,26.89,76.56,degraded,6,0,1,5,0.7789,-9.6699,14.3867,0
PUMP-MONITOR,2026-01-09T04:00:00,486.43,2972.61,111.89,5.26,85.76,55.27,26.89,71.03,degraded,6,0,3,5,-0.2318,10.3623,-0.5063,0
PUMP-MONITOR,2026-01-09T04:05:00,473.4,3223.55,96.78,4.24,80.04,50.43,23.87,68.27,degraded,6,0,3,5,-1.0209,-15.1097,-5.7186,0
PUMP-MONITOR,2026-01-09T04:10:00,471.03,3000.05,111.68,5.64,81.32,53.38,25.14,67.5,degraded,6,0,3,5,1.4025,14.8989,1.2776,0
PUMP-MONITOR,2026-01-09T04:15:00,486.08,3151.28,114.74,5.42,79.55,52.43,25.49,75.89,degraded,6,0,4,5,-0.2233,3.0556,-1.7682,0
PUMP-MONITOR,2026-01-09T04:20:00,487.93,3013.08,93.51,4.48,85.07,53.49,26.1,65.37,degraded,6,0,3,5,-0.9325,-21.2219,5.5172,0
PUMP-MONITOR,2026-01-09T04:25:00,484.89,2972.52,114.73,5.45,84.49,54.66,26.51,78.92,degraded,6,0,0,5,0.9619,21.2162,-0.583,0
PUMP-MONITOR,2026-01-09T04:30:00,483.92,3212.46,92.91,4.81,76.46,56.11,27.15,80.75,degraded,6,0,3,5,-0.6335,-21.8248,-8.0246,0
PUMP-MONITOR,2026-01-09T04:35:00,483.6,2966.76,112.01,4.73,85.3,51.86,25.08,70.18,degraded,6,0,2,5,-0.0786,19.1012,8.8419,0
PUMP-MONITOR,2026-01-09T04:40:00,486.61,3112.42,91.6,5.0,80.73,54.63,26.58,67.76,degraded,6,1,3,5,0.2632,-20.4061,-4.5788,0
PUMP-MONITOR,2026-01-09T04:45:00,470.83,3091.43,114.55,5.17,84.31,49.73,23.41,65.69,degraded,6,0,2,5,0.1724,22.9526,3.5813,0
PUMP-MONITOR,2026-01-09T04:50:00,474.51,3188.28,115.68,3.84,71.34,48.67,23.09,60.19,degraded,6,0,0,5,-1.3303,1.1309,-12.9667,0
PUMP-MONITOR,2026-01-09T04:55:00,481.32,3105.15,94.81,6.25,84.45,51.67,24.87,71.11,degraded,6,1,5,5,2.4142,-20.8701,13.1054,0
PUMP-MONITOR,2026-01-09T05:00:00,486.11,3211.1,114.61,4.23,73.55,53.33,25.92,60.72,degraded,6,1,1,5,-2.0229,19.7938,-10.8937,0
PUMP-MONITOR,2026-01-09T05:05:00,471.73,2994.24,104.89,4.47,73.12,48.73,22.99,62.52,degraded,6,0,0,5,0.2345,-9.7133,-0.4282,0
PUMP-MONITOR,2026-01-09T05:10:00,478.34,3024.13,104.52,3.63,77.34,53.88,25.77,75.83,degraded,6,0,2,5,-0.8369,-0.3698,4.2166,0
PUMP-MONITOR,2026-01-09T05:15:00,477.74,3063.44,91.96,6.09,73.87,50.87,24.3,56.22,degraded,6,0,4,5,2.4607,-12.5692,-3.4704,0
PUMP-MONITOR,2026-01-09T05:20:00,480.3,3181.38,111.84,6.19,72.03,53.18,25.54,80.08,degraded,6,0,3,5,0.101,19.8881,-1.8405,0
PUMP-MONITOR,2026-01-09T05:25:00,483.11,3232.19,94.64,5.15,83.63,51.74,24.99,71.29,degraded,6,0,4,5,-1.0391,-17.2064,11.6015,0
PUMP-MONITOR,2026-01-09T05:30:00,479.19,3142.63,103.57,4.45,77.99,51.21,24.54,57.14,degraded,6,0,4,5,-0.704,8.9339,-5.6455,0
PUMP-MONITOR,2026-01-09T05:35:00,469.39,3211.9,114.07,4.53,75.72,47.84,22.46,59.39,degraded,6,0,4,5,0.0838,10.4952,-2.2697,0
PUMP-MONITOR,2026-01-09T05:40:00,487.96,3001.19,94.97,4.29,74.91,55.73,27.19,75.03,degraded,6,0,0,5,-0.2413,-19.0953,-0.8044,0
PUMP-MONITOR,2026-01-09T05:45:00,476.48,3215.15,115.61,6.02,75.89,50.84,24.22,67.11,degraded,6,0,0,5,1.7316,20.6413,0.9824,0
PUMP-MONITOR,2026-01-09T05:50:00,473.02,3197.96,97.16,4.64,85.04,52.69,24.92,66.25,degraded,6,1,5,5,-1.3787,-18.4495,9.15,0
PUMP-MONITOR,2026-01-09T05:55:00,470.02,3133.96,96.77,5.74,85.93,52.54,24.7,71.73,degraded,6,0,2,5,1.1001,-0.3976,0.8904,0
PUMP-MONITOR,2026-01-09T06:00:00,475.78,2977.61,94.97,6.47,76.64,51.53,24.52,66.17,degraded,6,0,4,5,0.7323,-1.7947,-9.2912,0
PUMP-MONITOR,2026-01-09T06:05:00,487.6,3126.78,110.53,5.67,75.06,53.72,26.19,71.64,degraded,6,0,4,5,-0.8027,15.5606,-1.5817,0
PUMP-MONITOR,2026-01-09T06:10:00,475.43,3148.54,91.94,6.45,73.9,51.11,24.3,59.27,degraded,6,0,3,5,0.7786,-18.5943,-1.1613,0
PUMP-MONITOR,2026-01-09T06:15:00,479.85,3100.41,101.8,4.58,73.69,54.84,26.31,74.28,degraded,6,0,1,5,-1.8713,9.8596,-0.21,0
PUMP-MONITOR,2026-01-09T06:20:00,478.33,3123.18,110.6,6.47,79.12,52.36,25.05,60.42,degraded,6,1,2,5,1.8892,8.8035,5.4349,0
PUMP-MONITOR,2026-01-09T06:25:00,480.42,3185.78,94.07,5.18,72.09,55.64,26.73,79.59,degraded,6,0,0,5,-1.2908,-16.532,-7.0328,0
PUMP-MONITOR,2026-01-09T06:30:00,472.61,3221.12,112.42,5.09,79.01,52.5,24.81,64.19,degraded,6,1,2,5,-0.0877,18.3545,6.9177,0
PUMP-MONITOR,2026-01-09T06:35:00,477.17,3019.01,92.72,3.74,83.46,52.53,25.07,65.68,degraded,6,0,2,5,-1.3537,-19.707,4.4527,0
PUMP-MONITOR,2026-01-09T06:40:00,476.03,3000.0,103.39,5.21,85.6,50.77,24.17,58.07,degraded,6,0,0,5,1.4761,10.6776,2.1394,0
PUMP-MONITOR,2026-01-09T06:45:00,475.86,3131.98,114.98,5.63,74.74,49.49,23.55,57.4,degraded,6,0,2,5,0.4148,11.5869,-10.8639,0
PUMP-MONITOR,2026-01-09T06:50:00,473.75,3116.42,96.7,4.3,73.59,52.47,24.86,63.12,degraded,6,0,1,5,-1.3291,-18.2831,-1.1431,0
PUMP-MONITOR,2026-01-09T06:55:00,480.64,3086.63,95.18,6.19,83.9,48.63,23.38,56.41,degraded,6,0,0,5,1.8931,-1.5154,10.3049,0
PUMP-MONITOR,2026-01-09T07:00:00,487.75,3222.39,102.18,3.68,77.96,50.54,24.65,56.48,degraded,6,0,1,5,-2.5077,7.003,-5.9407,0
PUMP-MONITOR,2026-01-09T07:05:00,468.88,3015.37,115.06,6.22,80.58,51.41,24.11,78.98,degraded,6,1,3,5,2.5351,12.8736,2.6193,0
PUMP-MONITOR,2026-01-09T07:10:00,485.47,2994.92,110.7,5.0,72.46,51.25,24.88,58.86,degraded,6,0,1,5,-1.2169,-4.3564,-8.1174,0
PUMP-MONITOR,2026-01-09T07:15:00,487.41,3008.58,95.76,5.13,79.05,52.93,25.8,64.89,degraded,6,0,4,5,0.1272,-14.9405,6.59,0
PUMP-MONITOR,2026-01-09T07:20:00,483.37,3106.07,99.49,4.9,84.99,53.87,26.04,73.74,degraded,6,1,3,5,-0.2335,3.7237,5.9377,0
PUMP-MONITOR,2026-01-09T07:25:00,485.14,2978.36,109.24,4.66,75.87,54.32,26.35,76.71,degraded,6,1,5,5,-0.232,9.7554,-9.1151,0
PUMP-MONITOR,2026-01-09T07:30:00,472.4,2968.05,108.96,6.07,73.48,49.64,23.45,61.69,degraded,6,0,1,5,1.4051,-0.285,-2.3939,0
PUMP-MONITOR,2026-01-09T07:35:00,482.71,3105.72,105.46,3.96,76.75,52.55,25.37,63.48,degraded,6,0,2,5,-2.1097,-3.4917,3.2693,0
PUMP-MONITOR,2026-01-09T07:40:00,474.02,3123.11,97.25,3.92,79.65,49.59,23.51,66.93,degraded,6,0,1,5,-0.035,-8.2122,2.9001,0
PUMP-MONITOR,2026-01-09T07:45:00,477.24,3185.08,93.71,3.63,85.27,52.5,25.05,75.22,degraded,6,0,3,5,-0.2914,-3.5403,5.6205,0
PUMP-MONITOR,2026-01-09T07:50:00,488.04,3113.96,112.3,6.42,79.79,52.43,25.59,72.95,degraded,6,0,1,5,2.7831,18.5838,-5.4835,0
PUMP-MONITOR,2026-01-09T07:55:00,473.29,3181.78,106.81,6.31,82.48,53.62,25.38,78.33,degraded,6,0,1,5,-0.1007,-5.4825,2.6959,0
PUMP-MONITOR,2026-01-09T08:00:00,475.06,3172.67,104.14,4.42,81.18,52.18,24.79,73.13,degraded,6,0,4,5,-1.89,-2.6743,-1.298,0
PUMP-MONITOR,2026-01-09T08:05:00,469.24,3007.84,94.17,4.49,80.41,49.52,23.24,64.22,degraded,6,0,1,5,0.0618,-9.9675,-0.7773,0
PUMP-MONITOR,2026-01-09T08:10:00,475.78,2972.56,98.91,5.02,81.27,52.4,24.93,80.27,degraded,6,0,0,5,0.5371,4.7409,0.8672,0
PUMP-MONITOR,2026-01-09T08:15:00,480.78,2989.27,114.38,4.74,72.52,52.55,25.27,70.53,degraded,6,0,2,5,-0.287,15.4718,-8.7493,0
PUMP-MONITOR,2026-01-09T08:20:00,475.92,2987.95,107.6,4.41,76.2,51.72,24.62,68.7,degraded,6,0,4,5,-0.3268,-6.7807,3.6762,0
PUMP-MONITOR,2026-01-09T08:25:00,482.38,3229.01,109.6,6.42,84.81,50.41,24.32,58.41,degraded,6,0,3,5,2.0086,1.9985,8.6128,0
PUMP-MONITOR,2026-01-09T08:30:00,474.61,3034.74,95.34,4.42,83.96,53.44,25.36,79.29,degraded,6,0,2,5,-2.0001,-14.2651,-0.8513,0
PUMP-MONITOR,2026-01-09T08:35:00,469.48,3092.83,99.51,3.78,84.26,52.71,24.74,74.62,degraded,6,1,1,5,-0.6356,4.1728,0.3017,0
PUMP-MONITOR,2026-01-09T08:40:00,476.67,2968.51,98.74,3.79,86.01,51.72,24.65,67.42,degraded,6,0,3,5,0.0037,-0.7707,1.7439,0
PUMP-MONITOR,2026-01-09T08:45:00,470.74,3159.64,93.56,5.79,75.98,51.82,24.39,59.19,degraded,6,0,0,5,2.0051,-5.1798,-10.0245,0
PUMP-MONITOR,2026-01-09T08:50:00,472.61,3179.44,115.86,6.26,71.49,50.6,23.91,61.09,degraded,6,0,4,5,0.467,22.2971,-4.497,0
PUMP-MONITOR,2026-01-09T08:55:00,469.95,3039.16,98.17,6.19,76.4,54.54,25.63,80.08,degraded,6,0,2,5,-0.0707,-17.6826,4.9135,0
PUMP-MONITOR,2026-01-09T09:00:00,487.71,3128.67,109.28,5.21,72.96,53.03,25.86,60.29,degraded,6,0,0,5,-0.9766,11.1114,-3.4355,0
PUMP-MONITOR,2026-01-09T09:05:00,480.8,2964.31,111.47,3.82,74.31,54.47,26.19,71.49,degraded,6,0,1,5,-1.3918,2.1812,1.345,0
PUMP-MONITOR,2026-01-09T09:10:00,483.92,3048.18,96.88,6.46,83.94,49.64,24.02,56.0,degraded,6,0,0,5,2.6447,-14.5853,9.6278,0
PUMP-MONITOR,2026-01-09T09:15:00,479.18,2981.47,99.17,6.1,80.63,54.11,25.93,68.67,degraded,6,0,1,5,-0.3627,2.2861,-3.3027,0
PUMP-MONITOR,2026-01-09T09:20:00,469.98,3020.67,101.5,5.57,77.53,50.07,23.53,66.04,degraded,6,0,1,5,-0.527,2.3351,-3.1056,0
PUMP-MONITOR,2026-01-09T09:25:00,470.89,3112.43,93.02,5.8,77.09,53.71,25.29,77.61,degraded,6,0,2,5,0.2273,-8.4774,-0.4437,0
PUMP-MONITOR,2026-01-09T09:30:00,471.17,3163.51,109.7,4.1,71.57,54.28,25.57,74.72,degraded,6,1,5,5,-1.7043,16.6748,-5.5135,0
PUMP-MONITOR,2026-01-09T09:35:00,486.1,3034.21,94.77,5.33,81.86,53.94,26.22,68.52,degraded,6,0,1,5,1.2359,-14.9331,10.287,0
PUMP-MONITOR,2026-01-09T09:40:00,470.95,3034.51,103.68,3.55,86.08,49.18,23.16,60.51,degraded,6,0,1,5,-1.7854,8.9107,4.2235,0
PUMP-MONITOR,2026-01-09T09:45:00,476.58,3143.63,99.33,4.98,86.13,49.25,23.47,60.33,degraded,6,0,1,5,1.4303,-4.3442,0.0445,0
PUMP-MONITOR,2026-01-09T09:50:00,483.23,2949.67,113.74,6.49,85.75,55.58,26.86,76.54,degraded,6,1,2,5,1.5088,14.4069,-0.3802,0
PUMP-MONITOR,2026-01-09T09:55:00,486.64,3148.77,107.37,5.13,77.61,51.28,24.96,58.49,degraded,6,0,3,5,-1.3576,-6.3698,-8.1361,0
PUMP-MONITOR,2026-01-09T10:00:00,476.09,3174.89,108.53,4.11,82.27,53.42,25.43,73.96,degraded,6,0,2,5,-1.0235,1.1639,4.6599,0
PUMP-MONITOR,2026-01-09T10:05:00,481.46,3058.51,113.39,4.86,84.63,49.96,24.05,61.71,degraded,6,0,2,5,0.7511,4.8595,2.3634,0
PUMP-MONITOR,2026-01-09T10:10:00,485.55,3015.02,111.89,5.59,78.48,51.84,25.17,63.55,degraded,6,1,1,5,0.7355,-1.5068,-6.1541,0
PUMP-MONITOR,2026-01-09T10:15:00,483.36,2991.92,115.93,4.37,72.83,51.34,24.81,70.08,degraded,6,0,0,5,-1.2277,4.0411,-5.6518,0
PUMP-MONITOR,2026-01-09T10:20:00,470.22,3092.41,95.04,6.27,83.35,53.98,25.38,71.89,degraded,6,0,1,5,1.905,-20.8872,10.5257,0
PUMP-MONITOR,2026-01-09T10:25:00,483.96,3124.61,109.97,4.77,76.87,54.03,26.15,76.83,degraded,6,0,4,5,-1.5049,14.9296,-6.4809,0
PUMP-MONITOR,2026-01-09T10:30:00,468.73,3042.48,106.38,6.12,75.59,49.87,23.38,68.79,degraded,6,0,3,5,1.3527,-3.5921,-1.2837,0
PUMP-MONITOR,2026-01-09T10:35:00,480.54,2998.64,114.24,4.36,80.28,55.85,26.84,80.32,degraded,6,1,4,5,-1.7609,7.8601,4.6946,0
PUMP-MONITOR,2026-01-09T10:40:00,484.12,3127.83,103.92,6.49,78.39,53.49,25.9,68.38,degraded,6,1,1,5,2.1356,-10.3165,-1.891,0
PUMP-MONITOR,2026-01-09T10:45:00,481.48,2978.16,113.4,5.21,72.69,52.33,25.2,77.8,degraded,6,0,2,5,-1.2852,9.4758,-5.7042,0
PUMP-MONITOR,2026-01-09T10:50:00,474.68,2941.9,95.7,3.58,74.38,50.86,24.14,66.4,degraded,6,0,1,5,-1.6301,-17.6989,1.6897,0
PUMP-MONITOR,2026-01-09T10:55:00,479.83,3040.38,96.55,6.46,84.52,52.92,25.39,68.5,degraded,6,0,0,5,2.8794,0.8521,10.1405,0
PUMP-MONITOR,2026-01-09T11:00:00,472.56,3065.32,92.77,6.25,83.63,49.79,23.53,63.22,degraded,6,0,1,5,-0.2049,-3.779,-0.8865,0
PUMP-MONITOR,2026-01-09T11:05:00,471.04,2987.04,97.93,5.59,82.43,48.52,22.85,60.39,degraded,6,0,2,5,-0.6623,5.1573,-1.2018,0
PUMP-MONITOR,2026-01-09T11:10:00,475.02,3169.77,105.96,4.02,77.76,51.49,24.46,64.76,degraded,6,0,0,5,-1.5688,8.0285,-4.6741,0
PUMP-MONITOR,2026-01-09T11:15:00,478.26,2980.99,103.11,4.79,80.28,54.54,26.08,71.78,degraded,6,0,0,5,0.7739,-2.8419,2.5287,0
PUMP-MONITOR,2026-01-09T11:20:00,475.67,2947.89,98.07,4.18,83.93,53.02,25.22,71.92,degraded,6,1,2,5,-0.6153,-5.0482,3.6443,0
PUMP-MONITOR,2026-01-09T11:25:00,487.43,3172.55,112.46,4.59,86.06,50.84,24.78,67.84,degraded,6,1,3,5,0.4147,14.3924,2.134,0
PUMP-MONITOR,2026-01-09T11:30:00,469.87,3198.06,97.36,6.36,74.63,54.81,25.75,80.81,degraded,6,1,5,5,1.7627,-15.103,-11.4332,0
PUMP-MONITOR,2026-01-09T11:35:00,472.63,2997.33,93.61,4.77,79.07,50.85,24.03,61.86,degraded,6,0,2,5,-1.5914,-3.7499,4.4419,0
PUMP-MONITOR,2026-01-09T11:40:00,482.46,3119.9,113.0,4.64,82.17,52.34,25.25,65.58,degraded,6,0,0,5,-0.1228,19.3932,3.1019,0
PUMP-MONITOR,2026-01-09T11:45:00,480.28,3084.45,91.38,4.94,80.79,53.61,25.75,75.05,degraded,6,0,0,5,0.3018,-21.6152,-1.3839,0
PUMP-MONITOR,2026-01-09T11:50:00,474.07,3207.95,106.71,5.59,75.53,52.91,25.09,76.88,degraded,6,0,3,5,0.6448,15.3286,-5.2544,0
PUMP-MONITOR,2026-01-09T11:55:00,483.74,3080.3,98.63,5.84,71.64,54.97,26.59,71.79,degraded,6,0,3,5,0.2468,-8.0852,-3.8902,0
PUMP-MONITOR,2026-01-09T12:00:00,479.6,3022.71,103.62,6.32,86.09,53.72,25.76,70.17,degraded,6,1,2,5,0.4796,4.9943,14.4438,0
PUMP-MONITOR,2026-01-09T12:05:00,479.83,3142.71,100.44,4.85,79.49,54.55,26.17,79.16,degraded,6,0,4,5,-1.4674,-3.178,-6.6022,0
PUMP-MONITOR,2026-01-09T12:10:00,472.37,2969.59,103.57,5.74,80.09,50.25,23.73,63.2,degraded,6,0,2,5,0.8912,3.1241,0.5997,0
PUMP-MONITOR,2026-01-09T12:15:00,487.64,3076.57,111.92,5.52,74.35,51.54,25.13,68.61,degraded,6,0,1,5,-0.2168,8.3527,-5.732,0
PUMP-MONITOR,2026-01-09T12:20:00,481.96,3153.78,115.23,5.28,76.7,53.2,25.64,77.32,degraded,6,1,3,5,-0.2386,3.3139,2.3473,0
PUMP-MONITOR,2026-01-09T12:25:00,483.55,3033.38,92.07,3.92,73.01,54.49,26.35,73.87,degraded,6,0,3,5,-1.3663,-23.1679,-3.6944,0
PUMP-MONITOR,2026-01-09T12:30:00,483.58,3039.09,105.33,5.3,80.17,54.99,26.59,78.84,degraded,6,1,3,5,1.3788,13.2662,7.1595,0
PUMP-MONITOR,2026-01-09T12:35:00,469.53,3107.95,112.07,4.82,78.69,53.15,24.96,76.62,degraded,6,0,1,5,-0.4811,6.7416,-1.4798,0
PUMP-MONITOR,2026-01-09T12:40:00,471.07,2941.34,108.14,5.14,79.0,49.03,23.1,62.52,degraded,6,1,1,5,0.32,-3.9309,0.3126,0
PUMP-MONITOR,2026-01-09T12:45:00,475.05,2986.39,106.09,5.79,77.5,51.93,24.67,59.4,degraded,6,1,4,5,0.6596,-2.0557,-1.5014,0
PUMP-MONITOR,2026-01-09T12:50:00,471.45,3053.86,114.83,4.96,72.71,52.54,24.77,62.77,degraded,6,0,3,5,-0.8348,8.7398,-4.7902,0
PUMP-MONITOR,2026-01-09T12:55:00,479.47,2975.33,109.56,5.99,83.35,51.42,24.66,59.72,degraded,6,0,4,5,1.0253,-5.2639,10.64,0
PUMP-MONITOR,2026-01-09T13:00:00,474.5,3141.9,98.33,5.9,72.21,52.19,24.76,78.68,degraded,6,0,4,5,-0.0886,-11.2327,-11.1365,0
PUMP-MONITOR,2026-01-09T13:05:00,485.67,3049.97,95.92,6.26,86.34,54.42,26.43,75.78,degraded,6,0,3,5,0.3651,-2.4119,14.1252,0
PUMP-MONITOR,2026-01-09T13:10:00,477.62,2951.33,107.74,4.62,86.28,51.21,24.46,56.83,degraded,6,0,2,5,-1.6414,11.8249,-0.0578,0
PUMP-MONITOR,2026-01-09T13:15:00,483.73,3207.53,103.65,4.19,80.24,54.04,26.14,79.69,degraded,6,0,3,5,-0.4335,-4.0951,-6.0419,0
PUMP-MONITOR,2026-01-09T13:20:00,476.4,3078.62,113.59,5.08,77.28,51.41,24.49,70.74,degraded,6,0,4,5,0.8962,9.9363,-2.9565,0
PUMP-MONITOR,2026-01-09T13:25:00,471.1,3114.46,96.06,5.28,79.32,52.69,24.82,65.27,degraded,6,0,3,5,0.1926,-17.5261,2.0428,0
PUMP-MONITOR,2026-01-09T13:30:00,473.77,3038.58,98.87,5.9,84.5,51.22,24.27,71.5,degraded,6,0,0,5,0.6276,2.8119,5.1812,0
PUMP-MONITOR,2026-01-09T13:35:00,480.87,2960.9,105.22,6.49,80.08,52.81,25.39,63.46,degraded,6,0,0,5,0.5888,6.3494,-4.4284,0
PUMP-MONITOR,2026-01-09T13:40:00,486.53,3012.14,92.8,4.53,80.41,50.73,24.68,60.01,degraded,6,0,0,5,-1.967,-12.42,0.3307,0
PUMP-MONITOR,2026-01-09T13:45:00,480.71,3159.21,107.13,3.57,76.96,48.49,23.31,56.75,degraded,6,0,4,5,-0.9512,14.3262,-3.4429,0
PUMP-MONITOR,2026-01-09T13:50:00,473.34,2996.45,104.4,6.38,85.52,49.79,23.57,56.1,degraded,6,0,1,5,2.8012,-2.7259,8.5526,0
PUMP-MONITOR,2026-01-09T13:55:00,479.21,3231.85,103.46,5.58,80.95,51.1,24.49,71.39,degraded,6,0,1,5,-0.7946,-0.9413,-4.5662,0
PUMP-MONITOR,2026-01-09T14:00:00,487.44,3225.65,115.62,5.19,79.45,53.7,26.18,64.76,degraded,6,0,4,5,-0.3857,12.1557,-1.4951,0
PUMP-MONITOR,2026-01-09T14:05:00,472.0,3084.27,115.76,3.59,74.08,53.5,25.25,76.98,degraded,6,0,0,5,-1.6009,0.1414,-5.3774,0
PUMP-MONITOR,2026-01-09T14:10:00,474.0,2954.71,98.68,5.87,81.81,48.66,23.07,57.45,degraded,6,0,1,5,2.2799,-17.0766,7.7329,0
PUMP-MONITOR,2026-01-09T14:15:00,472.18,3117.72,106.62,5.56,82.23,49.44,23.35,56.88,degraded,6,0,0,5,-0.3175,7.9444,0.4163,0
PUMP-MONITOR,2026-01-09T14:20:00,470.93,3161.6,91.73,5.2,77.53,54.48,25.66,76.33,degraded,6,0,4,5,-0.3604,-14.891,-4.6975,0
PUMP-MONITOR,2026-01-09T14:25:00,488.09,3131.11,116.14,6.47,82.12,49.87,24.34,59.75,degraded,6,0,1,5,1.2694,24.4084,4.595,0
PUMP-MONITOR,2026-01-09T14:30:00,479.65,3023.6,92.2,5.87,72.74,52.83,25.34,76.26,degraded,6,0,1,5,-0.5931,-23.9467,-9.383,0
PUMP-MONITOR,2026-01-09T14:35:00,472.55,3036.77,115.14,6.04,72.21,53.23,25.15,77.86,degraded,6,0,4,5,0.168,22.9426,-0.5303,0
PUMP-MONITOR,2026-01-09T14:40:00,477.18,2975.04,103.68,6.48,79.68,52.1,24.86,70.49,degraded,6,1,4,5,0.4407,-11.4573,7.4691,0
PUMP-MONITOR,2026-01-09T14:45:00,478.5,2987.71,92.72,5.54,82.39,51.45,24.62,59.51,degraded,6,0,1,5,-0.9407,-10.9574,2.7118,0
PUMP-MONITOR,2026-01-09T14:50:00,478.01,3046.18,107.54,5.38,77.64,51.86,24.79,60.0,degraded,6,0,4,5,-0.1647,14.8143,-4.7511,0
PUMP-MONITOR,2026-01-09T14:55:00,471.5,3181.24,91.86,3.88,80.65,51.17,24.13,65.21,degraded,6,0,1,5,-1.4981,-15.6727,3.0077,0
PUMP-MONITOR,2026-01-09T15:00:00,473.1,2950.11,115.3,4.85,77.29,50.94,24.1,56.71,degraded,6,0,1,5,0.9763,23.4397,-3.3558,0
PUMP-MONITOR,2026-01-09T15:05:00,479.72,3231.11,108.35,5.86,72.6,54.49,26.14,80.27,degraded,6,0,3,5,1.0014,-6.9499,-4.6941,0
PUMP-MONITOR,2026-01-09T15:10:00,472.48,2957.13,103.1,4.82,83.9,51.87,24.51,77.22,degraded,6,1,1,5,-1.0392,-5.2587,11.3039,0
PUMP-MONITOR,2026-01-09T15:15:00,482.85,3121.77,114.53,6.03,80.05,50.31,24.29,64.74,degraded,6,1,4,5,1.2124,11.4312,-3.8492,0
PUMP-MONITOR,2026-01-09T15:20:00,473.08,3186.2,93.34,4.12,75.73,48.08,22.75,58.73,degraded,6,0,3,5,-1.905,-21.1887,-4.3257,0
PUMP-MONITOR,2026-01-09T15:25:00,483.91,3220.19,111.46,4.51,77.97,56.21,27.2,77.91,degraded,6,0,4,5,0.3909,18.1196,2.2421,0
PUMP-MONITOR,2026-01-09T15:30:00,474.97,3148.27,110.88,6.24,73.08,50.35,23.92,59.93,degraded,6,0,4,5,1.7211,-0.5805,-4.8892,0
PUMP-MONITOR,2026-01-09T15:35:00,481.75,3021.91,98.85,6.13,73.54,52.37,25.23,78.85,degraded,6,0,3,5,-0.1011,-12.0293,0.455,0
PUMP-MONITOR,2026-01-09T15:40:00,487.7,2985.46,113.12,4.68,74.95,51.93,25.33,57.93,degraded,6,0,2,5,-1.4561,14.2686,1.4169,0
PUMP-MONITOR,2026-01-09T15:45:00,484.59,2977.74,104.73,5.51,85.56,55.85,27.07,76.12,degraded,6,0,1,5,0.8334,-8.3872,10.6061,0
PUMP-MONITOR,2026-01-09T15:50:00,475.34,3052.21,115.04,6.34,83.39,50.04,23.79,57.16,degraded,6,0,2,5,0.8302,10.3083,-2.1698,0
PUMP-MONITOR,2026-01-09T15:55:00,485.67,3218.85,111.01,5.91,78.95,53.55,26.01,71.56,degraded,6,1,1,5,-0.4287,-4.0269,-4.4378,0
PUMP-MONITOR,2026-01-09T16:00:00,473.39,3214.37,109.81,4.04,79.6,50.98,24.13,71.25,degraded,6,1,2,5,-1.8727,-1.2017,0.647,0
PUMP-MONITOR,2026-01-09T16:05:00,470.81,3055.67,99.75,5.95,79.63,50.69,23.87,57.34,degraded,6,0,0,5,1.9059,-10.055,0.0291,0
PUMP-MONITOR,2026-01-09T16:10:00,484.7,3063.18,113.22,5.41,84.33,52.05,25.23,74.48,degraded,6,0,1,5,-0.5339,13.4708,4.7045,0
PUMP-MONITOR,2026-01-09T16:15:00,475.71,3229.77,110.98,5.88,78.77,50.48,24.01,59.69,degraded,6,0,2,5,0.4709,-2.2435,-5.5651,0
PUMP-MONITOR,2026-01-09T16:20:00,478.73,3205.04,113.55,5.81,77.53,52.16,24.97,78.91,degraded,6,0,0,5,-0.0726,2.5728,-1.2338,0
PUMP-MONITOR,2026-01-09T16:25:00,479.85,3000.07,107.92,5.72,82.0,50.94,24.44,69.92,degraded,6,0,0,5,-0.0865,-5.6328,4.4627,0
PUMP-MONITOR,2026-01-09T16:30:00,474.69,2958.6,110.16,3.59,80.47,48.7,23.12,59.19,degraded,6,0,0,5,-2.1305,2.2365,-1.5266,0
PUMP-MONITOR,2026-01-09T16:35:00,475.46,3095.94,105.55,4.74,73.06,54.03,25.69,72.7,degraded,6,0,3,5,1.145,-4.6048,-7.4104,0
PUMP-MONITOR,2026-01-09T16:40:00,481.98,3178.43,94.13,5.97,79.99,50.6,24.39,62.52,degraded,6,0,3,5,1.2269,-11.4229,6.9286,0
PUMP-MONITOR,2026-01-09T16:45:00,487.23,2965.36,106.48,6.09,82.91,53.45,26.04,72.41,degraded,6,0,2,5,0.1288,12.3517,2.9281,0
PUMP-MONITOR,2026-01-09T16:50:00,471.96,3029.87,110.23,5.33,73.29,52.48,24.77,76.08,degraded,6,0,1,5,-0.7623,3.7511,-9.6278,0
PUMP-MONITOR,2026-01-09T16:55:00,474.2,2964.86,104.39,5.45,72.72,52.1,24.71,63.51,degraded,6,0,4,5,0.1224,-5.841,-0.5715,0
PUMP-MONITOR,2026-01-09T17:00:00,487.24,3136.83,98.64,4.72,80.36,52.26,25.46,59.87,degraded,6,0,2,5,-0.732,-5.7523,7.6405,0
PUMP-MONITOR,2026-01-09T17:05:00,484.49,3149.97,106.22,4.89,77.88,52.76,25.56,63.4,degraded,6,0,0,5,0.1673,7.5756,-2.4782,0
PUMP-MONITOR,2026-01-09T17:10:00,469.55,3010.04,111.04,5.35,81.18,53.81,25.26,79.42,degraded,6,0,4,5,0.4635,4.8289,3.3065,0
PUMP-MONITOR,2026-01-09T17:15:00,486.12,3097.69,100.87,5.25,73.46,53.37,25.94,68.68,degraded,6,0,0,5,-0.1077,-10.1703,-7.7261,0
PUMP-MONITOR,2026-01-09T17:20:00,479.98,3027.0,112.96,5.92,73.13,55.48,26.63,78.73,degraded,6,0,0,5,0.6768,12.0865,-0.3242,0
PUMP-MONITOR,2026-01-09T17:25:00,470.71,3134.1,92.68,3.86,72.45,51.7,24.33,59.35,degraded,6,0,3,5,-2.064,-20.2779,-0.6864,0
PUMP-MONITOR,2026-01-09T17:30:00,478.89,3112.8,102.06,5.12,78.65,53.42,25.58,80.04,degraded,6,0,1,5,1.2613,9.3776,6.1994,0
PUMP-MONITOR,2026-01-09T17:35:00,486.64,3234.04,111.72,4.08,84.84,49.04,23.86,57.93,degraded,6,0,3,5,-1.0429,9.6553,6.1945,0
PUMP-MONITOR,2026-01-09T17:40:00,469.24,3030.24,105.69,4.33,74.97,53.52,25.11,75.61,degraded,6,0,3,5,0.2547,-6.0275,-9.8686,0
PUMP-MONITOR,2026-01-09T17:45:00,483.65,3013.34,94.85,3.73,72.55,50.27,24.31,66.14,degraded,6,1,3,5,-0.6046,-10.8365,-2.4222,0
PUMP-MONITOR,2026-01-09T17:50:00,472.76,3194.45,97.14,4.76,84.74,53.74,25.41,71.55,degraded,6,1,4,5,1.0314,2.292,12.1856,0
PUMP-MONITOR,2026-01-09T17:55:00,470.64,3012.45,108.32,4.45,85.36,51.49,24.23,62.42,degraded,6,0,4,5,-0.3126,11.1799,0.6227,0
PUMP-MONITOR,2026-01-09T18:00:00,480.13,3109.12,94.93,4.46,86.36,55.26,26.53,79.63,degraded,6,0,3,5,0.0095,-13.3897,1.0044,0
PUMP-MONITOR,2026-01-09T18:05:00,480.02,3144.23,114.29,4.55,78.82,52.25,25.08,71.93,degraded,6,1,3,5,0.0901,19.3591,-7.5456,0
PUMP-MONITOR,2026-01-09T18:10:00,470.78,3008.27,104.2,5.68,85.0,50.72,23.88,66.97,degraded,6,0,4,5,1.1322,-10.0967,6.1794,0
PUMP-MONITOR,2026-01-09T18:15:00,485.4,3222.75,95.38,4.53,80.57,52.26,25.37,56.5,degraded,6,0,3,5,-1.1431,-8.8166,-4.4271,0
PUMP-MONITOR,2026-01-09T18:20:00,487.88,3080.41,109.11,4.39,78.97,56.65,27.64,79.05,degraded,6,1,4,5,-0.1487,13.7259,-1.6016,0
PUMP-MONITOR,2026-01-09T18:25:00,480.87,3161.73,109.14,3.7,81.56,49.32,23.71,61.74,degraded,6,0,3,5,-0.6904,0.0377,2.5935,0
PUMP-MONITOR,2026-01-09T18:30:00,475.74,3127.68,112.13,5.06,83.05,53.63,25.51,73.45,degraded,6,0,0,5,1.368,2.9856,1.4911,0
PUMP-MONITOR,2026-01-09T18:35:00,480.8,3146.71,98.5,4.5,78.36,51.38,24.7,69.36,degraded,6,1,5,5,-0.5632,-13.6297,-4.6978,0
PUMP-MONITOR,2026-01-09T18:40:00,469.13,2970.56,101.12,3.83,82.06,54.12,25.39,74.99,degraded,6,0,0,5,-0.6739,2.6258,3.7093,0
PUMP-MONITOR,2026-01-09T18:45:00,469.72,3085.22,103.13,4.72,80.25,49.39,23.2,67.91,degraded,6,0,0,5,0.8932,2.0096,-1.8162,0
PUMP-MONITOR,2026-01-09T18:50:00,485.53,3077.88,94.04,4.98,85.72,51.39,24.95,59.84,degraded,6,0,3,5,0.2561,-9.0923,5.4717,0
PUMP-MONITOR,2026-01-09T18:55:00,479.27,3195.65,92.93,4.56,73.35,50.92,24.4,70.72,degraded,6,0,3,5,-0.4109,-1.1144,-12.3712,0
PUMP-MONITOR,2026-01-09T19:00:00,484.54,2957.55,103.93,6.48,76.99,53.08,25.72,72.45,degraded,6,0,3,5,1.9194,11.0019,3.642,0
PUMP-MONITOR,2026-01-09T19:05:00,480.79,3218.2,99.45,5.75,85.25,49.0,23.56,58.96,degraded,6,0,4,5,-0.7292,-4.478,8.2637,0
PUMP-MONITOR,2026-01-09T19:10:00,486.5,2961.41,100.36,4.4,85.87,54.27,26.4,80.37,degraded,6,0,4,5,-1.357,0.913,0.613,0
PUMP-MONITOR,2026-01-09T19:15:00,483.95,3058.96,115.02,5.9,79.97,54.08,26.17,78.36,degraded,6,0,0,5,1.4993,14.6607,-5.8951,0
PUMP-MONITOR,2026-01-09T19:20:00,469.6,3075.72,95.79,5.95,73.21,50.94,23.92,76.43,degraded,6,1,5,5,0.0528,-19.2362,-6.7649,0
PUMP-MONITOR,2026-01-09T19:25:00,485.89,3128.29,98.19,3.66,85.13,56.17,27.29,80.0,degraded,6,1,3,5,-2.2922,2.4041,11.919,0
PUMP-MONITOR,2026-01-09T19:30:00,470.48,3007.05,113.31,3.75,76.77,54.1,25.45,74.7,degraded,6,1,1,5,0.0933,15.1196,-8.3593,0
PUMP-MONITOR,2026-01-09T19:35:00,487.2,3133.06,104.12,5.37,71.73,50.48,24.59,60.41,degraded,6,1,5,5,1.6196,-9.1963,-5.0421,0
PUMP-MONITOR,2026-01-09T19:40:00,474.37,3004.89,95.23,3.89,74.37,50.95,24.17,56.99,degraded,6,0,4,5,-1.4792,-8.8906,2.6494,0
PUMP-MONITOR,2026-01-09T19:45:00,483.95,3010.5,100.11,3.69,77.03,52.18,25.25,57.94,degraded,6,0,2,5,-0.2034,4.8856,2.6524,0
PUMP-MONITOR,2026-01-09T19:50:00,478.3,3123.53,105.23,3.93,73.09,52.27,25.0,65.64,degraded,6,0,3,5,0.2383,5.1142,-3.9341,0
PUMP-MONITOR,2026-01-09T19:55:00,473.22,3046.57,93.55,5.5,75.74,50.24,23.77,70.07,degraded,6,1,4,5,1.5786,-11.6706,2.6461,0
PUMP-MONITOR,2026-01-09T20:00:00,476.78,3081.1,95.1,4.16,82.39,52.89,25.22,66.01,degraded,6,0,2,5,-1.3427,1.5459,6.6496,0
PUMP-MONITOR,2026-01-09T20:05:00,474.5,3072.36,94.11,4.52,78.76,50.12,23.78,68.97,degraded,6,0,1,5,0.358,-0.9949,-3.6236,0
PUMP-MONITOR,2026-01-09T20:10:00,477.02,3110.96,107.33,4.75,77.94,55.88,26.65,79.14,degraded,6,0,4,5,0.2298,13.225,-0.8269,0
PUMP-MONITOR,2026-01-09T20:15:00,478.97,2982.14,109.35,5.78,80.65,52.78,25.28,71.49,degraded,6,0,1,5,1.0324,2.0242,2.7115,0
PUMP-MONITOR,2026-01-09T20:20:00,472.17,3035.38,109.48,4.66,79.84,52.7,24.88,78.23,degraded,6,1,1,5,-1.1212,0.1274,-0.8099,0
PUMP-MONITOR,2026-01-09T20:25:00,482.5,3230.27,101.03,3.81,81.24,49.84,24.05,61.31,degraded,6,0,1,5,-0.8511,-8.4563,1.3991,0
PUMP-MONITOR,2026-01-09T20:30:00,480.87,2994.77,110.51,5.07,74.87,52.87,25.42,62.75,degraded,6,0,0,5,1.2583,9.4843,-6.3688,0
PUMP-MONITOR,2026-01-09T20:35:00,475.2,3230.61,109.49,4.44,79.6,52.24,24.82,78.09,degraded,6,0,4,5,-0.6248,-1.0234,4.7327,0
PUMP-MONITOR,2026-01-09T20:40:00,470.1,2993.56,104.07,4.66,76.75,50.18,23.59,65.92,degraded,6,1,5,5,0.2148,-5.4154,-2.8545,0
PUMP-MONITOR,2026-01-09T20:45:00,485.93,3075.42,93.36,5.13,73.49,53.84,26.16,71.17,degraded,6,0,3,5,0.4708,-10.7096,-3.2537,0
PUMP-MONITOR,2026-01-09T20:50:00,486.37,3061.56,114.61,4.3,81.98,55.85,27.16,74.32,degraded,6,0,4,5,-0.8302,21.245,8.4906,0
PUMP-MONITOR,2026-01-09T20:55:00,477.39,2943.95,93.44,4.18,76.14,48.54,23.17,59.58,degraded,6,0,3,5,-0.1177,-21.164,-5.8476,0
PUMP-MONITOR,2026-01-09T21:00:00,480.63,3007.71,99.17,4.87,84.22,54.13,26.02,76.14,degraded,6,0,2,5,0.693,5.7297,8.0832,0
PUMP-MONITOR,2026-01-09T21:05:00,472.1,2966.12,95.73,5.07,85.77,50.62,23.9,69.14,degraded,6,0,0,5,0.1989,-3.4464,1.5471,0
PUMP-MONITOR,2026-01-09T21:10:00,473.79,2946.9,107.39,5.94,75.19,52.82,25.03,65.79,degraded,6,0,1,5,0.8684,11.6687,-10.5781,0
PUMP-MONITOR,2026-01-09T21:15:00,475.09,3177.16,94.1,4.25,72.09,53.43,25.39,73.64,degraded,6,2,4,5,-1.6895,-13.2942,-3.0984,0
PUMP-MONITOR,2026-01-09T21:20:00,473.0,2945.89,92.35,4.51,72.11,50.67,23.97,67.11,degraded,6,0,0,5,0.2578,-1.7524,0.0204,0
PUMP-MONITOR,2026-01-09T21:25:00,477.88,3221.87,100.06,4.5,81.07,51.29,24.51,68.59,degraded,6,0,0,5,-0.0072,7.7088,8.9575,0
PUMP-MONITOR,2026-01-09T21:30:00,478.03,3088.45,103.26,3.79,78.22,53.05,25.36,71.14,degraded,6,0,0,5,-0.7082,3.204,-2.8523,0
PUMP-MONITOR,2026-01-09T21:35:00,480.66,3097.83,103.6,6.07,83.63,49.39,23.74,61.74,degraded,6,0,4,5,2.2732,0.3408,5.4083,0
PUMP-MONITOR,2026-01-09T21:40:00,487.01,3175.36,110.71,3.75,76.77,49.79,24.25,59.17,degraded,6,0,1,5,-2.3209,7.1106,-6.8518,0
PUMP-MONITOR,2026-01-09T21:45:00,486.97,3069.01,102.29,5.52,78.29,51.78,25.21,72.56,degraded,6,0,4,5,1.7682,-8.4203,1.5182,0
PUMP-MONITOR,2026-01-09T21:50:00,475.45,3153.64,112.76,5.61,78.23,51.69,24.58,72.16,degraded,6,0,1,5,0.0967,10.4723,-0.0619,0
PUMP-MONITOR,2026-01-09T21:55:00,473.0,3144.7,93.73,5.07,77.93,49.79,23.55,62.05,degraded,6,0,3,5,-0.5406,-19.0311,-0.3018,0
PUMP-MONITOR,2026-01-09T22:00:00,484.28,2942.24,113.48,3.61,76.56,50.63,24.52,63.58,degraded,6,0,0,5,-1.4596,19.7423,-1.366,0
PUMP-MONITOR,2026-01-09T22:05:00,478.78,3119.09,115.13,5.95,72.48,50.92,24.38,68.39,degraded,6,1,4,5,2.3378,1.6506,-4.0859,0
PUMP-MONITOR,2026-01-09T22:10:00,482.62,3207.63,101.76,4.0,79.49,52.15,25.17,60.31,degraded,6,0,4,5,-1.9521,-13.3616,7.0145,0
PUMP-MONITOR,2026-01-09T22:15:00,476.38,3194.84,93.77,4.13,79.83,51.16,24.37,68.87,degraded,6,0,0,5,0.1301,-7.9898,0.3419,0
PUMP-MONITOR,2026-01-09T22:20:00,479.03,3024.67,115.9,5.68,73.79,52.54,25.17,75.25,degraded,6,0,3,5,1.5483,22.1254,-6.0443,0
PUMP-MONITOR,2026-01-09T22:25:00,481.26,3111.58,96.11,4.12,72.75,51.93,24.99,61.96,degraded,6,0,0,5,-1.5587,-19.7909,-1.0365,0
PUMP-MONITOR,2026-01-09T22:30:00,470.71,3088.95,104.19,6.14,85.85,54.58,25.69,79.44,degraded,6,0,4,5,2.0217,8.0825,13.0966,0
PUMP-MONITOR,2026-01-09T22:35:00,469.28,3018.55,104.66,4.57,86.1,49.92,23.43,67.36,degraded,6,1,1,5,-1.5678,0.4705,0.2515,0
PUMP-MONITOR,2026-01-09T22:40:00,481.73,3036.34,115.79,6.38,76.2,52.42,25.25,65.05,degraded,6,0,1,5,1.8111,11.1238,-9.8962,0
PUMP-MONITOR,2026-01-09T22:45:00,477.33,2957.97,102.81,3.95,78.03,53.03,25.32,72.38,degraded,6,0,3,5,-2.4271,-12.979,1.8301,0
PUMP-MONITOR,2026-01-09T22:50:00,481.16,3224.83,109.83,6.48,74.97,49.58,23.85,63.17,degraded,6,0,0,5,2.5212,7.0258,-3.0639,0
PUMP-MONITOR,2026-01-09T22:55:00,475.55,3202.01,108.76,3.83,73.5,50.85,24.18,56.17,degraded,6,0,1,5,-2.6491,-1.0747,-1.4735,0
PUMP-MONITOR,2026-01-09T23:00:00,476.48,3092.56,95.66,5.85,78.32,48.58,23.15,57.11,degraded,6,0,2,5,2.0259,-13.0972,4.8271,0
PUMP-MONITOR,2026-01-09T23:05:00,481.67,3226.56,107.67,5.93,77.08,51.27,24.69,67.25,degraded,6,0,1,5,0.0777,12.0094,-1.2478,0
PUMP-MONITOR,2026-01-09T23:10:00,487.79,3233.75,96.19,5.82,86.34,52.97,25.84,69.67,degraded,6,0,1,5,-0.1152,-11.4828,9.264,0
PUMP-MONITOR,2026-01-09T23:15:00,468.71,3137.96,96.7,3.92,71.9,49.64,23.27,63.48,degraded,6,1,3,5,-1.8962,0.5101,-14.4347,0
PUMP-MONITOR,2026-01-09T23:20:00,472.89,3022.83,101.28,6.33,83.75,52.62,24.88,68.4,degraded,6,0,4,5,2.4138,4.58,11.8487,0
PUMP-MONITOR,2026-01-09T23:25:00,469.98,2982.26,95.85,5.86,74.41,50.0,23.5,67.6,degraded,6,1,5,5,-0.4703,-5.4253,-9.3446,0
PUMP-MONITOR,2026-01-09T23:30:00,484.41,3015.24,97.44,6.01,86.37,53.11,25.73,78.65,degraded,6,0,2,5,0.1519,1.5871,11.9608,0
PUMP-MONITOR,2026-01-09T23:35:00,479.98,3028.43,105.38,5.22,82.66,53.78,25.81,79.93,degraded,6,0,4,5,-0.7945,7.9447,-3.7139,0
PUMP-MONITOR,2026-01-09T23:40:00,478.4,3168.27,113.87,5.79,82.92,52.36,25.05,74.93,degraded,6,1,1,5,0.5658,8.4807,0.2665,0
PUMP-MONITOR,2026-01-09T23:45:00,468.61,3176.44,108.47,5.99,72.85,49.89,23.38,66.45,degraded,6,0,3,5,0.2087,-5.3987,-10.073,0
PUMP-MONITOR,2026-01-09T23:50:00,479.82,3165.69,104.07,5.56,75.41,55.5,26.63,77.22,degraded,6,0,2,5,-0.4361,-4.3932,2.5601,0
PUMP-MONITOR,2026-01-09T23:55:00,480.16,3189.44,101.43,5.65,81.52,54.03,25.94,80.03,degraded,6,0,0,5,0.0875,-2.6399,6.1147,0
PUMP-MONITOR,2026-01-10T00:00:00,478.43,3130.42,98.44,5.75,72.64,54.92,26.27,78.49,degraded,6,0,1,5,0.0995,-2.9889,-8.8795,0
PUMP-MONITOR,2026-01-10T00:05:00,477.75,3004.03,109.12,6.05,83.82,54.57,26.07,76.04,degraded,6,0,0,5,0.3079,10.6735,11.1782,0
PUMP-MONITOR,2026-01-10T00:10:00,483.91,3023.0,98.91,4.85,81.59,52.28,25.3,70.44,degraded,6,1,4,5,-1.2011,-10.2086,-2.2326,0
PUMP-MONITOR,2026-01-10T00:15:00,486.1,3041.76,106.92,3.79,79.14,52.34,25.44,63.59,degraded,6,1,2,5,-1.06,8.0121,-2.4529,0
PUMP-MONITOR,2026-01-10T00:20:00,471.68,3115.26,93.14,5.18,77.05,54.15,25.54,80.3,degraded,6,0,0,5,1.3871,-13.7862,-2.0898,0
PUMP-MONITOR,2026-01-10T00:25:00,476.15,3031.02,91.59,6.24,79.28,50.63,24.11,58.73,degraded,6,0,4,5,1.0639,-1.5432,2.2372,0
PUMP-MONITOR,2026-01-10T00:30:00,479.83,3179.68,103.08,5.21,85.58,51.24,24.59,57.41,degraded,6,0,4,5,-1.0341,11.492,6.2997,0
PUMP-MONITOR,2026-01-10T00:35:00,469.42,3135.55,113.08,4.01,83.74,51.04,23.96,74.12,degraded,6,1,5,5,-1.1976,9.9938,-1.8437,0
PUMP-MONITOR,2026-01-10T00:40:00,484.09,3007.65,94.74,6.07,75.49,55.03,26.64,70.96,degraded,6,0,1,5,2.0629,-18.3381,-8.2486,0
PUMP-MONITOR,2026-01-10T00:45:00,478.63,2955.53,99.89,4.5,74.24,53.27,25.5,71.84,degraded,6,0,4,5,-1.5791,5.1544,-1.2497,0
PUMP-MONITOR,2026-01-10T00:50:00,480.57,3177.44,109.62,6.35,84.06,51.41,24.7,73.45,degraded,6,0,0,5,1.8518,9.7232,9.8211,0
PUMP-MONITOR,2026-01-10T00:55:00,474.31,3186.2,112.9,5.79,78.87,52.96,25.12,71.51,degraded,6,0,1,5,-0.5545,3.2788,-5.1904,0
PUMP-MONITOR,2026-01-10T01:00:00,488.03,3218.44,99.11,5.43,85.08,54.81,26.75,68.63,degraded,6,0,2,5,-0.3618,-13.7881,6.2094,0
PUMP-MONITOR,2026-01-10T01:05:00,468.89,3225.41,111.2,4.96,80.4,53.07,24.88,78.4,degraded,6,0,1,5,-0.4729,12.0958,-4.6854,0
PUMP-MONITOR,2026-01-10T01:10:00,484.88,3138.94,93.52,5.13,80.84,51.83,25.13,72.19,degraded,6,0,4,5,0.175,-17.6793,0.443,0
PUMP-MONITOR,2026-01-10T01:15:00,488.31,3011.89,109.61,6.31,80.17,52.47,25.62,57.94,degraded,6,0,4,5,1.1731,16.086,-0.6729,0
PUMP-MONITOR,2026-01-10T01:20:00,469.57,3100.37,96.39,4.88,83.67,51.09,23.99,59.33,degraded,6,0,1,5,-1.4264,-13.2177,3.4982,0
PUMP-MONITOR,2026-01-10T01:25:00,476.51,2978.95,98.42,3.93,73.27,50.86,24.24,68.0,degraded,6,0,3,5,-0.9535,2.0309,-10.3944,0
PUMP-MONITOR,2026-01-10T01:30:00,471.62,3071.74,97.69,5.95,77.63,54.51,25.71,79.54,degraded,6,1,1,5,2.0243,-0.7294,4.3584,0
PUMP-MONITOR,2026-01-10T01:35:00,469.87,3219.81,99.02,5.94,74.88,53.47,25.12,74.06,degraded,6,0,0,5,-0.0078,1.3284,-2.7497,0
PUMP-MONITOR,2026-01-10T01:40:00,475.97,3153.03,94.23,3.71,83.89,52.72,25.09,80.79,degraded,6,0,1,5,-2.2361,-4.7894,9.0057,0
PUMP-MONITOR,2026-01-10T01:45:00,468.6,3131.52,113.75,4.32,73.63,52.51,24.61,64.96,degraded,6,0,0,5,0.6128,19.5209,-10.2599,0
PUMP-MONITOR,2026-01-10T01:50:00,474.37,3133.15,91.47,5.48,76.16,54.19,25.71,71.46,degraded,6,1,5,5,1.1579,-22.2838,2.5384,0
PUMP-MONITOR,2026-01-10T01:55:00,478.58,3037.43,101.33,5.02,79.21,53.03,25.38,73.28,degraded,6,1,1,5,-0.4581,9.8624,3.0458,0
PUMP-MONITOR,2026-01-10T02:00:00,471.12,3105.84,110.65,5.29,84.79,52.51,24.74,79.14,degraded,6,0,1,5,0.2723,9.3185,5.5832,0
PUMP-MONITOR,2026-01-10T02:05:00,484.11,3174.44,91.74,5.1,85.72,56.15,27.18,80.41,degraded,6,0,0,5,-0.1946,-18.9084,0.9299,0
PUMP-MONITOR,2026-01-10T02:10:00,485.8,3160.44,96.75,5.56,86.07,55.8,27.11,79.09,degraded,6,0,4,5,0.4599,5.0046,0.35,0
PUMP-MONITOR,2026-01-10T02:15:00,472.77,3160.84,103.79,6.4,75.72,50.83,24.03,63.39,degraded,6,0,1,5,0.8462,7.0379,-10.3488,0
PUMP-MONITOR,2026-01-10T02:20:00,476.26,3162.16,109.68,5.45,72.72,53.45,25.46,72.22,degraded,6,1,3,5,-0.954,5.899,-3.007,0
PUMP-MONITOR,2026-01-10T02:25:00,476.32,3054.59,107.15,4.1,77.92,53.7,25.58,72.58,degraded,6,0,3,5,-1.3454,-2.5302,5.2063,0
PUMP-MONITOR,2026-01-10T02:30:00,478.6,3129.15,110.84,4.7,81.94,50.1,23.98,59.65,degraded,6,0,2,5,0.594,3.6818,4.0159,0
PUMP-MONITOR,2026-01-10T02:35:00,470.26,3065.8,96.03,6.55,74.81,50.53,23.76,66.91,degraded,6,0,2,5,1.8483,-14.8106,-7.1258,0
PUMP-MONITOR,2026-01-10T02:40:00,471.99,2945.87,100.12,4.35,73.16,52.63,24.84,80.59,degraded,6,0,1,5,-2.1974,4.0965,-1.6571,0
PUMP-MONITOR,2026-01-10T02:45:00,470.82,3152.15,99.17,4.09,75.03,53.09,25.0,68.86,degraded,6,1,3,5,-0.2622,-0.9511,1.8749,0
PUMP-MONITOR,2026-01-10T02:50:00,475.17,3020.38,95.7,6.39,85.1,51.81,24.62,58.25,degraded,6,0,0,5,2.3021,-3.4755,10.0728,0
PUMP-MONITOR,2026-01-10T02:55:00,487.69,3158.52,104.69,5.44,71.91,54.51,26.58,74.59,degraded,6,1,2,5,-0.9435,8.9918,-13.1926,0
PUMP-MONITOR,2026-01-10T03:00:00,476.23,3183.47,108.38,3.84,82.58,51.33,24.44,65.4,degraded,6,0,4,5,-1.6028,3.6968,10.6708,0
PUMP-MONITOR,2026-01-10T03:05:00,475.77,3202.4,99.61,6.42,80.6,51.18,24.35,63.78,degraded,6,0,1,5,2.5781,-8.777,-1.9781,0
PUMP-MONITOR,2026-01-10T03:10:00,469.04,3004.94,114.26,5.78,82.52,50.29,23.59,65.86,degraded,6,0,2,5,-0.6405,14.6486,1.9122,0
PUMP-MONITOR,2026-01-10T03:15:00,481.15,2960.0,93.67,6.32,84.58,50.71,24.4,69.7,degraded,6,0,0,5,0.544,-20.5864,2.062,0
PUMP-MONITOR,2026-01-10T03:20:00,474.93,3105.88,115.75,5.37,83.54,49.14,23.34,57.28,degraded,6,0,0,5,-0.9567,22.0824,-1.0417,0
PUMP-MONITOR,2026-01-10T03:25:00,471.83,2961.65,105.61,5.97,80.87,53.36,25.18,71.43,degraded,6,0,0,5,0.5997,-10.1399,-2.6656,0
PUMP-MONITOR,2026-01-10T03:30:00,470.53,3075.43,108.21,4.61,71.67,48.01,22.59,58.97,degraded,6,0,1,5,-1.3612,2.6001,-9.1964,0
PUMP-MONITOR,2026-01-10T03:35:00,469.65,3065.95,91.51,5.09,74.43,53.38,25.07,71.8,degraded,6,1,2,5,0.482,-16.7053,2.7562,0
PUMP-MONITOR,2026-01-10T03:40:00,484.19,3171.2,98.29,6.13,81.74,54.54,26.41,78.56,degraded,6,0,3,5,1.041,6.7792,7.3108,0
PUMP-MONITOR,2026-01-10T03:45:00,473.95,3235.43,106.62,4.25,72.72,52.37,24.82,64.53,degraded,6,0,0,5,-1.8826,8.3385,-9.0243,0
PUMP-MONITOR,2026-01-10T03:50:00,470.8,3114.57,101.0,5.38,76.72,50.14,23.61,64.94,degraded,6,0,3,5,1.1325,-5.6276,4.0,0
PUMP-MONITOR,2026-01-10T03:55:00,479.52,3221.64,105.34,6.29,78.89,49.58,23.78,61.82,degraded,6,0,1,5,0.9106,4.34,2.1686,0
PUMP-MONITOR,2026-01-10T04:00:00,470.75,3065.1,92.2,4.07,74.63,49.21,23.17,61.73,degraded,6,0,2,5,-2.2159,-13.1404,-4.2579,0
PUMP-MONITOR,2026-01-10T04:05:00,482.79,3144.96,115.67,4.39,81.57,54.28,26.21,71.3,degraded,6,0,1,5,0.3195,23.4743,6.9402,0
PUMP-MONITOR,2026-01-10T04:10:00,478.01,3202.22,110.38,6.12,75.37,50.21,24.0,63.9,degraded,6,1,2,5,1.7281,-5.29,-6.2022,0
PUMP-MONITOR,2026-01-10T04:15:00,478.39,3208.51,116.06,3.85,83.89,54.86,26.24,77.29,degraded,6,0,3,5,-2.2703,5.6771,8.5271,0
PUMP-MONITOR,2026-01-10T04:20:00,483.04,3099.01,102.83,6.41,82.99,50.04,24.17,64.43,degraded,6,0,1,5,2.5612,-13.2284,-0.9049,0
PUMP-MONITOR,2026-01-10T04:25:00,487.17,3048.95,98.57,6.51,85.82,51.25,24.97,66.8,degraded,6,0,0,5,0.102,-4.2639,2.8367,0
PUMP-MONITOR,2026-01-10T04:30:00,479.52,3000.18,95.16,4.2,76.4,48.33,23.18,56.06,degraded,6,0,1,5,-2.3113,-3.4068,-9.4199,0
PUMP-MONITOR,2026-01-10T04:35:00,472.78,3230.14,106.3,5.44,74.99,50.33,23.8,58.57,degraded,6,0,0,5,1.2356,11.1375,-1.4117,0
PUMP-MONITOR,2026-01-10T04:40:00,475.66,2965.07,109.7,4.56,81.31,54.31,25.83,80.01,degraded,6,0,0,5,-0.8759,3.4061,6.3142,0
PUMP-MONITOR,2026-01-10T04:45:00,469.51,3104.43,94.28,5.64,78.15,53.59,25.16,78.14,degraded,6,1,1,5,1.0775,-15.427,-3.1616,0
PUMP-MONITOR,2026-01-10T04:50:00,472.93,3101.25,107.24,3.86,82.65,52.05,24.61,61.46,degraded,6,1,4,5,-1.7818,12.9681,4.5026,0
PUMP-MONITOR,2026-01-10T04:55:00,469.1,3005.14,98.38,6.43,84.41,53.22,24.97,80.69,degraded,6,0,4,5,2.5714,-8.8607,1.7582,0
PUMP-MONITOR,2026-01-10T05:00:00,469.72,3078.2,97.71,4.42,75.87,53.3,25.04,76.29,degraded,6,0,0,5,-2.0114,-0.669,-8.5389,0
PUMP-MONITOR,2026-01-10T05:05:00,469.47,3001.99,105.93,4.28,80.2,53.92,25.31,76.69,degraded,6,0,0,5,-0.1365,8.2123,4.3355,0
PUMP-MONITOR,2026-01-10T05:10:00,473.93,3194.32,91.54,5.04,80.11,50.34,23.86,57.96,degraded,6,0,2,5,0.7582,-14.3872,-0.0897,0
PUMP-MONITOR,2026-01-10T05:15:00,480.9,3152.6,95.47,4.09,84.55,55.58,26.73,79.65,degraded,6,1,5,5,-0.9503,3.9301,4.4403,0
PUMP-MONITOR,2026-01-10T05:20:00,483.58,3084.2,112.88,4.54,83.02,52.54,25.41,58.59,degraded,6,1,1,5,0.4536,17.411,-1.5332,0
PUMP-MONITOR,2026-01-10T05:25:00,486.48,3125.09,102.22,3.64,76.67,51.82,25.21,58.56,degraded,6,1,3,5,-0.901,-10.6558,-6.3543,0
PUMP-MONITOR,2026-01-10T05:30:00,472.46,3165.38,115.49,5.61,74.0,50.03,23.64,62.08,degraded,6,0,2,5,1.9637,13.2704,-2.6616,0
PUMP-MONITOR,2026-01-10T05:35:00,475.96,3016.69,93.89,5.46,74.18,52.54,25.01,75.75,degraded,6,0,4,5,-0.1402,-21.6076,0.1742,0
PUMP-MONITOR,2026-01-10T05:40:00,475.19,3123.32,94.35,5.41,83.96,52.27,24.84,63.99,degraded,6,0,1,5,-0.0598,0.4647,9.7833,0
PUMP-MONITOR,2026-01-10T05:45:00,484.94,3228.6,114.93,4.29,71.72,53.3,25.85,80.07,degraded,6,0,4,5,-1.12,20.5758,-12.2433,0
PUMP-MONITOR,2026-01-10T05:50:00,471.35,2991.46,94.73,5.11,72.68,54.4,25.64,76.58,degraded,6,1,5,5,0.8199,-20.198,0.9662,0
PUMP-MONITOR,2026-01-10T05:55:00,479.85,2975.33,96.66,5.88,73.26,50.58,24.27,68.1,degraded,6,0,2,5,0.777,1.9292,0.5766,0
PUMP-MONITOR,2026-01-10T06:00:00,472.7,2947.11,115.15,5.9,72.34,52.01,24.58,64.81,degraded,6,0,0,5,0.013,18.4868,-0.9191,0
PUMP-MONITOR,2026-01-10T06:05:00,471.43,3070.16,109.27,4.92,80.8,52.0,24.51,78.96,degraded,6,0,2,5,-0.9781,-5.8722,8.4539,0
PUMP-MONITOR,2026-01-10T06:10:00,468.67,3226.8,95.03,5.16,73.42,47.99,22.49,60.16,degraded,6,0,0,5,0.2397,-14.2458,-7.3753,0
PUMP-MONITOR,2026-01-10T06:15:00,487.09,3177.87,98.84,5.91,80.47,53.01,25.82,71.07,degraded,6,0,1,5,0.7572,3.816,7.0523,0
PUMP-MONITOR,2026-01-10T06:20:00,482.95,3150.79,115.76,4.17,76.85,52.37,25.29,76.56,degraded,6,0,0,5,-1.7464,16.9166,-3.6277,0
PUMP-MONITOR,2026-01-10T06:25:00,486.39,3155.31,99.26,5.69,77.03,53.23,25.89,66.79,degraded,6,1,4,5,1.522,-16.5001,0.1809,0
PUMP-MONITOR,2026-01-10T06:30:00,486.78,2982.88,93.22,3.93,82.93,54.42,26.49,74.99,degraded,6,0,3,5,-1.7577,-6.0445,5.9031,0
PUMP-MONITOR,2026-01-10T06:35:00,470.25,3200.67,101.4,5.2,80.88,51.78,24.35,76.94,degraded,6,0,2,5,1.2718,8.1807,-2.0487,0
PUMP-MONITOR,2026-01-10T06:40:00,483.06,3192.8,115.93,5.06,78.58,52.03,25.14,62.58,degraded,6,0,1,5,-0.1467,14.5371,-2.2976,0
PUMP-MONITOR,2026-01-10T06:45:00,486.17,3211.22,112.81,3.8,76.27,52.76,25.65,74.88,degraded,6,0,3,5,-1.2544,-3.1259,-2.3154,0
PUMP-MONITOR,2026-01-10T06:50:00,487.96,3020.8,104.14,6.49,85.92,51.7,25.23,67.4,degraded,6,0,0,5,2.6916,-8.6702,9.6553,0
PUMP-MONITOR,2026-01-10T06:55:00,483.22,2991.53,95.3,5.26,77.77,50.53,24.42,61.51,degraded,6,0,0,5,-1.2391,-8.8381,-8.1501,0
PUMP-MONITOR,2026-01-10T07:00:00,478.08,3106.06,116.44,6.1,86.1,53.78,25.71,66.56,degraded,6,0,3,5,0.8463,21.1449,8.3263,0
PUMP-MONITOR,2026-01-10T07:05:00,468.97,3226.47,114.66,4.55,82.44,52.77,24.75,65.13,degraded,6,0,0,5,-1.5478,-1.7845,-3.6628,0
PUMP-MONITOR,2026-01-10T07:10:00,481.75,3164.14,105.48,4.11,75.62,52.04,25.07,73.42,degraded,6,0,3,5,-0.4404,-9.1772,-6.8117,0
PUMP-MONITOR,2026-01-10T07:15:00,488.36,3235.65,97.72,4.54,74.95,50.73,24.78,62.87,degraded,6,1,2,5,0.4267,-7.7629,-0.6732,0
PUMP-MONITOR,2026-01-10T07:20:00,482.72,3063.23,104.88,5.64,81.4,51.19,24.71,68.38,degraded,6,0,4,5,1.1035,7.162,6.4441,0
PUMP-MONITOR,2026-01-10T07:25:00,488.24,2953.05,105.92,5.69,75.15,53.38,26.06,75.36,degraded,6,0,4,5,0.0437,1.0405,-6.2496,0
PUMP-MONITOR,2026-01-10T07:30:00,487.75,3010.98,98.01,4.02,79.23,55.61,27.12,75.18,degraded,6,0,4,5,-1.6672,-7.9133,4.0874,0
PUMP-MONITOR,2026-01-10T07:35:00,474.14,2959.68,102.85,3.63,73.13,50.95,24.16,57.8,degraded,6,0,4,5,-0.3872,4.8403,-6.1024,0
PUMP-MONITOR,2026-01-10T07:40:00,485.58,3033.48,100.83,5.62,84.09,50.06,24.31,59.1,degraded,6,0,3,5,1.9832,-2.02,10.9628,0
PUMP-MONITOR,2026-01-10T07:45:00,479.61,3197.77,97.2,4.41,82.04,53.12,25.48,65.48,degraded,6,0,2,5,-1.2012,-3.626,-2.0517,0
PUMP-MONITOR,2026-01-10T07:50:00,476.77,3177.35,111.81,3.76,84.5,52.91,25.23,77.94,degraded,6,0,3,5,-0.6498,14.6057,2.4539,0
PUMP-MONITOR,2026-01-10T07:55:00,475.0,3021.92,98.54,5.36,79.15,54.45,25.86,80.71,degraded,6,0,3,5,1.5919,-13.2678,-5.3425,0
PUMP-MONITOR,2026-01-10T08:00:00,487.0,3199.32,98.54,4.79,72.4,56.15,27.35,77.43,degraded,6,0,1,5,-0.5637,-0.0047,-6.7586,0
PUMP-MONITOR,2026-01-10T08:05:00,471.16,3214.65,109.87,6.06,83.32,52.91,24.93,76.17,degraded,6,0,2,5,1.2662,11.3325,10.9216,0
PUMP-MONITOR,2026-01-10T08:10:00,471.71,3056.14,109.25,6.43,86.19,54.29,25.61,80.59,degraded,6,1,4,5,0.3695,-0.6174,2.8726,0
PUMP-MONITOR,2026-01-10T08:15:00,483.26,3204.08,101.47,5.25,76.27,55.26,26.71,80.84,degraded,6,1,2,5,-1.1757,-7.7847,-9.9147,0
PUMP-MONITOR,2026-01-10T08:20:00,484.23,2963.88,94.57,5.76,84.69,50.06,24.24,58.1,degraded,6,0,1,5,0.5097,-6.9,8.415,0
PUMP-MONITOR,2026-01-10T08:25:00,478.95,3007.31,108.73,6.27,71.54,54.87,26.28,80.57,degraded,6,0,1,5,0.5079,14.1649,-13.1524,0
PUMP-MONITOR,2026-01-10T08:30:00,472.18,3078.88,96.86,3.77,83.62,50.43,23.81,61.46,degraded,6,0,3,5,-2.4956,-11.8695,12.0863,0
PUMP-MONITOR,2026-01-10T08:35:00,475.32,2978.84,103.22,6.17,79.67,53.53,25.44,67.73,degraded,6,0,3,5,2.3935,6.3548,-3.9483,0
PUMP-MONITOR,2026-01-10T08:40:00,486.99,3141.66,114.54,5.92,80.39,52.51,25.57,74.29,degraded,6,0,3,5,-0.2512,11.3238,0.7173,0
PUMP-MONITOR,2026-01-10T08:45:00,470.3,3184.72,112.37,6.21,77.74,50.88,23.93,62.61,degraded,6,0,1,5,0.2895,-2.1724,-2.6497,0
PUMP-MONITOR,2026-01-10T08:50:00,485.58,3051.18,114.51,5.9,81.9,53.79,26.12,63.29,degraded,6,0,0,5,-0.3045,2.1459,4.1618,0
PUMP-MONITOR,2026-01-10T08:55:00,475.0,3001.13,103.13,5.92,81.15,53.27,25.31,72.78,degraded,6,1,5,5,0.0206,-11.381,-0.7498,0
PUMP-MONITOR,2026-01-10T09:00:00,481.13,3149.08,110.57,5.7,73.2,48.24,23.21,56.2,degraded,6,0,3,5,-0.2243,7.4379,-7.9526,0
PUMP-MONITOR,2026-01-10T09:05:00,484.77,2988.13,105.79,3.62,84.87,53.8,26.08,75.58,degraded,6,0,1,5,-2.0792,-4.7813,11.6729,0
PUMP-MONITOR,2026-01-10T09:10:00,485.89,3185.34,101.07,6.47,77.12,56.3,27.36,79.91,degraded,6,0,4,5,2.8537,-4.7159,-7.7519,0
PUMP-MONITOR,2026-01-10T09:15:00,472.49,3079.54,91.62,5.31,78.94,48.88,23.09,61.48,degraded,6,0,2,5,-1.1665,-9.4526,1.8183,0
PUMP-MONITOR,2026-01-10T09:20:00,485.02,3124.53,103.9,5.05,72.95,54.22,26.3,70.08,degraded,6,0,0,5,-0.2518,12.2822,-5.9944,0
PUMP-MONITOR,2026-01-10T09:25:00,487.45,3097.79,103.65,5.76,77.74,50.64,24.68,56.69,degraded,6,0,4,5,0.707,-0.2512,4.7963,0
PUMP-MONITOR,2026-01-10T09:30:00,475.68,3188.53,113.93,5.0,79.92,52.99,25.21,77.21,degraded,6,0,4,5,-0.7648,10.2829,2.1815,0
PUMP-MONITOR,2026-01-10T09:35:00,481.06,2987.81,115.91,3.72,79.32,53.33,25.66,69.82,degraded,6,0,3,5,-1.2809,1.9786,-0.6024,0
PUMP-MONITOR,2026-01-10T09:40:00,481.26,3024.9,115.57,4.7,79.0,53.98,25.98,76.33,degraded,6,0,2,5,0.9865,-0.3423,-0.3203,0
PUMP-MONITOR,2026-01-10T09:45:00,479.93,3131.57,108.13,5.02,74.38,48.75,23.39,56.38,degraded,6,0,4,5,0.3125,-7.4364,-4.6222,0
PUMP-MONITOR,2026-01-10T09:50:00,478.42,3014.93,96.3,6.54,82.65,49.67,23.76,64.9,degraded,6,1,3,5,1.5255,-11.8352,8.2685,0
PUMP-MONITOR,2026-01-10T09:55:00,481.88,3054.82,106.46,5.8,83.73,51.54,24.84,68.17,degraded,6,0,1,5,-0.7383,10.1568,1.0807,0
PUMP-MONITOR,2026-01-10T10:00:00,471.96,3001.57,102.45,4.82,83.02,50.84,23.99,70.76,degraded,6,0,3,5,-0.9829,-4.0052,-0.7107,0
PUMP-MONITOR,2026-01-10T10:05:00,480.07,3136.61,95.46,3.88,76.47,52.97,25.43,70.3,degraded,6,0,3,5,-0.9384,-6.9953,-6.5476,0
PUMP-MONITOR,2026-01-10T10:10:00,481.01,3220.55,104.61,6.01,79.67,53.59,25.78,73.73,degraded,6,0,0,5,2.1327,9.1578,3.2005,0
PUMP-MONITOR,2026-01-10T10:15:00,486.95,3114.91,93.63,4.12,84.85,52.02,25.33,68.04,degraded,6,1,2,5,-1.8928,-10.9869,5.182,0
PUMP-MONITOR,2026-01-10T10:20:00,474.53,3099.57,109.74,6.07,80.33,52.04,24.69,74.4,degraded,6,1,3,5,1.9449,16.1126,-4.5272,0
PUMP-MONITOR,2026-01-10T10:25:00,473.42,3162.49,113.11,4.83,75.97,51.55,24.41,77.47,degraded,6,0,4,5,-1.2345,3.3688,-4.3609,0
PUMP-MONITOR,2026-01-10T10:30:00,479.9,2973.41,110.28,6.19,81.62,53.52,25.68,76.56,degraded,6,0,3,5,1.361,-2.8284,5.6526,0
PUMP-MONITOR,2026-01-10T10:35:00,470.95,2943.76,104.09,6.21,81.41,51.73,24.36,68.66,degraded,6,0,2,5,0.0165,-6.1854,-0.2106,0
PUMP-MONITOR,2026-01-10T10:40:00,474.69,2947.46,101.94,4.58,84.65,51.99,24.68,78.53,degraded,6,1,1,5,-1.6249,-2.1583,3.2463,0
PUMP-MONITOR,2026-01-10T10:45:00,479.56,2976.38,93.46,4.32,86.06,50.96,24.44,67.05,degraded,6,0,4,5,-0.2688,-8.4729,1.4094,0
PUMP-MONITOR,2026-01-10T10:50:00,488.23,2949.47,92.67,3.89,76.54,53.91,26.32,77.93,degraded,6,1,4,5,-0.4287,-0.7953,-9.5269,0
PUMP-MONITOR,2026-01-10T10:55:00,473.53,3044.52,96.97,4.33,78.18,52.74,24.97,65.15,degraded,6,0,0,5,0.448,4.3044,1.6465,0
PUMP-MONITOR,2026-01-10T11:00:00,487.78,2956.2,95.9,4.74,76.75,53.05,25.88,76.1,degraded,6,1,5,5,0.4014,-1.0673,-1.4323,0
PUMP-MONITOR,2026-01-10T11:05:00,485.2,3149.61,101.34,5.88,79.89,51.21,24.85,59.67,degraded,6,0,4,5,1.1429,5.4306,3.1374,0
PUMP-MONITOR,2026-01-10T11:10:00,483.75,2996.16,103.26,3.95,73.08,53.21,25.74,68.74,degraded,6,0,2,5,-1.9298,1.927,-6.8032,0
PUMP-MONITOR,2026-01-10T11:15:00,486.28,3149.07,99.36,4.3,86.09,53.31,25.92,71.48,degraded,6,0,2,5,0.3466,-3.9046,13.0005,0
PUMP-MONITOR,2026-01-10T11:20:00,478.48,3185.78,111.25,6.01,73.0,51.68,24.73,59.67,degraded,6,0,4,5,1.7185,11.8957,-13.0858,0
PUMP-MONITOR,2026-01-10T11:25:00,483.19,2979.83,92.54,4.82,84.88,54.24,26.21,69.85,degraded,6,0,2,5,-1.1956,-18.7131,11.8822,0
PUMP-MONITOR,2026-01-10T11:30:00,482.52,3147.08,100.66,5.56,77.82,54.57,26.33,76.86,degraded,6,0,1,5,0.7375,8.1218,-7.0579,0
PUMP-MONITOR,2026-01-10T11:35:00,470.12,3061.1,105.4,5.04,83.03,51.98,24.44,62.86,degraded,6,1,1,5,-0.5186,4.7365,5.2062,0
PUMP-MONITOR,2026-01-10T11:40:00,476.85,3063.92,99.98,4.17,73.57,48.59,23.17,58.1,degraded,6,0,2,5,-0.8659,-5.4159,-9.4619,0
PUMP-MONITOR,2026-01-10T11:45:00,485.1,3013.42,104.6,5.55,72.24,56.46,27.39,80.87,degraded,6,1,1,5,1.3805,4.6189,-1.3277,0
PUMP-MONITOR,2026-01-10T11:50:00,484.35,3086.04,92.08,5.26,75.1,53.17,25.75,60.12,degraded,6,0,0,5,-0.2929,-12.5231,2.856,0
PUMP-MONITOR,2026-01-10T11:55:00,471.23,3196.72,100.29,4.03,75.57,52.27,24.63,76.59,degraded,6,1,1,5,-1.2339,8.2118,0.4737,0
PUMP-MONITOR,2026-01-10T12:00:00,479.79,2975.86,113.1,4.57,86.48,52.43,25.16,66.94,degraded,6,1,3,5,0.543,12.8141,10.9124,0
PUMP-MONITOR,2026-01-10T12:05:00,470.65,3236.45,108.93,4.25,71.89,52.61,24.76,65.84,degraded,6,0,2,5,-0.3176,-4.1745,-14.5877,0
PUMP-MONITOR,2026-01-10T12:10:00,480.03,3227.0,102.88,6.07,78.32,53.94,25.9,76.81,degraded,6,0,3,5,1.8224,-6.0497,6.4253,0
PUMP-MONITOR,2026-01-10T12:15:00,481.2,3214.24,113.91,5.57,85.9,50.98,24.53,66.81,degraded,6,0,1,5,-0.5042,11.031,7.5816,0
PUMP-MONITOR,2026-01-10T12:20:00,481.95,3152.14,115.1,5.43,83.37,52.0,25.06,60.62,degraded,6,0,4,5,-0.1416,1.187,-2.5304,0
PUMP-MONITOR,2026-01-10T12:25:00,469.18,3174.84,92.77,3.67,83.02,50.58,23.73,66.9,degraded,6,0,3,5,-1.7607,-22.3282,-0.3481,0
PUMP-MONITOR,2026-01-10T12:30:00,479.12,3036.34,104.47,5.57,83.44,50.68,24.28,56.84,degraded,6,0,4,5,1.9026,11.6998,0.4124,0
PUMP-MONITOR,2026-01-10T12:35:00,478.3,2999.97,104.89,4.13,72.25,49.22,23.54,62.89,degraded,6,0,3,5,-1.4362,0.4214,-11.1877,0
PUMP-MONITOR,2026-01-10T12:40:00,481.14,2997.97,100.5,4.03,76.89,51.43,24.74,70.79,degraded,6,0,0,5,-0.1004,-4.3935,4.6386,0
PUMP-MONITOR,2026-01-10T12:45:00,480.06,2966.67,98.27,4.06,81.29,54.3,26.07,68.86,degraded,6,0,0,5,0.0237,-2.2244,4.4041,0
PUMP-MONITOR,2026-01-10T12:50:00,487.58,3167.28,91.72,5.37,82.94,54.7,26.67,72.47,degraded,6,0,0,5,1.3175,-6.5527,1.6508,0
PUMP-MONITOR,2026-01-10T12:55:00,486.21,3086.9,95.82,4.75,73.6,51.08,24.83,59.63,degraded,6,1,2,5,-0.6246,4.0997,-9.3373,0
PUMP-MONITOR,2026-01-10T13:00:00,484.39,3149.86,116.48,4.02,85.07,54.12,26.22,69.2,degraded,6,0,4,5,-0.7323,20.6563,11.461,0
PUMP-MONITOR,2026-01-10T13:05:00,486.85,2980.36,99.71,4.79,80.27,53.19,25.89,69.81,degraded,6,0,1,5,0.774,-16.7645,-4.7926,0
PUMP-MONITOR,2026-01-10T13:10:00,475.38,3166.06,104.94,4.84,76.0,51.96,24.7,67.57,degraded,6,0,2,5,0.0497,5.224,-4.273,0
PUMP-MONITOR,2026-01-10T13:15:00,486.55,3218.04,115.3,4.68,76.45,54.71,26.62,70.91,degraded,6,0,1,5,-0.1605,10.368,0.4501,0
PUMP-MONITOR,2026-01-10T13:20:00,472.61,3202.37,110.06,4.09,75.94,51.68,24.42,77.7,degraded,6,1,3,5,-0.5942,-5.2486,-0.5121,0
PUMP-MONITOR,2026-01-10T13:25:00,475.4,3153.59,109.95,5.81,75.76,52.26,24.84,60.24,degraded,6,0,1,5,1.7281,-0.1078,-0.177,0
PUMP-MONITOR,2026-01-10T13:30:00,471.38,2987.0,108.82,4.07,80.76,52.75,24.87,69.43,degraded,6,0,2,5,-1.7426,-1.1286,5.0034,0
PUMP-MONITOR,2026-01-10T13:35:00,476.7,3153.62,100.48,5.84,86.07,50.43,24.04,61.61,critical,6,1,5,5,1.7729,-8.3432,5.3106,1
PUMP-MONITOR,2026-01-10T13:40:00,483.04,3051.48,115.59,3.77,85.6,54.34,26.25,74.76,degraded,6,0,0,5,-2.0723,15.1145,-0.4731,0
PUMP-MONITOR,2026-01-10T13:45:00,478.13,3227.84,106.4,5.32,74.12,48.66,23.27,57.21,degraded,6,0,3,5,1.5528,-9.1884,-11.4768,0
PUMP-MONITOR,2026-01-10T13:50:00,472.34,2947.94,93.53,5.89,82.33,51.83,24.48,67.88,degraded,6,0,3,5,0.5621,-12.8722,8.201,0
PUMP-MONITOR,2026-01-10T13:55:00,476.8,3077.49,114.7,5.0,79.85,50.66,24.15,61.34,degraded,6,0,0,5,-0.8853,21.1685,-2.4776,0
PUMP-MONITOR,2026-01-10T14:00:00,484.11,3177.81,107.37,5.03,81.53,52.31,25.32,58.17,degraded,6,0,4,5,0.0254,-7.3277,1.6814,0
PUMP-MONITOR,2026-01-10T14:05:00,469.25,3101.62,114.59,4.15,77.85,52.73,24.74,68.41,degraded,6,0,0,5,-0.8753,7.221,-3.6776,0
PUMP-MONITOR,2026-01-10T14:10:00,479.25,3058.67,92.49,3.88,73.21,49.89,23.91,59.76,degraded,6,0,2,5,-0.2667,-22.1058,-4.6422,0
PUMP-MONITOR,2026-01-10T14:15:00,488.25,3232.28,102.95,6.4,84.53,52.2,25.49,69.41,degraded,6,0,0,5,2.5156,10.4618,11.3178,0
PUMP-MONITOR,2026-01-10T14:20:00,477.4,3127.27,112.46,5.7,81.79,51.03,24.36,67.73,degraded,6,0,1,5,-0.7011,9.5133,-2.7377,0
PUMP-MONITOR,2026-01-10T14:25:00,470.38,3028.43,100.9,4.51,79.31,50.73,23.86,74.61,critical,6,0,3,5,-1.1918,-11.5617,-2.4809,1
PUMP-MONITOR,2026-01-10T14:30:00,474.54,3012.39,97.52,4.77,77.92,49.35,23.42,63.08,degraded,6,0,2,5,0.2577,-3.3786,-1.3919,0
PUMP-MONITOR,2026-01-10T14:35:00,480.77,3097.61,101.11,4.46,73.87,53.77,25.85,65.15,degraded,6,0,2,5,-0.3017,3.5936,-4.0495,0
PUMP-MONITOR,2026-01-10T14:40:00,474.73,2940.38,100.07,5.34,74.21,52.5,24.92,61.01,degraded,6,0,3,5,0.8788,-1.0439,0.3464,0
PUMP-MONITOR,2026-01-10T14:45:00,486.53,3114.1,113.23,5.69,83.76,50.9,24.76,56.59,degraded,6,0,1,5,0.3507,13.1552,9.5487,0
PUMP-MONITOR,2026-01-10T14:50:00,480.34,3211.91,100.11,4.3,83.79,50.28,24.15,60.79,degraded,6,1,4,5,-1.3951,-13.1106,0.0272,0
PUMP-MONITOR,2026-01-10T14:55:00,477.75,3045.73,99.53,6.16,83.45,54.12,25.85,73.56,critical,6,0,3,5,1.8662,-0.5837,-0.3359,1
PUMP-MONITOR,2026-01-10T15:00:00,486.7,3221.01,91.92,4.99,83.12,51.89,25.25,57.66,degraded,6,0,0,5,-1.1742,-7.6072,-0.3366,0
PUMP-MONITOR,2026-01-10T15:05:00,485.31,3188.54,111.0,6.23,74.23,53.25,25.84,72.02,degraded,6,0,2,5,1.238,19.0752,-8.884,0
PUMP-MONITOR,2026-01-10T15:10:00,481.39,3089.27,103.85,4.42,77.06,54.5,26.23,71.22,degraded,6,0,4,5,-1.8061,-7.1452,2.8251,0
PUMP-MONITOR,2026-01-10T15:15:00,480.12,3099.01,109.89,5.78,85.43,49.12,23.58,60.42,degraded,6,0,2,5,1.3586,6.0321,8.3737,0
PUMP-MONITOR,2026-01-10T15:20:00,483.67,3034.14,99.86,5.96,85.26,52.92,25.6,71.63,critical,6,1,2,5,0.1777,-10.0217,-0.1694,1
PUMP-MONITOR,2026-01-10T15:25:00,472.59,3117.08,106.24,4.55,85.38,51.54,24.36,77.06,critical,6,0,1,5,-1.4041,6.3733,0.1175,1
PUMP-MONITOR,2026-01-10T15:30:00,482.85,3043.63,96.62,4.84,80.35,52.72,25.46,68.87,degraded,6,0,2,5,0.2865,-9.6201,-5.0283,0
PUMP-MONITOR,2026-01-10T15:35:00,485.62,3190.94,108.96,6.16,71.8,53.88,26.17,67.15,degraded,6,1,3,5,1.3203,12.3445,-8.5482,0
PUMP-MONITOR,2026-01-10T15:40:00,476.82,3005.49,94.02,5.81,81.03,52.74,25.15,67.79,degraded,6,0,2,5,-0.3554,-14.9389,9.2272,0
PUMP-MONITOR,2026-01-10T15:45:00,474.2,3000.2,95.88,6.16,83.58,51.1,24.23,60.68,degraded,6,0,1,5,0.3558,1.8544,2.5535,0
PUMP-MONITOR,2026-01-10T15:50:00,471.42,3120.35,93.79,5.68,76.22,53.04,25.0,75.06,degraded,6,1,3,5,-0.4842,-2.0916,-7.367,0
PUMP-MONITOR,2026-01-10T15:55:00,469.18,3227.05,113.5,4.0,85.09,49.85,23.39,61.26,degraded,6,0,0,5,-1.6777,19.7173,8.8776,0
PUMP-MONITOR,2026-01-10T16:00:00,483.2,3120.69,109.93,4.07,75.63,52.38,25.31,66.81,degraded,6,0,3,5,0.0726,-3.5734,-9.4689,0
PUMP-MONITOR,2026-01-10T16:05:00,470.34,3119.21,93.53,6.25,77.07,48.94,23.02,63.26,degraded,6,0,2,5,2.1748,-16.4047,1.4453,0
PUMP-MONITOR,2026-01-10T16:10:00,481.96,2959.78,97.26,3.7,72.16,53.79,25.92,74.55,degraded,6,0,0,5,-2.5468,3.7301,-4.9071,0
PUMP-MONITOR,2026-01-10T16:15:00,470.59,3178.46,111.69,5.95,76.05,53.75,25.29,75.8,degraded,6,0,2,5,2.2543,14.4348,3.8856,0
PUMP-MONITOR,2026-01-10T16:20:00,469.79,3040.22,101.24,4.17,76.98,50.15,23.56,63.69,degraded,6,1,2,5,-1.7891,-10.45,0.9316,0
PUMP-MONITOR,2026-01-10T16:25:00,484.72,3077.06,102.45,5.61,73.38,54.43,26.38,76.55,degraded,6,0,4,5,1.4494,1.2091,-3.6043,0
PUMP-MONITOR,2026-01-10T16:30:00,474.33,3128.44,105.98,4.47,72.19,48.8,23.15,59.58,degraded,6,0,4,5,-1.1401,3.5349,-1.1832,0
PUMP-MONITOR,2026-01-10T16:35:00,487.63,3199.39,112.59,4.65,73.84,53.91,26.29,69.89,degraded,6,0,3,5,0.1711,6.6031,1.6453,0
PUMP-MONITOR,2026-01-10T16:40:00,473.68,3030.33,104.98,5.69,77.76,53.27,25.23,79.85,degraded,6,0,3,5,1.0427,-7.6112,3.9253,0
PUMP-MONITOR,2026-01-10T16:45:00,479.5,3233.6,95.76,5.5,84.6,53.19,25.51,74.58,critical,6,0,1,5,-0.1867,-9.2113,6.8338,1
PUMP-MONITOR,2026-01-10T16:50:00,476.03,3208.79,108.66,4.19,74.11,49.15,23.39,57.34,degraded,6,1,3,5,-1.3142,12.8965,-10.4866,0
PUMP-MONITOR,2026-01-10T16:55:00,475.56,3227.87,93.17,3.8,85.77,53.03,25.22,69.52,degraded,6,0,2,5,-0.3925,-15.4951,11.6581,0
PUMP-MONITOR,2026-01-10T17:00:00,469.5,2973.25,95.66,5.04,72.88,53.52,25.13,70.84,degraded,6,0,3,5,1.2454,2.4905,-12.8909,0
PUMP-MONITOR,2026-01-10T17:05:00,471.17,3015.98,104.34,4.18,75.96,51.23,24.14,74.44,degraded,6,0,0,5,-0.8632,8.6811,3.0847,0
PUMP-MONITOR,2026-01-10T17:10:00,471.92,2982.7,109.82,3.68,83.27,48.41,22.85,61.33,degraded,6,1,2,5,-0.4973,5.4859,7.3108,0
PUMP-MONITOR,2026-01-10T17:15:00,472.93,2983.38,112.9,5.51,75.67,52.57,24.86,78.05,degraded,6,0,3,5,1.827,3.0729,-7.6004,0
PUMP-MONITOR,2026-01-10T17:20:00,485.84,3128.99,105.04,3.76,76.63,54.26,26.36,75.89,degraded,6,1,2,5,-1.7511,-7.8567,0.9596,0
PUMP-MONITOR,2026-01-10T17:25:00,485.75,3168.89,112.0,5.53,75.38,51.54,25.03,71.38,degraded,6,0,1,5,1.7792,6.9588,-1.258,0
PUMP-MONITOR,2026-01-10T17:30:00,484.34,2998.31,115.87,5.78,84.92,53.64,25.98,64.72,degraded,6,0,1,5,0.2444,3.8668,9.5442,0
PUMP-MONITOR,2026-01-10T17:35:00,483.94,3004.0,95.37,3.73,79.15,55.55,26.88,73.79,degraded,6,0,3,5,-2.0444,-20.4934,-5.7694,0
PUMP-MONITOR,2026-01-10T17:40:00,481.21,3044.59,101.24,5.35,72.21,51.03,24.56,69.01,degraded,6,2,6,5,1.6126,5.8633,-6.9418,0
PUMP-MONITOR,2026-01-10T17:45:00,487.83,3085.16,112.58,4.51,74.3,54.28,26.48,75.95,degraded,6,0,0,5,-0.837,11.3477,2.0931,0
PUMP-MONITOR,2026-01-10T17:50:00,485.13,3145.79,104.41,4.08,84.45,56.78,27.54,79.9,degraded,6,0,1,5,-0.4299,-8.177,10.1493,0
PUMP-MONITOR,2026-01-10T17:55:00,476.06,3006.96,100.26,5.76,83.35,51.58,24.56,72.03,critical,6,0,4,5,1.6804,-4.1488,-1.1004,1
PUMP-MONITOR,2026-01-10T18:00:00,482.71,3040.97,102.61,5.56,77.82,52.62,25.4,75.21,degraded,6,0,0,5,-0.2051,2.3536,-5.5347,0
PUMP-MONITOR,2026-01-10T18:05:00,476.89,3042.78,105.68,5.37,71.99,52.1,24.84,65.56,degraded,6,1,1,5,-0.1878,3.0712,-5.8304,0
PUMP-MONITOR,2026-01-10T18:10:00,486.02,3169.81,92.7,5.17,71.82,50.22,24.41,62.09,degraded,6,1,2,5,-0.1964,-12.9849,-0.1654,0
PUMP-MONITOR,2026-01-10T18:15:00,470.99,3112.3,100.51,6.57,73.13,50.12,23.6,58.73,degraded,6,0,2,5,1.3984,7.8126,1.3142,0
PUMP-MONITOR,2026-01-10T18:20:00,477.92,2997.39,97.28,3.85,73.21,53.4,25.52,70.98,degraded,6,0,3,5,-2.725,-3.225,0.0767,0
PUMP-MONITOR,2026-01-10T18:25:00,486.3,3238.24,96.1,6.13,86.49,52.47,25.52,75.9,critical,6,0,4,5,2.2891,-1.1849,13.2821,1
PUMP-MONITOR,2026-01-10T18:30:00,473.83,3075.22,111.55,4.73,84.16,49.95,23.67,67.6,degraded,6,0,4,5,-1.4037,15.446,-2.3334,0
PUMP-MONITOR,2026-01-10T18:35:00,473.27,2998.97,110.27,4.08,85.77,51.15,24.21,67.31,degraded,6,0,1,5,-0.6541,-1.2758,1.6132,0
PUMP-MONITOR,2026-01-10T18:40:00,470.15,3120.57,102.32,6.23,79.88,52.57,24.72,70.06,degraded,6,0,0,5,2.1495,-7.9459,-5.8883,0
PUMP-MONITOR,2026-01-10T18:45:00,475.59,3135.9,111.3,5.45,71.83,50.97,24.24,56.27,degraded,6,0,2,5,-0.7729,8.9792,-8.0539,0
PUMP-MONITOR,2026-01-10T18:50:00,487.41,2951.64,105.14,6.39,75.02,53.28,25.97,68.23,degraded,6,0,4,5,0.9377,-6.1676,3.1935,0
PUMP-MONITOR,2026-01-10T18:55:00,483.86,3000.76,109.17,6.25,84.65,53.27,25.77,74.01,critical,6,0,2,5,-0.1365,4.0312,9.624,1
PUMP-MONITOR,2026-01-10T19:00:00,478.67,3095.81,105.1,5.01,75.0,50.7,24.27,60.62,degraded,6,0,4,5,-1.2486,-4.068,-9.6468,0
PUMP-MONITOR,2026-01-10T19:05:00,484.43,3148.76,95.45,6.34,75.36,49.92,24.18,58.56,degraded,6,0,4,5,1.3306,-9.6457,0.3568,0
PUMP-MONITOR,2026-01-10T19:10:00,480.69,3217.37,94.3,5.31,77.9,55.09,26.48,75.5,degraded,6,0,1,5,-1.0266,-1.1487,2.543,0
PUMP-MONITOR,2026-01-10T19:15:00,485.98,2968.47,114.18,5.06,80.64,52.0,25.27,63.04,critical,6,1,4,5,-0.249,19.8768,2.7399,1
PUMP-MONITOR,2026-01-10T19:20:00,480.55,3079.21,95.77,5.28,73.87,53.64,25.78,75.24,degraded,6,0,2,5,0.2179,-18.4069,-6.7735,0
PUMP-MONITOR,2026-01-10T19:25:00,481.87,3113.84,92.07,3.82,82.71,53.17,25.62,78.43,degraded,6,1,2,5,-1.462,-3.7068,8.8401,0
PUMP-MONITOR,2026-01-10T19:30:00,470.32,3179.12,94.96,4.36,85.54,49.92,23.48,66.08,degraded,6,1,2,5,0.5482,2.889,2.8328,0
PUMP-MONITOR,2026-01-10T19:35:00,485.02,3177.85,100.1,5.32,82.12,55.07,26.71,75.86,critical,6,1,5,5,0.9565,5.148,-3.4235,1
PUMP-MONITOR,2026-01-10T19:40:00,471.6,2961.28,95.37,4.22,80.7,53.81,25.38,72.84,degraded,6,1,5,5,-1.1032,-4.7326,-1.4172,0
PUMP-MONITOR,2026-01-10T19:45:00,473.64,2951.41,93.01,4.55,76.48,49.35,23.37,61.11,degraded,6,1,1,5,0.3317,-2.366,-4.2151,0
PUMP-MONITOR,2026-01-10T19:50:00,473.08,3120.54,112.28,4.01,72.22,52.68,24.92,80.55,degraded,6,0,1,5,-0.5393,19.2698,-4.2599,0
PUMP-MONITOR,2026-01-10T19:55:00,484.33,3032.6,95.83,5.32,76.61,54.93,26.6,79.73,degraded,6,0,1,5,1.3051,-16.4467,4.3814,0
PUMP-MONITOR,2026-01-10T20:00:00,470.93,3217.84,115.7,4.61,82.24,50.8,23.92,63.12,degraded,6,0,2,5,-0.7032,19.8686,5.6307,0
PUMP-MONITOR,2026-01-10T20:05:00,475.63,3117.62,109.43,4.24,74.51,52.66,25.05,77.27,degraded,6,0,3,5,-0.3754,-6.2649,-7.7272,0
PUMP-MONITOR,2026-01-10T20:10:00,474.55,3029.88,106.38,4.71,76.0,50.63,24.03,62.14,degraded,6,0,4,5,0.4696,-3.0571,1.4907,0
PUMP-MONITOR,2026-01-10T20:15:00,480.37,3053.47,98.53,4.32,72.49,53.19,25.55,66.58,degraded,6,0,3,5,-0.3901,-7.842,-3.5075,0
PUMP-MONITOR,2026-01-10T20:20:00,482.79,3020.91,96.92,5.32,83.03,52.17,25.19,56.64,degraded,6,0,3,5,1.0009,-1.6149,10.5367,0
PUMP-MONITOR,2026-01-10T20:25:00,487.14,3014.87,94.27,6.01,76.2,52.21,25.43,57.09,degraded,6,0,3,5,0.6969,-2.6447,-6.8271,0
PUMP-MONITOR,2026-01-10T20:30:00,480.56,2969.6,103.61,6.51,81.44,49.63,23.85,63.17,degraded,6,0,2,5,0.4986,9.3334,5.2394,0
PUMP-MONITOR,2026-01-10T20:35:00,488.31,3237.47,99.48,3.81,78.49,54.38,26.56,76.26,degraded,6,0,1,5,-2.6988,-4.1283,-2.947,0
PUMP-MONITOR,2026-01-10T20:40:00,475.72,2953.03,105.57,4.89,81.35,52.42,24.94,69.66,critical,6,1,4,5,1.0804,6.0903,2.8584,1
PUMP-MONITOR,2026-01-10T20:45:00,473.61,3087.36,116.06,4.62,74.84,48.49,22.97,57.97,degraded,6,0,3,5,-0.275,10.4938,-6.5117,0
PUMP-MONITOR,2026-01-10T20:50:00,469.26,3163.19,113.02,5.44,82.45,50.11,23.52,64.77,degraded,6,0,1,5,0.8251,-3.0473,7.6114,0
PUMP-MONITOR,2026-01-10T20:55:00,479.43,2984.49,102.46,4.47,76.58,55.37,26.55,75.81,degraded,6,0,0,5,-0.9742,-10.556,-5.8721,0
PUMP-MONITOR,2026-01-10T21:00:00,471.66,3222.05,99.26,3.9,75.91,50.12,23.64,65.16,degraded,6,0,3,5,-0.5708,-3.201,-0.6692,0
PUMP-MONITOR,2026-01-10T21:05:00,483.76,3035.27,106.14,5.14,86.4,53.5,25.88,72.64,critical,6,1,1,5,1.2439,6.8848,10.4908,1
PUMP-MONITOR,2026-01-10T21:10:00,480.25,3048.16,102.12,4.74,73.67,54.71,26.28,71.16,degraded,6,0,0,5,-0.4,-4.022,-12.736,0
PUMP-MONITOR,2026-01-10T21:15:00,478.54,3036.31,107.76,4.48,82.61,52.64,25.19,75.34,degraded,6,0,2,5,-0.2619,5.634,8.9401,0
PUMP-MONITOR,2026-01-10T21:20:00,488.1,3176.53,103.7,3.64,79.95,55.74,27.21,78.29,degraded,6,0,3,5,-0.8466,-4.0531,-2.659,0
PUMP-MONITOR,2026-01-10T21:25:00,479.22,3173.99,104.43,6.48,85.72,55.86,26.77,80.89,critical,6,1,1,5,2.8466,0.7308,5.7689,1
PUMP-MONITOR,2026-01-10T21:30:00,483.26,3071.16,112.82,5.83,84.12,56.34,27.23,78.29,critical,6,1,2,5,-0.6479,8.3869,-1.5928,1
PUMP-MONITOR,2026-01-10T21:35:00,482.75,3040.89,116.31,5.66,83.64,53.49,25.82,75.41,critical,6,0,3,5,-0.1761,3.4862,-0.4792,1
PUMP-MONITOR,2026-01-10T21:40:00,484.51,3184.15,115.09,3.76,85.37,55.12,26.7,73.77,degraded,6,0,0,5,-1.8992,-1.213,1.7287,0
PUMP-MONITOR,2026-01-10T21:45:00,477.55,2992.15,107.33,3.67,75.0,52.18,24.92,77.4,degraded,6,1,1,5,-0.0882,-7.7658,-10.3697,0
PUMP-MONITOR,2026-01-10T21:50:00,468.84,2967.26,110.79,4.43,72.07,52.59,24.65,76.59,degraded,6,0,2,5,0.7642,3.4611,-2.9349,0
PUMP-MONITOR,2026-01-10T21:55:00,468.4,3179.37,107.03,4.28,73.52,49.53,23.2,59.25,degraded,6,0,1,5,-0.1509,-3.758,1.4491,0
PUMP-MONITOR,2026-01-10T22:00:00,469.47,3060.01,106.26,6.43,81.47,49.87,23.41,56.49,critical,6,1,2,5,2.1501,-0.7671,7.9566,1
PUMP-MONITOR,2026-01-10T22:05:00,486.97,2948.72,103.23,5.41,81.83,50.75,24.71,63.13,degraded,6,0,3,5,-1.0261,-3.03,0.3514,0
PUMP-MONITOR,2026-01-10T22:10:00,476.05,3187.71,95.23,3.6,84.42,53.88,25.65,69.31,degraded,6,0,5,5,-1.8031,-8.0085,2.5968,0
PUMP-MONITOR,2026-01-10T22:15:00,477.64,2941.15,94.53,5.57,72.98,52.48,25.07,70.31,degraded,6,0,4,5,1.9675,-0.6949,-11.4399,0
PUMP-MONITOR,2026-01-10T22:20:00,480.4,3212.01,106.12,5.53,76.93,54.65,26.25,80.77,degraded,6,0,2,5,-0.0454,11.5873,3.9445,0
PUMP-MONITOR,2026-01-10T22:25:00,486.25,3092.03,113.48,3.81,74.38,54.98,26.73,74.66,degraded,6,0,4,5,-1.7189,7.3595,-2.5503,0
PUMP-MONITOR,2026-01-10T22:30:00,471.67,3182.09,104.28,3.97,72.69,49.92,23.55,58.65,degraded,6,0,4,5,0.1605,-9.1989,-1.6823,0
PUMP-MONITOR,2026-01-10T22:35:00,475.4,3072.92,96.34,3.92,74.21,50.54,24.03,64.5,degraded,6,1,3,5,-0.0434,-7.9377,1.5133,0
PUMP-MONITOR,2026-01-10T22:40:00,478.8,3063.45,103.31,5.53,84.68,52.66,25.22,60.35,degraded,6,0,5,5,1.61,6.9679,10.4676,0
PUMP-MONITOR,2026-01-10T22:45:00,471.37,3174.64,102.76,5.8,72.53,53.68,25.3,73.67,degraded,6,1,6,5,0.2639,-0.5439,-12.1412,0
PUMP-MONITOR,2026-01-10T22:50:00,474.58,2987.3,92.95,6.31,73.6,50.01,23.73,58.24,degraded,6,1,5,5,0.512,-9.8111,1.0638,0
PUMP-MONITOR,2026-01-10T22:55:00,473.0,3126.06,104.04,5.75,80.46,53.4,25.26,76.32,critical,6,0,1,5,-0.5631,11.0877,6.8615,1
PUMP-MONITOR,2026-01-10T23:00:00,471.71,3129.87,106.89,5.75,84.14,52.81,24.91,69.57,degraded,6,0,1,5,0.0071,2.8533,3.6806,0
PUMP-MONITOR,2026-01-10T23:05:00,481.44,3013.83,102.01,5.39,76.47,48.75,23.47,56.49,degraded,6,0,4,5,-0.3617,-4.8878,-7.6707,0
PUMP-MONITOR,2026-01-10T23:10:00,473.4,3008.7,116.43,4.78,86.48,51.41,24.34,60.42,degraded,6,0,3,5,-0.608,14.4258,10.0141,0
PUMP-MONITOR,2026-01-10T23:15:00,476.35,3164.52,110.52,5.63,79.78,52.53,25.02,67.18,critical,6,1,6,5,0.8472,-5.9081,-6.7004,1
PUMP-MONITOR,2026-01-10T23:20:00,484.05,3065.19,97.53,5.23,72.89,50.97,24.67,63.09,degraded,6,0,5,5,-0.4007,-12.9957,-6.8961,0
PUMP-MONITOR,2026-01-10T23:25:00,487.32,3201.0,105.39,5.68,82.94,54.13,26.38,80.23,critical,6,0,1,5,0.4437,7.8603,10.0539,1
PUMP-MONITOR,2026-01-10T23:30:00,476.34,3058.59,93.25,5.53,75.9,54.32,25.88,77.75,degraded,6,0,5,5,-0.1409,-12.1345,-7.0359,0
PUMP-MONITOR,2026-01-10T23:35:00,482.05,3075.49,92.55,5.46,76.0,53.26,25.68,75.76,degraded,6,0,5,5,-0.0746,-0.7021,0.0937,0
PUMP-MONITOR,2026-01-10T23:40:00,472.23,3137.22,93.64,4.53,71.86,50.5,23.85,66.02,degraded,6,0,5,5,-0.927,1.0834,-4.1384,0
PUMP-MONITOR,2026-01-10T23:45:00,482.78,3038.62,106.32,4.06,75.75,50.84,24.55,58.58,degraded,6,0,5,5,-0.4715,12.6811,3.8916,0
PUMP-MONITOR,2026-01-10T23:50:00,485.03,3108.11,102.44,6.19,75.55,54.45,26.41,69.2,degraded,6,0,5,5,2.1332,-3.8759,-0.1989,0
PUMP-MONITOR,2026-01-10T23:55:00,483.11,3047.94,108.23,6.4,73.93,53.7,25.94,79.06,degraded,6,0,2,5,0.2045,5.7854,-1.6276,0
PUMP-MONITOR,2026-01-11T00:00:00,471.23,3064.01,95.74,5.56,79.22,50.48,23.79,60.14,degraded,6,0,1,5,-0.8368,-12.4828,5.2946,0
PUMP-MONITOR,2026-01-11T00:05:00,487.46,3023.13,113.95,3.7,79.45,56.45,27.52,79.59,degraded,6,1,2,5,-1.8608,18.2059,0.226,0
PUMP-MONITOR,2026-01-11T00:10:00,476.19,3119.59,103.29,6.41,73.05,54.32,25.87,71.27,degraded,6,0,1,5,2.709,-10.6644,-6.3969,0
PUMP-MONITOR,2026-01-11T00:15:00,469.72,2972.74,102.5,6.33,84.8,51.7,24.29,76.73,critical,6,0,3,5,-0.0837,-0.7865,11.7501,1
PUMP-MONITOR,2026-01-11T00:20:00,483.16,3024.62,113.48,5.73,81.46,54.23,26.2,72.3,critical,6,0,4,5,-0.5976,10.9808,-3.3411,1
PUMP-MONITOR,2026-01-11T00:25:00,468.58,3163.89,106.97,5.84,83.75,48.5,22.72,56.96,critical,6,1,4,5,0.1119,-6.5105,2.2883,1
PUMP-MONITOR,2026-01-11T00:30:00,476.64,3137.29,94.13,5.62,80.06,51.36,24.48,68.02,degraded,6,0,4,5,-0.222,-12.8427,-3.6858,0
PUMP-MONITOR,2026-01-11T00:35:00,481.81,3072.58,105.13,4.7,85.2,54.28,26.15,70.82,degraded,6,0,3,5,-0.92,11.0079,5.1399,0
PUMP-MONITOR,2026-01-11T00:40:00,470.35,2979.86,115.52,6.18,71.92,54.23,25.51,80.69,degraded,6,0,1,5,1.4803,10.3896,-13.278,0
PUMP-MONITOR,2026-01-11T00:45:00,480.02,2944.57,92.58,5.46,74.79,53.52,25.69,65.19,degraded,6,0,2,5,-0.7227,-22.9436,2.8673,0
PUMP-MONITOR,2026-01-11T00:50:00,486.08,3017.98,99.58,6.14,85.89,55.43,26.94,76.02,critical,6,0,1,5,0.685,7.0007,11.0966,1
PUMP-MONITOR,2026-01-11T00:55:00,472.43,3218.72,92.27,6.48,78.67,51.97,24.55,77.11,critical,6,1,5,5,0.3415,-7.3094,-7.2212,1
PUMP-MONITOR,2026-01-11T01:00:00,476.9,2989.84,114.89,6.09,71.76,51.87,24.74,73.23,degraded,6,0,4,5,-0.3884,22.618,-6.9064,0
PUMP-MONITOR,2026-01-11T01:05:00,479.36,3103.62,106.39,5.98,76.73,50.99,24.44,70.37,degraded,6,1,6,5,-0.1188,-8.4979,4.9759,0
PUMP-MONITOR,2026-01-11T01:10:00,488.35,3067.67,113.73,5.05,72.25,53.61,26.18,60.87,degraded,6,0,2,5,-0.9257,7.3415,-4.4876,0
PUMP-MONITOR,2026-01-11T01:15:00,485.23,2942.56,96.45,4.5,83.24,52.13,25.29,57.19,degraded,6,1,4,5,-0.5536,-17.2782,10.989,0
PUMP-MONITOR,2026-01-11T01:20:00,469.22,3015.28,107.89,3.89,72.35,47.87,22.46,56.67,degraded,6,1,4,5,-0.6096,11.4351,-10.8854,0
PUMP-MONITOR,2026-01-11T01:25:00,472.27,3223.89,115.78,6.14,85.63,51.02,24.1,64.67,degraded,6,0,5,5,2.2504,7.8938,13.2793,0
PUMP-MONITOR,2026-01-11T01:30:00,471.68,3199.06,115.53,4.37,72.27,51.94,24.5,59.5,degraded,6,0,5,5,-1.7656,-0.2505,-13.362,0
PUMP-MONITOR,2026-01-11T01:35:00,480.41,3088.25,104.56,4.89,83.43,48.94,23.51,59.3,degraded,6,0,4,5,0.5181,-10.9724,11.1637,0
PUMP-MONITOR,2026-01-11T01:40:00,478.05,3093.7,97.39,3.63,75.17,50.12,23.96,64.45,degraded,6,0,5,5,-1.2567,-7.1658,-8.2651,0
PUMP-MONITOR,2026-01-11T01:45:00,488.24,3186.34,111.6,6.57,77.9,55.48,27.09,78.82,degraded,6,0,1,5,2.9362,14.2055,2.729,0
PUMP-MONITOR,2026-01-11T01:50:00,471.13,3089.18,115.9,6.3,83.14,54.0,25.44,76.04,critical,6,0,2,5,-0.2738,4.3007,5.2487,1
PUMP-MONITOR,2026-01-11T01:55:00,483.77,3177.38,93.61,5.63,80.39,52.73,25.51,67.49,degraded,6,0,2,5,-0.6605,-22.294,-2.7583,0
PUMP-MONITOR,2026-01-11T02:00:00,469.62,3129.65,109.51,6.19,74.59,51.24,24.06,58.65,degraded,6,0,3,5,0.5595,15.9039,-5.7963,0
PUMP-MONITOR,2026-01-11T02:05:00,484.99,3103.27,107.35,5.08,82.75,53.31,25.85,63.14,degraded,6,0,5,5,-1.1108,-2.1566,8.1645,0
PUMP-MONITOR,2026-01-11T02:10:00,475.82,3138.55,113.86,3.96,85.56,51.58,24.54,60.23,degraded,6,0,4,5,-1.1252,6.5046,2.8008,0
PUMP-MONITOR,2026-01-11T02:15:00,477.38,3131.84,112.62,4.29,85.84,52.84,25.23,75.34,degraded,6,0,3,5,0.3315,-1.2419,0.2823,0
PUMP-MONITOR,2026-01-11T02:20:00,476.96,3031.08,110.06,4.76,72.78,53.51,25.52,80.0,degraded,6,0,2,5,0.4697,-2.5616,-13.0597,0
PUMP-MONITOR,2026-01-11T02:25:00,482.39,3230.34,96.85,6.3,72.6,51.76,24.97,56.3,degraded,6,0,4,5,1.5386,-13.2071,-0.1795,0
PUMP-MONITOR,2026-01-11T02:30:00,469.04,3043.03,92.58,5.9,73.72,51.16,24.0,63.92,degraded,6,0,2,5,-0.3963,-4.2664,1.1238,0
PUMP-MONITOR,2026-01-11T02:35:00,475.7,2957.0,112.58,5.11,72.06,54.42,25.89,74.18,degraded,6,0,2,5,-0.7964,19.9936,-1.6575,0
PUMP-MONITOR,2026-01-11T02:40:00,488.2,3120.87,114.41,5.5,82.74,55.42,27.06,73.56,critical,6,0,4,5,0.3901,1.8362,10.6772,1
PUMP-MONITOR,2026-01-11T02:45:00,483.51,3147.68,106.67,6.1,80.43,49.2,23.79,59.32,degraded,6,0,1,5,0.6046,-7.7384,-2.3084,0
PUMP-MONITOR,2026-01-11T02:50:00,477.94,3005.49,103.93,3.95,75.79,54.22,25.91,80.13,degraded,6,1,3,5,-2.1489,-2.7382,-4.641,0
PUMP-MONITOR,2026-01-11T02:55:00,487.64,2945.31,105.7,3.76,81.75,54.41,26.53,77.97,degraded,6,1,2,5,-0.1893,1.7628,5.9548,0
PUMP-MONITOR,2026-01-11T03:00:00,484.44,3200.13,105.54,5.17,85.8,51.85,25.12,66.47,degraded,6,0,4,5,1.4038,-0.1564,4.0562,0
PUMP-MONITOR,2026-01-11T03:05:00,469.96,3159.0,112.85,4.46,85.0,50.77,23.86,73.85,degraded,6,1,6,5,-0.7045,7.3123,-0.8071,0
PUMP-MONITOR,2026-01-11T03:10:00,483.55,2952.22,92.6,4.91,81.45,55.34,26.76,80.31,critical,6,0,1,5,0.4503,-20.2511,-3.5505,1
PUMP-MONITOR,2026-01-11T03:15:00,468.49,3181.11,101.29,4.52,79.6,53.39,25.01,69.86,degraded,6,0,4,5,-0.3901,8.6834,-1.8477,0
PUMP-MONITOR,2026-01-11T03:20:00,486.98,2967.07,102.56,6.13,79.91,51.65,25.15,70.79,degraded,6,0,5,5,1.6137,1.2717,0.3154,0
PUMP-MONITOR,2026-01-11T03:25:00,479.44,3127.86,115.14,3.99,74.21,51.13,24.52,56.7,degraded,6,1,5,5,-2.1419,12.5782,-5.7066,0
PUMP-MONITOR,2026-01-11T03:30:00,472.72,3231.99,112.06,4.21,86.51,50.88,24.05,64.48,degraded,6,0,3,5,0.2214,-3.0721,12.3036,0
PUMP-MONITOR,2026-01-11T03:35:00,483.8,2994.92,106.45,6.4,79.95,53.46,25.87,80.54,critical,6,0,3,5,2.1838,-5.6171,-6.5621,1
PUMP-MONITOR,2026-01-11T03:40:00,474.11,3230.46,111.54,6.29,78.39,49.77,23.59,58.82,degraded,6,0,5,5,-0.113,5.0892,-1.5616,0
PUMP-MONITOR,2026-01-11T03:45:00,486.11,3091.96,111.65,5.93,84.98,53.79,26.15,63.63,critical,6,1,4,5,-0.355,0.1134,6.5922,1
PUMP-MONITOR,2026-01-11T03:50:00,478.83,3232.38,99.08,3.8,75.85,50.6,24.23,58.85,degraded,6,1,3,5,-2.1266,-12.5675,-9.1305,0
PUMP-MONITOR,2026-01-11T03:55:00,475.46,3073.3,107.71,4.44,80.12,53.11,25.25,68.78,degraded,6,2,4,5,0.6352,8.6315,4.268,0
PUMP-MONITOR,2026-01-11T04:00:00,478.44,2983.41,98.37,5.74,82.72,51.91,24.83,76.66,critical,6,1,4,5,1.304,-9.3388,2.6034,1
PUMP-MONITOR,2026-01-11T04:05:00,485.7,3017.86,95.72,6.51,83.7,53.4,25.93,60.96,degraded,6,0,1,5,0.7695,-2.6554,0.9849,0
PUMP-MONITOR,2026-01-11T04:10:00,477.78,3206.28,104.19,4.48,82.25,50.55,24.15,64.81,degraded,6,0,1,5,-2.0328,8.47,-1.4595,0
PUMP-MONITOR,2026-01-11T04:15:00,469.46,3141.64,103.26,4.49,81.08,50.36,23.64,57.21,degraded,6,0,3,5,0.0061,-0.9258,-1.1611,0
PUMP-MONITOR,2026-01-11T04:20:00,479.99,3129.14,105.16,3.79,85.01,51.1,24.53,66.26,degraded,6,0,2,5,-0.6919,1.9002,3.9263,0
PUMP-MONITOR,2026-01-11T04:25:00,471.04,2973.73,99.42,5.39,86.48,50.25,23.67,68.11,critical,6,1,2,5,1.6008,-5.7451,1.4742,1
PUMP-MONITOR,2026-01-11T04:30:00,482.36,3126.02,110.13,6.05,84.7,53.95,26.02,76.38,critical,6,0,4,5,0.6518,10.7074,-1.7856,1
PUMP-MONITOR,2026-01-11T04:35:00,479.61,3095.78,116.61,4.92,77.0,50.78,24.35,59.71,degraded,6,0,1,5,-1.126,6.482,-7.6973,0
PUMP-MONITOR,2026-01-11T04:40:00,473.28,3069.37,112.96,6.07,78.39,50.99,24.13,56.64,critical,6,1,2,5,1.1492,-3.6487,1.3842,1
PUMP-MONITOR,2026-01-11T04:45:00,480.84,3004.53,100.34,5.56,78.69,52.81,25.4,68.49,degraded,6,0,4,5,-0.5139,-12.6144,0.309,0
PUMP-MONITOR,2026-01-11T04:50:00,476.06,3240.91,115.43,5.92,86.19,51.28,24.41,69.57,degraded,6,0,2,5,0.3673,15.082,7.4931,0
PUMP-MONITOR,2026-01-11T04:55:00,476.75,3214.37,114.35,6.18,80.68,53.09,25.31,73.99,critical,6,0,4,5,0.2523,-1.0806,-5.5052,1
PUMP-MONITOR,2026-01-11T05:00:00,478.98,3087.58,115.12,5.4,75.7,53.28,25.52,76.2,degraded,6,0,5,5,-0.7767,0.7717,-4.979,0
PUMP-MONITOR,2026-01-11T05:05:00,481.72,3219.55,100.42,4.54,83.14,49.12,23.66,59.93,degraded,6,0,2,5,-0.8546,-14.6944,7.4379,0
PUMP-MONITOR,2026-01-11T05:10:00,478.16,3040.16,106.58,4.76,76.99,52.35,25.03,69.28,degraded,6,0,4,5,0.2145,6.1574,-6.1514,0
PUMP-MONITOR,2026-01-11T05:15:00,482.51,3115.76,111.96,6.46,77.55,52.22,25.2,66.75,degraded,6,0,2,5,1.699,5.3769,0.5622,0
PUMP-MONITOR,2026-01-11T05:20:00,486.16,3131.37,102.61,5.83,80.25,51.94,25.25,64.57,degraded,6,0,4,5,-0.6239,-9.3459,2.6967,0
PUMP-MONITOR,2026-01-11T05:25:00,475.96,3109.46,110.99,6.01,82.91,52.06,24.78,79.53,critical,6,0,1,5,0.1737,8.3743,2.6561,1
PUMP-MONITOR,2026-01-11T05:30:00,473.13,2982.63,102.14,4.61,72.71,49.42,23.38,59.4,degraded,6,0,5,5,-1.3931,-8.8456,-10.1996,0
PUMP-MONITOR,2026-01-11T05:35:00,471.13,3053.35,94.91,4.41,81.09,50.92,23.99,60.57,degraded,6,1,2,5,-0.2034,-7.2289,8.3823,0
PUMP-MONITOR,2026-01-11T05:40:00,476.36,3004.4,112.07,5.49,84.78,52.15,24.84,67.48,degraded,6,0,4,5,1.0825,17.1548,3.6883,0
PUMP-MONITOR,2026-01-11T05:45:00,474.08,3119.45,108.31,6.39,85.0,51.67,24.5,77.84,critical,6,1,5,5,0.9002,-3.756,0.2265,1
PUMP-MONITOR,2026-01-11T05:50:00,485.67,3054.53,110.55,5.63,85.19,52.0,25.25,58.68,degraded,6,0,4,5,-0.7678,2.2356,0.1882,0
PUMP-MONITOR,2026-01-11T05:55:00,482.61,3233.76,93.73,3.71,77.6,55.13,26.61,77.1,degraded,6,0,5,5,-1.917,-16.8205,-7.5899,0
PUMP-MONITOR,2026-01-11T06:00:00,482.55,2957.86,105.57,5.39,85.08,54.8,26.44,80.05,critical,6,0,3,5,1.6796,11.8418,7.4745,1
PUMP-MONITOR,2026-01-11T06:05:00,481.79,3082.95,104.51,6.32,80.29,51.23,24.68,71.98,critical,6,1,3,5,0.929,-1.0604,-4.7889,1
PUMP-MONITOR,2026-01-11T06:10:00,480.07,3215.92,111.81,5.65,73.18,53.75,25.81,78.28,degraded,6,0,1,5,-0.6723,7.3,-7.1023,0
PUMP-MONITOR,2026-01-11T06:15:00,473.27,3222.26,92.62,5.13,86.14,51.73,24.48,77.22,critical,6,0,3,5,-0.5137,-19.1898,12.9553,1
PUMP-MONITOR,2026-01-11T06:20:00,475.3,2992.33,103.99,4.39,82.31,51.27,24.37,59.62,degraded,6,1,3,5,-0.7415,11.3695,-3.8334,0
PUMP-MONITOR,2026-01-11T06:25:00,481.76,3150.83,96.74,5.9,81.82,52.93,25.5,67.19,degraded,6,0,3,5,1.5066,-7.2423,-0.4853,0
PUMP-MONITOR,2026-01-11T06:30:00,470.53,3240.54,101.33,5.4,81.89,50.47,23.75,73.15,critical,6,0,4,5,-0.497,4.5823,0.0644,1
PUMP-MONITOR,2026-01-11T06:35:00,470.85,3150.31,106.07,4.83,74.14,51.61,24.3,75.46,degraded,6,0,1,5,-0.5729,4.7386,-7.7468,0
PUMP-MONITOR,2026-01-11T06:40:00,482.2,3094.93,94.1,5.1,72.93,54.71,26.38,77.48,degraded,6,1,5,5,0.2691,-11.9684,-1.2119,0
PUMP-MONITOR,2026-01-11T06:45:00,473.51,3221.01,105.22,5.68,78.45,51.5,24.38,67.81,degraded,6,0,4,5,0.5803,11.1268,5.5232,0
PUMP-MONITOR,2026-01-11T06:50:00,478.65,3101.78,115.76,4.86,75.37,50.26,24.06,60.07,degraded,6,0,4,5,-0.8153,10.5338,-3.0749,0
PUMP-MONITOR,2026-01-11T06:55:00,479.02,3171.13,93.32,6.44,72.94,52.91,25.34,68.16,degraded,6,0,2,5,1.5842,-22.4342,-2.4394,0
PUMP-MONITOR,2026-01-11T07:00:00,484.26,3190.33,93.82,5.45,71.67,56.18,27.21,76.97,degraded,6,0,2,5,-0.9997,0.4922,-1.2631,0
PUMP-MONITOR,2026-01-11T07:05:00,480.21,3233.12,109.43,5.71,81.83,53.0,25.45,61.33,degraded,6,0,2,5,0.2624,15.6153,10.1602,0
PUMP-MONITOR,2026-01-11T07:10:00,484.33,3043.1,104.6,6.61,74.57,52.24,25.3,56.15,degraded,6,0,1,5,0.9056,-4.8265,-7.2657,0
PUMP-MONITOR,2026-01-11T07:15:00,483.29,3127.92,112.36,3.93,73.45,53.79,25.99,78.93,degraded,6,0,3,5,-2.6879,7.7604,-1.1164,0
PUMP-MONITOR,2026-01-11T07:20:00,487.58,3164.01,98.89,6.49,72.46,53.58,26.12,73.93,degraded,6,1,5,5,2.5611,-13.4744,-0.9886,0
PUMP-MONITOR,2026-01-11T07:25:00,470.64,3012.26,104.77,5.46,85.95,52.9,24.9,73.72,critical,6,0,4,5,-1.0282,5.8797,13.4876,1
PUMP-MONITOR,2026-01-11T07:30:00,478.96,3086.09,107.09,5.11,74.32,52.54,25.16,62.9,degraded,6,1,3,5,-0.3487,2.3201,-11.6305,0
PUMP-MONITOR,2026-01-11T07:35:00,477.02,3081.63,100.08,4.23,82.55,53.08,25.32,75.94,degraded,6,0,5,5,-0.8773,-7.0143,8.2312,0
PUMP-MONITOR,2026-01-11T07:40:00,481.97,3217.9,102.74,4.23,76.8,50.43,24.3,66.47,degraded,6,0,1,5,0.0009,2.6676,-5.7549,0
PUMP-MONITOR,2026-01-11T07:45:00,478.98,2983.85,104.1,5.35,84.3,50.42,24.15,64.8,degraded,6,0,4,5,1.1191,1.3592,7.5098,0
PUMP-MONITOR,2026-01-11T07:50:00,477.33,2980.61,113.06,5.17,73.26,52.02,24.83,72.61,degraded,6,0,4,5,-0.1862,8.96,-11.046,0
PUMP-MONITOR,2026-01-11T07:55:00,484.69,3189.46,98.3,4.32,80.17,53.53,25.95,73.65,degraded,6,1,2,5,-0.8494,-14.7585,6.9152,0
PUMP-MONITOR,2026-01-11T08:00:00,484.53,2980.73,108.69,4.41,81.16,52.83,25.6,60.24,degraded,6,0,2,5,0.0888,10.3879,0.9858,0
PUMP-MONITOR,2026-01-11T08:05:00,477.19,2956.62,93.45,4.47,79.02,48.63,23.21,59.03,degraded,6,0,2,5,0.0603,-15.2411,-2.1414,0
PUMP-MONITOR,2026-01-11T08:10:00,478.53,3136.03,97.05,3.88,74.02,55.94,26.77,80.28,degraded,6,0,3,5,-0.5895,3.5948,-4.997,0
PUMP-MONITOR,2026-01-11T08:15:00,475.12,3087.38,116.03,6.51,81.67,51.07,24.26,66.36,degraded,6,0,2,5,2.6355,18.98,7.6528,0
PUMP-MONITOR,2026-01-11T08:20:00,478.5,3002.42,102.56,4.28,79.34,51.64,24.71,74.5,degraded,6,1,5,5,-2.2289,-13.4663,-2.3361,0
PUMP-MONITOR,2026-01-11T08:25:00,478.01,2984.3,96.76,5.09,77.82,53.97,25.8,70.15,degraded,6,0,2,5,0.8076,-5.7978,-1.517,0
PUMP-MONITOR,2026-01-11T08:30:00,483.55,3070.27,109.37,6.12,84.19,51.23,24.77,64.95,degraded,6,0,2,5,1.032,12.6058,6.3718,0
PUMP-MONITOR,2026-01-11T08:35:00,480.97,3050.26,105.41,5.63,73.15,51.07,24.56,65.98,degraded,6,0,1,5,-0.4885,-3.9608,-11.0411,0
PUMP-MONITOR,2026-01-11T08:40:00,468.87,3163.78,111.16,6.27,85.02,52.17,24.46,74.25,critical,6,0,2,5,0.6339,5.7488,11.8643,1
PUMP-MONITOR,2026-01-11T08:45:00,474.55,3226.81,106.6,5.39,78.71,49.49,23.49,58.74,degraded,6,0,2,5,-0.8786,-4.5532,-6.302,0
PUMP-MONITOR,2026-01-11T08:50:00,471.14,3183.87,109.09,4.07,84.67,52.56,24.76,73.87,degraded,6,0,2,5,-1.3187,2.4904,5.957,0
PUMP-MONITOR,2026-01-11T08:55:00,486.17,3214.15,108.1,3.81,84.19,51.86,25.21,68.57,degraded,6,0,3,5,-0.2647,-0.9877,-0.4785,0
PUMP-MONITOR,2026-01-11T09:00:00,480.7,3165.51,106.59,5.02,72.97,51.71,24.86,61.1,degraded,6,0,4,5,1.2182,-1.5183,-11.2258,0
PUMP-MONITOR,2026-01-11T09:05:00,483.86,3152.79,91.77,4.78,81.5,51.97,25.15,62.4,degraded,6,0,3,5,-0.2424,-14.8214,8.5358,0
PUMP-MONITOR,2026-01-11T09:10:00,475.78,3152.21,100.4,5.04,72.88,53.62,25.51,74.0,degraded,6,0,3,5,0.2573,8.6317,-8.6264,0
PUMP-MONITOR,2026-01-11T09:15:00,472.56,3183.56,110.02,6.55,82.34,52.46,24.79,67.68,degraded,6,0,2,5,1.5101,9.6188,9.4656,0
PUMP-MONITOR,2026-01-11T09:20:00,488.21,3071.23,94.69,5.43,79.69,50.06,24.44,63.09,degraded,6,0,1,5,-1.1175,-15.3234,-2.6524,0
PUMP-MONITOR,2026-01-11T09:25:00,469.95,2991.48,92.36,3.77,82.6,50.93,23.93,74.64,degraded,6,0,2,5,-1.6581,-2.3336,2.9077,0
PUMP-MONITOR,2026-01-11T09:30:00,486.88,3059.67,91.71,4.03,76.7,52.61,25.62,56.39,degraded,6,0,5,5,0.2566,-0.6524,-5.9,0
PUMP-MONITOR,2026-01-11T09:35:00,484.31,2973.15,109.33,4.03,76.9,52.8,25.57,60.57,degraded,6,0,5,5,-0.0005,17.6196,0.1986,0
PUMP-MONITOR,2026-01-11T09:40:00,487.13,2964.13,97.09,6.55,79.97,51.88,25.27,62.28,critical,6,1,4,5,2.5155,-12.2348,3.0745,1
PUMP-MONITOR,2026-01-11T09:45:00,481.82,3176.58,107.91,5.09,83.89,51.94,25.03,67.99,critical,6,1,3,5,-1.4593,10.814,3.9154,1
PUMP-MONITOR,2026-01-11T09:50:00,485.01,3048.2,104.66,5.2,85.93,48.73,23.64,56.09,critical,6,1,6,5,0.1132,-3.2402,2.0481,1
PUMP-MONITOR,2026-01-11T09:55:00,472.37,3232.88,109.44,6.23,73.1,50.81,24.0,64.53,degraded,6,0,2,5,1.0336,4.7729,-12.8323,0
PUMP-MONITOR,2026-01-11T10:00:00,483.13,3036.95,92.84,3.97,73.21,52.04,25.14,64.05,degraded,6,0,1,5,-2.2669,-16.601,0.1099,0
PUMP-MONITOR,2026-01-11T10:05:00,476.4,3150.65,115.03,3.92,73.68,52.4,24.96,80.95,degraded,6,0,3,5,-0.0406,22.1957,0.472,0
PUMP-MONITOR,2026-01-11T10:10:00,468.34,2976.34,115.05,6.41,78.05,54.56,25.55,75.31,critical,6,0,5,5,2.4853,0.0149,4.3682,1
PUMP-MONITOR,2026-01-11T10:15:00,482.6,3037.11,114.27,4.87,72.95,52.33,25.26,59.83,degraded,6,0,2,5,-1.5409,-0.7786,-5.0988,0
PUMP-MONITOR,2026-01-11T10:20:00,471.63,3161.48,97.57,4.05,79.86,54.28,25.6,75.48,degraded,6,0,5,5,-0.82,-16.7036,6.9066,0
PUMP-MONITOR,2026-01-11T10:25:00,483.03,3203.69,91.7,5.63,83.33,55.04,26.59,78.91,critical,6,0,1,5,1.5761,-5.8623,3.468,1
PUMP-MONITOR,2026-01-11T10:30:00,470.62,2983.16,112.69,6.46,86.24,51.29,24.14,59.87,critical,6,1,6,5,0.8391,20.9921,2.9127,1
PUMP-MONITOR,2026-01-11T10:35:00,469.27,2991.37,115.78,5.17,82.5,50.76,23.82,64.45,degraded,6,0,3,5,-1.2948,3.0894,-3.7369,0
PUMP-MONITOR,2026-01-11T10:40:00,470.77,2980.28,98.93,4.47,79.66,51.94,24.45,60.73,degraded,6,0,5,5,-0.6984,-16.8574,-2.8428,0
PUMP-MONITOR,2026-01-11T10:45:00,473.01,3190.93,110.34,5.63,72.85,51.71,24.46,64.86,degraded,6,0,2,5,1.1578,11.4179,-6.8077,0
PUMP-MONITOR,2026-01-11T10:50:00,473.42,3205.59,110.23,4.72,79.52,50.78,24.04,70.14,degraded,6,0,2,5,-0.911,-0.1103,6.6631,0
PUMP-MONITOR,2026-01-11T10:55:00,482.47,3006.27,93.96,3.86,83.1,50.73,24.48,68.09,degraded,6,0,2,5,-0.8613,-16.2722,3.5889,0
PUMP-MONITOR,2026-01-11T11:00:00,481.46,3013.54,105.9,4.3,81.26,52.17,25.12,58.18,degraded,6,0,1,5,0.4435,11.9394,-1.8482,0
PUMP-MONITOR,2026-01-11T11:05:00,482.2,3150.5,92.74,5.53,73.98,52.51,25.32,68.35,degraded,6,0,2,5,1.2304,-13.1606,-7.278,0
PUMP-MONITOR,2026-01-11T11:10:00,472.66,3203.22,92.84,4.94,86.27,55.64,26.3,79.42,critical,6,0,1,5,-0.5911,0.0973,12.2924,1
PUMP-MONITOR,2026-01-11T11:15:00,483.4,3238.03,112.5,4.84,74.24,53.96,26.09,66.99,degraded,6,0,5,5,-0.0953,19.6625,-12.029,0
PUMP-MONITOR,2026-01-11T11:20:00,480.77,3096.25,114.87,5.19,77.32,52.91,25.44,73.32,degraded,6,1,3,5,0.3492,2.3671,3.0813,0
PUMP-MONITOR,2026-01-11T11:25:00,468.87,3119.27,104.34,4.29,84.24,48.51,22.75,60.18,degraded,6,0,4,5,-0.9009,-10.5329,6.9135,0
PUMP-MONITOR,2026-01-11T11:30:00,485.61,3071.88,99.07,5.41,85.71,53.8,26.12,80.5,critical,6,0,5,5,1.1121,-5.2693,1.4741,1
PUMP-MONITOR,2026-01-11T11:35:00,470.05,3135.08,100.27,5.6,76.82,52.72,24.78,79.29,degraded,6,0,4,5,0.1929,1.2062,-8.891,0
PUMP-MONITOR,2026-01-11T11:40:00,475.86,3138.66,101.14,3.79,84.44,52.9,25.17,72.34,degraded,6,0,4,5,-1.8037,0.8708,7.6201,0
PUMP-MONITOR,2026-01-11T11:45:00,475.72,3224.94,102.17,5.24,82.57,50.89,24.21,61.71,degraded,6,0,1,5,1.4464,1.0291,-1.8691,0
PUMP-MONITOR,2026-01-11T11:50:00,481.57,2963.9,103.37,6.44,79.73,51.02,24.57,56.19,degraded,6,0,4,5,1.2009,1.1976,-2.8399,0
PUMP-MONITOR,2026-01-11T11:55:00,481.64,2958.23,99.6,5.74,85.03,51.38,24.75,73.05,critical,6,0,4,5,-0.7023,-3.7725,5.3038,1
PUMP-MONITOR,2026-01-11T12:00:00,487.38,2968.27,106.48,6.31,74.59,53.08,25.87,72.72,degraded,6,0,4,5,0.57,6.8868,-10.444,0
PUMP-MONITOR,2026-01-11T12:05:00,474.5,3217.01,108.0,6.57,78.69,53.51,25.39,79.79,critical,6,0,1,5,0.2599,1.5136,4.099,1
PUMP-MONITOR,2026-01-11T12:10:00,488.23,2997.5,98.22,5.58,77.77,55.14,26.92,74.56,degraded,6,0,4,5,-0.9881,-9.775,-0.9192,0
PUMP-MONITOR,2026-01-11T12:15:00,473.74,3080.98,104.95,5.45,77.06,52.02,24.64,75.67,degraded,6,0,5,5,-0.1295,6.7316,-0.7126,0
PUMP-MONITOR,2026-01-11T12:20:00,472.35,3169.45,116.34,5.18,85.29,54.51,25.75,76.61,critical,6,0,5,5,-0.2761,11.386,8.2362,1
PUMP-MONITOR,2026-01-11T12:25:00,486.34,2951.95,102.28,6.19,78.27,52.25,25.41,70.7,degraded,6,0,3,5,1.0126,-14.0599,-7.0243,0
PUMP-MONITOR,2026-01-11T12:30:00,468.77,3154.16,110.07,6.1,79.57,49.84,23.36,60.51,degraded,6,0,2,5,-0.0882,7.7907,1.303,0
PUMP-MONITOR,2026-01-11T12:35:00,471.59,3208.37,105.0,4.25,72.01,53.77,25.36,75.65,degraded,6,0,5,5,-1.8479,-5.0663,-7.565,0
PUMP-MONITOR,2026-01-11T12:40:00,471.8,2996.89,107.01,6.35,74.73,54.81,25.86,75.0,degraded,6,0,1,5,2.0944,2.0054,2.721,0
PUMP-MONITOR,2026-01-11T12:45:00,483.21,3096.1,111.42,4.68,75.07,53.24,25.73,68.04,degraded,6,0,1,5,-1.6688,4.4092,0.3369,0
PUMP-MONITOR,2026-01-11T12:50:00,486.6,3219.38,114.68,3.91,79.73,54.65,26.59,75.43,degraded,6,0,4,5,-0.7669,3.2651,4.6643,0
PUMP-MONITOR,2026-01-11T12:55:00,476.85,3147.03,109.39,3.66,84.76,52.73,25.14,77.34,degraded,6,0,4,5,-0.2499,-5.297,5.0252,0
PUMP-MONITOR,2026-01-11T13:00:00,473.33,3040.7,93.07,5.53,77.05,51.41,24.33,70.01,degraded,6,0,4,5,1.8702,-16.3138,-7.7049,0
PUMP-MONITOR,2026-01-11T13:05:00,471.02,2995.05,93.44,5.35,75.82,55.7,26.23,80.41,degraded,6,1,5,5,-0.1826,0.365,-1.2253,0
PUMP-MONITOR,2026-01-11T13:10:00,473.44,3157.64,109.73,3.86,72.84,48.19,22.82,56.43,degraded,6,0,4,5,-1.4863,16.2894,-2.9831,0
PUMP-MONITOR,2026-01-11T13:15:00,486.78,2959.11,116.43,4.04,75.56,55.4,26.97,78.39,degraded,6,0,2,5,0.1772,6.6987,2.7231,0
PUMP-MONITOR,2026-01-11T13:20:00,476.92,3021.86,98.42,5.2,85.63,51.93,24.77,62.45,degraded,6,0,2,5,1.1596,-18.0053,10.069,0
PUMP-MONITOR,2026-01-11T13:25:00,469.3,3126.71,93.38,4.06,81.32,52.42,24.6,78.79,degraded,6,0,3,5,-1.1415,-5.0443,-4.3141,0
PUMP-MONITOR,2026-01-11T13:30:00,470.15,3166.3,103.51,4.39,73.71,50.35,23.67,61.88,degraded,6,0,3,5,0.3291,10.1356,-7.6053,0
PUMP-MONITOR,2026-01-11T13:35:00,476.47,3108.55,102.5,6.1,82.46,53.59,25.53,77.53,critical,6,0,2,5,1.7154,-1.0136,8.7499,1
PUMP-MONITOR,2026-01-11T13:40:00,478.84,3024.66,115.61,5.58,81.31,51.86,24.83,63.94,degraded,6,0,3,5,-0.5247,13.1114,-1.1541,0
PUMP-MONITOR,2026-01-11T13:45:00,479.66,2977.79,113.25,3.83,86.57,50.35,24.15,68.73,degraded,6,0,5,5,-1.7465,-2.3634,5.2643,0
PUMP-MONITOR,2026-01-11T13:50:00,485.79,3089.95,107.42,5.52,78.96,51.54,25.04,69.66,degraded,6,0,3,5,1.6916,-5.8231,-7.6185,0
PUMP-MONITOR,2026-01-11T13:55:00,481.64,3119.36,96.24,6.15,77.83,56.22,27.08,78.53,degraded,6,0,2,5,0.6262,-11.1792,-1.1211,0
PUMP-MONITOR,2026-01-11T14:00:00,476.42,2967.36,96.8,6.11,86.07,52.63,25.07,74.7,critical,6,0,5,5,-0.0381,0.5511,8.2397,1
PUMP-MONITOR,2026-01-11T14:05:00,485.75,3148.17,98.98,5.47,81.97,55.13,26.78,71.15,degraded,6,0,2,5,-0.6384,2.1876,-4.1053,0
PUMP-MONITOR,2026-01-11T14:10:00,485.49,3117.37,110.27,6.58,72.02,51.91,25.2,62.49,degraded,6,0,2,5,1.1104,11.2827,-9.9532,0
PUMP-MONITOR,2026-01-11T14:15:00,488.28,3201.83,106.39,4.2,82.12,53.97,26.35,71.48,degraded,6,0,5,5,-2.386,-3.8775,10.1003,0
PUMP-MONITOR,2026-01-11T14:20:00,484.73,3239.46,95.73,3.91,75.48,50.83,24.64,63.21,degraded,6,0,4,5,-0.2888,-10.6549,-6.6396,0
PUMP-MONITOR,2026-01-11T14:25:00,477.95,3197.81,94.84,3.93,73.81,50.77,24.26,70.39,degraded,6,0,1,5,0.0247,-0.8968,-1.6691,0
PUMP-MONITOR,2026-01-11T14:30:00,469.48,2946.82,106.69,5.04,79.79,50.57,23.74,59.4,degraded,6,0,3,5,1.1101,11.8568,5.9779,0
PUMP-MONITOR,2026-01-11T14:35:00,473.57,3167.24,100.31,6.53,77.21,55.06,26.07,80.93,degraded,6,0,2,5,1.4864,-6.3786,-2.5794,0
PUMP-MONITOR,2026-01-11T14:40:00,486.93,2980.42,104.03,4.48,72.88,54.11,26.35,68.44,degraded,6,0,4,5,-2.0463,3.7104,-4.324,0
PUMP-MONITOR,2026-01-11T14:45:00,482.55,3045.04,101.6,6.15,72.92,51.31,24.76,63.75,degraded,6,0,4,5,1.6691,-2.4209,0.0353,0
PUMP-MONITOR,2026-01-11T14:50:00,483.85,3056.94,109.92,4.78,74.87,48.9,23.66,58.09,degraded,6,0,5,5,-1.3733,8.3128,1.9561,0
PUMP-MONITOR,2026-01-11T14:55:00,482.12,3240.74,96.62,5.52,84.54,52.95,25.53,77.82,critical,6,0,4,5,0.7461,-13.2977,9.6672,1
PUMP-MONITOR,2026-01-11T15:00:00,477.9,2971.61,92.86,4.45,77.08,54.16,25.89,80.67,degraded,6,0,3,5,-1.0714,-3.7623,-7.4567,0
PUMP-MONITOR,2026-01-11T15:05:00,472.08,3011.2,102.77,6.1,80.47,53.91,25.45,76.15,critical,6,0,2,5,1.6499,9.9119,3.3906,1
PUMP-MONITOR,2026-01-11T15:10:00,476.64,3038.08,111.62,5.38,81.14,52.36,24.96,80.06,critical,6,0,3,5,-0.7191,8.8517,0.662,1
PUMP-MONITOR,2026-01-11T15:15:00,483.94,3020.75,116.16,6.25,82.3,53.42,25.85,63.07,critical,6,1,6,5,0.8691,4.5378,1.164,1
PUMP-MONITOR,2026-01-11T15:20:00,482.42,3176.09,112.12,6.3,77.1,50.28,24.26,64.45,degraded,6,0,3,5,0.0447,-4.0345,-5.2015,0
PUMP-MONITOR,2026-01-11T15:25:00,481.38,3054.42,112.88,4.14,81.89,53.67,25.84,71.15,degraded,6,0,3,5,-2.1534,0.7598,4.7913,0
PUMP-MONITOR,2026-01-11T15:30:00,477.4,2981.87,104.66,5.63,80.27,53.27,25.43,70.76,critical,6,1,2,5,1.4854,-8.2199,-1.6188,1
PUMP-MONITOR,2026-01-11T15:35:00,481.19,2956.06,113.49,5.92,79.4,55.55,26.73,75.92,critical,6,0,2,5,0.2904,8.8275,-0.8705,1
PUMP-MONITOR,2026-01-11T15:40:00,476.64,3213.56,105.95,4.3,81.19,53.09,25.31,75.45,degraded,6,0,5,5,-1.625,-7.5404,1.7911,0
PUMP-MONITOR,2026-01-11T15:45:00,486.32,3111.02,113.91,5.73,73.78,51.38,24.99,59.04,degraded,6,0,2,5,1.432,7.9606,-7.413,0
PUMP-MONITOR,2026-01-11T15:50:00,486.01,2976.64,115.24,4.62,72.09,54.69,26.58,78.78,degraded,6,1,4,5,-1.1044,1.3279,-1.6881,0
PUMP-MONITOR,2026-01-11T15:55:00,483.36,3104.83,105.41,3.69,81.28,52.78,25.51,70.86,degraded,6,0,2,5,-0.9333,-9.8259,9.184,0
PUMP-MONITOR,2026-01-11T16:00:00,481.11,3218.34,95.84,5.22,72.83,51.0,24.54,65.77,degraded,6,1,2,5,1.5299,-9.5719,-8.4432,0
PUMP-MONITOR,2026-01-11T16:05:00,470.14,3094.72,109.51,5.81,82.54,51.6,24.26,72.65,critical,6,1,5,5,0.5901,13.6716,9.7114,1
PUMP-MONITOR,2026-01-11T16:10:00,476.37,3043.93,100.26,5.13,73.19,54.8,26.11,79.35,degraded,6,1,2,5,-0.6749,-9.251,-9.3566,0
PUMP-MONITOR,2026-01-11T16:15:00,474.41,2949.95,101.79,6.32,75.35,51.57,24.47,74.92,degraded,6,0,4,5,1.1874,1.5254,2.1661,0
PUMP-MONITOR,2026-01-11T16:20:00,468.37,3222.58,115.34,4.27,78.87,51.85,24.28,68.39,degraded,6,0,3,5,-2.0544,13.5527,3.5207,0
PUMP-MONITOR,2026-01-11T16:25:00,484.42,3213.28,112.51,5.42,74.22,50.16,24.3,59.89,degraded,6,0,5,5,1.148,-2.8254,-4.6514,0
PUMP-MONITOR,2026-01-11T16:30:00,485.78,3059.53,103.3,5.5,76.39,50.66,24.61,59.61,degraded,6,0,2,5,0.0846,-9.219,2.1671,0
PUMP-MONITOR,2026-01-11T16:35:00,483.99,3084.02,111.69,6.3,84.05,52.05,25.19,61.88,degraded,6,0,2,5,0.8,8.3951,7.6634,0
PUMP-MONITOR,2026-01-11T16:40:00,471.31,3188.57,103.53,6.48,80.21,51.4,24.23,58.29,critical,6,1,3,5,0.184,-8.1576,-3.842,1
PUMP-MONITOR,2026-01-11T16:45:00,477.01,3095.34,105.21,4.51,77.7,52.1,24.85,74.25,degraded,6,0,1,5,-1.9718,1.6809,-2.5089,0
PUMP-MONITOR,2026-01-11T16:50:00,485.94,3138.26,102.45,6.55,86.43,53.65,26.07,77.17,critical,6,1,6,5,2.0408,-2.761,8.7234,1
PUMP-MONITOR,2026-01-11T16:55:00,470.58,3174.1,112.46,6.5,72.12,49.86,23.47,67.83,degraded,6,0,2,5,-0.0542,10.0032,-14.3007,0
PUMP-MONITOR,2026-01-11T17:00:00,485.53,3138.49,108.63,6.27,76.51,52.11,25.3,66.68,degraded,6,0,2,5,-0.2293,-3.8305,4.3822,0
PUMP-MONITOR,2026-01-11T17:05:00,471.98,2963.57,115.36,4.79,76.03,52.9,24.97,64.8,degraded,6,0,1,5,-1.4829,6.7332,-0.4773,0
PUMP-MONITOR,2026-01-11T17:10:00,472.18,2994.6,100.86,5.96,82.77,52.25,24.67,80.45,critical,6,0,3,5,1.1716,-14.4951,6.7377,1
PUMP-MONITOR,2026-01-11T17:15:00,469.08,3167.67,113.61,3.98,78.94,53.07,24.89,77.73,degraded,6,1,2,5,-1.975,12.745,-3.8293,0
PUMP-MONITOR,2026-01-11T17:20:00,476.83,3138.49,92.79,4.07,86.36,51.35,24.48,72.53,degraded,6,0,5,5,0.0907,-20.8174,7.4225,0
PUMP-MONITOR,2026-01-11T17:25:00,471.63,2985.13,101.51,5.63,78.64,54.31,25.61,75.77,critical,6,0,2,5,1.5559,8.7227,-7.7181,1
PUMP-MONITOR,2026-01-11T17:30:00,478.06,3091.5,96.89,5.54,74.19,49.48,23.66,60.48,degraded,6,1,6,5,-0.0905,-4.6284,-4.4531,0
PUMP-MONITOR,2026-01-11T17:35:00,484.33,3169.58,108.81,3.92,77.77,55.78,27.01,80.31,degraded,6,0,1,5,-1.6227,11.9228,3.5839,0
PUMP-MONITOR,2026-01-11T17:40:00,476.95,3126.19,110.9,3.71,84.79,51.93,24.77,67.21,degraded,6,0,3,5,-0.2095,2.0898,7.0185,0
PUMP-MONITOR,2026-01-11T17:45:00,471.77,3034.64,113.93,6.01,86.62,53.77,25.37,80.34,critical,6,0,1,5,2.2979,3.0268,1.8333,1
PUMP-MONITOR,2026-01-11T17:50:00,475.27,3150.64,113.32,4.65,79.05,52.97,25.17,72.46,critical,6,2,4,5,-1.3573,-0.6048,-7.5705,1
PUMP-MONITOR,2026-01-11T17:55:00,473.47,3196.9,113.05,3.99,72.69,51.63,24.45,72.37,degraded,6,0,2,5,-0.656,-0.2752,-6.3615,0
PUMP-MONITOR,2026-01-11T18:00:00,485.35,3056.54,105.1,3.73,82.26,50.65,24.58,60.84,degraded,6,0,2,5,-0.2602,-7.9409,9.572,0
PUMP-MONITOR,2026-01-11T18:05:00,481.96,3138.26,113.36,5.81,77.92,51.36,24.75,71.1,degraded,6,0,1,5,2.0764,8.2561,-4.3467,0
PUMP-MONITOR,2026-01-11T18:10:00,486.04,2999.38,115.19,4.65,76.6,54.0,26.24,75.15,degraded,6,0,3,5,-1.1583,1.8268,-1.3201,0
PUMP-MONITOR,2026-01-11T18:15:00,478.57,3022.11,96.21,5.54,77.69,53.03,25.38,63.25,degraded,6,0,2,5,0.8877,-18.977,1.0948,0
PUMP-MONITOR,2026-01-11T18:20:00,479.52,3193.94,94.57,5.82,74.42,51.48,24.69,56.35,degraded,6,0,4,5,0.2843,-1.6448,-3.2721,0
PUMP-MONITOR,2026-01-11T18:25:00,472.82,3134.0,95.98,3.79,77.82,53.9,25.49,74.18,degraded,6,0,1,5,-2.0339,1.4177,3.3988,0
PUMP-MONITOR,2026-01-11T18:30:00,476.66,3042.99,100.68,5.87,72.01,52.67,25.11,74.77,degraded,6,0,2,5,2.0824,4.6996,-5.809,0
PUMP-MONITOR,2026-01-11T18:35:00,475.51,3045.3,95.22,4.92,72.96,49.91,23.73,62.14,degraded,6,0,3,5,-0.9464,-5.4622,0.9519,0
PUMP-MONITOR,2026-01-11T18:40:00,468.4,3213.13,106.19,4.13,72.99,49.38,23.13,57.2,degraded,6,0,5,5,-0.7941,10.9688,0.0247,0
PUMP-MONITOR,2026-01-11T18:45:00,477.32,3116.02,114.3,6.17,72.31,54.96,26.23,80.72,degraded,6,0,4,5,2.0377,8.1137,-0.678,0
PUMP-MONITOR,2026-01-11T18:50:00,472.28,3236.22,112.86,6.18,76.25,52.53,24.81,72.74,degraded,6,2,3,5,0.0133,-1.4402,3.9377,0
PUMP-MONITOR,2026-01-11T18:55:00,481.61,3041.0,97.79,6.39,72.26,53.05,25.55,78.03,degraded,6,0,3,5,0.2044,-15.0699,-3.9821,0
PUMP-MONITOR,2026-01-11T19:00:00,482.51,3122.73,101.32,6.13,72.17,52.39,25.28,63.41,degraded,6,1,4,5,-0.2544,3.5229,-0.0925,0
PUMP-MONITOR,2026-01-11T19:05:00,482.47,2969.07,112.74,6.36,80.63,50.74,24.48,63.52,degraded,6,0,2,5,0.229,11.4198,8.456,0
PUMP-MONITOR,2026-01-11T19:10:00,483.23,2966.94,97.46,4.37,80.66,52.33,25.29,56.37,degraded,6,1,3,5,-1.986,-15.2728,0.0314,0
PUMP-MONITOR,2026-01-11T19:15:00,472.01,3143.13,96.76,6.06,82.11,50.96,24.06,64.22,degraded,6,0,3,5,1.6875,-0.7046,1.4508,0
PUMP-MONITOR,2026-01-11T19:20:00,482.56,3200.72,99.45,4.31,86.2,52.85,25.5,60.02,degraded,6,0,2,5,-1.7557,2.6964,4.0849,0
PUMP-MONITOR,2026-01-11T19:25:00,471.15,3200.66,115.63,5.01,79.43,52.56,24.76,73.88,critical,6,0,2,5,0.706,16.1735,-6.765,1
PUMP-MONITOR,2026-01-11T19:30:00,470.77,3062.88,103.66,6.57,76.18,50.48,23.76,68.98,degraded,6,0,4,5,1.5582,-11.97,-3.2499,0
PUMP-MONITOR,2026-01-11T19:35:00,487.97,3083.39,99.42,4.79,80.45,54.95,26.82,71.13,degraded,6,0,2,5,-1.7748,-4.2412,4.2666,0
PUMP-MONITOR,2026-01-11T19:40:00,468.94,3086.9,112.79,5.67,73.44,51.86,24.32,77.97,degraded,6,1,2,5,0.8785,13.37,-7.0111,0
PUMP-MONITOR,2026-01-11T19:45:00,479.39,3160.26,111.14,5.01,84.42,55.15,26.44,78.54,critical,6,1,3,5,-0.6674,-1.6499,10.9818,1
PUMP-MONITOR,2026-01-11T19:50:00,482.67,3063.55,96.66,6.0,84.74,50.94,24.59,59.19,critical,6,1,5,5,0.9931,-14.4778,0.3258,1
PUMP-MONITOR,2026-01-11T19:55:00,473.1,3121.19,114.65,6.06,78.28,52.56,24.87,70.58,degraded,6,0,1,5,0.0619,17.9946,-6.4636,0
PUMP-MONITOR,2026-01-11T20:00:00,468.6,3209.74,110.03,4.65,79.82,50.06,23.46,69.37,degraded,6,0,3,5,-1.407,-4.6284,1.5354,0
PUMP-MONITOR,2026-01-11T20:05:00,468.26,3096.41,95.39,3.89,85.87,49.12,23.0,62.29,degraded,6,0,1,5,-0.7681,-14.6308,6.0595,0
PUMP-MONITOR,2026-01-11T20:10:00,479.26,3097.68,115.91,4.13,73.61,48.5,23.24,57.35,degraded,6,0,5,5,0.2473,20.5165,-12.2604,0
PUMP-MONITOR,2026-01-11T20:15:00,469.66,3148.81,91.97,4.58,78.0,53.04,24.91,70.34,degraded,6,0,3,5,0.443,-23.9391,4.3866,0
PUMP-MONITOR,2026-01-11T20:20:00,480.6,3151.51,109.16,4.84,75.65,53.32,25.62,64.93,degraded,6,1,6,5,0.2667,17.1846,-2.3508,0
PUMP-MONITOR,2026-01-11T20:25:00,481.92,3188.83,105.42,6.31,85.08,53.07,25.57,64.58,degraded,6,0,5,5,1.4646,-3.7344,9.4259,0
PUMP-MONITOR,2026-01-11T20:30:00,477.92,3097.55,96.28,4.65,83.8,49.8,23.8,65.93,degraded,6,0,1,5,-1.6536,-9.1475,-1.2798,0
PUMP-MONITOR,2026-01-11T20:35:00,487.74,3119.1,99.53,6.4,76.64,56.2,27.41,78.45,degraded,6,0,5,5,1.7487,3.2567,-7.1553,0
PUMP-MONITOR,2026-01-11T20:40:00,482.4,3104.67,96.09,6.26,74.08,51.32,24.76,68.16,degraded,6,1,4,5,-0.1406,-3.4384,-2.5644,0
PUMP-MONITOR,2026-01-11T20:45:00,470.77,3024.15,115.04,5.82,83.65,53.15,25.02,68.89,degraded,6,0,3,5,-0.4401,18.9449,9.5713,0
PUMP-MONITOR,2026-01-11T20:50:00,479.13,3013.52,108.84,6.3,74.72,52.86,25.33,69.82,degraded,6,0,2,5,0.4825,-6.194,-8.9269,0
PUMP-MONITOR,2026-01-11T20:55:00,473.83,3010.65,114.41,4.05,83.45,50.39,23.88,67.33,degraded,6,0,3,5,-2.2528,5.5673,8.733,0
PUMP-MONITOR,2026-01-11T21:00:00,480.98,3058.3,108.55,6.24,79.85,52.45,25.23,65.76,degraded,6,0,4,5,2.1916,-5.8607,-3.6023,0
PUMP-MONITOR,2026-01-11T21:05:00,485.24,3084.53,95.81,4.2,81.39,51.36,24.92,68.34,degraded,6,0,5,5,-2.0463,-12.737,1.5371,0
PUMP-MONITOR,2026-01-11T21:10:00,471.49,3027.63,106.91,3.93,73.82,52.51,24.76,63.6,degraded,6,0,4,5,-0.265,11.0929,-7.5708,0
PUMP-MONITOR,2026-01-11T21:15:00,471.68,3175.78,92.73,3.83,74.22,52.88,24.94,73.21,degraded,6,0,5,5,-0.1067,-14.1802,0.4003,0
PUMP-MONITOR,2026-01-11T21:20:00,475.14,3105.36,104.25,3.77,82.66,51.76,24.59,77.14,degraded,6,0,3,5,-0.0542,11.5217,8.4433,0
PUMP-MONITOR,2026-01-11T21:25:00,479.11,3150.48,95.87,6.55,80.57,50.54,24.22,61.25,degraded,6,0,1,5,2.7753,-8.3784,-2.0914,0
PUMP-MONITOR,2026-01-11T21:30:00,476.67,3238.52,96.54,5.5,85.14,50.13,23.9,67.66,degraded,6,0,5,5,-1.0485,0.6748,4.5676,0
PUMP-MONITOR,2026-01-11T21:35:00,480.39,3133.57,94.14,3.93,85.86,55.21,26.52,77.52,degraded,6,2,7,5,-1.5629,-2.4061,0.7222,0
PUMP-MONITOR,2026-01-11T21:40:00,484.01,3187.57,97.6,6.44,79.44,52.8,25.55,72.31,critical,6,1,4,5,2.5032,3.462,-6.4192,1
PUMP-MONITOR,2026-01-11T21:45:00,478.15,3141.96,98.57,4.54,72.23,55.73,26.65,77.49,degraded,6,0,1,5,-1.8973,0.9668,-7.2099,0
PUMP-MONITOR,2026-01-11T21:50:00,477.24,3178.47,96.17,5.03,84.64,53.46,25.52,68.16,degraded,6,0,4,5,0.491,-2.401,12.4127,0
PUMP-MONITOR,2026-01-11T21:55:00,481.35,3018.36,93.4,5.08,74.26,52.25,25.15,61.89,degraded,6,0,5,5,0.0457,-2.7637,-10.3886,0
PUMP-MONITOR,2026-01-11T22:00:00,482.21,3154.5,112.44,6.06,85.25,53.79,25.94,72.5,critical,6,1,4,5,0.9817,19.0335,10.9906,1
PUMP-MONITOR,2026-01-11T22:05:00,478.81,3123.35,106.94,5.24,79.23,53.09,25.42,81.04,critical,6,0,1,5,-0.8177,-5.4926,-6.0139,1
PUMP-MONITOR,2026-01-11T22:10:00,480.41,3180.74,114.42,6.44,82.88,50.06,24.05,57.94,degraded,6,0,3,5,1.1962,7.4762,3.653,0
PUMP-MONITOR,2026-01-11T22:15:00,473.54,3178.73,114.85,4.02,79.5,52.92,25.06,74.8,degraded,6,0,3,5,-2.4212,0.4278,-3.3859,0
PUMP-MONITOR,2026-01-11T22:20:00,479.7,3019.64,102.96,5.49,77.86,51.8,24.85,59.03,degraded,6,1,5,5,1.4763,-11.8839,-1.6419,0
PUMP-MONITOR,2026-01-11T22:25:00,476.83,3187.27,107.91,6.37,71.99,51.92,24.75,76.3,degraded,6,0,3,5,0.8805,4.9454,-5.8691,0
PUMP-MONITOR,2026-01-11T22:30:00,477.99,3163.24,99.14,4.11,85.38,51.39,24.56,70.83,degraded,6,0,3,5,-2.2673,-8.774,13.3957,0
PUMP-MONITOR,2026-01-11T22:35:00,484.58,3201.53,99.01,6.2,84.21,53.92,26.13,65.59,critical,6,1,6,5,2.0966,-0.1213,-1.1692,1
PUMP-MONITOR,2026-01-11T22:40:00,478.93,3057.47,111.88,4.69,84.09,51.97,24.89,67.09,critical,6,1,2,5,-1.508,12.8695,-0.1263,1
PUMP-MONITOR,2026-01-11T22:45:00,474.37,3160.44,95.84,3.74,81.85,50.43,23.92,70.82,degraded,6,0,4,5,-0.9541,-16.0454,-2.2367,0
PUMP-MONITOR,2026-01-11T22:50:00,473.99,3202.17,97.01,5.76,81.04,51.15,24.24,64.23,degraded,6,0,1,5,2.0195,1.1707,-0.8103,0
PUMP-MONITOR,2026-01-11T22:55:00,476.85,3046.53,116.11,5.4,74.89,53.7,25.61,77.1,degraded,6,1,3,5,-0.3625,19.0963,-6.1478,0
PUMP-MONITOR,2026-01-11T23:00:00,484.42,3020.25,96.37,4.48,86.76,48.92,23.7,57.13,degraded,6,0,1,5,-0.9174,-19.7391,11.8715,0
PUMP-MONITOR,2026-01-11T23:05:00,470.8,3211.19,96.83,6.65,82.27,53.68,25.27,73.1,critical,6,0,4,5,2.1745,0.4603,-4.496,1
PUMP-MONITOR,2026-01-11T23:10:00,483.72,3121.97,112.96,3.71,80.82,53.08,25.68,60.62,degraded,6,0,1,5,-2.9403,16.1382,-1.4528,0
PUMP-MONITOR,2026-01-11T23:15:00,479.46,3062.56,100.88,6.05,74.2,51.14,24.52,71.83,degraded,6,0,3,5,2.3321,-12.0848,-6.6195,0
PUMP-MONITOR,2026-01-11T23:20:00,475.62,3239.6,111.48,4.17,74.64,49.11,23.36,63.56,degraded,6,0,1,5,-1.8746,10.602,0.4423,0
PUMP-MONITOR,2026-01-11T23:25:00,470.12,3121.55,95.24,5.84,73.4,51.24,24.09,68.39,degraded,6,0,3,5,1.6636,-16.2464,-1.2435,0
PUMP-MONITOR,2026-01-11T23:30:00,484.91,3174.59,95.48,4.74,85.63,53.85,26.11,73.93,critical,6,0,3,5,-1.1,0.2458,12.2369,1
PUMP-MONITOR,2026-01-11T23:35:00,484.41,3003.76,94.63,4.47,77.37,55.64,26.95,75.07,degraded,6,0,1,5,-0.2678,-0.8491,-8.2597,0
PUMP-MONITOR,2026-01-11T23:40:00,483.57,3133.09,104.16,3.85,83.72,54.46,26.34,71.12,degraded,6,0,3,5,-0.6171,9.5261,6.3494,0
PUMP-MONITOR,2026-01-11T23:45:00,470.18,2953.02,104.47,4.6,73.14,54.93,25.83,76.57,degraded,6,0,2,5,0.7472,0.3109,-10.5811,0
PUMP-MONITOR,2026-01-11T23:50:00,469.27,3003.5,102.67,5.87,76.64,49.46,23.21,65.46,degraded,6,2,7,5,1.2717,-1.7963,3.5005,0
PUMP-MONITOR,2026-01-11T23:55:00,473.66,3090.32,101.91,4.41,85.54,50.0,23.68,56.9,degraded,6,1,3,5,-1.4551,-0.7633,8.8945,0
PUMP-MONITOR,2026-01-12T00:00:00,474.33,3002.57,115.96,4.04,77.81,54.35,25.78,74.51,degraded,6,1,3,5,-0.3738,14.0535,-7.724,0
PUMP-MONITOR,2026-01-12T00:05:00,475.45,3188.42,114.68,6.26,82.55,51.64,24.55,65.67,degraded,6,0,1,5,2.2191,-1.2807,4.7344,0
PUMP-MONITOR,2026-01-12T00:10:00,475.94,3173.81,97.02,5.22,75.25,50.78,24.17,63.25,degraded,6,0,3,5,-1.0399,-17.6617,-7.2979,0
PUMP-MONITOR,2026-01-12T00:15:00,486.69,3195.68,97.46,6.39,77.83,55.05,26.79,70.34,degraded,6,0,4,5,1.1701,0.439,2.5861,0
PUMP-MONITOR,2026-01-12T00:20:00,474.28,3006.53,93.98,4.16,75.91,52.18,24.75,72.97,degraded,6,1,6,5,-2.2251,-3.4769,-1.9204,0
PUMP-MONITOR,2026-01-12T00:25:00,472.71,3085.42,96.0,4.52,76.39,52.78,24.95,71.74,degraded,6,0,2,5,0.3532,2.0219,0.4728,0
PUMP-MONITOR,2026-01-12T00:30:00,474.51,3092.45,105.16,4.63,78.37,53.96,25.6,73.93,critical,6,1,3,5,0.1106,9.1605,1.9805,1
PUMP-MONITOR,2026-01-12T00:35:00,483.58,3073.98,109.85,5.71,84.28,54.54,26.37,72.86,critical,6,0,3,5,1.0796,4.6855,5.9172,1
PUMP-MONITOR,2026-01-12T00:40:00,476.54,3060.78,103.99,5.08,76.26,52.39,24.96,69.27,degraded,6,0,4,5,-0.6327,-5.8565,-8.0269,0
PUMP-MONITOR,2026-01-12T00:45:00,478.64,3191.47,115.63,5.71,79.0,55.29,26.47,75.02,critical,6,0,5,5,0.6331,11.6384,2.7475,1
PUMP-MONITOR,2026-01-12T00:50:00,473.55,3054.82,114.22,6.24,85.69,50.98,24.14,56.97,degraded,6,0,2,5,0.5337,-1.4074,6.6897,0
PUMP-MONITOR,2026-01-12T00:55:00,486.13,3067.07,115.89,4.16,80.79,52.47,25.51,65.65,degraded,6,0,1,5,-2.0835,1.6647,-4.9019,0
PUMP-MONITOR,2026-01-12T01:00:00,469.83,3024.65,106.45,6.42,82.28,48.65,22.86,59.0,degraded,6,0,4,5,2.2658,-9.4424,1.4848,0
PUMP-MONITOR,2026-01-12T01:05:00,482.01,3097.25,97.44,4.26,81.47,55.16,26.59,76.1,degraded,6,0,1,5,-2.1665,-9.0121,-0.8037,0
PUMP-MONITOR,2026-01-12T01:10:00,474.37,3206.16,109.03,5.55,72.71,48.87,23.18,60.92,degraded,6,0,1,5,1.2902,11.5959,-8.7679,0
PUMP-MONITOR,2026-01-12T01:15:00,481.95,3168.54,94.84,6.45,82.78,56.09,27.03,77.43,critical,6,0,2,5,0.9049,-14.1941,10.0784,1
PUMP-MONITOR,2026-01-12T01:20:00,482.54,3072.68,112.91,4.22,85.05,56.23,27.13,78.82,degraded,6,0,3,5,-2.2281,18.0757,2.2643,0
PUMP-MONITOR,2026-01-12T01:25:00,487.42,2959.06,115.49,5.05,80.08,53.21,25.94,62.79,degraded,6,0,1,5,0.8264,2.575,-4.973,0
PUMP-MONITOR,2026-01-12T01:30:00,471.39,3057.86,94.98,6.27,78.37,50.89,23.99,67.42,degraded,6,0,5,5,1.2143,-20.509,-1.7087,0
PUMP-MONITOR,2026-01-12T01:35:00,483.63,3060.06,103.4,3.85,78.0,54.12,26.18,79.3,degraded,6,1,4,5,-2.4141,8.4213,-0.3659,0
PUMP-MONITOR,2026-01-12T01:40:00,477.58,3058.51,95.23,4.17,75.69,53.7,25.65,78.28,degraded,6,1,6,5,0.3222,-8.1701,-2.3134,0
PUMP-MONITOR,2026-01-12T01:45:00,475.37,3067.37,101.71,4.23,72.17,54.85,26.07,76.55,degraded,6,0,3,5,0.0589,6.478,-3.5128,0
PUMP-MONITOR,2026-01-12T01:50:00,486.27,3021.71,110.4,4.74,78.13,55.17,26.83,72.9,critical,6,0,4,5,0.5025,8.6941,5.9599,1
PUMP-MONITOR,2026-01-12T01:55:00,481.63,3090.0,114.78,6.31,80.22,50.99,24.56,64.47,degraded,6,0,4,5,1.5763,4.3793,2.0893,0
PUMP-MONITOR,2026-01-12T02:00:00,469.02,2963.79,105.7,5.31,77.15,51.01,23.92,63.45,degraded,6,1,4,5,-1.0045,-9.082,-3.0717,0
PUMP-MONITOR,2026-01-12T02:05:00,476.29,3166.14,94.68,4.71,76.06,50.19,23.91,57.51,degraded,6,0,2,5,-0.5989,-11.0196,-1.0954,0
PUMP-MONITOR,2026-01-12T02:10:00,475.4,3001.49,105.17,6.44,73.51,51.23,24.35,72.87,degraded,6,0,3,5,1.7349,10.4907,-2.544,0
PUMP-MONITOR,2026-01-12T02:15:00,486.28,2960.22,112.32,6.67,82.72,50.45,24.53,57.37,critical,6,1,6,5,0.2228,7.1471,9.2021,1
PUMP-MONITOR,2026-01-12T02:20:00,470.6,3019.83,107.39,5.05,73.28,50.39,23.71,62.24,degraded,6,0,2,5,-1.6134,-4.9297,-9.4314,0
PUMP-MONITOR,2026-01-12T02:25:00,473.22,2958.53,109.14,3.77,73.86,52.55,24.87,80.53,degraded,6,1,4,5,-1.2855,1.7478,0.5748,0
PUMP-MONITOR,2026-01-12T02:30:00,479.72,2974.6,111.56,3.81,85.13,54.93,26.35,79.94,degraded,6,1,6,5,0.0474,2.4265,11.2705,0
PUMP-MONITOR,2026-01-12T02:35:00,487.73,3149.35,107.85,4.12,76.0,55.6,27.12,76.51,degraded,6,1,3,5,0.3067,-3.7156,-9.1255,0
PUMP-MONITOR,2026-01-12T02:40:00,487.01,3144.05,102.14,6.32,76.55,52.58,25.61,70.11,degraded,6,0,2,5,2.1995,-5.7029,0.5444,0
PUMP-MONITOR,2026-01-12T02:45:00,469.47,3139.96,94.64,4.33,74.84,53.33,25.04,80.01,degraded,6,1,5,5,-1.9866,-7.505,-1.7096,0
PUMP-MONITOR,2026-01-12T02:50:00,481.67,3229.11,97.98,6.44,76.5,52.81,25.44,60.81,degraded,6,0,2,5,2.1096,3.3406,1.6652,0
PUMP-MONITOR,2026-01-12T02:55:00,487.31,3144.06,114.05,6.35,79.89,53.5,26.07,67.31,degraded,6,0,2,5,-0.0895,16.0744,3.3824,0
PUMP-MONITOR,2026-01-12T03:00:00,486.11,3101.36,102.73,6.25,74.37,55.62,27.04,80.33,degraded,6,0,2,5,-0.1044,-11.3268,-5.5126,0
PUMP-MONITOR,2026-01-12T03:05:00,473.82,2971.77,113.86,5.0,77.05,54.71,25.92,79.05,degraded,6,0,4,5,-1.2459,11.1296,2.6744,0
PUMP-MONITOR,2026-01-12T03:10:00,485.27,3084.84,97.28,6.53,73.87,49.11,23.83,59.1,degraded,6,0,3,5,1.528,-16.5718,-3.1748,0
PUMP-MONITOR,2026-01-12T03:15:00,479.22,2963.84,102.82,5.75,72.7,52.8,25.3,63.46,degraded,6,0,1,5,-0.7779,5.5327,-1.1713,0
PUMP-MONITOR,2026-01-12T03:20:00,486.6,3085.66,108.39,3.78,83.46,53.47,26.02,62.69,degraded,6,0,3,5,-1.9709,5.572,10.7595,0
PUMP-MONITOR,2026-01-12T03:25:00,485.06,3216.66,108.03,5.9,81.32,52.36,25.4,59.63,degraded,6,0,5,5,2.1161,-0.3571,-2.1452,0
PUMP-MONITOR,2026-01-12T03:30:00,472.69,3105.02,116.05,5.67,78.41,49.11,23.22,63.19,critical,6,1,6,5,-0.227,8.0146,-2.9046,1
PUMP-MONITOR,2026-01-12T03:35:00,472.14,3060.96,113.05,4.95,72.05,50.93,24.04,65.92,degraded,6,0,4,5,-0.7211,-2.9972,-6.3593,0
PUMP-MONITOR,2026-01-12T03:40:00,479.7,3160.99,111.67,6.01,77.53,53.42,25.63,73.95,degraded,6,0,2,5,1.0641,-1.3843,5.476,0
PUMP-MONITOR,2026-01-12T03:45:00,481.13,3182.83,92.68,4.73,75.11,53.19,25.59,65.57,degraded,6,0,3,5,-1.2868,-18.9857,-2.4174,0
PUMP-MONITOR,2026-01-12T03:50:00,469.2,3202.53,95.37,6.28,75.59,53.7,25.2,77.62,degraded,6,0,4,5,1.5489,2.6948,0.4797,0
PUMP-MONITOR,2026-01-12T03:55:00,482.47,2951.16,113.68,6.67,77.87,50.02,24.13,57.25,degraded,6,0,5,5,0.3952,18.306,2.284,0
PUMP-MONITOR,2026-01-12T04:00:00,485.09,3158.16,101.98,5.22,71.87,50.18,24.34,61.02,degraded,6,0,5,5,-1.4487,-11.7019,-6.0064,0
PUMP-MONITOR,2026-01-12T04:05:00,481.97,3096.31,103.33,4.84,78.41,50.81,24.49,64.93,critical,6,1,2,5,-0.3857,1.3516,6.5402,1
PUMP-MONITOR,2026-01-12T04:10:00,471.09,3091.7,100.84,4.68,80.47,53.93,25.41,80.96,critical,6,0,5,5,-0.1543,-2.4872,2.0588,1
PUMP-MONITOR,2026-01-12T04:15:00,478.3,3151.34,107.45,4.9,73.68,54.96,26.29,73.8,degraded,6,0,2,5,0.217,6.6074,-6.7892,0
PUMP-MONITOR,2026-01-12T04:20:00,473.93,3042.53,113.86,5.7,77.84,52.8,25.03,80.95,degraded,6,0,5,5,0.7952,6.4116,4.1573,0
PUMP-MONITOR,2026-01-12T04:25:00,469.32,3189.17,113.36,3.89,83.17,53.03,24.89,77.22,degraded,6,0,2,5,-1.8041,-0.5006,5.3343,0
PUMP-MONITOR,2026-01-12T04:30:00,483.3,3105.15,115.46,5.98,78.28,53.1,25.66,65.23,critical,6,1,3,5,2.0854,2.0985,-4.885,1
PUMP-MONITOR,2026-01-12T04:35:00,475.33,3227.37,115.46,5.52,81.03,50.32,23.92,59.46,critical,6,1,6,5,-0.459,-0.0019,2.7424,1
PUMP-MONITOR,2026-01-12T04:40:00,476.85,2970.77,92.84,5.93,80.4,52.71,25.14,74.22,critical,6,1,5,5,0.4109,-22.6223,-0.6295,1
PUMP-MONITOR,2026-01-12T04:45:00,475.99,3234.95,107.29,6.6,75.08,51.98,24.74,78.41,degraded,6,1,2,5,0.6735,14.4592,-5.3193,0
PUMP-MONITOR,2026-01-12T04:50:00,468.42,2973.72,106.74,5.18,82.03,48.53,22.73,61.11,degraded,6,0,3,5,-1.4224,-0.5581,6.9473,0
PUMP-MONITOR,2026-01-12T04:55:00,485.63,3234.39,105.77,4.15,76.0,50.04,24.3,60.43,degraded,6,0,3,5,-1.0322,-0.9673,-6.0298,0
PUMP-MONITOR,2026-01-12T05:00:00,482.2,3040.82,100.24,5.58,86.46,53.33,25.72,77.85,critical,6,0,5,5,1.4289,-5.5262,10.4628,1
PUMP-MONITOR,2026-01-12T05:05:00,478.64,3163.19,94.03,6.59,85.6,53.28,25.5,71.97,degraded,6,0,2,5,1.0162,-6.2127,-0.8599,0
PUMP-MONITOR,2026-01-12T05:10:00,478.64,3108.05,111.93,3.89,85.06,52.13,24.95,58.71,degraded,6,0,5,5,-2.7047,17.8982,-0.5371,0
PUMP-MONITOR,2026-01-12T05:15:00,474.31,3132.42,111.31,4.11,79.16,51.25,24.31,73.03,degraded,6,0,1,5,0.2268,-0.6172,-5.8972,0
PUMP-MONITOR,2026-01-12T05:20:00,473.8,3031.35,104.88,4.2,76.08,50.18,23.77,58.76,degraded,6,0,2,5,0.089,-6.4331,-3.0836,0
PUMP-MONITOR,2026-01-12T05:25:00,472.32,3087.39,92.42,3.83,80.67,51.74,24.44,66.13,degraded,6,0,2,5,-0.3746,-12.4619,4.5905,0
PUMP-MONITOR,2026-01-12T05:30:00,480.36,3023.09,92.14,6.36,85.36,53.81,25.85,78.96,critical,6,0,4,5,2.5293,-0.2748,4.6893,1
PUMP-MONITOR,2026-01-12T05:35:00,478.13,2951.17,109.83,3.99,76.17,53.12,25.4,65.7,degraded,6,0,3,5,-2.368,17.6912,-9.1867,0
PUMP-MONITOR,2026-01-12T05:40:00,479.42,3051.99,114.08,5.24,78.09,54.39,26.08,80.99,critical,6,1,6,5,1.2467,4.2489,1.9191,1
PUMP-MONITOR,2026-01-12T05:45:00,474.02,3176.69,112.25,5.75,82.71,48.6,23.04,59.34,critical,6,1,2,5,0.5095,-1.8281,4.6159,1
PUMP-MONITOR,2026-01-12T05:50:00,482.52,3225.5,98.53,5.2,75.62,53.14,25.64,80.09,degraded,6,0,4,5,-0.542,-13.7231,-7.0931,0
PUMP-MONITOR,2026-01-12T05:55:00,471.82,3088.87,116.06,5.91,86.64,52.52,24.78,62.87,degraded,6,0,4,5,0.7097,17.5327,11.027,0
PUMP-MONITOR,2026-01-12T06:00:00,472.28,3056.53,107.5,6.6,82.03,49.46,23.36,64.45,degraded,6,0,4,5,0.6818,-8.5663,-4.6116,0
PUMP-MONITOR,2026-01-12T06:05:00,482.24,3023.92,104.98,3.79,78.2,53.22,25.66,66.46,degraded,6,0,5,5,-2.8036,-2.5176,-3.8309,0
PUMP-MONITOR,2026-01-12T06:10:00,483.23,3243.18,113.72,4.75,82.79,54.81,26.48,79.13,critical,6,0,3,5,0.953,8.7438,4.5892,1
PUMP-MONITOR,2026-01-12T06:15:00,473.87,3046.7,113.9,5.04,78.28,49.53,23.47,60.29,degraded,6,0,2,5,0.2943,0.1739,-4.5076,0
PUMP-MONITOR,2026-01-12T06:20:00,479.25,3104.82,115.16,6.1,78.1,48.3,23.15,56.3,degraded,6,0,5,5,1.0584,1.2653,-0.177,0
PUMP-MONITOR,2026-01-12T06:25:00,484.85,3230.55,115.14,6.47,83.28,51.35,24.9,71.06,degraded,6,0,2,5,0.3746,-0.0235,5.1734,0
PUMP-MONITOR,2026-01-12T06:30:00,469.98,3129.78,95.72,6.59,76.99,52.05,24.46,79.3,degraded,6,0,1,5,0.1133,-19.4197,-6.2838,0
PUMP-MONITOR,2026-01-12T06:35:00,486.52,3153.24,108.52,4.56,85.72,56.7,27.59,79.47,critical,6,0,2,5,-2.0275,12.7984,8.7272,1
PUMP-MONITOR,2026-01-12T06:40:00,476.36,3053.68,105.17,3.8,73.16,53.58,25.52,76.6,degraded,6,0,5,5,-0.7633,-3.3451,-12.5612,0
PUMP-MONITOR,2026-01-12T06:45:00,483.73,3105.43,105.58,6.31,81.61,54.42,26.33,68.91,degraded,6,0,1,5,2.5127,0.4062,8.4469,0
PUMP-MONITOR,2026-01-12T06:50:00,474.14,3071.95,98.57,5.75,82.46,50.57,23.98,68.48,critical,6,1,6,5,-0.5626,-7.0122,0.8531,1
PUMP-MONITOR,2026-01-12T06:55:00,469.13,3174.05,105.45,4.15,78.71,50.34,23.62,61.76,degraded,6,0,5,5,-1.5917,6.882,-3.7495,0
PUMP-MONITOR,2026-01-12T07:00:00,488.18,3168.38,110.95,6.51,76.81,52.18,25.47,68.12,degraded,6,0,2,5,2.3563,5.503,-1.9018,0
PUMP-MONITOR,2026-01-12T07:05:00,468.69,3212.62,111.35,4.7,72.9,52.51,24.61,73.92,degraded,6,0,3,5,-1.8088,0.4006,-3.909,0
PUMP-MONITOR,2026-01-12T07:10:00,480.19,3198.12,102.55,3.87,77.45,52.79,25.35,78.98,degraded,6,1,6,5,-0.8357,-8.8006,4.5472,0
PUMP-MONITOR,2026-01-12T07:15:00,480.41,3187.39,100.58,3.74,78.88,51.48,24.73,69.63,degraded,6,0,1,5,-0.1295,-1.9763,1.4367,0
PUMP-MONITOR,2026-01-12T07:20:00,487.87,3171.7,106.98,6.48,73.35,51.57,25.16,58.13,degraded,6,0,2,5,2.7443,6.4047,-5.5373,0
PUMP-MONITOR,2026-01-12T07:25:00,474.77,2958.95,111.09,4.96,77.13,55.12,26.17,78.19,degraded,6,0,3,5,-1.5237,4.1053,3.7791,0
PUMP-MONITOR,2026-01-12T07:30:00,487.78,3080.15,91.94,5.69,82.28,54.08,26.38,74.87,critical,6,1,6,5,0.7345,-19.1406,5.1546,1
PUMP-MONITOR,2026-01-12T07:35:00,470.31,2957.71,102.79,6.58,75.87,48.19,22.67,56.64,degraded,6,0,4,5,0.8849,10.8489,-6.4069,0
PUMP-MONITOR,2026-01-12T07:40:00,488.09,2968.73,110.05,5.86,80.43,53.26,26.0,61.06,degraded,6,0,2,5,-0.714,7.2549,4.5536,0
PUMP-MONITOR,2026-01-12T07:45:00,480.8,3009.32,106.96,6.57,85.96,51.65,24.83,72.07,critical,6,0,1,5,0.7034,-3.0923,5.531,1
PUMP-MONITOR,2026-01-12T07:50:00,476.69,3044.9,97.67,4.6,77.23,53.96,25.72,80.21,degraded,6,0,3,5,-1.9636,-9.2844,-8.7294,0
PUMP-MONITOR,2026-01-12T07:55:00,470.31,3084.96,100.16,5.02,79.88,54.74,25.75,77.27,critical,6,0,2,5,0.4206,2.4919,2.647,1
PUMP-MONITOR,2026-01-12T08:00:00,484.55,3006.34,111.54,6.07,86.1,50.68,24.56,64.84,degraded,6,0,5,5,1.0463,11.3769,6.2269,0
PUMP-MONITOR,2026-01-12T08:05:00,486.54,3108.15,107.0,3.81,78.5,53.7,26.13,75.61,degraded,6,1,6,5,-2.2569,-4.537,-7.6041,0
PUMP-MONITOR,2026-01-12T08:10:00,468.36,3059.72,116.64,4.34,84.47,51.37,24.06,65.64,degraded,6,0,1,5,0.5231,9.6393,5.9743,0
PUMP-MONITOR,2026-01-12T08:15:00,478.92,3016.46,107.82,3.9,73.66,51.59,24.71,64.49,degraded,6,0,3,5,-0.4366,-8.8272,-10.8175,0
PUMP-MONITOR,2026-01-12T08:20:00,481.78,3206.69,102.32,3.96,73.31,49.48,23.84,58.11,degraded,6,0,3,5,0.0571,-5.4949,-0.3489,0
PUMP-MONITOR,2026-01-12T08:25:00,477.85,3103.15,115.28,4.53,84.04,54.3,25.95,75.35,critical,6,0,3,5,0.5768,12.9551,10.7292,1
PUMP-MONITOR,2026-01-12T08:30:00,475.06,3219.43,105.05,5.61,79.31,50.16,23.83,68.13,degraded,6,0,2,5,1.079,-10.2218,-4.7244,0
PUMP-MONITOR,2026-01-12T08:35:00,474.23,3198.06,104.32,5.38,78.54,51.6,24.47,61.14,critical,6,1,4,5,-0.2361,-0.7332,-0.7727,1
PUMP-MONITOR,2026-01-12T08:40:00,487.56,3209.31,101.05,3.87,81.58,51.36,25.04,63.48,degraded,6,1,5,5,-1.5014,-3.2689,3.0388,0
PUMP-MONITOR,2026-01-12T08:45:00,473.58,3203.65,113.03,5.7,84.94,49.54,23.46,61.46,degraded,6,0,5,5,1.8273,11.9747,3.3596,0
PUMP-MONITOR,2026-01-12T08:50:00,476.4,2991.11,102.09,5.39,73.75,52.61,25.06,79.08,degraded,6,0,5,5,-0.3116,-10.9352,-11.1871,0
PUMP-MONITOR,2026-01-12T08:55:00,485.81,3243.28,92.78,5.69,72.51,52.44,25.48,67.18,degraded,6,1,5,5,0.2994,-9.3149,-1.2371,0
PUMP-MONITOR,2026-01-12T09:00:00,474.26,3187.31,94.91,6.24,79.26,51.77,24.55,78.49,critical,6,0,1,5,0.5544,2.1308,6.7497,1
PUMP-MONITOR,2026-01-12T09:05:00,481.91,3045.81,100.76,5.53,75.55,53.63,25.84,77.68,degraded,6,0,5,5,-0.7176,5.8517,-3.7115,0
PUMP-MONITOR,2026-01-12T09:10:00,482.67,3041.82,94.0,4.49,83.67,51.65,24.93,67.32,degraded,6,0,3,5,-1.0375,-6.7571,8.1228,0
PUMP-MONITOR,2026-01-12T09:15:00,486.81,3129.65,110.76,4.83,84.76,54.89,26.72,74.73,critical,6,1,5,5,0.3365,16.7545,1.0903,1
PUMP-MONITOR,2026-01-12T09:20:00,486.0,3111.89,111.04,6.67,86.28,53.88,26.18,63.9,critical,6,1,4,5,1.8452,0.2863,1.5196,1
PUMP-MONITOR,2026-01-12T09:25:00,487.75,3190.28,113.43,5.74,75.35,55.16,26.9,76.18,degraded,6,0,1,5,-0.9309,2.3909,-10.9352,0
PUMP-MONITOR,2026-01-12T09:30:00,486.21,2949.76,104.1,4.06,78.33,50.78,24.69,68.02,degraded,6,0,4,5,-1.6812,-9.3294,2.9792,0
PUMP-MONITOR,2026-01-12T09:35:00,471.67,2999.7,107.24,4.23,73.14,49.98,23.57,65.04,degraded,6,1,5,5,0.171,3.1391,-5.1925,0
PUMP-MONITOR,2026-01-12T09:40:00,473.64,3145.97,103.39,4.3,82.36,49.26,23.33,62.63,degraded,6,0,3,5,0.0735,-3.85,9.2209,0
PUMP-MONITOR,2026-01-12T09:45:00,470.52,3122.93,100.38,5.26,73.54,51.61,24.29,74.01,degraded,6,0,2,5,0.9546,-3.0168,-8.8186,0
PUMP-MONITOR,2026-01-12T09:50:00,485.8,3088.8,105.87,4.83,73.37,54.93,26.69,70.53,degraded,6,0,2,5,-0.4249,5.4971,-0.1675,0
PUMP-MONITOR,2026-01-12T09:55:00,475.41,3150.14,112.24,5.75,72.0,55.02,26.15,79.76,degraded,6,0,4,5,0.9154,6.3678,-1.3686,0
PUMP-MONITOR,2026-01-12T10:00:00,472.66,3201.15,107.77,6.54,81.36,51.98,24.57,73.08,critical,6,0,4,5,0.7919,-4.4704,9.3583,1
PUMP-MONITOR,2026-01-12T10:05:00,471.72,3148.71,91.89,3.7,83.99,53.28,25.14,76.05,degraded,6,0,2,5,-2.8354,-15.8762,2.635,0
PUMP-MONITOR,2026-01-12T10:10:00,468.51,3209.12,104.48,5.43,74.96,51.86,24.3,65.51,degraded,6,0,3,5,1.7233,12.5856,-9.033,0
PUMP-MONITOR,2026-01-12T10:15:00,478.21,3217.97,114.53,6.47,72.07,51.84,24.79,74.74,degraded,6,1,4,5,1.0372,10.0455,-2.8957,0
PUMP-MONITOR,2026-01-12T10:20:00,484.11,3186.79,113.05,6.02,85.64,50.61,24.5,58.73,critical,6,1,6,5,-0.4473,-1.471,13.5759,1
PUMP-MONITOR,2026-01-12T10:25:00,481.27,3026.45,106.06,5.21,83.21,49.44,23.8,56.89,degraded,6,0,1,5,-0.8077,-6.9986,-2.4319,0
PUMP-MONITOR,2026-01-12T10:30:00,481.96,3152.27,98.34,5.98,74.04,52.45,25.28,68.9,degraded,6,0,4,5,0.7663,-7.7175,-9.1745,0
PUMP-MONITOR,2026-01-12T10:35:00,486.51,3123.66,94.28,6.39,83.24,53.88,26.21,67.16,degraded,6,0,5,5,0.4179,-4.0631,9.2037,0
PUMP-MONITOR,2026-01-12T10:40:00,472.04,3101.32,95.02,5.0,82.79,53.52,25.27,73.86,critical,6,1,4,5,-1.3969,0.7475,-0.4531,1
PUMP-MONITOR,2026-01-12T10:45:00,469.6,3221.11,101.13,6.41,74.82,52.18,24.5,68.85,degraded,6,0,3,5,1.4163,6.1023,-7.9693,0
PUMP-MONITOR,2026-01-12T10:50:00,476.87,2948.64,101.37,4.07,82.13,50.08,23.88,64.4,degraded,6,0,2,5,-2.3467,0.2476,7.3088,0
PUMP-MONITOR,2026-01-12T10:55:00,483.69,3011.96,110.96,3.89,76.44,52.23,25.26,66.61,degraded,6,0,4,5,-0.1777,9.5828,-5.6866,0
PUMP-MONITOR,2026-01-12T11:00:00,482.78,3004.36,102.8,6.29,80.15,54.15,26.14,70.95,degraded,6,0,2,5,2.3974,-8.1548,3.7144,0
PUMP-MONITOR,2026-01-12T11:05:00,478.42,3029.72,101.18,4.8,80.98,53.81,25.75,71.01,degraded,6,0,2,5,-1.4876,-1.6191,0.8287,0
PUMP-MONITOR,2026-01-12T11:10:00,471.49,2965.52,98.98,4.78,74.77,52.76,24.87,72.97,degraded,6,1,3,5,-0.022,-2.2053,-6.208,0
PUMP-MONITOR,2026-01-12T11:15:00,476.57,3039.77,97.41,5.26,71.98,49.43,23.56,57.93,degraded,6,0,2,5,0.486,-1.5654,-2.7928,0
PUMP-MONITOR,2026-01-12T11:20:00,477.12,3101.21,111.54,4.36,76.23,55.07,26.28,77.22,degraded,6,0,1,5,-0.9078,14.1316,4.2514,0
PUMP-MONITOR,2026-01-12T11:25:00,473.88,3076.59,115.52,5.91,86.0,52.72,24.98,69.01,degraded,6,0,4,5,1.5516,3.9737,9.7665,0
PUMP-MONITOR,2026-01-12T11:30:00,478.88,3110.79,101.64,5.77,77.21,51.29,24.56,72.17,degraded,6,0,3,5,-0.136,-13.8776,-8.787,0
PUMP-MONITOR,2026-01-12T11:35:00,476.8,3063.29,112.08,5.96,72.43,50.35,24.01,60.96,degraded,6,0,3,5,0.1895,10.4425,-4.7836,0
PUMP-MONITOR,2026-01-12T11:40:00,485.72,3129.98,105.45,4.8,77.07,52.56,25.53,57.41,degraded,6,0,2,5,-1.1559,-6.6347,4.6428,0
PUMP-MONITOR,2026-01-12T11:45:00,476.32,3055.88,105.06,6.54,79.15,49.85,23.74,59.18,degraded,6,0,5,5,1.735,-0.391,2.0797,0
PUMP-MONITOR,2026-01-12T11:50:00,480.4,3212.72,110.49,6.08,86.18,52.75,25.34,78.61,critical,6,1,2,5,-0.4572,5.4356,7.0311,1
PUMP-MONITOR,2026-01-12T11:55:00,477.91,3065.42,105.45,6.35,86.29,53.09,25.37,66.05,degraded,6,0,1,5,0.2706,-5.0407,0.1053,0
PUMP-MONITOR,2026-01-12T12:00:00,471.28,3221.27,97.56,5.11,73.44,54.41,25.64,80.56,degraded,6,0,4,5,-1.2381,-7.8889,-12.8439,0
PUMP-MONITOR,2026-01-12T12:05:00,472.99,3148.96,102.97,4.24,84.19,51.23,24.23,56.28,degraded,6,0,5,5,-0.8771,5.4121,10.7506,0
PUMP-MONITOR,2026-01-12T12:10:00,473.66,2983.68,113.21,3.74,84.95,50.02,23.69,68.2,degraded,6,0,3,5,-0.4933,10.2371,0.7604,0
PUMP-MONITOR,2026-01-12T12:15:00,479.3,2947.98,101.73,5.39,84.31,51.5,24.68,67.99,degraded,6,0,4,5,1.648,-11.484,-0.6496,0
PUMP-MONITOR,2026-01-12T12:20:00,482.05,3077.28,98.22,3.9,84.94,54.33,26.19,79.62,degraded,6,0,1,5,-1.4912,-3.5058,0.6397,0
PUMP-MONITOR,2026-01-12T12:25:00,480.49,3196.93,103.32,5.52,83.17,50.02,24.03,64.83,degraded,6,0,2,5,1.6167,5.0976,-1.7786,0
PUMP-MONITOR,2026-01-12T12:30:00,486.6,3112.2,93.76,5.27,72.32,54.98,26.76,73.84,degraded,6,0,2,5,-0.2444,-9.5566,-10.8495,0
PUMP-MONITOR,2026-01-12T12:35:00,481.6,3204.56,105.93,6.12,82.53,51.85,24.97,61.71,degraded,6,0,5,5,0.8425,12.1716,10.2092,0
PUMP-MONITOR,2026-01-12T12:40:00,473.31,2973.2,94.01,6.52,78.03,54.37,25.74,77.29,critical,6,0,5,5,0.4022,-11.9215,-4.4932,1
PUMP-MONITOR,2026-01-12T12:45:00,476.74,3002.89,113.23,5.68,78.0,51.85,24.72,63.03,degraded,6,0,2,5,-0.8401,19.2179,-0.0349,0
PUMP-MONITOR,2026-01-12T12:50:00,487.51,3138.06,115.06,4.84,72.65,55.2,26.91,71.28,degraded,6,0,4,5,-0.8416,1.826,-5.3469,0
PUMP-MONITOR,2026-01-12T12:55:00,481.99,3078.94,107.74,6.05,76.12,51.9,25.01,74.19,degraded,6,0,5,5,1.2141,-7.3127,3.4691,0
PUMP-MONITOR,2026-01-12T13:00:00,469.42,3236.32,106.67,4.9,77.2,50.04,23.49,59.85,degraded,6,0,4,5,-1.1477,-1.0737,1.0805,0
PUMP-MONITOR,2026-01-12T13:05:00,479.64,3027.38,115.22,5.04,72.03,51.48,24.69,57.47,degraded,6,0,3,5,0.133,8.5466,-5.1665,0
PUMP-MONITOR,2026-01-12T13:10:00,477.37,3177.35,100.5,6.46,77.81,51.63,24.65,57.74,degraded,6,0,4,5,1.4274,-14.713,5.7784,0
PUMP-MONITOR,2026-01-12T13:15:00,472.91,3064.44,96.14,5.42,78.0,53.25,25.18,78.61,critical,6,0,3,5,-1.044,-4.3602,0.1896,1
PUMP-MONITOR,2026-01-12T13:20:00,484.62,2947.72,111.27,6.23,81.84,56.57,27.41,79.72,critical,6,0,4,5,0.8115,15.1239,3.8417,1
PUMP-MONITOR,2026-01-12T13:25:00,485.73,2965.32,94.78,6.4,77.49,52.3,25.4,65.63,degraded,6,0,3,5,0.1691,-16.4826,-4.3546,0
PUMP-MONITOR,2026-01-12T13:30:00,472.38,3138.25,104.72,6.07,83.85,53.2,25.13,76.2,critical,6,0,5,5,-0.3294,9.933,6.3622,1
PUMP-MONITOR,2026-01-12T13:35:00,482.04,3002.6,101.58,4.66,82.89,51.34,24.75,65.22,degraded,6,0,1,5,-1.4077,-3.1392,-0.9565,0
PUMP-MONITOR,2026-01-12T13:40:00,477.01,3148.6,96.82,5.94,76.36,53.81,25.67,77.41,degraded,6,1,4,5,1.2778,-4.7549,-6.53,0
PUMP-MONITOR,2026-01-12T13:45:00,478.75,3010.2,92.16,6.22,85.04,54.27,25.98,80.63,critical,6,0,4,5,0.2837,-4.6647,8.6794,1
PUMP-MONITOR,2026-01-12T13:50:00,474.97,3007.9,106.6,4.48,74.87,50.05,23.77,61.06,degraded,6,1,3,5,-1.742,14.4395,-10.1781,0
PUMP-MONITOR,2026-01-12T13:55:00,475.41,3209.47,93.11,6.52,86.44,50.95,24.22,70.92,critical,6,1,3,5,2.0367,-13.485,11.576,1
PUMP-MONITOR,2026-01-12T14:00:00,478.83,3205.49,103.25,5.65,74.66,53.51,25.62,72.93,degraded,6,0,3,5,-0.8652,10.1365,-11.7835,0
PUMP-MONITOR,2026-01-12T14:05:00,469.54,2948.37,113.52,3.92,79.47,51.51,24.19,73.87,degraded,6,0,4,5,-1.7365,10.2708,4.8116,0
PUMP-MONITOR,2026-01-12T14:10:00,480.71,3202.06,115.59,5.23,82.28,55.81,26.83,77.54,critical,6,0,3,5,1.3109,2.0738,2.8142,1
PUMP-MONITOR,2026-01-12T14:15:00,486.17,3095.43,107.46,5.43,79.87,55.4,26.93,80.25,critical,6,0,5,5,0.202,-8.1385,-2.4112,1
PUMP-MONITOR,2026-01-12T14:20:00,474.02,3046.13,114.9,4.85,82.34,53.39,25.31,77.39,critical,6,0,4,5,-0.5817,7.4433,2.471,1
PUMP-MONITOR,2026-01-12T14:25:00,487.73,3206.11,106.13,3.88,74.08,52.55,25.63,61.66,degraded,6,0,3,5,-0.9716,-8.7669,-8.2602,0
PUMP-MONITOR,2026-01-12T14:30:00,485.55,2952.49,94.35,4.8,81.54,53.42,25.94,74.49,critical,6,0,3,5,0.9254,-11.7859,7.4603,1
PUMP-MONITOR,2026-01-12T14:35:00,469.79,3098.78,97.12,6.47,85.18,52.08,24.47,70.11,degraded,6,0,5,5,1.663,2.7741,3.636,0
PUMP-MONITOR,2026-01-12T14:40:00,474.68,2997.32,101.27,4.22,82.57,53.72,25.5,79.86,degraded,6,0,1,5,-2.247,4.1482,-2.6149,0
PUMP-MONITOR,2026-01-12T14:45:00,488.03,3232.36,103.27,5.97,80.7,52.6,25.67,61.93,degraded,6,0,2,5,1.7492,2.0026,-1.8614,0
PUMP-MONITOR,2026-01-12T14:50:00,485.52,2987.01,94.97,5.22,85.82,52.12,25.3,71.29,critical,6,1,4,5,-0.752,-8.3015,5.1197,1
PUMP-MONITOR,2026-01-12T14:55:00,474.3,3224.87,113.69,5.79,83.03,52.23,24.77,71.32,degraded,6,0,2,5,0.5726,18.7157,-2.7986,0
PUMP-MONITOR,2026-01-12T15:00:00,485.01,3045.89,103.62,4.84,76.12,52.25,25.34,63.28,degraded,6,1,3,5,-0.9491,-10.0651,-6.9041,0
PUMP-MONITOR,2026-01-12T15:05:00,483.74,2984.9,92.89,5.46,83.78,53.19,25.73,70.36,degraded,6,0,2,5,0.6211,-10.7268,7.6615,0
PUMP-MONITOR,2026-01-12T15:10:00,486.45,2990.07,116.5,6.49,84.18,53.65,26.1,67.24,critical,6,1,6,5,1.031,23.6108,0.3963,1
PUMP-MONITOR,2026-01-12T15:15:00,487.52,3091.83,104.3,6.09,74.52,52.69,25.69,69.0,degraded,6,0,1,5,-0.398,-12.2004,-9.6542,0
PUMP-MONITOR,2026-01-12T15:20:00,487.03,3153.48,104.84,4.42,72.02,53.7,26.15,78.53,degraded,6,0,4,5,-1.6779,0.5396,-2.5011,0
PUMP-MONITOR,2026-01-12T15:25:00,473.43,3054.9,95.82,4.39,76.2,49.16,23.28,57.22,degraded,6,0,2,5,-0.0275,-9.0209,4.1785,0
PUMP-MONITOR,2026-01-12T15:30:00,470.17,3214.48,105.26,4.59,75.52,52.85,24.85,68.44,degraded,6,0,2,5,0.1998,9.4391,-0.6821,0
PUMP-MONITOR,2026-01-12T15:35:00,474.53,3141.73,99.39,4.73,85.29,52.81,25.06,72.86,critical,6,0,3,5,0.1449,-5.8738,9.7669,1
PUMP-MONITOR,2026-01-12T15:40:00,485.49,2973.63,106.98,5.08,81.97,53.28,25.87,71.75,degraded,6,0,2,5,0.3428,7.5871,-3.3208,0
PUMP-MONITOR,2026-01-12T15:45:00,483.51,3179.68,98.92,6.26,73.02,53.62,25.93,78.76,degraded,6,1,4,5,1.1838,-8.0546,-8.9415,0
PUMP-MONITOR,2026-01-12T15:50:00,478.64,2948.43,97.47,5.14,86.16,51.67,24.73,58.8,degraded,6,0,3,5,-1.1224,-1.4464,13.1348,0
PUMP-MONITOR,2026-01-12T15:55:00,474.06,3171.24,112.38,3.85,77.9,51.49,24.41,74.63,degraded,6,0,1,5,-1.2878,14.9027,-8.2548,0
PUMP-MONITOR,2026-01-12T16:00:00,487.95,3089.69,105.23,6.13,80.38,53.54,26.12,65.57,degraded,6,0,5,5,2.2799,-7.1447,2.479,0
PUMP-MONITOR,2026-01-12T16:05:00,472.93,3117.09,99.62,5.95,86.02,53.14,25.13,72.12,critical,6,0,2,5,-0.1762,-5.6148,5.6317,1
PUMP-MONITOR,2026-01-12T16:10:00,478.03,3057.1,100.62,4.11,79.48,52.83,25.25,61.75,degraded,6,0,2,5,-1.8396,1.0014,-6.5404,0
PUMP-MONITOR,2026-01-12T16:15:00,483.5,3231.39,99.21,6.4,73.16,52.49,25.38,58.79,degraded,6,0,3,5,2.2914,-1.4074,-6.3197,0
PUMP-MONITOR,2026-01-12T16:20:00,485.21,2982.21,101.9,4.31,75.81,53.96,26.18,72.84,degraded,6,0,2,5,-2.0929,2.6849,2.6512,0
PUMP-MONITOR,2026-01-12T16:25:00,469.01,2975.59,98.6,6.45,73.82,52.02,24.4,69.46,degraded,6,0,4,5,2.1379,-3.2924,-1.9858,0
PUMP-MONITOR,2026-01-12T16:30:00,474.75,3028.47,97.04,4.55,73.77,52.98,25.15,68.37,degraded,6,1,3,5,-1.9038,-1.5686,-0.0538,0
PUMP-MONITOR,2026-01-12T16:35:00,482.98,2953.54,111.74,4.2,76.94,52.48,25.35,65.23,degraded,6,0,3,5,-0.3455,14.703,3.17,0
PUMP-MONITOR,2026-01-12T16:40:00,471.11,3204.49,93.23,4.77,81.72,53.69,25.29,75.82,critical,6,1,5,5,0.5668,-18.5091,4.7798,1
PUMP-MONITOR,2026-01-12T16:45:00,472.29,2976.01,106.38,5.46,81.03,49.05,23.17,62.99,degraded,6,0,4,5,0.6964,13.1509,-0.6827,0
PUMP-MONITOR,2026-01-12T16:50:00,483.91,3108.19,112.0,5.5,72.84,49.48,23.94,58.85,degraded,6,1,4,5,0.0324,5.6204,-8.1942,0
PUMP-MONITOR,2026-01-12T16:55:00,485.56,3075.67,98.65,6.35,83.5,51.72,25.12,58.4,degraded,6,0,4,5,0.8532,-13.351,10.6586,0
PUMP-MONITOR,2026-01-12T17:00:00,475.93,3017.19,92.04,3.79,75.41,48.65,23.15,58.69,degraded,6,0,1,5,-2.5542,-6.6093,-8.0895,0
PUMP-MONITOR,2026-01-12T17:05:00,472.73,3189.99,112.03,4.38,75.86,50.66,23.95,71.35,degraded,6,1,3,5,0.5881,19.9907,0.4514,0
PUMP-MONITOR,2026-01-12T17:10:00,483.06,3150.99,111.38,4.05,84.62,49.98,24.14,58.19,degraded,6,1,5,5,-0.3346,-0.6498,8.7593,0
PUMP-MONITOR,2026-01-12T17:15:00,470.41,3106.97,107.82,6.53,82.74,51.24,24.11,57.85,degraded,6,0,1,5,2.4773,-3.5594,-1.8841,0
PUMP-MONITOR,2026-01-12T17:20:00,468.7,3087.9,97.63,6.19,77.33,49.56,23.23,65.1,degraded,6,0,1,5,-0.3307,-10.1964,-5.4047,0
PUMP-MONITOR,2026-01-12T17:25:00,476.84,3212.18,95.91,6.16,80.83,51.38,24.5,58.99,degraded,6,0,4,5,-0.0355,-1.7109,3.4949,0
PUMP-MONITOR,2026-01-12T17:30:00,472.91,3071.37,111.72,3.78,82.44,55.1,26.06,79.98,degraded,6,0,1,5,-2.3802,15.8014,1.6101,0
PUMP-MONITOR,2026-01-12T17:35:00,479.13,2950.05,111.97,3.9,81.67,53.54,25.65,66.29,degraded,6,0,1,5,0.1165,0.2557,-0.7704,0
PUMP-MONITOR,2026-01-12T17:40:00,484.95,3057.18,113.9,4.47,86.25,52.11,25.27,64.6,degraded,6,0,1,5,0.5706,1.9305,4.5862,0
PUMP-MONITOR,2026-01-12T17:45:00,480.43,3027.49,106.11,5.23,77.85,51.0,24.5,69.91,degraded,6,0,5,5,0.7656,-7.7954,-8.3994,0
PUMP-MONITOR,2026-01-12T17:50:00,477.8,2995.55,100.0,4.47,77.22,52.8,25.23,76.98,degraded,6,1,3,5,-0.7621,-6.1096,-0.6355,0
PUMP-MONITOR,2026-01-12T17:55:00,483.44,3230.12,113.57,4.76,84.46,54.46,26.33,70.4,degraded,6,0,4,5,0.2881,13.5722,7.244,0
PUMP-MONITOR,2026-01-12T18:00:00,481.41,3168.11,96.18,4.02,83.86,51.64,24.86,68.08,degraded,6,0,4,5,-0.7342,-17.3843,-0.5981,0
PUMP-MONITOR,2026-01-12T18:05:00,468.22,3098.75,105.72,5.56,78.69,50.52,23.65,61.52,critical,6,1,2,5,1.5318,9.537,-5.1719,1
PUMP-MONITOR,2026-01-12T18:10:00,486.48,2985.35,104.63,6.68,77.44,55.28,26.89,75.98,degraded,6,0,3,5,1.1208,-1.0869,-1.2509,0
PUMP-MONITOR,2026-01-12T18:15:00,480.04,3189.42,112.71,4.99,73.29,52.62,25.26,69.53,degraded,6,0,4,5,-1.6813,8.0754,-4.1488,0
PUMP-MONITOR,2026-01-12T18:20:00,480.02,3106.17,116.58,5.65,74.76,52.03,24.98,64.88,degraded,6,1,6,5,0.657,3.8711,1.468,0
PUMP-MONITOR,2026-01-12T18:25:00,475.52,3063.97,93.42,6.32,72.15,54.18,25.77,80.77,degraded,6,0,1,5,0.671,-23.1655,-2.6108,0
PUMP-MONITOR,2026-01-12T18:30:00,471.21,3058.29,100.26,4.73,79.57,51.9,24.46,78.73,critical,6,0,5,5,-1.5888,6.847,7.4267,1
PUMP-MONITOR,2026-01-12T18:35:00,473.49,2966.06,95.21,5.48,73.33,48.24,22.84,57.71,degraded,6,0,1,5,0.7483,-5.0534,-6.2411,0
PUMP-MONITOR,2026-01-12T18:40:00,480.08,3130.24,111.69,6.67,80.71,54.91,26.36,73.15,critical,6,0,1,5,1.1904,16.484,7.3802,1
PUMP-MONITOR,2026-01-12T18:45:00,482.41,2952.78,111.21,4.32,75.63,54.19,26.14,67.18,degraded,6,0,5,5,-2.3521,-0.4859,-5.0858,0
PUMP-MONITOR,2026-01-12T18:50:00,484.53,2950.62,96.31,5.04,74.61,51.63,25.01,61.24,degraded,6,0,3,5,0.7178,-14.893,-1.0136,0
PUMP-MONITOR,2026-01-12T18:55:00,476.17,3057.95,108.79,4.99,73.97,52.32,24.91,59.42,degraded,6,0,4,5,-0.0528,12.476,-0.64,0
PUMP-MONITOR,2026-01-12T19:00:00,483.15,3048.4,92.88,3.75,84.91,53.25,25.73,69.95,degraded,6,1,4,5,-1.2363,-15.9079,10.9362,0
PUMP-MONITOR,2026-01-12T19:05:00,479.13,3157.63,93.47,4.96,86.54,51.44,24.64,72.48,critical,6,0,2,5,1.2113,0.5833,1.6246,1
PUMP-MONITOR,2026-01-12T19:10:00,480.52,3133.76,94.44,5.11,85.9,52.67,25.31,61.85,degraded,6,0,5,5,0.1447,0.9775,-0.631,0
PUMP-MONITOR,2026-01-12T19:15:00,480.45,3134.66,104.23,5.79,76.4,51.85,24.91,60.86,degraded,6,0,5,5,0.6862,9.7888,-9.5016,0
PUMP-MONITOR,2026-01-12T19:20:00,474.94,3122.85,97.85,4.97,81.01,51.78,24.59,65.31,degraded,6,0,3,5,-0.8258,-6.3809,4.6088,0
PUMP-MONITOR,2026-01-12T19:25:00,484.47,3228.25,99.72,6.66,79.84,50.93,24.67,61.65,degraded,6,0,5,5,1.691,1.8654,-1.1664,0
PUMP-MONITOR,2026-01-12T19:30:00,475.04,3032.78,97.87,4.72,74.57,51.25,24.35,60.04,degraded,6,1,6,5,-1.9322,-1.849,-5.2738,0
PUMP-MONITOR,2026-01-12T19:35:00,471.14,2999.51,102.43,4.31,85.17,48.42,22.81,60.71,degraded,6,0,2,5,-0.4171,4.5626,10.5954,0
PUMP-MONITOR,2026-01-12T19:40:00,474.56,3144.51,98.31,4.03,75.44,49.94,23.7,67.2,degraded,6,0,4,5,-0.2756,-4.1236,-9.7297,0
PUMP-MONITOR,2026-01-12T19:45:00,485.21,3112.8,108.15,6.26,80.25,51.77,25.12,68.05,degraded,6,0,4,5,2.226,9.8472,4.8124,0
PUMP-MONITOR,2026-01-12T19:50:00,473.69,3108.34,101.89,3.92,76.92,54.31,25.73,74.23,degraded,6,0,2,5,-2.3397,-6.2607,-3.3258,0
PUMP-MONITOR,2026-01-12T19:55:00,486.3,3120.98,106.51,5.41,79.92,48.83,23.75,57.13,degraded,6,0,2,5,1.4936,4.6183,2.9959,0
PUMP-MONITOR,2026-01-12T20:00:00,482.65,2976.77,110.5,6.56,80.51,54.3,26.21,69.96,degraded,6,0,3,5,1.1528,3.9848,0.5955,0
PUMP-MONITOR,2026-01-12T20:05:00,476.21,3216.15,93.58,5.53,86.28,52.76,25.13,75.36,critical,6,0,2,5,-1.0382,-16.9178,5.7638,1
PUMP-MONITOR,2026-01-12T20:10:00,469.0,3148.85,94.62,5.88,86.08,54.3,25.47,74.75,critical,6,0,4,5,0.3581,1.0395,-0.1939,1
PUMP-MONITOR,2026-01-12T20:15:00,478.29,2972.19,109.92,4.75,82.77,54.99,26.3,80.22,critical,6,0,1,5,-1.1372,15.3066,-3.3155,1
PUMP-MONITOR,2026-01-12T20:20:00,479.45,3079.88,106.64,5.87,85.85,54.22,25.99,68.78,critical,6,1,6,5,1.1276,-3.286,3.0769,1
PUMP-MONITOR,2026-01-12T20:25:00,478.82,3037.9,112.14,4.75,79.76,53.5,25.62,74.36,critical,6,0,5,5,-1.121,5.4976,-6.0907,1
PUMP-MONITOR,2026-01-12T20:30:00,473.8,3084.41,109.64,6.01,82.1,51.01,24.17,67.5,critical,6,1,4,5,1.2595,-2.4969,2.3422,1
PUMP-MONITOR,2026-01-12T20:35:00,486.54,3115.97,116.04,5.65,75.19,50.73,24.68,60.26,degraded,6,0,3,5,-0.3655,6.404,-6.9085,0
PUMP-MONITOR,2026-01-12T20:40:00,483.3,3204.71,112.57,5.17,77.8,50.56,24.44,67.29,degraded,6,0,2,5,-0.4738,-3.4779,2.6129,0
PUMP-MONITOR,2026-01-12T20:45:00,474.15,3183.06,108.49,5.55,74.48,52.39,24.84,61.71,degraded,6,0,2,5,0.3807,-4.0755,-3.3175,0
PUMP-MONITOR,2026-01-12T20:50:00,487.09,3028.58,95.54,4.5,81.63,51.24,24.96,59.01,degraded,6,0,3,5,-1.0575,-12.9495,7.1503,0
PUMP-MONITOR,2026-01-12T20:55:00,479.87,3198.69,114.51,5.29,82.39,53.76,25.8,78.93,critical,6,0,1,5,0.7938,18.9668,0.7599,1
PUMP-MONITOR,2026-01-12T21:00:00,473.17,3120.24,114.02,5.48,80.27,50.75,24.01,73.65,critical,6,0,5,5,0.1842,-0.4874,-2.1251,1
PUMP-MONITOR,2026-01-12T21:05:00,479.26,2978.04,116.09,5.62,79.93,55.39,26.55,74.95,critical,6,1,5,5,0.1489,2.0723,-0.341,1
PUMP-MONITOR,2026-01-12T21:10:00,473.65,3042.36,93.74,5.56,79.69,50.64,23.98,59.58,degraded,6,0,3,5,-0.0615,-22.3516,-0.24,0
PUMP-MONITOR,2026-01-12T21:15:00,471.05,2980.28,114.73,4.17,72.69,50.98,24.02,68.64,degraded,6,0,4,5,-1.3905,20.9947,-6.9995,0
PUMP-MONITOR,2026-01-12T21:20:00,484.83,3070.48,113.95,4.65,82.25,49.27,23.89,57.5,degraded,6,0,2,5,0.4796,-0.7818,9.5634,0
PUMP-MONITOR,2026-01-12T21:25:00,474.93,3181.29,105.39,5.85,83.95,53.58,25.45,67.36,degraded,6,0,3,5,1.1989,-8.5627,1.6972,0
PUMP-MONITOR,2026-01-12T21:30:00,481.15,3093.73,95.44,4.73,79.89,52.44,25.23,65.49,degraded,6,0,3,5,-1.119,-9.9476,-4.0643,0
PUMP-MONITOR,2026-01-12T21:35:00,483.3,3111.61,112.34,5.83,72.28,52.47,25.36,75.97,degraded,6,1,3,5,1.1011,16.8931,-7.6046,0
PUMP-MONITOR,2026-01-12T21:40:00,469.51,3089.57,101.56,6.18,78.52,49.55,23.27,58.29,degraded,6,0,2,5,0.3518,-10.7765,6.2423,0
PUMP-MONITOR,2026-01-12T21:45:00,468.73,3151.03,101.47,5.63,79.38,53.43,25.05,72.35,critical,6,0,1,5,-0.5562,-0.0853,0.8614,1
PUMP-MONITOR,2026-01-12T21:50:00,481.34,3198.02,103.96,6.55,75.22,52.05,25.05,61.26,degraded,6,0,2,5,0.9211,2.4868,-4.1691,0
PUMP-MONITOR,2026-01-12T21:55:00,484.36,2970.84,100.23,6.06,74.97,52.13,25.25,73.95,degraded,6,0,5,5,-0.4875,-3.7273,-0.2432,0
PUMP-MONITOR,2026-01-12T22:00:00,477.62,3033.66,116.84,6.63,76.01,52.98,25.3,70.8,degraded,6,0,1,5,0.5644,16.6105,1.0372,0
PUMP-MONITOR,2026-01-12T22:05:00,473.88,3124.86,113.69,3.78,72.29,54.01,25.59,79.34,degraded,6,1,6,5,-2.8482,-3.1498,-3.7184,0
PUMP-MONITOR,2026-01-12T22:10:00,478.08,2981.64,96.41,5.1,75.41,54.84,26.22,80.46,degraded,6,0,2,5,1.3237,-17.2877,3.1179,0
PUMP-MONITOR,2026-01-12T22:15:00,483.23,2956.84,107.2,5.56,86.4,53.53,25.87,78.17,critical,6,0,1,5,0.4594,10.7889,10.9885,1
PUMP-MONITOR,2026-01-12T22:20:00,474.19,3002.66,112.62,5.47,84.97,54.11,25.66,79.14,critical,6,0,1,5,-0.0904,5.4217,-1.4272,1
PUMP-MONITOR,2026-01-12T22:25:00,473.17,3238.06,92.12,3.9,81.74,52.82,24.99,66.39,degraded,6,0,5,5,-1.5677,-20.5008,-3.233,0
PUMP-MONITOR,2026-01-12T22:30:00,481.84,3243.58,104.56,4.65,76.74,51.86,24.99,64.75,degraded,6,0,1,5,0.7436,12.4456,-5.0016,0
PUMP-MONITOR,2026-01-12T22:35:00,473.12,3197.98,96.65,4.7,81.67,50.92,24.09,56.83,critical,6,1,4,5,0.0543,-7.9137,4.9361,1
PUMP-MONITOR,2026-01-12T22:40:00,487.91,3003.28,105.86,6.51,86.88,54.61,26.65,78.2,critical,6,0,4,5,1.813,9.2165,5.2096,1
PUMP-MONITOR,2026-01-12T22:45:00,487.54,3096.41,95.98,3.74,81.28,55.37,27.0,74.51,degraded,6,0,5,5,-2.7694,-9.8871,-5.6017,0
PUMP-MONITOR,2026-01-12T22:50:00,485.47,3217.43,115.89,4.35,75.82,51.93,25.21,60.84,degraded,6,1,4,5,0.6098,19.9134,-5.4607,0
PUMP-MONITOR,2026-01-12T22:55:00,475.15,3203.05,92.11,4.03,72.8,51.35,24.4,60.13,degraded,6,0,4,5,-0.3209,-23.7834,-3.0175,0
PUMP-MONITOR,2026-01-12T23:00:00,474.93,3149.45,105.96,4.42,86.69,49.76,23.63,61.09,degraded,6,0,2,5,0.3898,13.8567,13.8898,0
PUMP-MONITOR,2026-01-12T23:05:00,482.92,3161.91,100.76,4.49,86.06,51.84,25.04,65.71,degraded,6,0,4,5,0.0643,-5.1995,-0.634,0
PUMP-MONITOR,2026-01-12T23:10:00,470.95,3080.43,97.05,4.13,76.15,51.11,24.07,58.91,degraded,6,0,4,5,-0.3572,-3.7198,-9.904,0
PUMP-MONITOR,2026-01-12T23:15:00,472.78,3226.91,114.29,6.3,79.94,51.52,24.36,57.48,degraded,6,0,2,5,2.1665,17.2463,3.7916,0
PUMP-MONITOR,2026-01-12T23:20:00,475.06,3189.14,112.77,4.51,81.08,50.59,24.03,60.82,degraded,6,0,1,5,-1.7869,-1.525,1.1368,0
PUMP-MONITOR,2026-01-12T23:25:00,480.2,3007.01,111.18,4.64,75.16,52.83,25.37,66.96,degraded,6,0,2,5,0.1254,-1.5883,-5.9188,0
PUMP-MONITOR,2026-01-12T23:30:00,471.2,3074.72,116.7,4.34,81.17,51.42,24.23,67.14,degraded,6,0,2,5,-0.3003,5.5178,6.0031,0
PUMP-MONITOR,2026-01-12T23:35:00,486.57,3093.12,93.26,5.96,77.02,49.53,24.1,58.73,degraded,6,0,5,5,1.6197,-23.4324,-4.1489,0
PUMP-MONITOR,2026-01-12T23:40:00,487.3,3238.54,115.86,6.58,85.78,53.89,26.26,65.72,critical,6,1,6,5,0.6223,22.592,8.7588,1
PUMP-MONITOR,2026-01-12T23:45:00,485.42,3175.57,107.7,5.38,77.31,55.34,26.86,79.16,degraded,6,0,5,5,-1.1978,-8.1553,-8.4692,0
PUMP-MONITOR,2026-01-12T23:50:00,477.14,3053.79,111.3,5.57,80.11,51.7,24.67,77.26,critical,6,1,2,5,0.193,3.5963,2.8037,1
PUMP-MONITOR,2026-01-12T23:55:00,478.8,3119.86,113.06,4.81,80.05,55.92,26.77,79.41,critical,6,0,5,5,-0.7609,1.7662,-0.0553,1
PUMP-MONITOR,2026-01-13T00:00:00,471.19,2951.89,106.34,5.78,79.53,53.1,25.02,68.17,degraded,6,0,1,5,0.9677,-6.7275,-0.529,0
PUMP-MONITOR,2026-01-13T00:05:00,479.27,3098.39,100.35,4.46,78.97,51.88,24.86,72.15,degraded,6,1,3,5,-1.3231,-5.9858,-0.5557,0
PUMP-MONITOR,2026-01-13T00:10:00,469.28,3120.37,110.79,4.98,75.39,51.43,24.13,65.59,degraded,6,0,2,5,0.5272,10.4413,-3.5824,0
PUMP-MONITOR,2026-01-13T00:15:00,477.08,3030.07,95.79,6.13,79.03,54.57,26.03,78.6,critical,6,0,1,5,1.149,-15.0002,3.6453,1
PUMP-MONITOR,2026-01-13T00:20:00,484.89,3176.5,109.32,6.24,73.13,54.62,26.48,72.82,degraded,6,1,2,5,0.1125,13.5254,-5.904,0
PUMP-MONITOR,2026-01-13T00:25:00,471.11,3009.86,108.9,4.37,72.65,50.98,24.02,62.43,degraded,6,0,4,5,-1.8716,-0.4139,-0.4751,0
PUMP-MONITOR,2026-01-13T00:30:00,470.94,3071.15,98.22,4.49,84.14,51.19,24.11,75.14,degraded,6,0,3,5,0.1127,-10.6795,11.4832,0
PUMP-MONITOR,2026-01-13T00:35:00,480.4,3032.96,98.49,5.17,80.18,55.14,26.49,75.37,critical,6,0,1,5,0.682,0.2659,-3.9602,1
PUMP-MONITOR,2026-01-13T00:40:00,476.97,2997.15,116.16,5.28,82.17,53.67,25.6,75.24,critical,6,0,1,5,0.1122,17.6697,1.9942,1
PUMP-MONITOR,2026-01-13T00:45:00,474.89,3204.43,99.67,5.63,72.09,52.53,24.95,72.01,degraded,6,0,1,5,0.35,-16.4873,-10.0834,0
PUMP-MONITOR,2026-01-13T00:50:00,468.41,2991.57,100.45,5.21,81.02,55.0,25.76,79.32,critical,6,0,1,5,-0.4165,0.7839,8.9352,1
PUMP-MONITOR,2026-01-13T00:55:00,487.96,2984.72,98.97,3.88,86.28,53.55,26.13,63.85,degraded,6,0,5,5,-1.3368,-1.4854,5.2615,0
PUMP-MONITOR,2026-01-13T01:00:00,476.78,3062.36,96.75,4.91,81.75,55.84,26.62,78.98,critical,6,1,3,5,1.0353,-2.2191,-4.5337,1
PUMP-MONITOR,2026-01-13T01:05:00,482.34,3084.33,103.58,6.07,84.52,51.6,24.89,72.09,critical,6,0,5,5,1.1569,6.8308,2.7721,1
PUMP-MONITOR,2026-01-13T01:10:00,470.2,3177.72,93.8,4.4,80.32,52.5,24.68,75.1,degraded,6,1,4,5,-1.6686,-9.7818,-4.201,0
PUMP-MONITOR,2026-01-13T01:15:00,487.29,3245.3,113.85,6.63,74.33,53.64,26.14,80.5,degraded,6,0,2,5,2.2313,20.0498,-5.9916,0
PUMP-MONITOR,2026-01-13T01:20:00,480.43,3210.35,96.83,6.61,85.74,52.8,25.37,73.61,critical,6,0,4,5,-0.0231,-17.0175,11.4122,1
PUMP-MONITOR,2026-01-13T01:25:00,485.45,3066.57,116.14,3.74,84.02,54.28,26.35,80.94,degraded,6,0,3,5,-2.8692,19.3066,-1.7183,0
PUMP-MONITOR,2026-01-13T01:30:00,479.84,3086.14,106.64,5.33,84.18,49.93,23.96,64.0,degraded,6,0,3,5,1.5934,-9.4976,0.1509,0
PUMP-MONITOR,2026-01-13T01:35:00,483.01,3120.35,99.12,5.26,81.52,53.66,25.92,63.87,degraded,6,0,1,5,-0.072,-7.5224,-2.6555,0
PUMP-MONITOR,2026-01-13T01:40:00,479.94,3100.72,106.95,3.89,73.17,52.21,25.06,64.2,degraded,6,1,3,5,-1.3683,7.8287,-8.3502,0
PUMP-MONITOR,2026-01-13T01:45:00,472.36,3165.16,100.81,4.88,74.4,54.87,25.92,80.12,degraded,6,1,4,5,0.9884,-6.1331,1.2321,0
PUMP-MONITOR,2026-01-13T01:50:00,482.11,3119.52,115.78,4.69,76.43,53.16,25.63,75.08,degraded,6,1,3,5,-0.1933,14.9621,2.0321,0
PUMP-MONITOR,2026-01-13T01:55:00,479.28,3062.29,92.81,6.7,81.26,51.24,24.56,66.7,critical,6,1,5,5,2.0111,-22.9616,4.8267,1
PUMP-MONITOR,2026-01-13T02:00:00,479.88,3086.19,110.31,6.53,80.89,52.78,25.33,65.97,degraded,6,0,3,5,-0.167,17.4955,-0.3689,0
PUMP-MONITOR,2026-01-13T02:05:00,479.02,2995.52,111.7,6.52,84.34,53.0,25.39,65.54,critical,6,1,2,5,-0.0129,1.3856,3.4523,1
PUMP-MONITOR,2026-01-13T02:10:00,481.87,3201.61,101.86,4.74,76.68,55.53,26.76,78.64,degraded,6,0,1,5,-1.7784,-9.8375,-7.6653,0
PUMP-MONITOR,2026-01-13T02:15:00,485.13,3173.74,111.24,4.78,77.62,52.86,25.65,67.03,degraded,6,0,4,5,0.043,9.3795,0.9376,0
PUMP-MONITOR,2026-01-13T02:20:00,480.07,3057.53,97.24,4.19,78.15,51.04,24.5,66.15,degraded,6,0,1,5,-0.5898,-14.0016,0.5365,0
PUMP-MONITOR,2026-01-13T02:25:00,470.23,3142.28,103.92,6.09,79.05,54.06,25.42,78.76,critical,6,0,4,5,1.8955,6.6874,0.8998,1
PUMP-MONITOR,2026-01-13T02:30:00,473.51,3147.63,112.66,5.5,78.46,50.79,24.05,66.12,degraded,6,0,3,5,-0.5918,8.7359,-0.5921,0
PUMP-MONITOR,2026-01-13T02:35:00,468.46,3185.59,93.7,5.58,81.82,50.09,23.46,60.4,degraded,6,0,2,5,0.0858,-18.9542,3.3579,0
PUMP-MONITOR,2026-01-13T02:40:00,481.07,3001.0,111.64,5.15,75.71,50.95,24.51,59.99,degraded,6,1,5,5,-0.429,17.937,-6.1116,0
PUMP-MONITOR,2026-01-13T02:45:00,477.42,2969.42,104.94,4.16,80.4,51.05,24.37,72.82,degraded,6,1,3,5,-0.9932,-6.706,4.6889,0
PUMP-MONITOR,2026-01-13T02:50:00,479.36,3090.23,96.71,5.95,72.62,53.48,25.63,70.21,degraded,6,0,4,5,1.785,-8.23,-7.7715,0
PUMP-MONITOR,2026-01-13T02:55:00,479.59,3183.91,98.94,6.01,79.06,54.84,26.3,79.87,critical,6,0,1,5,0.0614,2.2323,6.436,1
PUMP-MONITOR,2026-01-13T03:00:00,475.2,3163.72,107.13,4.99,81.56,49.11,23.34,59.87,critical,6,1,5,5,-1.0166,8.1933,2.5034,1
PUMP-MONITOR,2026-01-13T03:05:00,473.03,3201.28,112.75,6.4,86.02,52.82,24.98,80.88,critical,6,0,4,5,1.4113,5.6174,4.4597,1
PUMP-MONITOR,2026-01-13T03:10:00,477.69,3109.61,116.55,5.68,80.87,53.64,25.63,72.19,critical,6,0,5,5,-0.7176,3.7971,-5.1523,1
PUMP-MONITOR,2026-01-13T03:15:00,472.43,3052.58,111.86,4.2,85.2,52.19,24.66,74.04,degraded,6,1,5,5,-1.483,-4.6893,4.3299,0
PUMP-MONITOR,2026-01-13T03:20:00,483.9,3053.38,99.23,4.42,76.43,50.82,24.59,62.98,degraded,6,0,1,5,0.2204,-12.6224,-8.7742,0
PUMP-MONITOR,2026-01-13T03:25:00,480.7,3242.89,112.12,4.0,74.23,51.56,24.78,57.62,degraded,6,0,5,5,-0.4201,12.8813,-2.197,0
PUMP-MONITOR,2026-01-13T03:30:00,484.94,3187.74,113.08,4.01,82.29,49.87,24.18,60.8,degraded,6,0,3,5,0.0115,0.9612,8.0647,0
PUMP-MONITOR,2026-01-13T03:35:00,477.64,2998.64,102.17,4.27,76.71,50.79,24.26,69.5,degraded,6,0,2,5,0.2527,-10.9102,-5.5836,0
PUMP-MONITOR,2026-01-13T03:40:00,479.42,2960.24,116.4,4.02,80.96,51.93,24.9,69.62,degraded,6,0,1,5,-0.2434,14.2365,4.2456,0
PUMP-MONITOR,2026-01-13T03:45:00,482.75,3113.21,98.57,5.69,74.06,54.99,26.55,76.62,degraded,6,0,1,5,1.6642,-17.8357,-6.8947,0
PUMP-MONITOR,2026-01-13T03:50:00,481.8,2981.8,114.64,4.45,75.97,50.42,24.29,67.77,degraded,6,1,6,5,-1.2417,16.0692,1.9107,0
PUMP-MONITOR,2026-01-13T03:55:00,471.2,2953.38,99.53,4.62,75.01,50.31,23.71,69.62,degraded,6,0,1,5,0.1754,-15.1023,-0.9658,0
PUMP-MONITOR,2026-01-13T04:00:00,470.49,3204.03,107.0,5.49,74.48,49.55,23.31,67.7,degraded,6,0,2,5,0.874,7.4674,-0.5229,0
PUMP-MONITOR,2026-01-13T04:05:00,487.99,3089.85,96.75,4.38,81.58,52.48,25.61,66.72,degraded,6,0,4,5,-1.1134,-10.2522,7.094,0
PUMP-MONITOR,2026-01-13T04:10:00,468.61,3244.61,110.27,5.27,85.15,51.31,24.04,73.42,critical,6,0,4,5,0.8934,13.5191,3.5759,1
PUMP-MONITOR,2026-01-13T04:15:00,482.06,3207.72,107.83,4.42,81.17,51.26,24.71,68.69,degraded,6,0,4,5,-0.8588,-2.4358,-3.9852,0
PUMP-MONITOR,2026-01-13T04:20:00,469.02,3244.45,109.75,6.07,78.84,49.19,23.07,56.49,degraded,6,0,2,5,1.6562,1.9163,-2.3245,0
PUMP-MONITOR,2026-01-13T04:25:00,478.73,2974.24,101.37,5.17,77.32,50.95,24.39,67.43,degraded,6,0,3,5,-0.9042,-8.3833,-1.5189,0
PUMP-MONITOR,2026-01-13T04:30:00,486.3,3117.18,107.5,4.08,75.04,51.71,25.15,64.43,degraded,6,0,2,5,-1.0864,6.1352,-2.2822,0
PUMP-MONITOR,2026-01-13T04:35:00,470.81,3119.42,115.36,6.46,82.74,52.77,24.84,71.53,degraded,6,0,1,5,2.3792,7.8556,7.7014,0
PUMP-MONITOR,2026-01-13T04:40:00,469.37,3240.67,114.43,4.76,82.08,53.23,24.99,77.86,critical,6,0,4,5,-1.7045,-0.9272,-0.6622,1
PUMP-MONITOR,2026-01-13T04:45:00,483.02,3120.62,113.17,6.06,76.22,52.99,25.6,69.15,degraded,6,0,2,5,1.3053,-1.2623,-5.8651,0
PUMP-MONITOR,2026-01-13T04:50:00,487.56,3244.17,103.53,6.63,86.03,54.13,26.39,77.94,critical,6,0,5,5,0.565,-9.6346,9.8151,1
PUMP-MONITOR,2026-01-13T04:55:00,480.7,3175.29,115.11,4.56,75.09,54.0,25.96,76.25,degraded,6,0,3,5,-2.0615,11.5769,-10.9445,0
PUMP-MONITOR,2026-01-13T05:00:00,485.78,3094.0,112.75,5.33,80.94,49.3,23.95,56.39,degraded,6,0,5,5,0.7683,-2.3578,5.8579,0
PUMP-MONITOR,2026-01-13T05:05:00,486.6,3232.31,95.55,4.01,82.68,53.56,26.06,64.16,degraded,6,0,5,5,-1.3234,-17.2058,1.7312,0
PUMP-MONITOR,2026-01-13T05:10:00,480.72,3156.71,115.81,4.23,80.88,52.32,25.15,67.19,degraded,6,0,3,5,0.2188,20.2675,-1.7962,0
PUMP-MONITOR,2026-01-13T05:15:00,484.57,3195.58,106.98,5.72,73.94,56.13,27.2,78.72,degraded,6,1,2,5,1.4914,-8.8327,-6.9444,0
PUMP-MONITOR,2026-01-13T05:20:00,486.18,2960.33,109.24,6.68,72.35,53.74,26.13,78.51,degraded,6,1,2,5,0.9611,2.255,-1.5835,0
PUMP-MONITOR,2026-01-13T05:25:00,468.21,3134.85,93.3,3.96,79.87,51.65,24.18,67.39,degraded,6,0,3,5,-2.7203,-15.934,7.5163,0
PUMP-MONITOR,2026-01-13T05:30:00,484.18,3168.02,110.79,4.5,86.23,49.91,24.16,60.27,degraded,6,0,3,5,0.5437,17.4889,6.3571,0
PUMP-MONITOR,2026-01-13T05:35:00,468.73,3065.03,114.95,4.91,81.42,52.95,24.82,69.0,degraded,6,0,3,5,0.4044,4.156,-4.8084,0
PUMP-MONITOR,2026-01-13T05:40:00,483.41,3183.89,92.28,6.43,81.45,52.12,25.2,68.74,critical,6,1,3,5,1.5245,-22.6693,0.0358,1
PUMP-MONITOR,2026-01-13T05:45:00,479.85,3106.17,106.82,6.53,80.47,50.57,24.26,58.97,critical,6,1,4,5,0.0951,14.547,-0.9799,1
PUMP-MONITOR,2026-01-13T05:50:00,487.16,3103.55,97.81,4.57,82.06,52.61,25.63,72.73,critical,6,0,2,5,-1.9595,-9.0171,1.5885,1
PUMP-MONITOR,2026-01-13T05:55:00,487.59,3000.17,109.79,4.33,74.7,51.43,25.08,57.1,degraded,6,1,4,5,-0.2384,11.9846,-7.3622,0
PUMP-MONITOR,2026-01-13T06:00:00,480.15,3021.76,93.94,5.54,86.2,54.54,26.19,74.68,critical,6,1,6,5,1.2125,-15.8532,11.498,1
PUMP-MONITOR,2026-01-13T06:05:00,473.4,2965.64,94.44,5.91,74.08,52.52,24.86,61.79,degraded,6,0,4,5,0.3692,0.4983,-12.1165,0
PUMP-MONITOR,2026-01-13T06:10:00,480.64,3159.23,111.36,5.69,74.43,53.29,25.61,66.18,degraded,6,0,1,5,-0.2242,16.9262,0.353,0
PUMP-MONITOR,2026-01-13T06:15:00,478.66,3200.06,116.8,4.95,85.95,51.61,24.7,58.37,degraded,6,0,2,5,-0.7358,5.4401,11.5141,0
PUMP-MONITOR,2026-01-13T06:20:00,479.67,3126.97,107.19,5.27,72.61,52.83,25.34,63.23,degraded,6,0,1,5,0.315,-9.6088,-13.3382,0
PUMP-MONITOR,2026-01-13T06:25:00,477.7,3196.79,108.22,4.09,85.93,54.38,25.98,71.36,degraded,6,0,4,5,-1.1752,1.0288,13.3204,0
PUMP-MONITOR,2026-01-13T06:30:00,473.99,3030.82,115.74,5.75,75.87,52.69,24.97,68.07,degraded,6,0,4,5,1.6535,7.5193,-10.0594,0
PUMP-MONITOR,2026-01-13T06:35:00,481.52,3014.36,111.77,4.09,77.43,49.94,24.05,56.48,degraded,6,0,2,5,-1.6573,-3.972,1.5582,0
PUMP-MONITOR,2026-01-13T06:40:00,468.35,3033.43,102.52,6.5,74.3,51.88,24.3,74.91,degraded,6,0,3,5,2.4095,-9.2516,-3.1319,0
PUMP-MONITOR,2026-01-13T06:45:00,471.33,3231.58,106.41,6.6,76.27,48.22,22.73,59.65,degraded,6,0,3,5,0.0996,3.8874,1.9771,0
PUMP-MONITOR,2026-01-13T06:50:00,471.08,3140.54,105.28,5.88,76.36,50.57,23.82,60.64,degraded,6,1,5,5,-0.7206,-1.1226,0.084,0
PUMP-MONITOR,2026-01-13T06:55:00,485.3,2960.83,104.34,4.21,75.74,53.82,26.12,79.2,degraded,6,0,2,5,-1.6664,-0.9477,-0.6187,0
PUMP-MONITOR,2026-01-13T07:00:00,487.79,3105.27,113.29,6.57,83.82,52.71,25.71,64.26,critical,6,2,7,5,2.3635,8.9569,8.0771,1
PUMP-MONITOR,2026-01-13T07:05:00,481.24,3115.92,101.34,5.89,74.24,53.64,25.81,64.95,degraded,6,0,3,5,-0.6793,-11.951,-9.576,0
PUMP-MONITOR,2026-01-13T07:10:00,479.32,3100.81,102.43,6.68,83.39,51.07,24.48,57.32,degraded,6,0,5,5,0.7897,1.0836,9.1447,0
PUMP-MONITOR,2026-01-13T07:15:00,468.51,3197.81,102.21,4.57,74.04,51.1,23.94,62.11,degraded,6,1,4,5,-2.1125,-0.2191,-9.3486,0
PUMP-MONITOR,2026-01-13T07:20:00,469.41,3210.24,101.12,5.95,83.39,51.2,24.03,75.77,critical,6,0,4,5,1.376,-1.0834,9.3529,1
PUMP-MONITOR,2026-01-13T07:25:00,486.8,3104.17,101.42,5.69,75.55,53.94,26.26,65.55,degraded,6,0,4,5,-0.2567,0.2985,-7.8403,0
PUMP-MONITOR,2026-01-13T07:30:00,475.59,2997.39,107.3,6.41,73.26,55.29,26.3,78.13,degraded,6,0,4,5,0.7212,5.8792,-2.2845,0
PUMP-MONITOR,2026-01-13T07:35:00,483.45,2997.23,96.7,5.32,75.17,52.6,25.43,78.15,degraded,6,0,1,5,-1.0941,-10.6047,1.9095,0
PUMP-MONITOR,2026-01-13T07:40:00,481.5,3182.46,101.79,5.42,86.32,50.46,24.3,67.39,degraded,6,0,2,5,0.099,5.0942,11.1457,0
PUMP-MONITOR,2026-01-13T07:45:00,472.63,3076.91,106.28,4.75,78.01,53.86,25.45,78.74,critical,6,0,1,5,-0.6627,4.4876,-8.3093,1
PUMP-MONITOR,2026-01-13T07:50:00,474.45,3187.0,97.37,6.53,79.23,49.25,23.37,58.6,critical,6,1,2,5,1.7707,-8.9115,1.2217,1
PUMP-MONITOR,2026-01-13T07:55:00,480.4,3053.99,103.83,4.55,72.93,48.87,23.48,58.44,degraded,6,0,2,5,-1.9778,6.4611,-6.298,0
PUMP-MONITOR,2026-01-13T08:00:00,468.23,3214.37,111.76,6.19,73.15,50.84,23.8,57.8,degraded,6,0,5,5,1.6452,7.9291,0.2124,0
PUMP-MONITOR,2026-01-13T08:05:00,469.69,3042.98,113.77,6.02,86.56,51.2,24.05,77.88,critical,6,0,3,5,-0.1747,2.0162,13.4083,1
PUMP-MONITOR,2026-01-13T08:10:00,472.75,3233.99,116.61,4.19,84.59,48.74,23.04,58.88,degraded,6,0,2,5,-1.8278,2.8325,-1.966,0
PUMP-MONITOR,2026-01-13T08:15:00,473.16,3032.67,96.68,6.54,73.57,52.89,25.03,80.56,degraded,6,1,3,5,2.3468,-19.9294,-11.0205,0
PUMP-MONITOR,2026-01-13T08:20:00,474.24,3130.13,99.82,6.72,77.92,52.39,24.85,73.48,degraded,6,0,2,5,0.1873,3.1479,4.348,0
PUMP-MONITOR,2026-01-13T08:25:00,470.47,2979.63,107.98,6.06,81.33,53.25,25.05,79.3,critical,6,0,1,5,-0.6638,8.1549,3.4153,1
PUMP-MONITOR,2026-01-13T08:30:00,480.16,3029.06,115.78,5.27,73.95,51.45,24.7,57.17,degraded,6,1,2,5,-0.7891,7.7994,-7.3782,0
PUMP-MONITOR,2026-01-13T08:35:00,475.77,3001.96,93.49,4.7,85.69,54.01,25.7,78.88,critical,6,0,3,5,-0.5699,-22.2904,11.7404,1
PUMP-MONITOR,2026-01-13T08:40:00,482.83,3088.81,115.86,4.35,81.51,51.53,24.88,66.84,degraded,6,0,3,5,-0.3512,22.3679,-4.1885,0
PUMP-MONITOR,2026-01-13T08:45:00,480.39,3115.57,98.06,6.27,82.85,50.97,24.48,58.5,degraded,6,0,4,5,1.9168,-17.7995,1.3457,0
PUMP-MONITOR,2026-01-13T08:50:00,484.65,3071.54,102.71,4.86,75.07,51.22,24.82,67.71,degraded,6,0,3,5,-1.4117,4.6524,-7.7827,0
PUMP-MONITOR,2026-01-13T08:55:00,485.57,3200.09,100.74,5.59,85.7,54.76,26.59,78.82,critical,6,0,5,5,0.7349,-1.9689,10.6327,1
PUMP-MONITOR,2026-01-13T09:00:00,479.95,3026.1,107.92,5.43,73.32,53.31,25.59,78.56,degraded,6,0,4,5,-0.1633,7.1788,-12.3853,0
PUMP-MONITOR,2026-01-13T09:05:00,471.89,3067.97,112.75,5.96,81.09,49.22,23.23,64.16,degraded,6,0,1,5,0.5321,4.8351,7.7768,0
PUMP-MONITOR,2026-01-13T09:10:00,482.91,3020.32,107.48,4.34,73.38,51.97,25.1,65.8,degraded,6,1,3,5,-1.6169,-5.2771,-7.7093,0
PUMP-MONITOR,2026-01-13T09:15:00,485.85,3147.54,94.67,3.75,74.99,54.15,26.31,75.61,degraded,6,0,4,5,-0.5903,-12.8033,1.6065,0
PUMP-MONITOR,2026-01-13T09:20:00,480.35,3091.77,110.68,4.95,86.71,53.21,25.56,69.5,degraded,6,0,1,5,1.195,16.0108,11.7212,0
PUMP-MONITOR,2026-01-13T09:25:00,479.72,3073.11,96.09,4.36,75.95,52.91,25.38,80.7,degraded,6,0,2,5,-0.5869,-14.5984,-10.7602,0
PUMP-MONITOR,2026-01-13T09:30:00,486.18,3022.5,98.77,3.78,85.23,51.03,24.81,63.02,degraded,6,0,1,5,-0.5789,2.6799,9.2778,0
PUMP-MONITOR,2026-01-13T09:35:00,484.9,3205.05,110.38,6.63,76.79,53.37,25.88,65.71,degraded,6,0,5,5,2.8494,11.6112,-8.4382,0
PUMP-MONITOR,2026-01-13T09:40:00,483.55,3055.91,94.45,4.39,74.87,50.18,24.26,65.03,degraded,6,0,2,5,-2.2452,-15.9257,-1.9229,0
PUMP-MONITOR,2026-01-13T09:45:00,472.28,3050.08,104.18,6.0,79.14,52.75,24.91,68.85,degraded,6,0,4,5,1.6195,9.7295,4.2764,0
PUMP-MONITOR,2026-01-13T09:50:00,470.03,3081.35,114.19,5.01,73.7,53.54,25.17,75.56,degraded,6,1,2,5,-0.9961,10.014,-5.4492,0
PUMP-MONITOR,2026-01-13T09:55:00,468.14,3190.65,102.25,3.86,84.45,51.41,24.07,58.37,degraded,6,0,4,5,-1.1518,-11.9486,10.7554,0
PUMP-MONITOR,2026-01-13T10:00:00,485.41,2960.63,101.65,5.03,72.11,49.49,24.03,60.48,degraded,6,1,4,5,1.1734,-0.5986,-12.3421,0
PUMP-MONITOR,2026-01-13T10:05:00,470.26,3187.04,104.63,5.34,84.2,51.0,23.99,70.89,critical,6,1,2,5,0.3148,2.9796,12.0907,1
PUMP-MONITOR,2026-01-13T10:10:00,469.58,2959.42,93.28,4.45,83.25,51.98,24.41,69.53,degraded,6,1,2,5,-0.8999,-11.3421,-0.9511,0
PUMP-MONITOR,2026-01-13T10:15:00,471.51,3033.63,101.19,4.1,77.51,51.63,24.34,57.86,degraded,6,0,2,5,-0.3447,7.9058,-5.7394,0
PUMP-MONITOR,2026-01-13T10:20:00,476.42,3246.85,100.33,5.56,80.12,50.91,24.26,59.28,critical,6,1,4,5,1.4577,-0.8581,2.6105,1
PUMP-MONITOR,2026-01-13T10:25:00,476.34,3227.07,99.38,5.93,72.56,52.52,25.02,64.4,degraded,6,0,1,5,0.3673,-0.9473,-7.5575,0
PUMP-MONITOR,2026-01-13T10:30:00,473.16,3013.17,93.84,3.79,76.18,53.61,25.37,74.1,degraded,6,1,6,5,-2.1328,-5.5475,3.6233,0
PUMP-MONITOR,2026-01-13T10:35:00,474.18,3194.47,100.25,6.65,82.87,53.93,25.57,74.28,critical,6,0,3,5,2.8598,6.4174,6.6864,1
PUMP-MONITOR,2026-01-13T10:40:00,473.29,3018.75,95.76,5.29,86.25,50.82,24.05,58.21,degraded,6,0,1,5,-1.3621,-4.4964,3.3824,0
PUMP-MONITOR,2026-01-13T10:45:00,480.52,3049.84,96.12,4.87,72.57,53.56,25.74,68.96,degraded,6,0,4,5,-0.4171,0.3635,-13.6835,0
PUMP-MONITOR,2026-01-13T10:50:00,486.63,3176.98,95.3,6.72,76.6,53.21,25.89,61.85,degraded,6,0,1,5,1.8447,-0.8174,4.0295,0
PUMP-MONITOR,2026-01-13T10:55:00,473.67,3078.66,115.67,5.18,84.7,50.18,23.77,58.16,degraded,6,0,5,5,-1.5382,20.3608,8.1006,0
PUMP-MONITOR,2026-01-13T11:00:00,481.81,3135.01,101.23,5.7,83.02,53.19,25.63,77.81,critical,6,0,3,5,0.5156,-14.4403,-1.6763,1
PUMP-MONITOR,2026-01-13T11:05:00,473.94,3062.99,98.62,4.55,77.06,51.64,24.48,58.3,degraded,6,0,5,5,-1.1412,-2.6096,-5.9641,0
PUMP-MONITOR,2026-01-13T11:10:00,470.51,3078.4,115.07,5.24,83.24,52.77,24.83,70.31,degraded,6,0,4,5,0.6839,16.4549,6.1839,0
PUMP-MONITOR,2026-01-13T11:15:00,481.23,2962.22,107.76,5.18,86.89,53.22,25.61,75.93,critical,6,0,2,5,-0.0593,-7.3058,3.6463,1
PUMP-MONITOR,2026-01-13T11:20:00,470.91,3008.2,94.76,5.32,76.64,50.56,23.81,56.66,degraded,6,1,3,5,0.1378,-13.004,-10.2505,0
PUMP-MONITOR,2026-01-13T11:25:00,481.73,3166.87,115.45,4.98,79.27,50.4,24.28,64.64,degraded,6,0,3,5,-0.3367,20.6899,2.6259,0
PUMP-MONITOR,2026-01-13T11:30:00,470.52,3016.86,102.75,4.53,76.97,50.78,23.89,60.08,degraded,6,0,1,5,-0.4509,-12.7034,-2.295,0
PUMP-MONITOR,2026-01-13T11:35:00,477.67,3128.59,113.05,5.3,73.6,52.22,24.95,75.26,degraded,6,0,1,5,0.7686,10.3053,-3.368,0
PUMP-MONITOR,2026-01-13T11:40:00,482.21,2988.65,115.06,5.92,83.42,51.02,24.6,66.93,critical,6,1,6,5,0.6234,2.0066,9.8198,1
PUMP-MONITOR,2026-01-13T11:45:00,470.21,3188.88,103.12,4.83,79.88,51.84,24.38,70.85,degraded,6,0,2,5,-1.0908,-11.9405,-3.5446,0
PUMP-MONITOR,2026-01-13T11:50:00,478.43,2971.18,93.14,6.38,80.77,50.9,24.35,58.97,degraded,6,0,2,5,1.5539,-9.9831,0.8932,0
PUMP-MONITOR,2026-01-13T11:55:00,475.25,3006.25,94.35,4.48,86.53,51.73,24.59,69.18,degraded,6,0,1,5,-1.9051,1.2189,5.7602,0
PUMP-MONITOR,2026-01-13T12:00:00,472.66,3111.81,107.8,3.78,76.23,52.28,24.71,62.99,degraded,6,0,1,5,-0.6963,13.4446,-10.2997,0
PUMP-MONITOR,2026-01-13T12:05:00,468.94,3072.17,97.15,5.62,72.03,51.67,24.23,64.05,degraded,6,1,6,5,1.8422,-10.645,-4.1973,0
PUMP-MONITOR,2026-01-13T12:10:00,480.52,3224.0,97.47,5.54,82.44,49.12,23.61,57.25,critical,6,1,5,5,-0.0864,0.314,10.4061,1
PUMP-MONITOR,2026-01-13T12:15:00,469.42,3029.79,95.82,4.91,73.71,51.32,24.09,75.48,degraded,6,0,5,5,-0.629,-1.6472,-8.7343,0
PUMP-MONITOR,2026-01-13T12:20:00,479.34,3205.06,108.31,5.82,73.61,53.7,25.74,68.65,degraded,6,0,2,5,0.9095,12.4884,-0.1009,0
PUMP-MONITOR,2026-01-13T12:25:00,471.93,3005.53,108.3,6.05,73.37,54.32,25.63,80.31,degraded,6,0,4,5,0.2273,-0.0064,-0.2336,0
PUMP-MONITOR,2026-01-13T12:30:00,487.81,3057.53,108.95,6.19,84.21,54.48,26.58,79.97,critical,6,0,3,5,0.1399,0.6467,10.8394,1
PUMP-MONITOR,2026-01-13T12:35:00,471.27,3208.99,98.71,6.13,77.38,50.41,23.76,64.35,degraded,6,0,5,5,-0.0567,-10.2408,-6.8313,0
PUMP-MONITOR,2026-01-13T12:40:00,483.34,3113.63,102.56,4.07,85.83,51.96,25.11,64.46,degraded,6,0,5,5,-2.0547,3.8466,8.4536,0
PUMP-MONITOR,2026-01-13T12:45:00,470.45,2962.5,114.77,4.15,76.74,49.54,23.3,65.2,degraded,6,0,1,5,0.0799,12.2129,-9.0949,0
PUMP-MONITOR,2026-01-13T12:50:00,476.63,3084.99,93.33,4.45,80.34,53.09,25.3,78.75,degraded,6,0,1,5,0.293,-21.4401,3.6033,0
PUMP-MONITOR,2026-01-13T12:55:00,478.39,3001.84,96.61,6.16,84.54,53.13,25.42,71.49,critical,6,1,5,5,1.7103,3.2803,4.1955,1
PUMP-MONITOR,2026-01-13T13:00:00,480.47,3027.76,100.19,3.85,77.53,50.49,24.26,65.76,degraded,6,0,5,5,-2.3045,3.5784,-7.0061,0
PUMP-MONITOR,2026-01-13T13:05:00,472.54,3011.43,98.39,5.5,78.55,50.45,23.84,59.11,degraded,6,0,1,5,1.6431,-1.7994,1.0232,0
PUMP-MONITOR,2026-01-13T13:10:00,474.77,3139.59,110.3,6.63,80.35,53.06,25.19,69.1,degraded,6,0,2,5,1.1348,11.9112,1.7951,0
PUMP-MONITOR,2026-01-13T13:15:00,478.42,3089.89,97.49,6.68,80.57,51.71,24.74,60.55,critical,6,1,3,5,0.0508,-12.8054,0.2158,1
PUMP-MONITOR,2026-01-13T13:20:00,470.01,3094.21,111.02,4.12,76.97,54.11,25.43,78.7,degraded,6,0,1,5,-2.5588,13.5275,-3.5994,0
PUMP-MONITOR,2026-01-13T13:25:00,485.76,3162.97,104.65,5.17,85.65,54.74,26.59,77.97,critical,6,0,3,5,1.0449,-6.3736,8.6817,1
PUMP-MONITOR,2026-01-13T13:30:00,468.83,2987.15,116.89,5.17,82.58,50.94,23.88,63.11,degraded,6,0,3,5,-0.0028,12.2468,-3.0665,0
PUMP-MONITOR,2026-01-13T13:35:00,476.48,3230.58,96.13,3.94,82.77,54.06,25.76,79.21,degraded,6,0,3,5,-1.2304,-20.759,0.1868,0
PUMP-MONITOR,2026-01-13T13:40:00,482.89,3048.78,105.96,3.95,85.77,51.85,25.04,74.35,degraded,6,0,5,5,0.0121,9.8278,3.0033,0
PUMP-MONITOR,2026-01-13T13:45:00,468.28,3152.4,98.76,4.76,86.24,51.84,24.27,78.93,critical,6,0,2,5,0.8082,-7.2061,0.4706,1
PUMP-MONITOR,2026-01-13T13:50:00,468.49,3248.45,109.59,3.89,79.54,52.82,24.75,73.38,degraded,6,0,3,5,-0.8643,10.8304,-6.7042,0
PUMP-MONITOR,2026-01-13T13:55:00,483.19,3130.62,97.4,5.17,81.65,54.24,26.21,66.59,degraded,6,0,4,5,1.284,-12.1824,2.1147,0
PUMP-MONITOR,2026-01-13T14:00:00,468.97,3134.24,113.83,5.23,82.77,53.49,25.08,74.14,critical,6,0,4,5,0.0583,16.4271,1.1142,1
PUMP-MONITOR,2026-01-13T14:05:00,472.98,3174.78,94.08,4.01,72.52,49.5,23.41,62.95,degraded,6,0,1,5,-1.2191,-19.7554,-10.2434,0
PUMP-MONITOR,2026-01-13T14:10:00,484.88,3077.55,112.43,5.68,77.35,51.19,24.82,68.7,degraded,6,0,2,5,1.663,18.357,4.831,0
PUMP-MONITOR,2026-01-13T14:15:00,474.27,2956.57,107.57,6.61,84.66,53.08,25.17,72.15,critical,6,1,4,5,0.932,-4.8628,7.3029,1
PUMP-MONITOR,2026-01-13T14:20:00,474.09,3136.63,110.14,5.94,77.5,54.76,25.96,76.29,degraded,6,1,5,5,-0.6694,2.5728,-7.1549,0
PUMP-MONITOR,2026-01-13T14:25:00,473.83,3134.83,92.53,6.61,76.13,53.13,25.18,71.54,degraded,6,0,1,5,0.6664,-17.6119,-1.371,0
PUMP-MONITOR,2026-01-13T14:30:00,474.3,3106.8,113.3,6.71,73.44,49.56,23.51,64.4,degraded,6,0,3,5,0.1026,20.7702,-2.6948,0
PUMP-MONITOR,2026-01-13T14:35:00,468.11,3119.03,110.02,5.43,86.71,51.21,23.97,65.05,degraded,6,0,4,5,-1.2785,-3.2796,13.2762,0
PUMP-MONITOR,2026-01-13T14:40:00,486.7,3203.78,101.85,4.98,83.59,51.27,24.95,61.19,degraded,6,0,1,5,-0.4497,-8.1719,-3.1265,0
PUMP-MONITOR,2026-01-13T14:45:00,470.94,3203.7,105.69,5.69,74.93,52.18,24.57,66.0,degraded,6,1,2,5,0.7066,3.8392,-8.6575,0
PUMP-MONITOR,2026-01-13T14:50:00,476.94,3221.55,98.46,4.72,79.95,54.88,26.18,78.83,critical,6,0,4,5,-0.9708,-7.2254,5.0212,1
PUMP-MONITOR,2026-01-13T14:55:00,475.54,3095.99,108.28,5.87,79.43,51.78,24.63,60.73,critical,6,1,3,5,1.1501,9.8181,-0.5207,1
PUMP-MONITOR,2026-01-13T15:00:00,469.93,3213.1,92.06,5.48,72.73,52.05,24.46,80.3,degraded,6,0,1,5,-0.3907,-16.2188,-6.7011,0
PUMP-MONITOR,2026-01-13T15:05:00,483.25,3144.04,97.46,5.59,77.5,53.93,26.06,71.57,degraded,6,1,2,5,0.1098,5.3993,4.7724,0
PUMP-MONITOR,2026-01-13T15:10:00,472.58,3103.9,102.4,5.41,80.44,53.58,25.32,77.55,critical,6,0,2,5,-0.1755,4.9339,2.9393,1
PUMP-MONITOR,2026-01-13T15:15:00,471.15,3225.44,113.37,6.23,84.31,50.25,23.68,69.08,degraded,6,0,2,5,0.8162,10.972,3.873,0
PUMP-MONITOR,2026-01-13T15:20:00,487.29,3154.83,96.3,6.3,75.91,51.57,25.13,58.89,degraded,6,1,3,5,0.0755,-17.0692,-8.3989,0
PUMP-MONITOR,2026-01-13T15:25:00,470.52,3054.51,109.33,5.01,75.21,51.53,24.24,73.76,degraded,6,0,2,5,-1.2884,13.0304,-0.7054,0
PUMP-MONITOR,2026-01-13T15:30:00,480.77,2956.7,101.27,5.86,86.64,52.38,25.18,77.96,critical,6,0,2,5,0.842,-8.0599,11.4342,1
PUMP-MONITOR,2026-01-13T15:35:00,469.04,3156.55,95.77,5.12,75.08,48.65,22.82,62.67,degraded,6,0,1,5,-0.7331,-5.5022,-11.5656,0
PUMP-MONITOR,2026-01-13T15:40:00,482.12,3014.11,109.63,5.26,86.72,53.5,25.79,65.15,degraded,6,0,3,5,0.133,13.8676,11.6434,0
PUMP-MONITOR,2026-01-13T15:45:00,483.21,3184.8,115.85,4.85,81.46,54.24,26.21,70.19,degraded,6,0,3,5,-0.404,6.2115,-5.2639,0
PUMP-MONITOR,2026-01-13T15:50:00,475.79,2958.34,96.16,5.88,73.41,54.29,25.83,72.99,degraded,6,1,5,5,1.033,-19.6896,-8.0475,0
PUMP-MONITOR,2026-01-13T15:55:00,471.0,3119.72,99.49,5.38,77.61,54.68,25.75,80.04,degraded,6,1,4,5,-0.5043,3.3343,4.2032,0
PUMP-MONITOR,2026-01-13T16:00:00,479.02,3200.42,112.21,5.34,72.8,50.37,24.13,60.28,degraded,6,0,2,5,-0.0377,12.7196,-4.8085,0
PUMP-MONITOR,2026-01-13T16:05:00,470.79,3203.94,116.88,5.55,75.7,47.98,22.59,56.79,degraded,6,1,4,5,0.2039,4.6654,2.8932,0
PUMP-MONITOR,2026-01-13T16:10:00,476.87,3205.91,110.4,5.91,72.58,54.17,25.83,74.71,degraded,6,0,4,5,0.3606,-6.4744,-3.1158,0
PUMP-MONITOR,2026-01-13T16:15:00,473.24,2972.35,94.31,3.89,79.05,54.37,25.73,74.28,degraded,6,0,5,5,-2.0153,-16.0929,6.4644,0
PUMP-MONITOR,2026-01-13T16:20:00,484.13,3130.01,102.12,5.08,81.35,52.13,25.24,58.1,degraded,6,0,3,5,1.1862,7.8099,2.3022,0
PUMP-MONITOR,2026-01-13T16:25:00,478.15,3181.9,96.84,5.67,86.56,51.3,24.53,67.11,critical,6,1,6,5,0.5909,-5.2829,5.2097,1
PUMP-MONITOR,2026-01-13T16:30:00,469.56,3015.8,100.76,4.13,79.03,50.28,23.61,71.32,degraded,6,0,5,5,-1.5381,3.9215,-7.5261,0
PUMP-MONITOR,2026-01-13T16:35:00,483.17,3186.98,98.61,4.56,86.32,50.36,24.33,64.21,degraded,6,0,2,5,0.4309,-2.1495,7.293,0
PUMP-MONITOR,2026-01-13T16:40:00,476.48,2991.56,99.05,3.94,72.69,52.28,24.91,78.15,degraded,6,0,3,5,-0.6195,0.4391,-13.6338,0
PUMP-MONITOR,2026-01-13T16:45:00,475.64,3225.32,92.41,4.87,76.33,55.32,26.31,79.49,degraded,6,0,5,5,0.9325,-6.6415,3.6422,0
PUMP-MONITOR,2026-01-13T16:50:00,482.23,3123.62,112.47,3.98,80.19,56.34,27.17,80.9,degraded,6,1,6,5,-0.8933,20.065,3.8582,0
PUMP-MONITOR,2026-01-13T16:55:00,472.07,3124.22,96.33,6.61,78.21,50.33,23.76,61.16,degraded,6,0,3,5,2.6262,-16.143,-1.9844,0
PUMP-MONITOR,2026-01-13T17:00:00,472.97,3108.44,108.86,5.8,76.14,53.02,25.08,71.6,degraded,6,0,1,5,-0.8048,12.5329,-2.0688,0
PUMP-MONITOR,2026-01-13T17:05:00,477.44,3073.28,110.19,4.03,79.19,49.18,23.48,56.55,degraded,6,1,2,5,-1.7697,1.3325,3.049,0
PUMP-MONITOR,2026-01-13T17:10:00,484.26,3239.65,108.85,5.55,80.64,49.84,24.13,56.46,degraded,6,0,5,5,1.5205,-1.3456,1.4541,0
PUMP-MONITOR,2026-01-13T17:15:00,487.02,3102.6,102.33,6.3,81.13,52.52,25.58,68.74,degraded,6,0,1,5,0.7471,-6.5198,0.4938,0
PUMP-MONITOR,2026-01-13T17:20:00,473.36,3145.4,112.45,5.02,75.2,49.04,23.22,63.12,degraded,6,0,1,5,-1.2781,10.1181,-5.9339,0
PUMP-MONITOR,2026-01-13T17:25:00,472.54,3013.94,111.32,4.35,73.19,54.07,25.55,80.58,degraded,6,0,5,5,-0.671,-1.1271,-2.0081,0
PUMP-MONITOR,2026-01-13T17:30:00,486.52,3194.84,101.34,6.48,76.68,51.24,24.93,63.0,degraded,6,1,2,5,2.1325,-9.9735,3.4838,0
PUMP-MONITOR,2026-01-13T17:35:00,477.9,3170.7,107.55,6.17,84.05,52.19,24.94,73.33,critical,6,0,5,5,-0.3152,6.2087,7.3761,1
PUMP-MONITOR,2026-01-13T17:40:00,484.75,3177.87,108.03,4.62,82.54,49.97,24.22,63.89,degraded,6,0,3,5,-1.5477,0.4715,-1.5096,0
PUMP-MONITOR,2026-01-13T17:45:00,485.97,3128.28,97.05,5.23,80.58,53.54,26.02,62.99,degraded,6,0,2,5,0.6132,-10.9798,-1.9648,0
PUMP-MONITOR,2026-01-13T17:50:00,470.15,3067.65,97.96,4.79,78.98,50.61,23.8,66.81,degraded,6,0,2,5,-0.4489,0.9149,-1.5944,0
PUMP-MONITOR,2026-01-13T17:55:00,474.94,3144.0,116.23,4.92,83.86,48.85,23.2,62.28,critical,6,1,6,5,0.1306,18.2682,4.8779,1
PUMP-MONITOR,2026-01-13T18:00:00,481.58,3176.33,114.19,5.47,84.86,52.79,25.42,67.03,degraded,6,0,4,5,0.5541,-2.039,1.0015,0
PUMP-MONITOR,2026-01-13T18:05:00,485.29,2960.88,99.8,4.29,80.65,56.02,27.18,80.21,degraded,6,1,5,5,-1.184,-14.3941,-4.2088,0
PUMP-MONITOR,2026-01-13T18:10:00,483.84,3215.46,113.28,5.29,84.53,54.2,26.22,66.04,critical,6,1,5,5,1.0073,13.4831,3.8757,1
PUMP-MONITOR,2026-01-13T18:15:00,473.62,2969.87,98.88,5.62,79.07,52.96,25.08,76.53,critical,6,0,4,5,0.3259,-14.3968,-5.4601,1
PUMP-MONITOR,2026-01-13T18:20:00,480.86,3242.79,114.11,4.72,77.85,53.2,25.58,66.48,degraded,6,1,2,5,-0.8993,15.2313,-1.224,0
PUMP-MONITOR,2026-01-13T18:25:00,471.42,3154.77,92.58,4.2,75.0,53.99,25.45,80.44,degraded,6,2,7,5,-0.5175,-21.5344,-2.8452,0
PUMP-MONITOR,2026-01-13T18:30:00,478.06,2999.81,108.11,5.86,86.83,49.81,23.81,61.63,degraded,6,0,5,5,1.6621,15.5291,11.8247,0
PUMP-MONITOR,2026-01-13T18:35:00,482.63,3085.75,96.52,4.14,78.16,52.88,25.52,72.91,degraded,6,0,4,5,-1.722,-11.583,-8.6689,0
PUMP-MONITOR,2026-01-13T18:40:00,477.18,3138.85,113.26,3.96,82.69,54.92,26.21,77.91,degraded,6,0,3,5,-0.1798,16.7359,4.5379,0
PUMP-MONITOR,2026-01-13T18:45:00,476.92,3189.61,116.36,4.78,79.84,54.8,26.13,80.53,critical,6,0,5,5,0.8214,3.1042,-2.8572,1
PUMP-MONITOR,2026-01-13T18:50:00,483.53,3231.87,113.63,6.66,81.45,52.29,25.28,66.22,degraded,6,0,2,5,1.8749,-2.7297,1.6154,0
PUMP-MONITOR,2026-01-13T18:55:00,485.09,3215.61,101.13,5.39,80.79,54.32,26.35,67.46,degraded,6,0,4,5,-1.2694,-12.5005,-0.6596,0
PUMP-MONITOR,2026-01-13T19:00:00,470.95,3075.09,113.47,6.39,84.17,51.75,24.37,73.86,critical,6,0,5,5,0.9955,12.3387,3.3801,1
PUMP-MONITOR,2026-01-13T19:05:00,484.92,3163.93,99.0,3.88,76.8,52.75,25.58,68.45,degraded,6,0,1,5,-2.5027,-14.4761,-7.3714,0
PUMP-MONITOR,2026-01-13T19:10:00,486.2,3043.14,92.08,5.87,86.03,51.52,25.05,57.42,degraded,6,0,3,5,1.9839,-6.9157,9.2242,0
PUMP-MONITOR,2026-01-13T19:15:00,486.41,3068.37,98.12,5.36,83.73,53.9,26.22,79.35,critical,6,1,3,5,-0.5067,6.0387,-2.2981,1
PUMP-MONITOR,2026-01-13T19:20:00,486.96,3108.88,92.09,4.37,80.18,56.24,27.39,78.78,degraded,6,2,6,5,-0.9928,-6.0295,-3.5448,0
PUMP-MONITOR,2026-01-13T19:25:00,480.07,3173.25,94.27,5.04,73.73,50.65,24.31,61.97,degraded,6,0,5,5,0.6739,2.1837,-6.4528,0
PUMP-MONITOR,2026-01-13T19:30:00,471.82,3207.43,108.76,5.25,83.22,55.14,26.02,79.06,critical,6,0,3,5,0.2115,14.4869,9.4932,1
PUMP-MONITOR,2026-01-13T19:35:00,480.98,3087.66,98.77,4.45,83.94,50.08,24.09,60.85,degraded,6,0,3,5,-0.8073,-9.9876,0.7143,0
PUMP-MONITOR,2026-01-13T19:40:00,472.11,3019.21,107.91,4.08,76.24,53.53,25.27,79.42,degraded,6,0,2,5,-0.3643,9.1388,-7.696,0
PUMP-MONITOR,2026-01-13T19:45:00,480.26,3231.89,98.16,6.41,79.9,50.65,24.32,65.45,degraded,6,0,5,5,2.3309,-9.7558,3.6568,0
PUMP-MONITOR,2026-01-13T19:50:00,487.38,3169.21,107.32,4.51,83.22,50.31,24.52,56.32,degraded,6,0,1,5,-1.8973,9.1614,3.3237,0
PUMP-MONITOR,2026-01-13T19:55:00,476.43,3045.5,102.81,5.43,77.17,51.28,24.43,69.72,degraded,6,0,3,5,0.9173,-4.5057,-6.0483,0
PUMP-MONITOR,2026-01-13T20:00:00,468.08,3222.99,104.79,5.06,72.65,50.77,23.76,73.09,degraded,6,0,2,5,-0.3682,1.978,-4.5236,0
PUMP-MONITOR,2026-01-13T20:05:00,478.01,3156.3,110.42,4.96,73.27,51.87,24.8,70.87,degraded,6,0,1,5,-0.1015,5.6322,0.6156,0
PUMP-MONITOR,2026-01-13T20:10:00,474.99,2952.52,101.2,6.37,79.82,51.94,24.67,65.76,degraded,6,0,2,5,1.4129,-9.2203,6.554,0
PUMP-MONITOR,2026-01-13T20:15:00,471.28,3051.76,114.88,6.17,83.65,53.28,25.11,71.16,degraded,6,0,2,5,-0.2051,13.6821,3.8284,0
PUMP-MONITOR,2026-01-13T20:20:00,472.13,2983.52,95.4,5.72,84.83,51.17,24.16,59.31,degraded,6,0,1,5,-0.4513,-19.4792,1.1831,0
PUMP-MONITOR,2026-01-13T20:25:00,481.11,3052.86,94.17,6.15,81.57,49.71,23.91,59.9,degraded,6,0,5,5,0.4271,-1.2354,-3.2607,0
PUMP-MONITOR,2026-01-13T20:30:00,473.43,3053.73,115.57,4.65,81.4,53.39,25.28,77.05,critical,6,0,5,5,-1.4915,21.4009,-0.1748,1
PUMP-MONITOR,2026-01-13T20:35:00,474.01,3201.3,101.95,4.34,83.25,51.84,24.57,61.79,degraded,6,0,4,5,-0.3168,-13.6191,1.8496,0
PUMP-MONITOR,2026-01-13T20:40:00,468.21,3027.5,93.82,4.6,74.8,53.38,24.99,78.14,degraded,6,0,3,5,0.2631,-8.1306,-8.4442,0
PUMP-MONITOR,2026-01-13T20:45:00,469.96,3188.22,92.74,6.67,76.21,50.08,23.54,71.59,degraded,6,0,3,5,2.0721,-1.0784,1.4115,0
PUMP-MONITOR,2026-01-13T20:50:00,487.42,3146.83,106.91,5.01,76.36,49.92,24.33,56.69,degraded,6,1,4,5,-1.6576,14.1628,0.146,0
PUMP-MONITOR,2026-01-13T20:55:00,484.16,3018.46,100.33,3.97,81.69,51.41,24.89,63.04,degraded,6,0,5,5,-1.0418,-6.5776,5.3315,0
PUMP-MONITOR,2026-01-13T21:00:00,468.44,3114.42,94.41,4.55,86.0,50.91,23.85,72.67,critical,6,1,3,5,0.5757,-5.9194,4.3086,1
PUMP-MONITOR,2026-01-13T21:05:00,482.74,3004.35,110.9,6.42,77.11,50.28,24.27,59.95,degraded,6,0,2,5,1.8736,16.4967,-8.8871,0
PUMP-MONITOR,2026-01-13T21:10:00,469.9,3119.34,106.59,5.11,77.14,53.01,24.91,79.95,degraded,6,0,1,5,-1.314,-4.311,0.0249,0
PUMP-MONITOR,2026-01-13T21:15:00,471.7,3122.33,95.32,6.34,80.28,51.08,24.09,67.94,degraded,6,0,1,5,1.2317,-11.2691,3.1465,0
PUMP-MONITOR,2026-01-13T21:20:00,486.02,3173.27,114.9,6.1,82.71,54.85,26.66,71.36,critical,6,1,6,5,-0.2405,19.5764,2.4286,1
PUMP-MONITOR,2026-01-13T21:25:00,486.9,3181.2,100.65,6.08,78.84,54.3,26.44,76.69,critical,6,0,4,5,-0.0234,-14.2507,-3.8747,1
PUMP-MONITOR,2026-01-13T21:30:00,472.25,2982.35,107.85,5.41,76.11,52.97,25.01,67.95,degraded,6,0,4,5,-0.6661,7.204,-2.7262,0
PUMP-MONITOR,2026-01-13T21:35:00,487.11,3048.24,107.03,5.98,81.02,53.67,26.14,67.95,critical,6,1,3,5,0.5658,-0.8276,4.9083,1
PUMP-MONITOR,2026-01-13T21:40:00,468.43,3185.25,100.3,6.77,75.39,50.58,23.69,66.16,degraded,6,0,5,5,0.7914,-6.7301,-5.6282,0
PUMP-MONITOR,2026-01-13T21:45:00,473.36,3128.39,102.49,4.04,84.24,52.74,24.96,65.47,degraded,6,0,5,5,-2.7294,2.1908,8.8525,0
PUMP-MONITOR,2026-01-13T21:50:00,471.27,3237.73,104.16,3.8,81.76,53.22,25.08,71.21,degraded,6,1,2,5,-0.2387,1.6761,-2.4798,0
PUMP-MONITOR,2026-01-13T21:55:00,470.96,3244.33,100.01,5.1,74.78,50.85,23.95,69.59,degraded,6,0,5,5,1.3011,-4.1498,-6.9799,0
PUMP-MONITOR,2026-01-13T22:00:00,470.03,3056.24,109.07,4.81,81.64,50.44,23.71,67.73,degraded,6,0,5,5,-0.294,9.059,6.8527,0
PUMP-MONITOR,2026-01-13T22:05:00,477.76,2970.78,96.33,5.03,75.39,52.99,25.32,62.99,degraded,6,1,6,5,0.2202,-12.7457,-6.2471,0
PUMP-MONITOR,2026-01-13T22:10:00,476.39,3031.62,94.24,6.11,85.52,50.52,24.07,58.84,degraded,6,0,1,5,1.0828,-2.0853,10.1347,0
PUMP-MONITOR,2026-01-13T22:15:00,480.76,3209.46,98.43,5.33,83.26,50.09,24.08,56.5,degraded,6,0,3,5,-0.781,4.188,-2.2629,0
PUMP-MONITOR,2026-01-13T22:20:00,483.93,3108.49,101.11,4.92,78.54,56.04,27.12,77.89,critical,6,0,2,5,-0.4102,2.6818,-4.7238,1
PUMP-MONITOR,2026-01-13T22:25:00,483.78,3219.31,104.83,5.65,75.35,49.66,24.02,62.11,degraded,6,0,3,5,0.7285,3.7197,-3.1865,0
PUMP-MONITOR,2026-01-13T22:30:00,479.21,3115.97,112.64,5.35,81.27,51.57,24.71,64.27,degraded,6,0,5,5,-0.2967,7.8056,5.9232,0
PUMP-MONITOR,2026-01-13T22:35:00,481.48,3197.19,101.88,4.44,80.99,51.06,24.59,71.29,degraded,6,0,4,5,-0.9084,-10.7548,-0.2846,0
PUMP-MONITOR,2026-01-13T22:40:00,478.4,3039.3,106.64,3.89,75.21,54.04,25.85,74.72,degraded,6,0,1,5,-0.5503,4.7559,-5.7756,0
PUMP-MONITOR,2026-01-13T22:45:00,471.48,3218.99,111.11,6.64,87.08,53.98,25.45,75.78,critical,6,0,2,5,2.7479,4.4672,11.8713,1
PUMP-MONITOR,2026-01-13T22:50:00,481.31,3211.04,108.69,6.57,75.68,50.54,24.33,56.78,degraded,6,0,5,5,-0.0733,-2.4114,-11.4056,0
PUMP-MONITOR,2026-01-13T22:55:00,474.43,2998.22,93.16,6.38,83.71,49.22,23.35,60.62,degraded,6,0,2,5,-0.1863,-15.5344,8.0341,0
PUMP-MONITOR,2026-01-13T23:00:00,475.06,3111.74,93.37,4.75,79.03,50.65,24.06,57.62,degraded,6,0,3,5,-1.6249,0.2074,-4.6797,0
PUMP-MONITOR,2026-01-13T23:05:00,470.91,3241.99,105.28,4.67,73.85,52.85,24.89,78.46,degraded,6,0,1,5,-0.0847,11.915,-5.1865,0
PUMP-MONITOR,2026-01-13T23:10:00,468.85,3167.86,116.79,4.79,86.22,49.53,23.22,68.86,critical,6,1,3,5,0.1236,11.5131,12.3776,1
PUMP-MONITOR,2026-01-13T23:15:00,474.56,3028.84,92.65,6.47,75.45,51.43,24.41,75.97,degraded,6,0,3,5,1.6739,-24.1443,-10.7788,0
PUMP-MONITOR,2026-01-13T23:20:00,476.85,3069.14,99.93,6.24,81.67,51.96,24.78,69.42,degraded,6,0,3,5,-0.2238,7.2769,6.2279,0
PUMP-MONITOR,2026-01-13T23:25:00,482.76,3106.14,96.17,4.66,79.42,52.89,25.54,60.82,degraded,6,0,2,5,-1.5858,-3.7584,-2.2508,0
PUMP-MONITOR,2026-01-13T23:30:00,483.13,3081.14,94.8,6.37,80.11,49.38,23.86,56.54,degraded,6,0,3,5,1.7146,-1.3688,0.6849,0
PUMP-MONITOR,2026-01-13T23:35:00,480.3,3214.16,114.78,3.82,81.54,51.8,24.88,59.92,degraded,6,1,6,5,-2.5479,19.9797,1.4284,0
PUMP-MONITOR,2026-01-13T23:40:00,473.76,2980.59,95.05,6.04,76.02,52.07,24.67,75.51,degraded,6,0,5,5,2.216,-19.7322,-5.5137,0
PUMP-MONITOR,2026-01-13T23:45:00,479.48,3208.89,115.85,3.91,78.34,50.98,24.44,63.89,degraded,6,0,1,5,-2.1306,20.8036,2.3138,0
PUMP-MONITOR,2026-01-13T23:50:00,484.79,3147.62,113.82,3.86,75.73,49.11,23.81,57.44,degraded,6,0,5,5,-0.0529,-2.0267,-2.6068,0
PUMP-MONITOR,2026-01-13T23:55:00,473.58,3127.21,109.16,5.77,73.08,51.3,24.3,63.94,degraded,6,0,1,5,1.9105,-4.669,-2.6449,0
PUMP-MONITOR,2026-01-14T00:00:00,480.18,3126.93,103.66,5.14,73.99,51.18,24.57,56.94,degraded,6,0,1,5,-0.628,-5.4921,0.9083,0
PUMP-MONITOR,2026-01-14T00:05:00,472.38,3025.41,95.43,5.35,81.23,50.16,23.7,58.49,critical,6,1,6,5,0.2108,-8.2308,7.2325,1
PUMP-MONITOR,2026-01-14T00:10:00,471.67,3098.95,112.46,6.22,77.33,54.95,25.92,77.66,degraded,6,0,5,5,0.8685,17.0258,-3.8951,0
PUMP-MONITOR,2026-01-14T00:15:00,485.48,3133.93,108.35,6.59,78.2,52.33,25.4,60.89,critical,6,1,6,5,0.3727,-4.1082,0.8732,1
PUMP-MONITOR,2026-01-14T00:20:00,478.74,3218.15,92.75,5.42,86.94,50.42,24.14,61.52,degraded,6,0,2,5,-1.1714,-15.5973,8.7371,0
PUMP-MONITOR,2026-01-14T00:25:00,481.48,3246.3,101.78,6.04,83.99,50.74,24.43,65.22,degraded,6,0,5,5,0.6203,9.0295,-2.9516,0
PUMP-MONITOR,2026-01-14T00:30:00,470.5,3122.7,103.94,3.9,77.01,53.63,25.23,70.87,degraded,6,0,1,5,-2.1425,2.1585,-6.9745,0
PUMP-MONITOR,2026-01-14T00:35:00,483.87,3120.34,101.44,5.88,80.94,55.39,26.8,73.71,critical,6,1,4,5,1.9807,-2.4959,3.9251,1
PUMP-MONITOR,2026-01-14T00:40:00,484.03,2972.0,93.99,4.17,77.2,52.01,25.17,70.3,degraded,6,0,5,5,-1.7065,-7.4538,-3.7432,0
PUMP-MONITOR,2026-01-14T00:45:00,475.09,2986.61,92.18,4.88,78.02,52.9,25.13,68.49,critical,6,1,6,5,0.7099,-1.8153,0.8207,1
PUMP-MONITOR,2026-01-14T00:50:00,473.07,3190.16,115.44,4.87,79.04,52.75,24.96,73.38,critical,6,0,1,5,-0.0066,23.2613,1.0202,1
PUMP-MONITOR,2026-01-14T00:55:00,475.64,3016.56,95.51,4.85,85.0,54.32,25.84,75.78,critical,6,0,3,5,-0.025,-19.927,5.966,1
PUMP-MONITOR,2026-01-14T01:00:00,473.05,3009.49,93.44,5.12,76.33,49.55,23.44,60.84,degraded,6,0,1,5,0.2742,-2.0688,-8.6724,0
PUMP-MONITOR,2026-01-14T01:05:00,487.46,3154.49,107.22,6.25,82.74,55.05,26.84,74.43,critical,6,0,3,5,1.1277,13.7796,6.4114,1
PUMP-MONITOR,2026-01-14T01:10:00,474.06,2982.12,112.81,5.88,79.38,54.39,25.79,73.16,critical,6,0,4,5,-0.37,5.5936,-3.3625,1
PUMP-MONITOR,2026-01-14T01:15:00,487.26,3068.52,95.35,6.13,84.02,55.06,26.83,80.97,critical,6,1,4,5,0.2474,-17.4627,4.6401,1
PUMP-MONITOR,2026-01-14T01:20:00,473.06,3029.51,108.35,4.56,80.45,51.81,24.51,70.67,degraded,6,0,3,5,-1.5667,12.9961,-3.569,0
PUMP-MONITOR,2026-01-14T01:25:00,475.57,2983.13,114.56,5.38,76.8,52.01,24.73,58.53,degraded,6,0,1,5,0.8173,6.2071,-3.6498,0
PUMP-MONITOR,2026-01-14T01:30:00,487.15,3177.19,107.2,5.64,80.74,50.61,24.65,62.18,degraded,6,0,4,5,0.2613,-7.3594,3.9431,0
PUMP-MONITOR,2026-01-14T01:35:00,470.58,3238.06,101.23,6.41,77.32,48.89,23.01,57.05,degraded,6,0,1,5,0.7679,-5.9678,-3.4244,0
PUMP-MONITOR,2026-01-14T01:40:00,473.11,3096.38,98.57,4.2,86.97,50.43,23.86,57.5,degraded,6,0,4,5,-2.2084,-2.6555,9.654,0
PUMP-MONITOR,2026-01-14T01:45:00,472.57,3202.1,92.98,6.7,77.95,52.71,24.91,75.52,degraded,6,0,2,5,2.4986,-5.5879,-9.0202,0
PUMP-MONITOR,2026-01-14T01:50:00,470.94,3215.21,96.7,6.39,83.89,53.6,25.24,69.46,degraded,6,0,3,5,-0.3139,3.7119,5.9347,0
PUMP-MONITOR,2026-01-14T01:55:00,470.37,3165.93,106.19,5.14,80.39,51.26,24.11,64.0,critical,6,1,5,5,-1.2489,9.498,-3.5032,1
PUMP-MONITOR,2026-01-14T02:00:00,476.06,3234.64,115.64,3.85,83.35,55.72,26.53,80.32,degraded,6,1,2,5,-1.2866,9.441,2.9683,0
PUMP-MONITOR,2026-01-14T02:05:00,473.15,3213.47,107.76,5.7,86.23,54.37,25.72,74.54,critical,6,1,2,5,1.8499,-7.8725,2.8731,1
PUMP-MONITOR,2026-01-14T02:10:00,470.31,3193.68,102.75,5.25,76.01,53.35,25.09,79.37,degraded,6,1,4,5,-0.4513,-5.0138,-10.2181,0
PUMP-MONITOR,2026-01-14T02:15:00,482.23,2980.93,104.15,6.34,74.31,52.69,25.41,68.0,degraded,6,0,3,5,1.0925,1.4023,-1.6998,0
PUMP-MONITOR,2026-01-14T02:20:00,479.3,3025.58,111.53,5.31,78.07,52.14,24.99,77.46,critical,6,0,1,5,-1.0289,7.3743,3.763,1
PUMP-MONITOR,2026-01-14T02:25:00,471.57,3233.87,104.75,5.59,73.84,49.2,23.2,57.25,degraded,6,1,6,5,0.2802,-6.7707,-4.2292,0
PUMP-MONITOR,2026-01-14T02:30:00,478.22,3176.08,115.47,5.37,78.91,54.99,26.3,76.06,critical,6,0,2,5,-0.2237,10.7162,5.0695,1
PUMP-MONITOR,2026-01-14T02:35:00,486.6,3212.06,100.82,4.86,85.45,53.18,25.88,65.0,degraded,6,0,2,5,-0.5036,-14.6528,6.5402,0
PUMP-MONITOR,2026-01-14T02:40:00,477.8,3051.86,109.45,4.08,72.15,52.19,24.94,68.44,degraded,6,0,2,5,-0.7878,8.6359,-13.3053,0
PUMP-MONITOR,2026-01-14T02:45:00,473.38,2997.42,100.31,5.39,76.5,53.7,25.42,70.91,degraded,6,1,6,5,1.3129,-9.1445,4.3554,0
PUMP-MONITOR,2026-01-14T02:50:00,485.97,2953.3,111.41,4.14,77.04,50.91,24.74,65.16,degraded,6,1,4,5,-1.2462,11.0983,0.5403,0
PUMP-MONITOR,2026-01-14T02:55:00,473.77,3080.25,95.24,4.61,73.48,52.58,24.91,77.44,degraded,6,0,5,5,0.468,-16.1639,-3.5648,0
PUMP-MONITOR,2026-01-14T03:00:00,468.78,3207.32,99.69,5.16,77.59,51.92,24.34,63.75,degraded,6,1,5,5,0.5497,4.4441,4.1144,0
PUMP-MONITOR,2026-01-14T03:05:00,468.69,3054.64,113.84,6.05,75.58,53.35,25.0,74.3,degraded,6,0,5,5,0.89,14.149,-2.0089,0
PUMP-MONITOR,2026-01-14T03:10:00,471.11,3002.28,113.6,4.91,74.86,53.33,25.13,77.4,degraded,6,1,6,5,-1.1422,-0.2412,-0.7251,0
PUMP-MONITOR,2026-01-14T03:15:00,473.12,3177.52,105.85,4.38,72.59,52.6,24.88,79.14,degraded,6,0,3,5,-0.5306,-7.7452,-2.2714,0
PUMP-MONITOR,2026-01-14T03:20:00,484.59,3129.51,113.04,5.06,79.69,55.1,26.7,71.44,degraded,6,0,4,5,0.6834,7.1895,7.1049,0
PUMP-MONITOR,2026-01-14T03:25:00,483.51,3152.09,102.97,5.5,75.11,50.15,24.25,60.34,degraded,6,0,2,5,0.4383,-10.0704,-4.5831,0
PUMP-MONITOR,2026-01-14T03:30:00,470.32,2999.66,96.13,5.25,72.2,53.91,25.36,80.19,degraded,6,0,3,5,-0.2494,-6.8402,-2.9036,0
PUMP-MONITOR,2026-01-14T03:35:00,476.78,3098.62,110.0,6.2,81.08,53.42,25.47,78.91,critical,6,1,6,5,0.9527,13.8718,8.8703,1
PUMP-MONITOR,2026-01-14T03:40:00,471.34,3095.59,115.87,6.57,78.55,54.14,25.52,75.01,critical,6,0,2,5,0.366,5.8679,-2.5202,1
PUMP-MONITOR,2026-01-14T03:45:00,470.28,3051.04,97.17,5.28,83.66,49.85,23.44,57.19,critical,6,1,3,5,-1.2912,-18.7027,5.1066,1
PUMP-MONITOR,2026-01-14T03:50:00,481.02,3235.16,114.33,6.46,77.16,50.68,24.38,58.24,degraded,6,0,3,5,1.184,17.1638,-6.502,0
PUMP-MONITOR,2026-01-14T03:55:00,472.79,2977.85,110.85,4.22,78.19,49.71,23.5,62.76,degraded,6,0,1,5,-2.2402,-3.4783,1.0324,0
PUMP-MONITOR,2026-01-14T04:00:00,480.64,3155.17,96.8,4.02,79.88,51.43,24.72,69.3,degraded,6,1,4,5,-0.1995,-14.0565,1.6837,0
PUMP-MONITOR,2026-01-14T04:05:00,471.3,3053.67,101.32,5.85,75.0,54.04,25.47,79.71,degraded,6,0,5,5,1.8261,4.5215,-4.8803,0
PUMP-MONITOR,2026-01-14T04:10:00,487.08,3198.85,114.04,6.13,73.29,55.18,26.88,77.64,degraded,6,1,3,5,0.286,12.7278,-1.7013,0
PUMP-MONITOR,2026-01-14T04:15:00,469.81,3209.04,111.11,5.87,75.83,54.43,25.57,77.03,degraded,6,0,5,5,-0.2691,-2.9347,2.5367,0
PUMP-MONITOR,2026-01-14T04:20:00,470.04,3116.24,117.1,5.02,84.7,54.19,25.47,80.86,critical,6,0,2,5,-0.8434,5.9862,8.8714,1
PUMP-MONITOR,2026-01-14T04:25:00,469.46,3032.39,99.42,4.48,83.01,49.63,23.3,62.69,degraded,6,1,4,5,-0.5409,-17.6742,-1.6892,0
PUMP-MONITOR,2026-01-14T04:30:00,478.2,3093.95,115.54,5.26,85.45,53.07,25.38,74.87,critical,6,0,5,5,0.7786,16.1183,2.4324,1
PUMP-MONITOR,2026-01-14T04:35:00,475.79,2959.46,103.3,3.98,80.97,52.6,25.03,74.89,degraded,6,0,4,5,-1.2848,-12.2405,-4.4746,0
PUMP-MONITOR,2026-01-14T04:40:00,485.78,3133.81,94.21,6.56,81.63,50.57,24.57,57.23,critical,6,1,2,5,2.5865,-9.0875,0.6638,1
PUMP-MONITOR,2026-01-14T04:45:00,481.24,3139.64,113.44,5.09,80.84,52.57,25.3,59.02,critical,6,1,6,5,-1.4746,19.2324,-0.7952,1
PUMP-MONITOR,2026-01-14T04:50:00,470.35,3207.18,97.02,4.73,84.39,49.9,23.47,57.1,critical,6,2,5,5,-0.3522,-16.4249,3.547,1
PUMP-MONITOR,2026-01-14T04:55:00,468.4,3157.83,98.31,4.08,79.88,54.78,25.66,76.88,degraded,6,1,2,5,-0.6584,1.2854,-4.5056,0
PUMP-MONITOR,2026-01-14T05:00:00,468.25,2985.78,110.99,4.21,81.97,50.59,23.69,69.98,degraded,6,0,1,5,0.1318,12.6812,2.0888,0
PUMP-MONITOR,2026-01-14T05:05:00,468.09,3047.76,101.76,4.3,76.91,53.63,25.1,80.57,degraded,6,0,2,5,0.0924,-9.2275,-5.0605,0
PUMP-MONITOR,2026-01-14T05:10:00,479.15,2983.89,95.77,4.3,83.79,51.67,24.76,72.47,degraded,6,1,3,5,-0.0011,-5.9845,6.8813,0
PUMP-MONITOR,2026-01-14T05:15:00,475.8,3076.6,101.31,5.36,84.7,50.32,23.94,63.34,degraded,6,0,1,5,1.0641,5.5384,0.91,0
PUMP-MONITOR,2026-01-14T05:20:00,480.65,3211.61,110.12,6.36,75.43,49.48,23.78,61.43,degraded,6,0,4,5,0.9949,8.8111,-9.273,0
PUMP-MONITOR,2026-01-14T05:25:00,479.78,3022.39,109.54,5.99,77.19,54.96,26.37,80.88,degraded,6,1,4,5,-0.3661,-0.5837,1.7623,0
PUMP-MONITOR,2026-01-14T05:30:00,481.78,3237.37,112.46,6.14,86.72,54.38,26.2,68.13,degraded,6,0,1,5,0.1484,2.9228,9.5256,0
PUMP-MONITOR,2026-01-14T05:35:00,479.31,3012.19,101.6,4.23,72.15,50.61,24.26,64.3,degraded,6,1,4,5,-1.9091,-10.8599,-14.5603,0
PUMP-MONITOR,2026-01-14T05:40:00,480.45,3204.21,106.52,4.1,84.53,52.65,25.3,78.22,degraded,6,0,1,5,-0.1298,4.9135,12.378,0
PUMP-MONITOR,2026-01-14T05:45:00,487.81,2983.93,94.95,5.85,76.73,52.25,25.49,70.29,degraded,6,0,4,5,1.7463,-11.5638,-7.8013,0
PUMP-MONITOR,2026-01-14T05:50:00,473.07,3182.36,95.66,5.01,74.14,50.5,23.89,59.99,degraded,6,0,1,5,-0.8379,0.7077,-2.5895,0
PUMP-MONITOR,2026-01-14T05:55:00,479.02,3104.42,115.8,5.32,83.12,52.82,25.3,78.38,critical,6,0,1,5,0.3051,20.1353,8.9824,1
PUMP-MONITOR,2026-01-14T06:00:00,470.71,3032.47,92.28,5.99,73.6,51.24,24.12,59.97,degraded,6,1,4,5,0.6781,-23.5147,-9.5258,0
PUMP-MONITOR,2026-01-14T06:05:00,468.97,3128.15,110.09,6.19,82.72,48.97,22.96,60.16,degraded,6,0,1,5,0.193,17.8135,9.1193,0
PUMP-MONITOR,2026-01-14T06:10:00,479.9,3190.25,111.75,4.65,74.61,49.91,23.95,60.15,degraded,6,1,4,5,-1.5319,1.6532,-8.1119,0
PUMP-MONITOR,2026-01-14T06:15:00,471.33,3046.62,109.34,5.47,82.95,50.97,24.02,61.21,critical,6,2,4,5,0.8171,-2.4054,8.3413,1
PUMP-MONITOR,2026-01-14T06:20:00,476.55,3018.84,103.69,3.97,79.05,54.45,25.95,80.41,degraded,6,0,1,5,-1.5021,-5.6535,-3.8948,0
PUMP-MONITOR,2026-01-14T06:25:00,470.2,3026.53,113.55,5.08,86.34,50.81,23.89,58.47,degraded,6,0,4,5,1.1071,9.8576,7.2878,0
PUMP-MONITOR,2026-01-14T06:30:00,474.06,3200.53,101.65,5.83,73.56,52.06,24.68,71.6,degraded,6,1,5,5,0.7519,-11.9001,-12.7845,0
PUMP-MONITOR,2026-01-14T06:35:00,483.11,3143.13,113.02,6.25,76.09,49.55,23.94,62.0,degraded,6,0,5,5,0.424,11.3708,2.5296,0
PUMP-MONITOR,2026-01-14T06:40:00,473.07,3073.93,99.04,6.14,82.82,52.95,25.05,69.66,degraded,6,0,1,5,-0.1135,-13.9742,6.734,0
PUMP-MONITOR,2026-01-14T06:45:00,484.32,3107.55,116.4,6.57,79.72,51.57,24.98,66.37,degraded,6,0,1,5,0.4337,17.3578,-3.1029,0
PUMP-MONITOR,2026-01-14T06:50:00,482.87,3226.46,104.33,4.34,84.13,50.51,24.39,58.61,degraded,6,0,2,5,-2.2313,-12.0709,4.4118,0
PUMP-MONITOR,2026-01-14T06:55:00,470.07,3038.73,103.22,5.38,76.35,52.92,24.88,66.43,degraded,6,0,5,5,1.0349,-1.1099,-7.7825,0
PUMP-MONITOR,2026-01-14T07:00:00,485.77,3080.06,116.79,4.43,72.57,53.19,25.84,69.45,degraded,6,0,1,5,-0.9454,13.5705,-3.7801,0
PUMP-MONITOR,2026-01-14T07:05:00,481.74,3063.37,96.0,4.61,73.83,54.04,26.03,75.75,degraded,6,0,1,5,0.1778,-20.7906,1.2658,0
PUMP-MONITOR,2026-01-14T07:10:00,486.66,3065.65,111.49,6.64,76.8,52.8,25.69,60.64,degraded,6,1,5,5,2.0276,15.4908,2.9731,0
PUMP-MONITOR,2026-01-14T07:15:00,487.72,3009.05,116.57,4.28,77.01,55.69,27.16,77.35,degraded,6,0,2,5,-2.3572,5.0825,0.208,0
PUMP-MONITOR,2026-01-14T07:20:00,472.64,3246.99,94.42,4.06,74.96,52.4,24.77,78.73,degraded,6,1,5,5,-0.215,-22.153,-2.0568,0
PUMP-MONITOR,2026-01-14T07:25:00,482.34,3127.13,113.83,6.44,72.91,55.42,26.73,75.31,degraded,6,0,3,5,2.3734,19.4142,-2.0415,0
PUMP-MONITOR,2026-01-14T07:30:00,475.15,3202.08,95.64,4.79,82.82,53.3,25.33,75.54,critical,6,0,3,5,-1.6479,-18.1939,9.9012,1
PUMP-MONITOR,2026-01-14T07:35:00,474.11,3002.27,104.05,4.46,77.35,51.72,24.52,59.1,degraded,6,0,1,5,-0.3258,8.408,-5.4615,0
PUMP-MONITOR,2026-01-14T07:40:00,477.97,2976.36,105.16,4.49,85.59,50.79,24.28,59.29,degraded,6,0,4,5,0.0272,1.1138,8.2384,0
PUMP-MONITOR,2026-01-14T07:45:00,481.16,3217.53,104.15,6.25,80.39,54.14,26.05,67.96,critical,6,1,3,5,1.7632,-1.0114,-5.2039,1
PUMP-MONITOR,2026-01-14T07:50:00,480.75,3123.64,104.51,4.22,80.4,52.68,25.32,62.69,degraded,6,0,5,5,-2.035,0.3586,0.0089,0
PUMP-MONITOR,2026-01-14T07:55:00,487.2,3057.32,111.52,4.46,73.23,52.87,25.76,71.89,degraded,6,0,4,5,0.2427,7.0069,-7.172,0
PUMP-MONITOR,2026-01-14T08:00:00,475.62,2957.11,104.58,4.23,84.45,51.34,24.42,72.34,degraded,6,0,5,5,-0.2357,-6.936,11.2236,0
PUMP-MONITOR,2026-01-14T08:05:00,482.18,3138.62,101.36,4.87,81.62,52.3,25.22,71.03,degraded,6,0,1,5,0.6431,-3.2216,-2.8251,0
PUMP-MONITOR,2026-01-14T08:10:00,476.04,3136.69,111.3,6.5,85.16,49.69,23.65,61.21,critical,6,1,3,5,1.6259,9.9377,3.5373,1
PUMP-MONITOR,2026-01-14T08:15:00,474.84,3218.59,94.65,5.22,74.87,55.53,26.37,79.08,degraded,6,0,5,5,-1.2788,-16.6498,-10.2925,0
PUMP-MONITOR,2026-01-14T08:20:00,482.68,3007.46,116.11,3.86,85.13,51.04,24.64,70.09,degraded,6,0,3,5,-1.3579,21.4674,10.2661,0
PUMP-MONITOR,2026-01-14T08:25:00,485.43,3039.37,93.79,4.12,86.11,55.19,26.79,78.27,degraded,6,0,1,5,0.2653,-22.3276,0.9756,0
PUMP-MONITOR,2026-01-14T08:30:00,485.64,3175.73,109.93,4.02,77.75,54.16,26.3,68.9,degraded,6,0,2,5,-0.1045,16.1404,-8.3583,0
PUMP-MONITOR,2026-01-14T08:35:00,469.39,3119.5,112.27,4.25,82.75,50.48,23.7,69.71,degraded,6,0,1,5,0.2335,2.3444,4.9965,0
PUMP-MONITOR,2026-01-14T08:40:00,471.72,3068.5,94.89,5.07,81.13,49.72,23.46,68.87,degraded,6,0,3,5,0.8144,-17.38,-1.6211,0
PUMP-MONITOR,2026-01-14T08:45:00,482.87,2962.49,94.89,6.6,72.61,54.3,26.22,74.2,degraded,6,0,3,5,1.5375,-0.0001,-8.5166,0
PUMP-MONITOR,2026-01-14T08:50:00,481.84,3106.02,101.16,3.89,82.18,51.8,24.96,65.78,degraded,6,0,5,5,-2.7146,6.2666,9.57,0
PUMP-MONITOR,2026-01-14T08:55:00,470.55,3043.52,106.96,4.64,84.31,50.92,23.96,67.77,critical,6,1,5,5,0.7452,5.8,2.1302,1
PUMP-MONITOR,2026-01-14T09:00:00,479.17,3028.98,108.4,5.4,76.27,50.34,24.12,61.59,degraded,6,1,3,5,0.7608,1.4435,-8.0381,0
PUMP-MONITOR,2026-01-14T09:05:00,468.98,2957.58,105.92,4.61,79.23,50.82,23.83,57.52,critical,6,1,3,5,-0.7869,-2.4849,2.9571,1
PUMP-MONITOR,2026-01-14T09:10:00,480.09,2999.36,113.15,6.52,72.66,52.24,25.08,70.05,degraded,6,0,1,5,1.9077,7.237,-6.5682,0
PUMP-MONITOR,2026-01-14T09:15:00,474.58,3078.68,111.85,6.5,87.14,51.98,24.67,78.34,critical,6,1,2,5,-0.0178,-1.3029,14.478,1
PUMP-MONITOR,2026-01-14T09:20:00,472.73,3090.39,106.11,4.54,80.44,50.64,23.94,62.26,degraded,6,0,1,5,-1.9609,-5.7371,-6.7031,0
PUMP-MONITOR,2026-01-14T09:25:00,485.41,3250.72,96.0,5.1,83.06,52.55,25.51,68.52,degraded,6,0,2,5,0.5625,-10.118,2.624,0
PUMP-MONITOR,2026-01-14T09:30:00,485.68,3007.92,105.53,4.53,76.79,53.81,26.14,73.39,degraded,6,0,1,5,-0.5666,9.5389,-6.2724,0
PUMP-MONITOR,2026-01-14T09:35:00,473.19,2959.84,114.14,5.45,82.04,54.09,25.59,71.67,degraded,6,0,1,5,0.913,8.6062,5.2539,0
PUMP-MONITOR,2026-01-14T09:40:00,480.58,3059.2,101.52,6.75,83.66,52.15,25.06,70.58,degraded,6,0,1,5,1.3078,-12.6196,1.6165,0
PUMP-MONITOR,2026-01-14T09:45:00,484.98,3136.86,93.44,4.46,75.54,50.91,24.69,58.6,degraded,6,1,3,5,-2.2969,-8.08,-8.1152,0
PUMP-MONITOR,2026-01-14T09:50:00,473.48,2994.21,103.53,4.16,74.36,52.03,24.64,59.55,degraded,6,0,5,5,-0.298,10.0883,-1.1788,0
PUMP-MONITOR,2026-01-14T09:55:00,483.14,3112.36,94.29,4.69,79.72,56.0,27.06,79.63,critical,6,0,3,5,0.5327,-9.239,5.3607,1
PUMP-MONITOR,2026-01-14T10:00:00,467.91,3032.59,105.29,5.18,85.18,51.46,24.08,65.14,degraded,6,0,5,5,0.4885,11.003,5.4509,0
PUMP-MONITOR,2026-01-14T10:05:00,476.33,3068.16,112.35,5.99,78.39,49.99,23.81,67.44,degraded,6,0,4,5,0.8055,7.0577,-6.7814,0
PUMP-MONITOR,2026-01-14T10:10:00,483.25,3058.98,106.45,6.67,72.47,54.62,26.39,73.55,degraded,6,0,3,5,0.6825,-5.9049,-5.9265,0
PUMP-MONITOR,2026-01-14T10:15:00,469.96,3167.79,110.56,5.25,72.24,50.14,23.56,57.01,degraded,6,0,3,5,-1.4225,4.1146,-0.2244,0
PUMP-MONITOR,2026-01-14T10:20:00,478.45,3083.42,107.77,4.77,86.01,52.89,25.3,74.51,critical,6,0,5,5,-0.4742,-2.7875,13.7696,1
PUMP-MONITOR,2026-01-14T10:25:00,484.39,3147.77,108.97,4.37,74.77,52.81,25.58,70.84,degraded,6,0,5,5,-0.4027,1.1968,-11.2434,0
PUMP-MONITOR,2026-01-14T10:30:00,484.88,3094.44,107.17,6.78,85.52,53.87,26.12,76.85,critical,6,0,1,5,2.4083,-1.7979,10.7544,1
PUMP-MONITOR,2026-01-14T10:35:00,486.15,3037.6,96.0,5.56,82.11,53.38,25.95,74.16,critical,6,0,1,5,-1.2147,-11.1768,-3.41,1
PUMP-MONITOR,2026-01-14T10:40:00,487.8,3143.23,99.76,4.26,82.06,52.62,25.67,71.19,degraded,6,0,4,5,-1.3008,3.7612,-0.058,0
PUMP-MONITOR,2026-01-14T10:45:00,470.21,3004.34,108.95,5.35,75.54,51.41,24.17,63.43,degraded,6,1,2,5,1.0905,9.1909,-6.518,0
PUMP-MONITOR,2026-01-14T10:50:00,468.46,3024.01,103.97,6.27,79.32,50.61,23.71,67.21,degraded,6,0,4,5,0.9143,-4.9793,3.781,0
PUMP-MONITOR,2026-01-14T10:55:00,473.5,3055.42,116.6,6.05,75.82,51.03,24.16,62.8,degraded,6,0,3,5,-0.2138,12.636,-3.4993,0
PUMP-MONITOR,2026-01-14T11:00:00,469.45,3043.52,93.88,6.62,83.38,51.22,24.04,64.92,degraded,6,0,2,5,0.5682,-22.724,7.5556,0
PUMP-MONITOR,2026-01-14T11:05:00,486.06,3028.2,105.2,4.49,73.86,54.82,26.64,74.22,degraded,6,0,3,5,-2.1273,11.3157,-9.5134,0
PUMP-MONITOR,2026-01-14T11:10:00,475.48,3011.8,94.6,5.5,79.25,52.74,25.08,78.6,critical,6,1,6,5,1.0061,-10.5955,5.392,1
PUMP-MONITOR,2026-01-14T11:15:00,476.12,3222.06,93.88,4.8,72.43,51.41,24.48,69.45,degraded,6,0,5,5,-0.7006,-0.7245,-6.8211,0
PUMP-MONITOR,2026-01-14T11:20:00,468.62,3237.46,110.63,4.3,84.37,52.23,24.48,68.99,degraded,6,2,7,5,-0.4991,16.7504,11.9321,0
PUMP-MONITOR,2026-01-14T11:25:00,476.17,3075.25,99.09,4.73,76.42,48.83,23.25,58.14,degraded,6,0,3,5,0.4305,-11.5365,-7.9419,0
PUMP-MONITOR,2026-01-14T11:30:00,481.6,3019.49,93.23,5.21,82.9,49.96,24.06,63.89,degraded,6,0,3,5,0.4822,-5.8586,6.4814,0
PUMP-MONITOR,2026-01-14T11:35:00,477.05,3130.37,111.6,6.44,78.17,49.75,23.73,62.98,degraded,6,0,4,5,1.23,18.3678,-4.7386,0
PUMP-MONITOR,2026-01-14T11:40:00,469.48,2977.05,102.22,4.63,72.4,49.81,23.38,60.56,degraded,6,0,1,5,-1.8132,-9.3798,-5.7662,0
PUMP-MONITOR,2026-01-14T11:45:00,472.92,3253.65,108.77,4.98,73.65,50.64,23.95,67.55,degraded,6,0,5,5,0.3501,6.5482,1.2506,0
PUMP-MONITOR,2026-01-14T11:50:00,486.76,3139.27,98.57,5.07,75.77,51.46,25.05,63.22,degraded,6,0,2,5,0.0877,-10.1959,2.123,0
PUMP-MONITOR,2026-01-14T11:55:00,472.83,2964.81,92.24,5.99,72.92,52.49,24.82,70.83,degraded,6,0,5,5,0.9203,-6.3316,-2.856,0
PUMP-MONITOR,2026-01-14T12:00:00,485.06,2990.91,103.69,5.03,87.01,53.64,26.02,79.49,critical,6,0,2,5,-0.9562,11.4462,14.0911,1
PUMP-MONITOR,2026-01-14T12:05:00,473.5,3030.43,96.3,4.03,75.97,53.08,25.13,72.2,degraded,6,1,5,5,-0.9976,-7.3823,-11.0427,0
PUMP-MONITOR,2026-01-14T12:10:00,483.73,3208.37,99.94,5.02,72.55,53.82,26.04,77.62,degraded,6,0,5,5,0.9856,3.6341,-3.4202,0
PUMP-MONITOR,2026-01-14T12:15:00,475.44,3120.1,113.76,4.11,84.9,51.3,24.39,62.67,degraded,6,0,1,5,-0.9128,13.8223,12.3524,0
PUMP-MONITOR,2026-01-14T12:20:00,482.64,2955.21,106.61,5.36,78.94,48.45,23.38,56.37,degraded,6,0,2,5,1.252,-7.1547,-5.9539,0
PUMP-MONITOR,2026-01-14T12:25:00,471.85,3011.9,111.56,3.86,77.54,49.33,23.28,64.77,degraded,6,0,1,5,-1.4991,4.9565,-1.4008,0
PUMP-MONITOR,2026-01-14T12:30:00,479.52,3150.92,116.61,5.64,85.98,48.83,23.41,57.65,degraded,6,0,3,5,1.7815,5.0477,8.4318,0
PUMP-MONITOR,2026-01-14T12:35:00,486.71,3196.57,96.42,5.51,77.09,52.66,25.63,65.71,degraded,6,0,5,5,-0.1301,-20.1849,-8.8802,0
PUMP-MONITOR,2026-01-14T12:40:00,486.94,3059.22,99.53,5.17,81.19,55.29,26.92,80.02,critical,6,1,3,5,-0.3433,3.1021,4.096,1
PUMP-MONITOR,2026-01-14T12:45:00,469.91,3065.05,106.47,4.55,79.64,50.64,23.8,73.58,critical,6,1,6,5,-0.6134,6.9438,-1.5556,1
PUMP-MONITOR,2026-01-14T12:50:00,483.03,3026.06,106.58,6.48,74.18,52.83,25.52,75.2,degraded,6,1,6,5,1.922,0.1045,-5.4543,0
PUMP-MONITOR,2026-01-14T12:55:00,477.43,3220.21,102.62,4.03,82.65,49.67,23.71,59.33,degraded,6,1,2,5,-2.4499,-3.9508,8.4645,0
PUMP-MONITOR,2026-01-14T13:00:00,482.51,3151.41,109.54,4.17,72.54,52.02,25.1,73.08,degraded,6,0,4,5,0.1445,6.9133,-10.1023,0
PUMP-MONITOR,2026-01-14T13:05:00,487.38,3126.92,111.99,5.21,73.27,51.05,24.88,63.6,degraded,6,1,5,5,1.038,2.4486,0.7273,0
PUMP-MONITOR,2026-01-14T13:10:00,487.76,3106.15,109.61,5.32,81.25,51.61,25.17,61.38,degraded,6,0,1,5,0.1068,-2.375,7.9795,0
PUMP-MONITOR,2026-01-14T13:15:00,482.7,3158.04,98.81,6.01,81.7,51.91,25.06,69.23,degraded,6,0,3,5,0.6973,-10.8021,0.4474,0
PUMP-MONITOR,2026-01-14T13:20:00,483.79,3084.79,95.49,4.71,75.16,53.93,26.09,73.1,degraded,6,0,3,5,-1.3071,-3.3156,-6.5379,0
PUMP-MONITOR,2026-01-14T13:25:00,470.08,2976.77,94.34,4.13,76.55,52.12,24.5,69.23,degraded,6,0,5,5,-0.5811,-1.1535,1.3921,0
PUMP-MONITOR,2026-01-14T13:30:00,474.41,3227.78,98.8,4.36,86.17,51.43,24.4,74.66,degraded,6,0,2,5,0.2347,4.4597,9.6171,0
PUMP-MONITOR,2026-01-14T13:35:00,477.67,3227.87,95.02,5.48,86.89,51.4,24.55,71.24,degraded,6,0,3,5,1.1241,-3.7755,0.7254,0
PUMP-MONITOR,2026-01-14T13:40:00,485.96,3170.45,104.77,4.56,78.86,54.96,26.71,75.32,critical,6,1,4,5,-0.9201,9.748,-8.0306,1
PUMP-MONITOR,2026-01-14T13:45:00,482.0,3075.09,108.83,6.25,83.15,50.29,24.24,67.1,degraded,6,0,4,5,1.688,4.0565,4.2867,0
PUMP-MONITOR,2026-01-14T13:50:00,486.61,3175.34,107.87,3.96,80.81,53.71,26.14,67.82,degraded,6,0,5,5,-2.2911,-0.956,-2.3418,0
PUMP-MONITOR,2026-01-14T13:55:00,473.02,3217.02,111.47,4.54,77.18,52.72,24.94,79.3,degraded,6,1,2,5,0.5829,3.5957,-3.6309,0
PUMP-MONITOR,2026-01-14T14:00:00,480.05,3155.95,102.25,4.1,74.34,49.77,23.89,57.95,degraded,6,0,1,5,-0.4435,-9.2178,-2.8373,0
PUMP-MONITOR,2026-01-14T14:05:00,486.15,3204.72,95.93,4.51,72.98,52.42,25.48,69.42,degraded,6,0,2,5,0.4077,-6.3233,-1.3567,0
PUMP-MONITOR,2026-01-14T14:10:00,473.17,3122.48,109.57,5.74,75.01,48.42,22.91,59.17,degraded,6,0,2,5,1.2369,13.6392,2.0264,0
PUMP-MONITOR,2026-01-14T14:15:00,479.26,3072.55,107.07,4.89,86.29,52.78,25.29,71.06,degraded,6,0,4,5,-0.8505,-2.4935,11.2837,0
PUMP-MONITOR,2026-01-14T14:20:00,468.14,2987.3,104.51,6.07,84.31,54.22,25.38,76.51,critical,6,1,4,5,1.1728,-2.5646,-1.9842,1
PUMP-MONITOR,2026-01-14T14:25:00,469.1,3180.22,116.16,6.77,81.36,52.64,24.69,70.45,degraded,6,0,2,5,0.6992,11.6499,-2.9528,0
PUMP-MONITOR,2026-01-14T14:30:00,476.63,3146.64,105.99,4.66,86.51,52.78,25.16,79.44,critical,6,0,2,5,-2.1032,-10.1689,5.1541,1
PUMP-MONITOR,2026-01-14T14:35:00,474.23,3230.99,99.61,5.3,82.69,54.65,25.92,74.73,critical,6,1,4,5,0.6394,-6.3783,-3.8221,1
PUMP-MONITOR,2026-01-14T14:40:00,474.93,2969.89,99.26,5.5,74.35,49.98,23.74,58.28,degraded,6,0,4,5,0.199,-0.356,-8.3357,0
PUMP-MONITOR,2026-01-14T14:45:00,482.86,3141.0,99.84,6.68,80.44,52.23,25.22,67.41,degraded,6,0,2,5,1.1777,0.5817,6.0881,0
PUMP-MONITOR,2026-01-14T14:50:00,473.12,3060.7,105.49,6.09,81.38,50.35,23.82,57.25,degraded,6,0,1,5,-0.5909,5.6479,0.9389,0
PUMP-MONITOR,2026-01-14T14:55:00,482.59,3045.44,102.76,5.38,74.91,53.17,25.66,67.94,degraded,6,0,4,5,-0.7034,-2.7224,-6.4707,0
PUMP-MONITOR,2026-01-14T15:00:00,469.5,3153.76,110.81,6.45,81.74,48.78,22.9,64.03,critical,6,1,5,5,1.0673,8.0461,6.8327,1
PUMP-MONITOR,2026-01-14T15:05:00,482.1,3150.9,110.85,4.6,80.77,55.4,26.71,80.95,critical,6,0,2,5,-1.8504,0.0444,-0.9729,1
PUMP-MONITOR,2026-01-14T15:10:00,477.19,3163.28,103.29,5.88,84.61,50.91,24.3,63.21,critical,6,1,3,5,1.2759,-7.5656,3.8403,1
PUMP-MONITOR,2026-01-14T15:15:00,485.35,3225.03,93.5,6.43,78.38,54.9,26.65,78.78,critical,6,0,4,5,0.5526,-9.7888,-6.2341,1
PUMP-MONITOR,2026-01-14T15:20:00,484.34,3108.82,94.28,6.2,75.16,51.34,24.87,68.67,degraded,6,0,5,5,-0.2266,0.7785,-3.2198,0
PUMP-MONITOR,2026-01-14T15:25:00,469.9,3223.5,105.7,5.05,78.69,50.56,23.76,65.74,degraded,6,0,5,5,-1.1506,11.4253,3.533,0
PUMP-MONITOR,2026-01-14T15:30:00,483.71,2994.66,102.07,4.19,85.24,54.98,26.6,79.34,degraded,6,0,2,5,-0.861,-3.6287,6.5502,0
PUMP-MONITOR,2026-01-14T15:35:00,473.34,3164.1,103.22,6.22,84.03,54.3,25.7,74.87,critical,6,0,1,5,2.0258,1.1447,-1.2057,1
PUMP-MONITOR,2026-01-14T15:40:00,468.9,2964.02,113.03,4.55,85.72,54.94,25.76,77.96,critical,6,0,4,5,-1.6686,9.8157,1.6822,1
PUMP-MONITOR,2026-01-14T15:45:00,475.81,3204.67,110.47,5.14,78.07,52.53,24.99,76.55,critical,6,0,4,5,0.5877,-2.5607,-7.6465,1
PUMP-MONITOR,2026-01-14T15:50:00,478.67,3240.1,100.79,5.28,82.34,53.98,25.84,71.05,degraded,6,0,4,5,0.1418,-9.68,4.2723,0
PUMP-MONITOR,2026-01-14T15:55:00,482.48,3016.92,109.14,4.43,78.63,51.13,24.67,62.38,degraded,6,1,4,5,-0.8469,8.3451,-3.7141,0
PUMP-MONITOR,2026-01-14T16:00:00,474.7,2978.2,97.7,5.56,82.85,53.61,25.45,72.43,critical,6,0,4,5,1.1262,-11.4412,4.2255,1
PUMP-MONITOR,2026-01-14T16:05:00,486.8,3095.27,104.95,5.48,85.43,50.87,24.76,62.67,degraded,6,0,1,5,-0.0798,7.2544,2.5808,0
PUMP-MONITOR,2026-01-14T16:10:00,486.46,3245.08,93.87,4.0,85.82,51.83,25.22,68.49,degraded,6,0,5,5,-1.4818,-11.0779,0.3847,0
PUMP-MONITOR,2026-01-14T16:15:00,482.38,3245.44,100.96,6.72,78.43,51.42,24.8,69.53,degraded,6,0,3,5,2.7282,7.0862,-7.3832,0
PUMP-MONITOR,2026-01-14T16:20:00,487.07,3178.58,103.08,6.56,86.76,53.51,26.06,78.18,critical,6,0,4,5,-0.1668,2.1162,8.3272,1
PUMP-MONITOR,2026-01-14T16:25:00,474.47,3094.05,110.02,6.22,74.18,48.84,23.17,61.58,degraded,6,1,6,5,-0.3414,6.9456,-12.5774,0
PUMP-MONITOR,2026-01-14T16:30:00,472.27,3222.78,106.06,3.94,86.33,51.75,24.44,68.51,degraded,6,2,5,5,-2.279,-3.9648,12.1414,0
PUMP-MONITOR,2026-01-14T16:35:00,476.66,3157.53,116.55,6.24,75.86,48.92,23.32,58.59,degraded,6,1,2,5,2.2986,10.4951,-10.4649,0
PUMP-MONITOR,2026-01-14T16:40:00,468.0,3123.83,116.87,5.21,82.83,49.15,23.0,61.38,degraded,6,0,4,5,-1.0242,0.3149,6.9705,0
PUMP-MONITOR,2026-01-14T16:45:00,485.87,3013.66,104.74,5.93,84.68,51.77,25.16,65.1,degraded,6,0,4,5,0.7226,-12.1317,1.8524,0
PUMP-MONITOR,2026-01-14T16:50:00,478.82,3050.42,102.17,5.33,75.1,51.88,24.84,77.34,degraded,6,1,5,5,-0.6005,-2.5699,-9.5809,0
PUMP-MONITOR,2026-01-14T16:55:00,482.89,3078.8,111.99,4.97,78.36,48.52,23.43,56.97,degraded,6,0,2,5,-0.3613,9.8266,3.2563,0
PUMP-MONITOR,2026-01-14T17:00:00,468.35,3095.65,114.28,6.09,83.26,50.24,23.53,57.12,degraded,6,0,2,5,1.114,2.2844,4.9012,0
PUMP-MONITOR,2026-01-14T17:05:00,480.06,3035.75,99.06,6.32,82.69,52.22,25.07,57.77,degraded,6,0,2,5,0.2386,-15.2132,-0.5671,0
PUMP-MONITOR,2026-01-14T17:10:00,477.26,3196.33,103.9,4.33,86.58,52.28,24.95,63.08,degraded,6,1,5,5,-1.9947,4.8386,3.8912,0
PUMP-MONITOR,2026-01-14T17:15:00,485.36,3083.88,102.17,4.82,79.97,52.08,25.28,62.7,critical,6,2,5,5,0.4941,-1.7287,-6.6148,1
PUMP-MONITOR,2026-01-14T17:20:00,486.4,3201.39,112.96,5.13,77.87,53.38,25.97,74.57,degraded,6,0,5,5,0.3079,10.7833,-2.0996,0
PUMP-MONITOR,2026-01-14T17:25:00,485.38,2982.6,93.35,5.76,80.87,51.88,25.18,60.16,degraded,6,0,3,5,0.6239,-19.6026,2.9965,0
PUMP-MONITOR,2026-01-14T17:30:00,472.71,3176.28,116.48,5.73,78.28,50.39,23.82,62.73,degraded,6,0,5,5,-0.0272,23.1262,-2.5914,0
PUMP-MONITOR,2026-01-14T17:35:00,481.4,3095.96,95.68,6.79,85.05,51.98,25.02,74.13,critical,6,0,3,5,1.0612,-20.797,6.7703,1
PUMP-MONITOR,2026-01-14T17:40:00,467.81,3191.44,113.22,3.84,80.89,50.61,23.67,59.0,degraded,6,0,4,5,-2.9522,17.5359,-4.1582,0
PUMP-MONITOR,2026-01-14T17:45:00,475.93,3019.41,96.73,6.25,75.26,51.7,24.61,61.58,degraded,6,0,4,5,2.4165,-16.4851,-5.6326,0
PUMP-MONITOR,2026-01-14T17:50:00,471.02,3177.41,97.5,4.11,80.75,53.84,25.36,77.07,degraded,6,0,4,5,-2.142,0.7632,5.4947,0
PUMP-MONITOR,2026-01-14T17:55:00,467.84,3061.37,112.6,5.64,83.89,51.64,24.16,77.51,critical,6,0,1,5,1.5307,15.0996,3.1386,1
PUMP-MONITOR,2026-01-14T18:00:00,469.08,2979.13,99.31,6.59,78.54,50.88,23.87,74.71,critical,6,0,4,5,0.943,-13.2872,-5.3473,1
PUMP-MONITOR,2026-01-14T18:05:00,478.85,3228.85,113.98,5.36,73.28,51.99,24.9,70.76,degraded,6,1,5,5,-1.2291,14.6696,-5.2637,0
PUMP-MONITOR,2026-01-14T18:10:00,472.46,3098.36,107.42,4.42,84.62,52.43,24.77,75.91,degraded,6,0,4,5,-0.9385,-6.5559,11.3449,0
PUMP-MONITOR,2026-01-14T18:15:00,486.2,3134.26,100.48,4.08,79.28,51.7,25.14,68.54,degraded,6,0,4,5,-0.3355,-6.9394,-5.3387,0
PUMP-MONITOR,2026-01-14T18:20:00,480.75,3212.82,111.25,6.75,86.6,51.4,24.71,62.47,degraded,6,0,3,5,2.6706,10.7617,7.3132,0
PUMP-MONITOR,2026-01-14T18:25:00,482.01,3136.95,99.15,6.15,74.53,54.14,26.1,67.63,degraded,6,1,4,5,-0.6059,-12.0995,-12.067,0
PUMP-MONITOR,2026-01-14T18:30:00,474.9,3096.41,103.1,4.6,80.59,51.28,24.35,74.19,critical,6,0,2,5,-1.547,3.9531,6.0612,1
PUMP-MONITOR,2026-01-14T18:35:00,475.0,3116.16,94.21,5.07,79.67,49.63,23.57,64.02,degraded,6,0,1,5,0.4696,-8.8895,-0.9196,0
PUMP-MONITOR,2026-01-14T18:40:00,468.78,3050.84,107.63,4.77,79.78,52.68,24.7,80.17,critical,6,1,2,5,-0.2971,13.4209,0.1101,1
PUMP-MONITOR,2026-01-14T18:45:00,471.41,3139.91,98.91,4.75,84.15,51.89,24.46,77.88,critical,6,0,5,5,-0.0273,-8.7247,4.3706,1
PUMP-MONITOR,2026-01-14T18:50:00,480.36,3083.3,92.65,5.55,79.79,53.36,25.63,73.86,critical,6,0,2,5,0.8026,-6.2604,-4.3615,1
PUMP-MONITOR,2026-01-14T18:55:00,481.58,3002.64,108.6,5.38,73.24,49.64,23.91,59.78,degraded,6,0,2,5,-0.1687,15.9566,-6.5501,0
PUMP-MONITOR,2026-01-14T19:00:00,478.69,3222.85,96.02,5.43,78.93,53.77,25.74,69.9,degraded,6,0,2,5,0.0464,-12.5801,5.689,0
PUMP-MONITOR,2026-01-14T19:05:00,474.08,2959.65,100.92,5.27,75.94,54.66,25.91,79.75,degraded,6,1,3,5,-0.1609,4.8949,-2.9903,0
PUMP-MONITOR,2026-01-14T19:10:00,485.25,3088.06,113.26,6.71,75.62,56.36,27.35,80.1,degraded,6,0,5,5,1.4464,12.3456,-0.3158,0
PUMP-MONITOR,2026-01-14T19:15:00,477.79,3112.94,115.91,5.05,73.74,52.03,24.86,74.43,degraded,6,0,2,5,-1.6641,2.6454,-1.8825,0
PUMP-MONITOR,2026-01-14T19:20:00,472.62,3194.86,93.52,4.71,81.13,52.36,24.75,66.08,critical,6,1,5,5,-0.334,-22.3855,7.3911,1
PUMP-MONITOR,2026-01-14T19:25:00,475.33,2958.59,102.61,3.94,80.62,49.47,23.52,61.29,degraded,6,0,1,5,-0.7755,9.0892,-0.5151,0
PUMP-MONITOR,2026-01-14T19:30:00,476.45,3223.86,92.99,4.58,83.33,50.52,24.07,65.26,critical,6,1,3,5,0.6401,-9.6255,2.7093,1
PUMP-MONITOR,2026-01-14T19:35:00,468.8,2958.07,106.31,4.28,86.37,51.84,24.3,70.4,degraded,6,0,2,5,-0.2993,13.3264,3.0398,0
PUMP-MONITOR,2026-01-14T19:40:00,469.04,2981.03,114.54,4.58,84.3,51.99,24.39,70.36,degraded,6,0,4,5,0.3043,8.2228,-2.0687,0
PUMP-MONITOR,2026-01-14T19:45:00,480.48,3007.2,95.95,4.19,73.8,50.54,24.28,60.5,degraded,6,0,2,5,-0.3955,-18.5876,-10.4965,0
PUMP-MONITOR,2026-01-14T19:50:00,486.4,3014.29,108.6,6.06,77.05,54.29,26.41,71.31,degraded,6,0,2,5,1.8769,12.648,3.2508,0
PUMP-MONITOR,2026-01-14T19:55:00,473.75,3198.0,105.56,5.7,84.92,52.29,24.77,77.0,critical,6,1,4,5,-0.3602,-3.0313,7.8671,1
PUMP-MONITOR,2026-01-14T20:00:00,485.62,2997.14,117.12,6.16,76.06,53.81,26.13,67.77,degraded,6,0,4,5,0.46,11.5528,-8.8588,0
PUMP-MONITOR,2026-01-14T20:05:00,479.54,3122.11,113.23,3.94,75.9,54.65,26.21,80.37,degraded,6,0,2,5,-2.2203,-3.8875,-0.1582,0
PUMP-MONITOR,2026-01-14T20:10:00,478.11,3206.03,107.61,6.8,83.97,51.75,24.74,59.34,degraded,6,0,5,5,2.8522,-5.6235,8.0719,0
PUMP-MONITOR,2026-01-14T20:15:00,474.69,2991.86,104.35,6.57,72.63,55.72,26.45,81.33,degraded,6,0,1,5,-0.2302,-3.2591,-11.3418,0
PUMP-MONITOR,2026-01-14T20:20:00,483.49,3132.59,110.78,6.22,72.39,51.48,24.89,71.15,degraded,6,1,2,5,-0.3442,6.436,-0.2439,0
PUMP-MONITOR,2026-01-14T20:25:00,484.85,3250.72,93.13,5.78,86.7,53.32,25.85,70.59,degraded,6,0,1,5,-0.4426,-17.6555,14.3119,0
PUMP-MONITOR,2026-01-14T20:30:00,478.25,2957.14,114.37,5.3,72.61,53.03,25.36,76.32,degraded,6,0,2,5,-0.4746,21.2453,-14.087,0
PUMP-MONITOR,2026-01-14T20:35:00,477.67,3030.73,97.27,6.11,85.89,52.08,24.88,77.09,critical,6,0,4,5,0.8061,-17.1044,13.276,1
PUMP-MONITOR,2026-01-14T20:40:00,469.2,3113.76,98.34,6.05,82.76,48.16,22.59,60.78,critical,6,1,4,5,-0.0595,1.0714,-3.1245,1
PUMP-MONITOR,2026-01-14T20:45:00,473.42,3118.69,95.26,5.32,74.72,51.68,24.46,68.53,degraded,6,0,1,5,-0.7336,-3.0787,-8.0419,0
PUMP-MONITOR,2026-01-14T20:50:00,481.43,2974.73,111.42,4.58,84.33,53.04,25.54,65.52,critical,6,1,5,5,-0.7329,16.1623,9.6039,1
PUMP-MONITOR,2026-01-14T20:55:00,479.74,2980.22,97.46,5.51,86.48,54.22,26.01,74.1,critical,6,1,4,5,0.9269,-13.9678,2.1582,1
PUMP-MONITOR,2026-01-14T21:00:00,476.62,2989.17,96.37,3.94,82.5,54.38,25.92,79.27,degraded,6,0,5,5,-1.5735,-1.0836,-3.9879,0
PUMP-MONITOR,2026-01-14T21:05:00,474.35,3246.17,93.54,4.65,82.11,53.53,25.39,68.68,degraded,6,0,1,5,0.7116,-2.8278,-0.3828,0
PUMP-MONITOR,2026-01-14T21:10:00,477.86,2995.54,109.51,4.15,81.73,53.26,25.45,79.62,degraded,6,0,3,5,-0.4974,15.9704,-0.3811,0
PUMP-MONITOR,2026-01-14T21:15:00,477.63,3017.57,112.24,5.8,78.56,52.38,25.02,76.76,critical,6,0,1,5,1.6495,2.7275,-3.1728,1
PUMP-MONITOR,2026-01-14T21:20:00,482.57,3100.97,109.01,6.52,77.01,54.44,26.27,73.44,degraded,6,0,5,5,0.7197,-3.2282,-1.5488,0
PUMP-MONITOR,2026-01-14T21:25:00,482.55,2977.25,95.38,6.28,74.44,53.98,26.05,73.47,degraded,6,1,5,5,-0.2445,-13.6328,-2.5728,0
PUMP-MONITOR,2026-01-14T21:30:00,475.44,3138.15,100.25,3.99,75.92,50.17,23.85,58.02,degraded,6,1,3,5,-2.2833,4.8716,1.4824,0
PUMP-MONITOR,2026-01-14T21:35:00,468.37,3068.04,108.94,6.03,78.97,48.55,22.74,59.27,degraded,6,0,4,5,2.0396,8.6868,3.0537,0
PUMP-MONITOR,2026-01-14T21:40:00,479.05,2984.81,103.36,4.8,82.31,51.89,24.86,76.34,critical,6,0,3,5,-1.2292,-5.5797,3.3361,1
PUMP-MONITOR,2026-01-14T21:45:00,475.86,3097.03,93.94,6.63,86.5,51.21,24.37,68.54,degraded,6,0,2,5,1.8276,-9.4202,4.1853,0
PUMP-MONITOR,2026-01-14T21:50:00,473.83,3086.15,99.75,4.02,77.58,50.37,23.87,67.95,degraded,6,0,3,5,-2.614,5.813,-8.9144,0
PUMP-MONITOR,2026-01-14T21:55:00,478.86,3248.06,97.24,5.83,73.26,50.17,24.03,63.24,degraded,6,1,3,5,1.8103,-2.5116,-4.3183,0
PUMP-MONITOR,2026-01-14T22:00:00,467.98,2988.07,92.81,4.99,78.02,48.54,22.71,57.15,degraded,6,0,1,5,-0.839,-4.4276,4.7538,0
PUMP-MONITOR,2026-01-14T22:05:00,472.04,3078.23,99.69,6.03,84.2,50.14,23.67,67.65,degraded,6,0,1,5,1.0415,6.8782,6.1852,0
PUMP-MONITOR,2026-01-14T22:10:00,470.28,2967.24,96.84,4.98,84.35,52.5,24.69,64.06,degraded,6,0,4,5,-1.0547,-2.8525,0.1458,0
PUMP-MONITOR,2026-01-14T22:15:00,468.52,3160.26,112.59,4.63,79.57,51.29,24.03,58.51,degraded,6,0,3,5,-0.3496,15.7487,-4.7749,0
PUMP-MONITOR,2026-01-14T22:20:00,476.5,3244.09,107.38,4.76,80.09,51.27,24.43,64.55,critical,6,1,6,5,0.1364,-5.2089,0.5138,1
PUMP-MONITOR,2026-01-14T22:25:00,477.73,3233.8,113.16,5.22,72.77,50.91,24.32,68.49,degraded,6,0,2,5,0.4561,5.7847,-7.3129,0
PUMP-MONITOR,2026-01-14T22:30:00,476.65,2996.18,116.34,4.89,85.44,54.33,25.9,75.87,critical,6,0,3,5,-0.3275,3.1734,12.6617,1
PUMP-MONITOR,2026-01-14T22:35:00,473.65,3029.49,99.43,5.41,78.23,49.04,23.23,59.83,degraded,6,0,4,5,0.5169,-16.909,-7.2101,0
PUMP-MONITOR,2026-01-14T22:40:00,478.72,3242.41,110.77,4.37,83.83,54.52,26.1,80.96,degraded,6,0,3,5,-1.0381,11.3396,5.6009,0
PUMP-MONITOR,2026-01-14T22:45:00,486.24,3175.23,93.94,6.01,78.58,54.71,26.6,68.95,critical,6,1,2,5,1.6405,-16.8297,-5.2481,1
PUMP-MONITOR,2026-01-14T22:50:00,482.4,3098.87,108.16,4.25,79.52,53.1,25.62,63.53,degraded,6,0,1,5,-1.7564,14.2268,0.9421,0
PUMP-MONITOR,2026-01-14T22:55:00,475.37,3168.08,109.55,4.55,76.83,52.78,25.09,77.76,degraded,6,0,3,5,0.2968,1.3827,-2.6921,0
PUMP-MONITOR,2026-01-14T23:00:00,482.12,3044.06,95.37,6.76,84.36,53.81,25.94,77.96,critical,6,0,1,5,2.2039,-14.1817,7.5364,1
PUMP-MONITOR,2026-01-14T23:05:00,478.8,3005.08,112.68,4.55,78.68,48.28,23.12,57.66,degraded,6,0,3,5,-2.2043,17.3148,-5.6844,0
PUMP-MONITOR,2026-01-14T23:10:00,474.87,3153.24,110.94,4.44,75.16,52.07,24.73,60.23,degraded,6,0,5,5,-0.1061,-1.7381,-3.5178,0
PUMP-MONITOR,2026-01-14T23:15:00,482.6,3070.63,115.31,5.92,86.26,54.89,26.49,72.47,critical,6,2,6,5,1.4719,4.3689,11.0971,1
PUMP-MONITOR,2026-01-14T23:20:00,478.7,3014.57,101.92,4.0,78.39,51.58,24.69,59.52,degraded,6,0,2,5,-1.9162,-13.3946,-7.868,0
PUMP-MONITOR,2026-01-14T23:25:00,477.33,3155.5,95.56,6.27,74.98,54.43,25.98,71.6,degraded,6,1,5,5,2.2699,-6.3598,-3.41,0
PUMP-MONITOR,2026-01-14T23:30:00,476.14,3076.27,107.63,4.61,77.0,54.98,26.18,76.26,degraded,6,0,4,5,-1.6597,12.0769,2.0152,0
PUMP-MONITOR,2026-01-14T23:35:00,484.55,3198.19,93.28,6.0,72.96,52.01,25.2,72.09,degraded,6,0,1,5,1.3938,-14.3501,-4.0383,0
PUMP-MONITOR,2026-01-14T23:40:00,472.84,3037.58,102.57,6.67,77.69,49.76,23.53,60.96,degraded,6,0,5,5,0.6637,9.2911,4.7343,0
PUMP-MONITOR,2026-01-14T23:45:00,480.8,3105.55,104.5,5.13,78.81,54.49,26.2,74.5,critical,6,0,2,5,-1.5333,1.93,1.1133,1
PUMP-MONITOR,2026-01-14T23:50:00,483.09,3148.03,95.16,3.88,81.66,50.16,24.23,56.63,degraded,6,1,6,5,-1.2562,-9.3452,2.8505,0
PUMP-MONITOR,2026-01-14T23:55:00,471.19,3188.93,105.43,4.46,75.84,53.41,25.16,79.79,degraded,6,1,4,5,0.5802,10.2742,-5.8137,0
PUMP-MONITOR,2026-01-15T00:00:00,481.84,3199.11,107.28,4.75,80.76,50.56,24.36,64.91,degraded,6,0,3,5,0.2948,1.8503,4.9125,0
PUMP-MONITOR,2026-01-15T00:05:00,475.08,2973.75,115.61,6.5,74.53,52.5,24.94,73.78,degraded,6,0,1,5,1.7504,8.3224,-6.2246,0
PUMP-MONITOR,2026-01-15T00:10:00,485.62,3225.13,105.0,3.88,72.91,50.41,24.48,62.99,degraded,6,0,3,5,-2.6247,-10.6048,-1.6168,0
PUMP-MONITOR,2026-01-15T00:15:00,468.68,3187.86,101.32,5.0,75.08,51.29,24.04,61.84,degraded,6,0,4,5,1.1166,-3.6792,2.1707,0
PUMP-MONITOR,2026-01-15T00:20:00,471.19,3073.99,96.09,5.39,85.89,52.81,24.88,71.86,degraded,6,0,4,5,0.3907,-5.2276,10.8009,0
PUMP-MONITOR,2026-01-15T00:25:00,479.7,3211.22,102.48,6.76,81.43,50.81,24.37,62.56,degraded,6,0,1,5,1.3689,6.3874,-4.451,0
PUMP-MONITOR,2026-01-15T00:30:00,483.64,3132.07,103.91,4.81,76.84,51.23,24.78,63.21,degraded,6,0,4,5,-1.9433,1.4242,-4.5914,0
PUMP-MONITOR,2026-01-15T00:35:00,480.59,3093.51,108.9,4.4,82.87,53.03,25.48,61.34,degraded,6,1,5,5,-0.4136,4.9964,6.0309,0
PUMP-MONITOR,2026-01-15T00:40:00,470.51,3206.62,115.83,4.28,81.78,50.28,23.66,58.61,degraded,6,0,3,5,-0.1224,6.9291,-1.0958,0
PUMP-MONITOR,2026-01-15T00:45:00,484.36,3102.39,110.5,4.36,79.54,50.63,24.53,66.95,degraded,6,0,1,5,0.0791,-5.3315,-2.2356,0
PUMP-MONITOR,2026-01-15T00:50:00,481.27,3221.06,104.15,5.67,83.76,50.0,24.06,56.61,degraded,6,0,2,5,1.3099,-6.3475,4.2203,0
PUMP-MONITOR,2026-01-15T00:55:00,468.61,3009.64,94.97,6.64,75.58,53.33,24.99,70.98,degraded,6,0,5,5,0.9743,-9.179,-8.1829,0
PUMP-MONITOR,2026-01-15T01:00:00,478.63,3125.0,93.8,6.12,77.2,52.01,24.89,73.19,degraded,6,0,4,5,-0.5224,-1.1697,1.6246,0
PUMP-MONITOR,2026-01-15T01:05:00,478.29,3066.36,97.24,5.79,74.3,51.98,24.86,62.9,degraded,6,0,4,5,-0.3319,3.4367,-2.902,0
PUMP-MONITOR,2026-01-15T01:10:00,470.51,3022.3,99.6,3.86,72.62,53.69,25.26,80.66,degraded,6,1,6,5,-1.9251,2.3542,-1.6812,0
PUMP-MONITOR,2026-01-15T01:15:00,482.7,3253.76,115.0,5.95,77.25,53.37,25.76,77.07,degraded,6,0,5,5,2.0859,15.4033,4.6247,0
PUMP-MONITOR,2026-01-15T01:20:00,484.09,2961.14,104.49,6.17,78.75,55.14,26.69,71.18,degraded,6,0,5,5,0.2228,-10.5086,1.5,0
PUMP-MONITOR,2026-01-15T01:25:00,474.39,3239.33,102.1,4.96,73.04,49.69,23.57,61.44,degraded,6,0,4,5,-1.2062,-2.3946,-5.7039,0
PUMP-MONITOR,2026-01-15T01:30:00,477.16,3074.84,94.09,3.86,72.53,49.77,23.75,66.59,degraded,6,0,4,5,-1.1067,-8.0031,-0.5167,0
PUMP-MONITOR,2026-01-15T01:35:00,471.6,3195.12,106.04,4.28,74.41,52.08,24.56,68.76,degraded,6,1,3,5,0.4265,11.944,1.8886,0
PUMP-MONITOR,2026-01-15T01:40:00,486.89,3141.47,110.22,6.54,77.89,53.79,26.19,73.02,degraded,6,1,6,5,2.2558,4.1793,3.475,0
PUMP-MONITOR,2026-01-15T01:45:00,471.43,3037.62,113.77,3.96,72.48,51.72,24.38,78.07,degraded,6,1,2,5,-2.5739,3.5565,-5.413,0
PUMP-MONITOR,2026-01-15T01:50:00,471.91,3225.13,99.98,4.82,87.15,54.35,25.65,79.11,critical,6,0,5,5,0.8537,-13.7936,14.6708,1
PUMP-MONITOR,2026-01-15T01:55:00,474.0,3246.77,93.24,6.83,75.1,50.6,23.99,66.17,degraded,6,0,5,5,2.011,-6.7362,-12.0467,0
PUMP-MONITOR,2026-01-15T02:00:00,472.86,2966.11,114.61,5.82,80.21,52.36,24.76,73.95,critical,6,0,1,5,-1.0124,21.368,5.1057,1
PUMP-MONITOR,2026-01-15T02:05:00,471.21,3154.75,108.48,4.97,74.84,53.43,25.18,71.42,degraded,6,0,4,5,-0.8429,-6.1348,-5.3651,0
PUMP-MONITOR,2026-01-15T02:10:00,471.34,3047.52,108.46,6.52,72.35,50.49,23.8,72.17,degraded,6,0,3,5,1.5466,-0.0151,-2.4919,0
PUMP-MONITOR,2026-01-15T02:15:00,486.97,3107.67,104.52,4.71,84.09,55.43,26.99,73.3,critical,6,0,4,5,-1.8145,-3.941,11.7373,1
PUMP-MONITOR,2026-01-15T02:20:00,487.17,3193.48,103.66,4.05,72.68,54.15,26.38,65.01,degraded,6,0,5,5,-0.6581,-0.8586,-11.4079,0
PUMP-MONITOR,2026-01-15T02:25:00,483.04,3047.24,112.46,4.8,86.79,55.29,26.71,81.42,critical,6,0,2,5,0.7558,8.8004,14.1141,1
PUMP-MONITOR,2026-01-15T02:30:00,474.64,3177.02,94.28,6.74,84.29,50.25,23.85,62.77,degraded,6,0,3,5,1.9326,-18.1821,-2.5025,0
PUMP-MONITOR,2026-01-15T02:35:00,478.57,3168.87,97.68,6.33,85.96,55.55,26.58,76.99,critical,6,0,4,5,-0.4098,3.3991,1.6723,1
PUMP-MONITOR,2026-01-15T02:40:00,475.02,3149.22,95.53,6.67,82.02,55.42,26.32,78.87,critical,6,0,3,5,0.3483,-2.1471,-3.9377,1
PUMP-MONITOR,2026-01-15T02:45:00,473.43,3253.28,107.17,4.41,81.33,50.97,24.13,65.09,degraded,6,1,4,5,-2.2676,11.6401,-0.6915,0
PUMP-MONITOR,2026-01-15T02:50:00,471.5,3018.37,110.52,6.14,83.67,54.23,25.57,72.62,critical,6,0,5,5,1.7365,3.3521,2.3392,1
PUMP-MONITOR,2026-01-15T02:55:00,475.03,3142.64,112.03,5.8,76.35,51.35,24.39,57.95,degraded,6,0,3,5,-0.343,1.5055,-7.3185,0
PUMP-MONITOR,2026-01-15T03:00:00,469.5,3221.72,116.92,3.99,76.28,51.81,24.33,70.39,degraded,6,0,4,5,-1.8056,4.8903,-0.0715,0
PUMP-MONITOR,2026-01-15T03:05:00,469.0,3036.05,114.69,4.68,82.26,50.42,23.65,60.96,degraded,6,0,2,5,0.6853,-2.2254,5.9795,0
PUMP-MONITOR,2026-01-15T03:10:00,482.64,3160.25,107.01,5.21,86.43,53.14,25.65,72.17,critical,6,0,4,5,0.5257,-7.6872,4.1713,1
PUMP-MONITOR,2026-01-15T03:15:00,471.95,3225.63,103.24,5.3,72.45,51.56,24.33,72.57,degraded,6,1,5,5,0.0899,-3.7617,-13.9791,0
PUMP-MONITOR,2026-01-15T03:20:00,468.52,3059.86,94.35,5.07,78.94,52.97,24.82,73.91,critical,6,1,3,5,-0.2277,-8.896,6.4834,1
PUMP-MONITOR,2026-01-15T03:25:00,477.41,3222.92,106.75,5.53,79.9,50.35,24.04,64.94,critical,6,1,3,5,0.4665,12.4056,0.9616,1
PUMP-MONITOR,2026-01-15T03:30:00,481.42,3111.26,111.69,5.3,83.25,52.75,25.4,75.9,critical,6,0,1,5,-0.2373,4.9367,3.3512,1
PUMP-MONITOR,2026-01-15T03:35:00,484.95,3176.27,112.24,5.85,80.89,51.2,24.83,70.66,degraded,6,0,3,5,0.5533,0.5513,-2.3602,0
PUMP-MONITOR,2026-01-15T03:40:00,469.98,3191.96,109.16,4.74,84.02,52.8,24.81,71.52,critical,6,1,4,5,-1.1085,-3.0859,3.1258,1
PUMP-MONITOR,2026-01-15T03:45:00,484.06,2963.81,107.88,5.19,75.05,53.55,25.92,80.36,degraded,6,0,1,5,0.4438,-1.2758,-8.9705,0
PUMP-MONITOR,2026-01-15T03:50:00,486.19,3052.9,97.71,3.96,84.55,52.81,25.68,59.66,degraded,6,0,2,5,-1.2294,-10.1717,9.5045,0
PUMP-MONITOR,2026-01-15T03:55:00,476.14,3165.97,103.39,5.66,81.11,51.35,24.45,63.51,degraded,6,0,2,5,1.7073,5.6847,-3.4366,0
PUMP-MONITOR,2026-01-15T04:00:00,470.8,3207.98,98.58,4.18,74.58,53.62,25.24,74.64,degraded,6,1,6,5,-1.4797,-4.8183,-6.5368,0
PUMP-MONITOR,2026-01-15T04:05:00,484.29,3087.1,116.16,5.18,86.05,54.97,26.62,74.85,critical,6,1,3,5,0.9919,17.5834,11.4762,1
PUMP-MONITOR,2026-01-15T04:10:00,476.33,3088.57,104.74,4.1,75.76,53.19,25.34,64.61,degraded,6,0,5,5,-1.0713,-11.4184,-10.2915,0
PUMP-MONITOR,2026-01-15T04:15:00,475.49,3146.69,106.95,5.58,81.95,51.1,24.3,66.2,degraded,6,0,1,5,1.4732,2.2142,6.1848,0
PUMP-MONITOR,2026-01-15T04:20:00,474.19,3155.9,93.56,6.06,75.9,53.44,25.34,66.98,degraded,6,1,6,5,0.4848,-13.3935,-6.044,0
PUMP-MONITOR,2026-01-15T04:25:00,480.59,3092.94,111.19,4.01,79.47,51.72,24.86,62.92,degraded,6,1,4,5,-2.0524,17.6286,3.5694,0
PUMP-MONITOR,2026-01-15T04:30:00,484.32,3016.62,93.01,4.23,80.94,54.15,26.22,77.93,degraded,6,0,2,5,0.2212,-18.1811,1.4737,0
PUMP-MONITOR,2026-01-15T04:35:00,483.53,3181.98,92.99,5.27,83.32,53.76,26.0,72.15,critical,6,0,1,5,1.0352,-0.022,2.3746,1
PUMP-MONITOR,2026-01-15T04:40:00,480.51,3212.9,112.68,5.12,84.14,52.11,25.04,58.4,critical,6,1,4,5,-0.1441,19.6973,0.8164,1
PUMP-MONITOR,2026-01-15T04:45:00,468.47,3146.63,112.43,4.45,82.46,52.71,24.69,69.58,degraded,6,1,3,5,-0.6759,-0.2571,-1.6775,0
PUMP-MONITOR,2026-01-15T04:50:00,469.45,3114.56,116.76,6.73,73.11,53.16,24.96,80.54,degraded,6,1,3,5,2.2881,4.3379,-9.3494,0
PUMP-MONITOR,2026-01-15T04:55:00,471.84,3057.0,99.57,5.15,76.05,52.27,24.66,60.89,degraded,6,0,3,5,-1.5826,-17.1937,2.9461,0
PUMP-MONITOR,2026-01-15T05:00:00,474.65,3030.65,110.47,5.56,75.95,54.15,25.7,74.91,degraded,6,0,4,5,0.4073,10.8973,-0.1063,0
PUMP-MONITOR,2026-01-15T05:05:00,477.78,3255.96,93.29,6.46,83.08,49.95,23.87,60.02,critical,6,1,6,5,0.898,-17.1749,7.1336,1
PUMP-MONITOR,2026-01-15T05:10:00,478.34,3200.31,92.72,5.8,85.58,55.71,26.65,78.68,critical,6,1,2,5,-0.6542,-0.5722,2.4954,1
PUMP-MONITOR,2026-01-15T05:15:00,482.88,3068.48,109.68,6.02,80.86,52.87,25.53,76.77,critical,6,0,1,5,0.2177,16.9571,-4.7206,1
PUMP-MONITOR,2026-01-15T05:20:00,473.93,2985.16,101.44,5.97,74.36,50.33,23.85,60.11,degraded,6,0,1,5,-0.049,-8.2379,-6.5,0
PUMP-MONITOR,2026-01-15T05:25:00,471.06,3124.5,93.27,5.21,84.68,52.71,24.83,71.66,degraded,6,0,2,5,-0.7576,-8.17,10.3263,0
PUMP-MONITOR,2026-01-15T05:30:00,477.91,3065.65,108.4,6.35,86.68,49.95,23.87,60.11,degraded,6,0,2,5,1.1329,15.132,1.9992,0
PUMP-MONITOR,2026-01-15T05:35:00,482.63,3235.45,102.51,4.11,80.29,51.08,24.65,70.31,degraded,6,0,2,5,-2.2333,-5.8922,-6.393,0
PUMP-MONITOR,2026-01-15T05:40:00,473.2,3068.14,112.15,5.67,85.74,51.89,24.56,60.07,degraded,6,0,3,5,1.558,9.637,5.4533,0
PUMP-MONITOR,2026-01-15T05:45:00,475.1,3162.0,94.96,4.69,76.22,49.17,23.36,57.14,degraded,6,0,3,5,-0.9781,-17.1833,-9.5261,0
PUMP-MONITOR,2026-01-15T05:50:00,485.87,3102.95,114.56,4.84,78.85,50.83,24.7,65.95,critical,6,1,6,5,0.1437,19.5986,2.6366,1
PUMP-MONITOR,2026-01-15T05:55:00,470.61,2989.28,101.92,5.64,79.53,52.25,24.59,76.5,critical,6,0,2,5,0.8039,-12.6472,0.6753,1
PUMP-MONITOR,2026-01-15T06:00:00,483.97,2981.44,105.61,4.18,75.18,55.04,26.64,79.46,degraded,6,0,3,5,-1.4645,3.6951,-4.3461,0
PUMP-MONITOR,2026-01-15T06:05:00,480.46,2984.83,116.02,5.5,78.79,53.49,25.7,71.75,degraded,6,0,4,5,1.3214,10.4085,3.6023,0
PUMP-MONITOR,2026-01-15T06:10:00,486.14,3123.5,108.91,5.28,76.55,54.06,26.28,77.23,degraded,6,0,1,5,-0.2146,-7.1113,-2.233,0
PUMP-MONITOR,2026-01-15T06:15:00,471.73,3175.96,112.6,5.01,86.95,49.02,23.13,60.85,degraded,6,0,3,5,-0.272,3.697,10.3933,0
PUMP-MONITOR,2026-01-15T06:20:00,477.11,2997.51,92.91,5.76,81.19,51.93,24.78,69.76,degraded,6,0,2,5,0.7455,-19.6918,-5.7571,0
PUMP-MONITOR,2026-01-15T06:25:00,482.56,3179.46,98.22,4.53,83.53,50.82,24.52,68.12,degraded,6,0,1,5,-1.2261,5.3087,2.3403,0
PUMP-MONITOR,2026-01-15T06:30:00,479.69,3065.99,97.86,5.3,74.41,51.84,24.87,58.46,degraded,6,0,2,5,0.7702,-0.3602,-9.1197,0
PUMP-MONITOR,2026-01-15T06:35:00,479.21,3092.83,99.53,5.5,82.79,52.27,25.05,69.1,critical,6,1,3,5,0.2021,1.6661,8.3821,1
PUMP-MONITOR,2026-01-15T06:40:00,472.16,3039.09,114.72,4.8,76.04,54.76,25.85,76.44,degraded,6,1,5,5,-0.6984,15.193,-6.7481,0
PUMP-MONITOR,2026-01-15T06:45:00,474.48,3002.79,117.12,4.86,84.79,55.26,26.22,79.99,critical,6,1,2,5,0.0548,2.3958,8.7468,1
PUMP-MONITOR,2026-01-15T06:50:00,469.67,3016.55,105.9,4.08,79.64,50.93,23.92,73.23,degraded,6,1,3,5,-0.7842,-11.2144,-5.1506,0
PUMP-MONITOR,2026-01-15T06:55:00,485.01,3009.62,114.82,4.12,73.3,49.35,23.94,56.58,degraded,6,0,2,5,0.0462,8.9183,-6.3392,0
PUMP-MONITOR,2026-01-15T07:00:00,486.97,3198.37,112.2,5.66,77.89,53.05,25.83,73.97,degraded,6,0,3,5,1.5366,-2.6175,4.5907,0
PUMP-MONITOR,2026-01-15T07:05:00,477.48,3224.76,98.47,3.99,79.15,55.14,26.33,75.99,degraded,6,1,6,5,-1.6647,-13.7283,1.2599,0
PUMP-MONITOR,2026-01-15T07:10:00,483.59,3040.36,103.03,3.87,78.37,52.85,25.56,78.45,degraded,6,0,5,5,-0.124,4.5582,-0.7822,0
PUMP-MONITOR,2026-01-15T07:15:00,471.96,3013.52,93.09,5.39,74.9,50.96,24.05,64.42,degraded,6,0,1,5,1.5198,-9.9401,-3.4653,0
PUMP-MONITOR,2026-01-15T07:20:00,481.17,3196.71,100.89,5.33,85.63,54.53,26.24,77.09,critical,6,1,2,5,-0.0571,7.8013,10.7236,1
PUMP-MONITOR,2026-01-15T07:25:00,481.27,3165.46,99.5,4.39,77.0,50.54,24.32,67.27,degraded,6,0,2,5,-0.9467,-1.3957,-8.6305,0
PUMP-MONITOR,2026-01-15T07:30:00,472.22,3017.86,109.72,6.21,74.78,55.06,26.0,79.99,degraded,6,1,5,5,1.8267,10.2255,-2.213,0
PUMP-MONITOR,2026-01-15T07:35:00,476.6,3018.73,113.65,4.51,79.8,53.17,25.34,68.09,degraded,6,0,1,5,-1.7066,3.9242,5.018,0
PUMP-MONITOR,2026-01-15T07:40:00,474.77,3248.44,108.49,5.95,74.23,52.39,24.87,60.36,degraded,6,0,5,5,1.4433,-5.1547,-5.57,0
PUMP-MONITOR,2026-01-15T07:45:00,480.26,3075.86,93.99,5.84,72.5,54.29,26.07,76.46,degraded,6,1,3,5,-0.1077,-14.4999,-1.7275,0
PUMP-MONITOR,2026-01-15T07:50:00,475.39,3085.89,110.09,4.28,77.57,53.7,25.53,76.59,degraded,6,1,3,5,-1.5655,16.0979,5.0678,0
PUMP-MONITOR,2026-01-15T07:55:00,471.61,3077.01,103.63,6.19,85.74,53.32,25.15,75.46,critical,6,1,2,5,1.9178,-6.4641,8.1722,1
PUMP-MONITOR,2026-01-15T08:00:00,487.0,3243.38,105.43,5.22,82.53,51.43,25.04,64.75,critical,6,1,4,5,-0.9776,1.8071,-3.2091,1
PUMP-MONITOR,2026-01-15T08:05:00,481.65,3066.18,110.73,6.16,85.59,55.25,26.61,76.79,critical,6,0,3,5,0.9419,5.2922,3.0538,1
PUMP-MONITOR,2026-01-15T08:10:00,486.5,2994.35,108.11,5.0,72.94,54.57,26.55,67.39,degraded,6,2,6,5,-1.1599,-2.6159,-12.6435,0
PUMP-MONITOR,2026-01-15T08:15:00,475.87,3134.39,103.01,5.23,86.0,51.53,24.52,63.23,critical,6,1,5,5,0.2365,-5.0991,13.0505,1
PUMP-MONITOR,2026-01-15T08:20:00,482.49,3043.66,117.25,5.21,72.48,50.49,24.36,68.25,degraded,6,0,5,5,-0.0244,14.2377,-13.5153,0
PUMP-MONITOR,2026-01-15T08:25:00,475.33,3199.19,115.0,4.17,79.38,51.86,24.65,72.72,degraded,6,0,2,5,-1.0363,-2.2528,6.9028,0
PUMP-MONITOR,2026-01-15T08:30:00,475.29,3080.97,93.34,4.82,81.6,52.02,24.72,58.95,degraded,6,0,1,5,0.6467,-21.6585,2.2135,0
PUMP-MONITOR,2026-01-15T08:35:00,469.0,3001.11,114.96,6.44,86.65,49.97,23.43,61.81,critical,6,1,3,5,1.6214,21.6195,5.0548,1
PUMP-MONITOR,2026-01-15T08:40:00,468.32,3234.74,105.72,4.56,77.78,50.3,23.56,59.66,degraded,6,0,5,5,-1.8776,-9.2415,-8.8761,0
PUMP-MONITOR,2026-01-15T08:45:00,480.49,2973.79,100.67,4.07,86.46,52.06,25.01,66.17,degraded,6,0,2,5,-0.4894,-5.0484,8.6885,0
PUMP-MONITOR,2026-01-15T08:50:00,468.62,2974.02,95.57,5.86,85.51,52.3,24.51,68.52,critical,6,1,4,5,1.7838,-5.0924,-0.9517,1
PUMP-MONITOR,2026-01-15T08:55:00,484.04,3073.5,116.92,4.23,81.59,52.52,25.42,77.15,degraded,6,1,6,5,-1.6326,21.3429,-3.9181,0
PUMP-MONITOR,2026-01-15T09:00:00,486.29,2988.27,110.25,5.28,73.38,52.23,25.4,66.84,degraded,6,0,1,5,1.0573,-6.6716,-8.2131,0
PUMP-MONITOR,2026-01-15T09:05:00,473.1,3152.97,103.98,4.71,79.09,49.74,23.53,64.65,degraded,6,0,3,5,-0.5695,-6.264,5.7096,0
PUMP-MONITOR,2026-01-15T09:10:00,478.1,2990.41,107.98,4.08,84.92,51.17,24.47,64.08,degraded,6,0,2,5,-0.6291,3.9983,5.8322,0
PUMP-MONITOR,2026-01-15T09:15:00,484.83,3228.68,106.01,5.5,83.1,54.34,26.34,78.19,critical,6,0,5,5,1.4118,-1.9719,-1.8197,1
PUMP-MONITOR,2026-01-15T09:20:00,483.14,3233.9,104.29,5.2,78.71,50.59,24.44,60.65,degraded,6,0,4,5,-0.3008,-1.7211,-4.394,0
PUMP-MONITOR,2026-01-15T09:25:00,479.77,3075.11,106.53,4.08,81.28,51.9,24.9,72.5,degraded,6,0,3,5,-1.1178,2.2387,2.5688,0
PUMP-MONITOR,2026-01-15T09:30:00,468.03,3012.81,107.98,5.38,74.78,48.23,22.57,61.73,degraded,6,0,4,5,1.3071,1.4553,-6.4979,0
PUMP-MONITOR,2026-01-15T09:35:00,472.42,2996.41,92.68,6.13,79.16,52.81,24.95,68.31,critical,6,1,4,5,0.7442,-15.2989,4.3832,1
PUMP-MONITOR,2026-01-15T09:40:00,483.32,3201.51,114.3,5.15,76.81,50.46,24.39,56.51,degraded,6,0,4,5,-0.9798,21.6182,-2.3538,0
PUMP-MONITOR,2026-01-15T09:45:00,479.16,2971.57,100.73,5.66,83.66,50.78,24.33,66.2,degraded,6,0,2,5,0.5128,-13.5748,6.8496,0
PUMP-MONITOR,2026-01-15T09:50:00,473.37,3070.73,96.42,6.0,76.51,49.99,23.67,59.59,degraded,6,0,2,5,0.3354,-4.3079,-7.1442,0
PUMP-MONITOR,2026-01-15T09:55:00,469.67,3177.22,108.03,6.56,85.09,51.4,24.14,79.18,critical,6,0,2,5,0.5583,11.6082,8.5788,1
PUMP-MONITOR,2026-01-15T10:00:00,482.38,3035.5,105.54,6.76,75.17,53.12,25.62,76.29,degraded,6,0,3,5,0.2071,-2.4843,-9.927,0
PUMP-MONITOR,2026-01-15T10:05:00,468.67,3184.97,96.31,3.98,82.42,48.78,22.86,60.67,degraded,6,0,1,5,-2.7782,-9.2318,7.2571,0
PUMP-MONITOR,2026-01-15T10:10:00,472.17,3208.7,102.32,5.6,75.85,52.83,24.95,79.93,degraded,6,0,5,5,1.6136,6.0062,-6.5705,0
PUMP-MONITOR,2026-01-15T10:15:00,469.33,2976.23,106.39,4.92,86.46,51.77,24.3,62.06,degraded,6,0,5,5,-0.6744,4.0732,10.6105,0
PUMP-MONITOR,2026-01-15T10:20:00,479.2,3111.44,92.77,4.93,85.13,51.18,24.53,57.33,degraded,6,0,5,5,0.009,-13.6236,-1.333,0
PUMP-MONITOR,2026-01-15T10:25:00,486.32,3075.49,104.04,4.76,73.1,51.08,24.84,65.56,degraded,6,0,1,5,-0.1695,11.271,-12.029,0
PUMP-MONITOR,2026-01-15T10:30:00,470.0,3095.1,92.49,6.73,86.3,51.3,24.11,75.13,critical,6,0,3,5,1.9715,-11.5435,13.2014,1
PUMP-MONITOR,2026-01-15T10:35:00,484.39,3106.91,108.73,4.66,87.01,54.16,26.23,68.48,critical,6,1,5,5,-2.0797,16.2374,0.7097,1
PUMP-MONITOR,2026-01-15T10:40:00,486.08,3042.25,104.01,5.63,87.12,51.99,25.27,63.92,critical,6,1,4,5,0.9711,-4.7207,0.1124,1
PUMP-MONITOR,2026-01-15T10:45:00,473.62,2993.41,114.82,4.24,74.82,55.21,26.15,81.2,degraded,6,0,2,5,-1.3869,10.8133,-12.3031,0
PUMP-MONITOR,2026-01-15T10:50:00,470.5,2969.2,110.11,6.07,79.74,53.6,25.22,81.01,critical,6,0,2,5,1.8338,-4.7122,4.9168,1
PUMP-MONITOR,2026-01-15T10:55:00,479.36,2978.06,100.01,5.02,73.76,51.05,24.47,59.92,degraded,6,0,3,5,-1.0576,-10.0965,-5.978,0
PUMP-MONITOR,2026-01-15T11:00:00,481.08,3225.23,110.88,4.73,72.84,53.58,25.78,76.93,degraded,6,0,3,5,-0.2847,10.8692,-0.9209,0
PUMP-MONITOR,2026-01-15T11:05:00,468.5,3144.12,96.86,6.54,79.78,50.68,23.74,73.41,critical,6,0,3,5,1.8118,-14.0277,6.9357,1
PUMP-MONITOR,2026-01-15T11:10:00,468.23,3014.91,114.22,6.16,76.61,49.88,23.36,58.17,degraded,6,0,2,5,-0.3845,17.3596,-3.1622,0
PUMP-MONITOR,2026-01-15T11:15:00,479.28,3232.9,105.16,6.77,83.06,53.47,25.63,75.28,critical,6,0,5,5,0.6104,-9.0512,6.4509,1
PUMP-MONITOR,2026-01-15T11:20:00,472.76,3028.58,94.65,4.94,80.27,50.15,23.71,57.53,degraded,6,0,5,5,-1.824,-10.5122,-2.793,0
PUMP-MONITOR,2026-01-15T11:25:00,481.69,3166.67,111.93,6.86,81.37,54.38,26.19,77.31,critical,6,1,2,5,1.9132,17.2809,1.1036,1
PUMP-MONITOR,2026-01-15T11:30:00,482.28,3112.83,93.36,4.68,86.03,53.73,25.91,65.11,degraded,6,0,1,5,-2.1762,-18.5728,4.6587,0
PUMP-MONITOR,2026-01-15T11:35:00,484.75,3119.71,105.42,4.72,77.99,55.06,26.69,70.63,degraded,6,0,4,5,0.0359,12.0556,-8.0399,0
PUMP-MONITOR,2026-01-15T11:40:00,469.57,3053.7,107.04,6.07,84.27,49.09,23.05,62.21,degraded,6,0,1,5,1.351,1.6201,6.2753,0
PUMP-MONITOR,2026-01-15T11:45:00,483.08,3109.98,117.12,6.1,77.78,55.05,26.59,72.56,degraded,6,0,4,5,0.0298,10.0835,-6.4878,0
PUMP-MONITOR,2026-01-15T11:50:00,482.43,3033.56,112.15,4.38,81.13,52.22,25.19,72.55,degraded,6,0,2,5,-1.7204,-4.967,3.3474,0
PUMP-MONITOR,2026-01-15T11:55:00,467.84,3049.23,103.29,5.46,76.96,50.62,23.68,62.08,degraded,6,0,5,5,1.0775,-8.8669,-4.1674,0
PUMP-MONITOR,2026-01-15T12:00:00,486.94,3212.82,95.71,4.59,74.16,52.22,25.43,69.79,degraded,6,0,1,5,-0.8625,-7.574,-2.8013,0
PUMP-MONITOR,2026-01-15T12:05:00,482.16,2993.6,103.47,5.56,80.8,54.09,26.08,69.84,degraded,6,0,3,5,0.9699,7.7547,6.6397,0
PUMP-MONITOR,2026-01-15T12:10:00,469.07,3106.39,97.5,6.8,76.77,48.46,22.73,60.41,degraded,6,0,4,5,1.2413,-5.9642,-4.0345,0
PUMP-MONITOR,2026-01-15T12:15:00,470.01,3054.28,100.27,4.86,79.25,52.95,24.89,72.62,critical,6,0,4,5,-1.9466,2.7633,2.4819,1
PUMP-MONITOR,2026-01-15T12:20:00,470.69,2968.1,108.1,5.15,84.49,53.44,25.15,70.73,degraded,6,0,5,5,0.2889,7.8328,5.242,0
PUMP-MONITOR,2026-01-15T12:25:00,487.43,3007.85,111.61,5.45,76.3,54.62,26.62,74.7,degraded,6,1,2,5,0.3029,3.5148,-8.1857,0
PUMP-MONITOR,2026-01-15T12:30:00,481.38,2997.3,110.19,5.34,80.67,49.8,23.97,63.69,degraded,6,0,3,5,-0.1073,-1.4207,4.3696,0
PUMP-MONITOR,2026-01-15T12:35:00,481.55,3097.91,112.35,4.86,77.26,50.33,24.24,60.94,degraded,6,0,3,5,-0.4858,2.1615,-3.4107,0
PUMP-MONITOR,2026-01-15T12:40:00,480.87,3233.27,107.19,5.52,81.9,52.96,25.46,79.72,critical,6,1,3,5,0.6655,-5.165,4.6381,1
PUMP-MONITOR,2026-01-15T12:45:00,472.75,3181.29,113.85,4.38,78.13,54.98,25.99,77.07,degraded,6,0,4,5,-1.1422,6.6606,-3.7666,0
PUMP-MONITOR,2026-01-15T12:50:00,474.1,3077.33,110.29,6.74,75.76,49.07,23.26,62.54,degraded,6,0,1,5,2.3573,-3.5633,-2.3786,0
PUMP-MONITOR,2026-01-15T12:55:00,476.16,3164.91,110.66,6.57,76.53,51.09,24.33,58.14,degraded,6,1,5,5,-0.1711,0.3765,0.7719,0
PUMP-MONITOR,2026-01-15T13:00:00,476.32,2959.41,115.15,5.77,73.2,53.44,25.45,69.8,degraded,6,0,2,5,-0.7977,4.4869,-3.3267,0
PUMP-MONITOR,2026-01-15T13:05:00,476.31,3077.22,102.52,5.07,74.34,53.91,25.68,78.8,degraded,6,0,3,5,-0.7006,-12.6344,1.1447,0
PUMP-MONITOR,2026-01-15T13:10:00,478.64,3110.41,109.91,5.76,79.44,48.77,23.34,59.43,degraded,6,0,3,5,0.6948,7.3962,5.0976,0
PUMP-MONITOR,2026-01-15T13:15:00,474.81,3244.36,104.75,5.59,86.71,50.88,24.16,63.61,critical,6,1,4,5,-0.1755,-5.1572,7.2704,1
PUMP-MONITOR,2026-01-15T13:20:00,486.87,3000.17,95.16,5.97,76.06,53.8,26.19,76.88,degraded,6,0,4,5,0.38,-9.5945,-10.6517,0
PUMP-MONITOR,2026-01-15T13:25:00,487.05,2966.93,98.67,4.31,85.25,52.85,25.74,78.84,degraded,6,0,4,5,-1.6613,3.5151,9.1884,0
PUMP-MONITOR,2026-01-15T13:30:00,478.0,3175.61,107.74,4.04,81.04,55.51,26.53,78.64,degraded,6,0,3,5,-0.2695,9.068,-4.2069,0
PUMP-MONITOR,2026-01-15T13:35:00,476.28,3188.07,97.27,6.12,86.9,54.28,25.85,79.15,critical,6,1,5,5,2.0822,-10.4756,5.8524,1
PUMP-MONITOR,2026-01-15T13:40:00,469.8,3169.19,100.55,4.4,79.05,53.63,25.2,78.29,degraded,6,0,1,5,-1.7217,3.2799,-7.8477,0
PUMP-MONITOR,2026-01-15T13:45:00,470.67,2961.14,112.88,4.85,81.21,53.0,24.94,66.42,critical,6,1,3,5,0.4548,12.3313,2.1631,1
PUMP-MONITOR,2026-01-15T13:50:00,473.56,3160.94,106.01,4.23,76.53,52.55,24.88,65.98,degraded,6,1,3,5,-0.6186,-6.8732,-4.678,0
PUMP-MONITOR,2026-01-15T13:55:00,477.66,3112.75,94.66,4.6,74.18,52.16,24.91,73.46,degraded,6,1,2,5,0.368,-11.3487,-2.3567,0
PUMP-MONITOR,2026-01-15T14:00:00,475.72,3207.67,113.95,4.36,75.38,51.98,24.73,70.84,degraded,6,0,2,5,-0.2446,19.2913,1.2021,0
PUMP-MONITOR,2026-01-15T14:05:00,470.96,2987.05,112.44,4.4,85.79,49.33,23.23,64.32,degraded,6,0,1,5,0.0483,-1.5072,10.4095,0
PUMP-MONITOR,2026-01-15T14:10:00,481.72,3143.4,93.84,4.51,74.71,50.22,24.19,63.42,degraded,6,0,2,5,0.107,-18.6055,-11.074,0
PUMP-MONITOR,2026-01-15T14:15:00,469.58,3077.13,110.5,6.26,85.58,49.69,23.33,58.6,critical,6,1,4,5,1.7438,16.669,10.8685,1
PUMP-MONITOR,2026-01-15T14:20:00,486.41,3191.83,109.24,5.56,84.38,53.03,25.8,64.21,degraded,6,0,2,5,-0.6906,-1.2617,-1.2024,0
PUMP-MONITOR,2026-01-15T14:25:00,472.34,3110.9,96.22,5.39,83.09,54.5,25.74,77.32,critical,6,1,4,5,-0.1771,-13.0233,-1.2906,1
PUMP-MONITOR,2026-01-15T14:30:00,485.08,3020.84,104.14,4.05,79.05,51.76,25.11,71.64,degraded,6,1,4,5,-1.3393,7.9233,-4.0419,0
PUMP-MONITOR,2026-01-15T14:35:00,479.82,3175.08,94.38,4.32,75.21,53.42,25.63,68.54,degraded,6,0,5,5,0.2753,-9.761,-3.8405,0
PUMP-MONITOR,2026-01-15T14:40:00,472.23,3062.77,110.01,5.84,78.8,53.27,25.15,75.27,critical,6,1,4,5,1.5131,15.6282,3.5976,1
PUMP-MONITOR,2026-01-15T14:45:00,480.18,3106.13,97.54,3.91,86.82,52.4,25.16,76.16,degraded,6,1,4,5,-1.9287,-12.4723,8.0181,0
PUMP-MONITOR,2026-01-15T14:50:00,472.94,3170.55,108.34,5.62,76.53,51.65,24.43,68.1,degraded,6,0,1,5,1.7098,10.8038,-10.2888,0
PUMP-MONITOR,2026-01-15T14:55:00,470.0,3094.25,97.75,5.33,84.05,51.86,24.37,63.05,degraded,6,0,5,5,-0.2923,-10.587,7.518,0
PUMP-MONITOR,2026-01-15T15:00:00,474.99,2964.64,112.6,4.23,72.36,54.88,26.07,76.59,degraded,6,1,2,5,-1.095,14.8428,-11.6897,0
PUMP-MONITOR,2026-01-15T15:05:00,475.07,2967.67,105.89,6.28,83.52,55.26,26.25,76.04,critical,6,1,3,5,2.0485,-6.7078,11.1611,1
PUMP-MONITOR,2026-01-15T15:10:00,486.46,3101.21,94.18,5.33,82.8,50.13,24.39,60.27,critical,6,1,3,5,-0.9496,-11.7056,-0.7226,1
PUMP-MONITOR,2026-01-15T15:15:00,470.96,3167.32,93.24,6.7,79.27,53.06,24.99,72.29,critical,6,0,2,5,1.3705,-0.9399,-3.5302,1
PUMP-MONITOR,2026-01-15T15:20:00,482.92,3029.55,99.05,6.37,79.14,53.55,25.86,80.08,critical,6,0,2,5,-0.3321,5.8077,-0.1276,1
PUMP-MONITOR,2026-01-15T15:25:00,484.17,2999.81,114.98,5.46,75.16,50.31,24.36,57.88,degraded,6,1,6,5,-0.9062,15.9239,-3.9803,0
PUMP-MONITOR,2026-01-15T15:30:00,477.28,3009.62,99.0,4.43,80.93,54.94,26.22,79.17,degraded,6,1,5,5,-1.0271,-15.9763,5.7667,0
PUMP-MONITOR,2026-01-15T15:35:00,474.51,3232.36,96.56,5.33,87.1,52.12,24.73,69.19,critical,6,1,5,5,0.8915,-2.4427,6.1731,1
PUMP-MONITOR,2026-01-15T15:40:00,474.38,3161.48,97.32,5.28,79.41,50.69,24.05,61.5,critical,6,1,4,5,-0.0506,0.767,-7.6954,1
PUMP-MONITOR,2026-01-15T15:45:00,476.23,3067.07,100.9,5.99,80.48,52.43,24.97,62.52,degraded,6,0,2,5,0.7099,3.5751,1.0749,0
PUMP-MONITOR,2026-01-15T15:50:00,485.76,2977.75,107.94,4.77,77.75,49.73,24.16,59.15,degraded,6,2,5,5,-1.2155,7.0419,-2.7312,0
PUMP-MONITOR,2026-01-15T15:55:00,477.22,3130.5,108.17,5.51,78.73,52.9,25.25,73.52,critical,6,1,5,5,0.7382,0.2295,0.976,1
PUMP-MONITOR,2026-01-15T16:00:00,472.33,3063.38,93.12,6.72,82.01,52.22,24.66,67.28,critical,6,1,5,5,1.2158,-15.0527,3.283,1
PUMP-MONITOR,2026-01-15T16:05:00,477.98,3126.52,103.9,4.83,77.69,55.01,26.29,77.87,degraded,6,0,2,5,-1.893,10.7861,-4.3191,0
PUMP-MONITOR,2026-01-15T16:10:00,487.31,2981.31,111.78,5.82,78.07,52.83,25.74,77.6,critical,6,0,4,5,0.9883,7.8815,0.3834,1
PUMP-MONITOR,2026-01-15T16:15:00,476.3,3195.65,105.2,5.62,75.81,49.6,23.62,59.53,degraded,6,0,1,5,-0.1972,-6.5859,-2.2597,0
PUMP-MONITOR,2026-01-15T16:20:00,478.88,2989.73,104.73,4.84,82.71,50.26,24.07,63.76,degraded,6,0,5,5,-0.7857,-0.4731,6.8937,0
PUMP-MONITOR,2026-01-15T16:25:00,487.52,3156.01,106.83,6.13,83.62,54.11,26.38,77.97,critical,6,0,2,5,1.2925,2.1034,0.9116,1
PUMP-MONITOR,2026-01-15T16:30:00,480.25,3084.25,109.49,5.54,84.72,53.01,25.46,74.2,critical,6,0,2,5,-0.5859,2.6614,1.1013,1
PUMP-MONITOR,2026-01-15T16:35:00,478.35,3234.2,106.31,5.39,77.37,52.92,25.31,71.66,degraded,6,0,3,5,-0.1526,-3.1834,-7.3533,0
PUMP-MONITOR,2026-01-15T16:40:00,467.99,3052.26,113.32,4.22,77.09,53.18,24.89,75.52,degraded,6,1,4,5,-1.1741,7.0093,-0.2751,0
PUMP-MONITOR,2026-01-15T16:45:00,477.73,2974.94,101.88,6.22,79.39,53.32,25.47,72.9,critical,6,0,3,5,2.0015,-11.4351,2.3014,1
PUMP-MONITOR,2026-01-15T16:50:00,479.72,3167.06,115.92,4.27,73.68,50.07,24.02,59.84,degraded,6,1,5,5,-1.9429,14.0338,-5.7182,0
PUMP-MONITOR,2026-01-15T16:55:00,478.53,3179.47,112.98,6.24,79.96,53.46,25.58,73.77,critical,6,0,2,5,1.9651,-2.9361,6.2878,1
PUMP-MONITOR,2026-01-15T17:00:00,487.59,3038.73,112.69,6.6,85.25,54.08,26.37,68.7,degraded,6,0,2,5,0.364,-0.2849,5.2859,0
PUMP-MONITOR,2026-01-15T17:05:00,476.04,3219.27,96.26,4.86,85.39,51.45,24.49,61.34,critical,6,1,5,5,-1.743,-16.4295,0.1382,1
PUMP-MONITOR,2026-01-15T17:10:00,469.83,3104.24,103.38,6.85,83.94,52.47,24.65,72.01,critical,6,0,5,5,1.989,7.1172,-1.4451,1
PUMP-MONITOR,2026-01-15T17:15:00,480.66,3032.18,97.42,5.12,74.61,52.02,25.01,67.23,degraded,6,1,5,5,-1.7342,-5.9601,-9.3334,0
PUMP-MONITOR,2026-01-15T17:20:00,480.73,3142.69,111.18,4.41,86.19,50.82,24.43,65.06,degraded,6,0,1,5,-0.7032,13.7589,11.5845,0
PUMP-MONITOR,2026-01-15T17:25:00,481.94,3182.72,100.06,5.41,87.12,50.92,24.54,66.46,critical,6,1,5,5,0.999,-11.1182,0.9308,1
PUMP-MONITOR,2026-01-15T17:30:00,476.48,3032.22,109.21,5.77,84.67,52.3,24.92,72.73,critical,6,0,1,5,0.3565,9.1499,-2.4578,1
PUMP-MONITOR,2026-01-15T17:35:00,468.99,3090.49,100.46,6.81,83.53,48.76,22.87,61.74,degraded,6,0,1,5,1.046,-8.7559,-1.1343,0
PUMP-MONITOR,2026-01-15T17:40:00,468.97,3021.54,110.14,4.57,78.15,50.13,23.51,63.93,degraded,6,0,3,5,-2.2415,9.6808,-5.3817,0
PUMP-MONITOR,2026-01-15T17:45:00,468.66,3049.8,95.07,5.25,82.76,50.93,23.87,66.87,degraded,6,0,1,5,0.6756,-15.0644,4.6072,0
PUMP-MONITOR,2026-01-15T17:50:00,472.29,3132.73,110.71,6.88,85.63,52.28,24.69,75.93,critical,6,0,3,5,1.6302,15.6369,2.8732,1
PUMP-MONITOR,2026-01-15T17:55:00,473.75,3126.53,98.64,3.95,83.17,51.23,24.27,65.86,degraded,6,0,1,5,-2.9315,-12.0698,-2.4608,0
PUMP-MONITOR,2026-01-15T18:00:00,474.28,3157.78,98.68,4.98,80.61,52.03,24.68,68.89,degraded,6,0,4,5,1.0295,0.0387,-2.565,0
PUMP-MONITOR,2026-01-15T18:05:00,476.26,3053.27,94.52,4.62,83.21,54.0,25.72,71.32,degraded,6,0,2,5,-0.3602,-4.1592,2.604,0
PUMP-MONITOR,2026-01-15T18:10:00,487.39,3221.29,108.01,5.7,74.77,53.56,26.11,70.83,degraded,6,1,4,5,1.0846,13.4886,-8.4363,0
PUMP-MONITOR,2026-01-15T18:15:00,469.82,3140.63,97.48,6.74,83.61,51.33,24.12,67.54,degraded,6,0,4,5,1.0434,-10.532,8.8412,0
PUMP-MONITOR,2026-01-15T18:20:00,482.42,3058.43,99.03,4.55,84.76,51.71,24.95,68.79,degraded,6,0,1,5,-2.1944,1.553,1.1485,0
PUMP-MONITOR,2026-01-15T18:25:00,484.4,3233.93,112.48,5.78,81.78,52.95,25.65,60.84,degraded,6,0,3,5,1.2324,13.448,-2.9852,0
PUMP-MONITOR,2026-01-15T18:30:00,477.9,3085.53,103.87,5.48,85.58,51.09,24.42,69.04,degraded,6,0,5,5,-0.3001,-8.6076,3.8003,0
PUMP-MONITOR,2026-01-15T18:35:00,480.3,2991.48,112.16,5.64,82.8,51.49,24.73,60.89,critical,6,1,3,5,0.1577,8.2911,-2.7802,1
PUMP-MONITOR,2026-01-15T18:40:00,469.13,3036.6,102.83,5.17,82.08,48.72,22.85,59.03,degraded,6,0,2,5,-0.4725,-9.3319,-0.7127,0
PUMP-MONITOR,2026-01-15T18:45:00,479.7,3119.26,95.54,5.49,74.37,51.91,24.9,73.31,degraded,6,0,2,5,0.324,-7.292,-7.7173,0
PUMP-MONITOR,2026-01-15T18:50:00,470.25,3167.38,103.92,4.22,86.73,49.3,23.19,64.46,degraded,6,0,4,5,-1.27,8.3841,12.3623,0
PUMP-MONITOR,2026-01-15T18:55:00,477.99,3045.06,114.5,4.23,80.61,48.96,23.4,60.98,degraded,6,0,1,5,0.0134,10.578,-6.119,0
PUMP-MONITOR,2026-01-15T19:00:00,474.32,2998.76,109.23,5.74,76.6,49.32,23.4,63.02,degraded,6,0,5,5,1.5067,-5.2693,-4.0138,0
PUMP-MONITOR,2026-01-15T19:05:00,468.77,3080.91,98.36,3.94,72.85,50.07,23.47,64.13,degraded,6,0,4,5,-1.7976,-10.872,-3.7456,0
PUMP-MONITOR,2026-01-15T19:10:00,473.88,3076.79,93.79,5.36,75.06,51.96,24.62,69.07,degraded,6,0,3,5,1.4207,-4.5709,2.211,0
PUMP-MONITOR,2026-01-15T19:15:00,478.14,2962.45,103.21,5.75,75.99,53.59,25.63,70.85,degraded,6,0,1,5,0.3808,9.4252,0.93,0
PUMP-MONITOR,2026-01-15T19:20:00,480.73,3092.51,115.8,5.1,84.47,55.09,26.48,78.18,critical,6,0,1,5,-0.6463,12.5873,8.4826,1
PUMP-MONITOR,2026-01-15T19:25:00,472.17,3029.53,92.76,5.33,78.92,53.55,25.29,81.09,critical,6,2,5,5,0.2342,-23.0429,-5.5536,1
PUMP-MONITOR,2026-01-15T19:30:00,484.89,3084.63,108.5,5.51,86.45,52.74,25.57,69.01,degraded,6,0,1,5,0.1726,15.7405,7.5257,0
PUMP-MONITOR,2026-01-15T19:35:00,485.33,2981.91,107.61,5.96,85.7,53.01,25.73,72.66,critical,6,0,4,5,0.454,-0.889,-0.7428,1
PUMP-MONITOR,2026-01-15T19:40:00,487.2,3167.41,94.46,4.24,78.37,56.29,27.42,79.1,degraded,6,0,2,5,-1.7195,-13.1489,-7.3346,0
PUMP-MONITOR,2026-01-15T19:45:00,487.54,3080.98,93.93,5.24,81.39,52.84,25.76,63.26,degraded,6,0,1,5,1.0034,-0.5271,3.0226,0
PUMP-MONITOR,2026-01-15T19:50:00,481.61,3248.31,104.96,6.11,77.17,52.8,25.43,63.25,degraded,6,0,4,5,0.8644,11.0272,-4.2233,0
PUMP-MONITOR,2026-01-15T19:55:00,468.52,3085.99,93.21,4.62,78.98,51.83,24.29,80.32,critical,6,1,3,5,-1.4859,-11.7494,1.8137,1
PUMP-MONITOR,2026-01-15T20:00:00,480.53,3223.16,117.36,6.44,84.49,50.26,24.15,59.56,degraded,6,0,4,5,1.8194,24.1474,5.5054,0
PUMP-MONITOR,2026-01-15T20:05:00,480.39,3231.27,98.7,6.11,79.1,54.02,25.95,78.23,critical,6,0,3,5,-0.3301,-18.6563,-5.3896,1
PUMP-MONITOR,2026-01-15T20:10:00,480.64,3166.25,114.3,4.76,72.73,49.09,23.59,57.54,degraded,6,0,5,5,-1.3474,15.5978,-6.3666,0
PUMP-MONITOR,2026-01-15T20:15:00,472.53,3037.81,105.22,4.46,85.26,53.29,25.18,81.33,degraded,6,0,4,5,-0.3019,-9.078,12.5324,0
PUMP-MONITOR,2026-01-15T20:20:00,482.51,3037.86,117.32,5.26,85.44,55.39,26.72,79.67,critical,6,1,3,5,0.7972,12.097,0.1786,1
PUMP-MONITOR,2026-01-15T20:25:00,486.44,3197.09,110.39,4.19,73.6,55.22,26.86,74.9,degraded,6,0,4,5,-1.0693,-6.9275,-11.8414,0
PUMP-MONITOR,2026-01-15T20:30:00,479.26,3091.92,116.56,6.48,78.33,49.79,23.86,65.76,degraded,6,0,5,5,2.2888,6.1712,4.7284,0
PUMP-MONITOR,2026-01-15T20:35:00,468.27,3253.29,99.36,5.43,83.88,51.43,24.08,61.08,degraded,6,0,4,5,-1.0442,-17.203,5.5536,0
PUMP-MONITOR,2026-01-15T20:40:00,486.92,3259.52,100.32,5.75,86.61,48.96,23.84,57.63,degraded,6,0,3,5,0.3153,0.958,2.7263,0
PUMP-MONITOR,2026-01-15T20:45:00,486.19,3189.87,98.5,5.94,82.06,54.22,26.36,77.94,critical,6,0,4,5,0.1934,-1.812,-4.547,1
PUMP-MONITOR,2026-01-15T20:50:00,475.53,3031.77,93.53,6.77,72.54,53.01,25.21,79.76,degraded,6,1,5,5,0.8317,-4.9778,-9.523,0
PUMP-MONITOR,2026-01-15T20:55:00,476.57,3143.0,103.95,6.88,83.49,54.14,25.8,74.29,critical,6,0,4,5,0.1052,10.4189,10.9495,1
PUMP-MONITOR,2026-01-15T21:00:00,468.06,3215.35,97.03,4.85,82.47,48.57,22.73,58.28,degraded,6,0,5,5,-2.0344,-6.9119,-1.0167,0
PUMP-MONITOR,2026-01-15T21:05:00,468.66,3160.87,111.11,4.94,78.89,49.74,23.31,66.52,degraded,6,0,4,5,0.0973,14.0725,-3.5816,0
PUMP-MONITOR,2026-01-15T21:10:00,471.59,3153.58,95.02,4.52,73.36,53.37,25.17,74.23,degraded,6,0,4,5,-0.4188,-16.0866,-5.5354,0
PUMP-MONITOR,2026-01-15T21:15:00,475.36,3079.32,104.29,4.93,77.78,53.98,25.66,73.9,degraded,6,0,2,5,0.4044,9.266,4.4208,0
PUMP-MONITOR,2026-01-15T21:20:00,485.55,3193.09,104.47,4.94,85.18,53.63,26.04,69.65,degraded,6,0,2,5,0.0151,0.1852,7.4025,0
PUMP-MONITOR,2026-01-15T21:25:00,474.63,2996.37,110.07,6.69,75.82,52.06,24.71,69.51,degraded,6,1,2,5,1.7444,5.5978,-9.3573,0
PUMP-MONITOR,2026-01-15T21:30:00,487.41,3225.64,113.21,4.1,86.84,54.49,26.56,81.35,degraded,6,0,3,5,-2.5837,3.1432,11.0211,0
PUMP-MONITOR,2026-01-15T21:35:00,477.26,3017.38,103.01,4.98,73.59,54.88,26.19,78.3,degraded,6,1,6,5,0.8737,-10.2058,-13.2573,0
PUMP-MONITOR,2026-01-15T21:40:00,471.38,3076.05,93.26,6.33,74.09,52.47,24.73,67.2,degraded,6,0,3,5,1.3498,-9.7505,0.5035,0
PUMP-MONITOR,2026-01-15T21:45:00,486.55,3254.0,114.94,4.61,85.43,52.94,25.76,65.7,critical,6,1,3,5,-1.7184,21.6821,11.3442,1
PUMP-MONITOR,2026-01-15T21:50:00,476.11,3259.24,99.0,5.22,80.62,54.54,25.97,72.95,critical,6,0,2,5,0.6105,-15.9332,-4.8107,1
PUMP-MONITOR,2026-01-15T21:55:00,469.5,3159.35,102.67,6.48,81.57,52.75,24.77,66.95,critical,6,1,3,5,1.2583,3.6684,0.9484,1
PUMP-MONITOR,2026-01-15T22:00:00,469.08,3257.63,116.57,5.78,80.17,54.35,25.49,78.64,critical,6,0,1,5,-0.6978,13.902,-1.4006,1
PUMP-MONITOR,2026-01-15T22:05:00,478.04,3134.83,116.3,4.23,81.97,54.92,26.26,77.94,degraded,6,0,4,5,-1.5458,-0.2758,1.7954,0
PUMP-MONITOR,2026-01-15T22:10:00,469.51,3020.56,115.85,5.8,82.74,53.06,24.91,75.89,critical,6,0,1,5,1.563,-0.4532,0.7771,1
PUMP-MONITOR,2026-01-15T22:15:00,471.8,3046.5,111.28,4.94,74.7,55.47,26.17,78.9,degraded,6,0,3,5,-0.8549,-4.5604,-8.0433,0
PUMP-MONITOR,2026-01-15T22:20:00,467.7,3189.87,113.8,5.3,76.58,48.21,22.55,58.95,degraded,6,1,5,5,0.3543,2.5127,1.8771,0
PUMP-MONITOR,2026-01-15T22:25:00,486.38,3223.28,106.97,6.0,73.24,51.8,25.19,68.06,degraded,6,0,2,5,0.6986,-6.8264,-3.3333,0
PUMP-MONITOR,2026-01-15T22:30:00,480.81,3236.74,108.61,4.76,76.92,52.81,25.39,71.29,degraded,6,0,4,5,-1.233,1.6382,3.6798,0
PUMP-MONITOR,2026-01-15T22:35:00,469.88,3143.0,107.33,6.64,77.46,53.95,25.35,80.56,degraded,6,0,3,5,1.8754,-1.2816,0.541,0
PUMP-MONITOR,2026-01-15T22:40:00,478.56,3098.43,116.92,6.77,81.23,52.81,25.27,74.25,critical,6,0,1,5,0.1324,9.5885,3.7647,1
PUMP-MONITOR,2026-01-15T22:45:00,473.55,3064.58,105.66,6.02,82.63,54.03,25.59,78.25,critical,6,1,5,5,-0.7539,-11.2583,1.3967,1
PUMP-MONITOR,2026-01-15T22:50:00,476.9,2996.94,94.58,3.99,78.05,49.34,23.53,60.52,degraded,6,0,2,5,-2.0274,-11.0814,-4.5737,0
PUMP-MONITOR,2026-01-15T22:55:00,471.89,3254.45,95.16,5.63,78.95,51.56,24.33,78.11,critical,6,0,4,5,1.6412,0.5872,0.9001,1
PUMP-MONITOR,2026-01-15T23:00:00,482.65,3050.66,110.84,5.79,82.12,55.92,26.99,78.13,critical,6,2,4,5,0.1612,15.6752,3.1707,1
PUMP-MONITOR,2026-01-15T23:05:00,486.63,3197.27,92.54,5.11,79.95,53.18,25.88,63.4,degraded,6,0,5,5,-0.6803,-18.2946,-2.173,0
PUMP-MONITOR,2026-01-15T23:10:00,472.37,3233.36,103.43,5.26,84.13,50.21,23.72,59.59,degraded,6,0,1,5,0.1495,10.8857,4.1763,0
PUMP-MONITOR,2026-01-15T23:15:00,469.09,3209.94,97.05,5.22,80.71,52.75,24.74,79.15,critical,6,0,1,5,-0.0394,-6.3851,-3.4198,1
PUMP-MONITOR,2026-01-15T23:20:00,486.11,3008.25,94.46,6.49,78.18,51.95,25.26,63.57,degraded,6,0,4,5,1.2642,-2.587,-2.5222,0
PUMP-MONITOR,2026-01-15T23:25:00,487.42,2969.19,113.06,6.4,78.45,53.33,26.0,75.2,critical,6,0,5,5,-0.0877,18.6008,0.2665,1
PUMP-MONITOR,2026-01-15T23:30:00,483.49,3255.65,104.87,6.66,77.0,51.9,25.1,64.44,degraded,6,0,2,5,0.264,-8.1916,-1.4481,0
PUMP-MONITOR,2026-01-15T23:35:00,467.81,2974.65,97.82,4.1,77.49,49.95,23.37,59.46,degraded,6,1,3,5,-2.5611,-7.052,0.4891,0
PUMP-MONITOR,2026-01-15T23:40:00,476.76,3108.75,92.68,4.87,85.14,55.07,26.26,79.44,critical,6,0,1,5,0.7712,-5.1342,7.6527,1
PUMP-MONITOR,2026-01-15T23:45:00,487.47,3174.61,92.75,4.73,76.97,51.12,24.92,64.86,degraded,6,0,1,5,-0.1453,0.0676,-8.1707,0
PUMP-MONITOR,2026-01-15T23:50:00,485.45,3102.59,115.29,6.25,76.01,50.26,24.4,56.66,degraded,6,0,2,5,1.5277,22.5437,-0.9608,0
PUMP-MONITOR,2026-01-15T23:55:00,469.43,3074.62,97.12,4.16,76.96,51.95,24.39,62.7,degraded,6,0,2,5,-2.0966,-18.168,0.9435,0
PUMP-MONITOR,2026-01-16T00:00:00,474.52,2968.16,112.6,4.02,79.39,51.6,24.48,58.87,degraded,6,0,4,5,-0.1406,15.4795,2.4341,0
PUMP-MONITOR,2026-01-16T00:05:00,485.54,3044.13,106.44,6.35,78.77,56.81,27.58,80.73,critical,6,0,4,5,2.3366,-6.1639,-0.6153,1
PUMP-MONITOR,2026-01-16T00:10:00,482.2,2988.62,108.88,6.38,78.82,48.58,23.42,56.65,degraded,6,0,3,5,0.0299,2.4389,0.0449,0
PUMP-MONITOR,2026-01-16T00:15:00,471.46,3199.98,108.48,6.82,82.33,51.15,24.11,58.49,degraded,6,0,4,5,0.4358,-0.395,3.5069,0
PUMP-MONITOR,2026-01-16T00:20:00,474.23,3016.91,101.19,4.33,86.87,52.88,25.08,73.2,degraded,6,0,3,5,-2.4937,-7.2928,4.5423,0
PUMP-MONITOR,2026-01-16T00:25:00,477.61,3226.42,112.6,4.19,74.43,54.14,25.86,74.77,degraded,6,0,5,5,-0.131,11.4056,-12.4377,0
PUMP-MONITOR,2026-01-16T00:30:00,481.34,3107.77,110.53,6.01,75.63,51.91,24.99,66.62,degraded,6,0,5,5,1.8149,-2.0658,1.1959,0
PUMP-MONITOR,2026-01-16T00:35:00,473.23,3176.14,107.3,5.7,82.19,50.29,23.8,65.97,degraded,6,0,3,5,-0.3142,-3.2347,6.563,0
PUMP-MONITOR,2026-01-16T00:40:00,476.58,3168.16,112.81,4.41,80.62,54.97,26.2,78.96,degraded,6,0,4,5,-1.2857,5.5121,-1.5742,0
PUMP-MONITOR,2026-01-16T00:45:00,485.33,2981.56,95.35,6.7,78.21,53.27,25.85,69.97,degraded,6,0,5,5,2.2927,-17.4605,-2.4095,0
PUMP-MONITOR,2026-01-16T00:50:00,468.51,2995.17,103.51,5.03,78.78,49.33,23.11,64.79,critical,6,1,3,5,-1.6721,8.159,0.5704,1
PUMP-MONITOR,2026-01-16T00:55:00,482.71,3111.69,94.18,4.65,75.04,49.52,23.9,59.37,degraded,6,0,1,5,-0.3821,-9.3301,-3.7344,0
PUMP-MONITOR,2026-01-16T01:00:00,482.05,3032.66,100.13,6.18,84.0,51.3,24.73,61.26,degraded,6,0,5,5,1.5283,5.9529,8.9607,0
PUMP-MONITOR,2026-01-16T01:05:00,478.3,3203.99,112.98,5.33,80.94,53.53,25.6,67.82,degraded,6,0,4,5,-0.847,12.8457,-3.0644,0
PUMP-MONITOR,2026-01-16T01:10:00,484.25,3004.14,113.71,4.04,81.02,52.9,25.62,79.49,degraded,6,1,2,5,-1.294,0.7305,0.079,0
PUMP-MONITOR,2026-01-16T01:15:00,475.72,3055.41,112.3,5.34,85.95,52.63,25.04,63.61,degraded,6,0,4,5,1.3028,-1.4036,4.931,0
PUMP-MONITOR,2026-01-16T01:20:00,469.68,3158.89,110.69,6.04,83.53,52.11,24.48,78.59,critical,6,0,3,5,0.6991,-1.6076,-2.4189,1
PUMP-MONITOR,2026-01-16T01:25:00,481.29,3203.21,97.07,5.74,86.06,52.33,25.19,78.66,critical,6,0,5,5,-0.3021,-13.6211,2.5323,1
PUMP-MONITOR,2026-01-16T01:30:00,482.26,3127.35,109.35,5.21,73.83,56.1,27.05,78.97,degraded,6,0,2,5,-0.5211,12.2769,-12.2315,0
PUMP-MONITOR,2026-01-16T01:35:00,472.07,3199.33,113.65,6.68,77.1,51.78,24.44,58.12,degraded,6,0,4,5,1.4686,4.3016,3.2731,0
PUMP-MONITOR,2026-01-16T01:40:00,469.72,3065.84,115.91,4.18,75.23,52.93,24.86,78.24,degraded,6,0,3,5,-2.5009,2.2627,-1.8755,0
PUMP-MONITOR,2026-01-16T01:45:00,474.92,3072.27,100.93,4.69,82.4,51.01,24.22,66.1,critical,6,1,5,5,0.512,-14.9819,7.1718,1
PUMP-MONITOR,2026-01-16T01:50:00,468.62,3171.36,95.77,5.04,76.68,51.6,24.18,68.47,degraded,6,1,2,5,0.3511,-5.1607,-5.7178,0
PUMP-MONITOR,2026-01-16T01:55:00,477.18,3087.43,94.45,4.81,85.81,50.71,24.2,67.46,critical,6,1,6,5,-0.2342,-1.3241,9.1265,1
PUMP-MONITOR,2026-01-16T02:00:00,470.73,3170.0,96.7,6.51,80.69,53.09,24.99,76.27,critical,6,0,2,5,1.7036,2.2535,-5.114,1
PUMP-MONITOR,2026-01-16T02:05:00,485.11,3098.85,113.57,6.5,73.56,50.94,24.71,59.57,degraded,6,0,2,5,-0.0125,16.8659,-7.1317,0
PUMP-MONITOR,2026-01-16T02:10:00,472.33,3068.02,94.38,4.98,75.09,49.68,23.46,65.32,degraded,6,0,5,5,-1.5218,-19.1924,1.5308,0
PUMP-MONITOR,2026-01-16T02:15:00,473.26,3027.79,93.99,6.22,83.22,55.13,26.09,76.63,critical,6,0,3,5,1.2417,-0.386,8.124,1
PUMP-MONITOR,2026-01-16T02:20:00,480.8,3034.98,104.97,6.73,77.13,52.67,25.32,69.38,degraded,6,0,4,5,0.5112,10.9765,-6.092,0
PUMP-MONITOR,2026-01-16T02:25:00,467.99,3136.41,112.8,4.64,86.5,53.34,24.96,77.96,critical,6,0,5,5,-2.0977,7.8387,9.3721,1
PUMP-MONITOR,2026-01-16T02:30:00,474.41,3075.18,96.15,4.6,76.96,50.49,23.95,71.04,degraded,6,0,2,5,-0.0376,-16.6539,-9.538,0
PUMP-MONITOR,2026-01-16T02:35:00,483.78,3069.55,93.91,4.48,81.14,52.61,25.45,68.78,degraded,6,1,3,5,-0.1152,-2.2424,4.1765,0
PUMP-MONITOR,2026-01-16T02:40:00,471.83,3083.5,99.81,4.93,81.44,52.62,24.83,74.66,critical,6,0,1,5,0.4429,5.9043,0.3036,1
PUMP-MONITOR,2026-01-16T02:45:00,469.21,3180.73,116.12,4.32,73.28,52.05,24.42,67.18,degraded,6,1,2,5,-0.61,16.3114,-8.1617,0
PUMP-MONITOR,2026-01-16T02:50:00,475.61,3082.56,97.02,5.34,81.46,52.42,24.93,63.55,degraded,6,0,2,5,1.0215,-19.1049,8.1817,0
PUMP-MONITOR,2026-01-16T02:55:00,474.58,3180.31,108.42,6.38,79.93,51.68,24.53,77.94,critical,6,0,1,5,1.0429,11.4058,-1.5344,1
PUMP-MONITOR,2026-01-16T03:00:00,486.05,3205.79,106.14,6.8,73.73,53.28,25.9,71.5,degraded,6,0,2,5,0.416,-2.2879,-6.1963,0
PUMP-MONITOR,2026-01-16T03:05:00,471.77,3098.51,99.64,4.94,82.44,49.94,23.56,69.07,degraded,6,0,2,5,-1.8536,-6.497,8.715,0
PUMP-MONITOR,2026-01-16T03:10:00,471.18,3081.3,115.4,5.23,79.22,51.24,24.14,69.95,critical,6,1,2,5,0.2871,15.7637,-3.2204,1
PUMP-MONITOR,2026-01-16T03:15:00,475.09,3214.86,104.17,5.36,74.46,55.12,26.19,75.59,degraded,6,0,3,5,0.1331,-11.2331,-4.7653,0
PUMP-MONITOR,2026-01-16T03:20:00,475.52,3236.47,112.46,4.17,77.83,53.66,25.52,68.2,degraded,6,1,5,5,-1.1901,8.287,3.3666,0
PUMP-MONITOR,2026-01-16T03:25:00,475.22,2986.02,110.38,5.5,87.42,53.83,25.58,75.37,critical,6,0,2,5,1.3316,-2.08,9.5993,1
PUMP-MONITOR,2026-01-16T03:30:00,475.71,3256.75,113.54,4.09,80.42,50.98,24.25,64.08,degraded,6,0,4,5,-1.4122,3.1659,-7.0004,0
PUMP-MONITOR,2026-01-16T03:35:00,481.11,2969.74,95.96,6.6,73.05,50.73,24.4,64.76,degraded,6,0,1,5,2.5035,-17.5793,-7.3746,0
PUMP-MONITOR,2026-01-16T03:40:00,484.03,3101.31,106.73,6.04,78.01,52.21,25.27,70.61,degraded,6,0,1,5,-0.5544,10.7617,4.9573,0
PUMP-MONITOR,2026-01-16T03:45:00,478.84,3175.4,104.4,5.64,82.02,51.13,24.48,62.02,degraded,6,0,3,5,-0.4001,-2.328,4.0117,0
PUMP-MONITOR,2026-01-16T03:50:00,477.02,2969.46,113.18,4.69,73.28,51.68,24.65,67.47,degraded,6,1,4,5,-0.946,8.7838,-8.741,0
PUMP-MONITOR,2026-01-16T03:55:00,484.85,3202.73,109.24,5.31,78.19,53.05,25.72,65.87,degraded,6,0,3,5,0.6148,-3.9388,4.9099,0
PUMP-MONITOR,2026-01-16T04:00:00,480.61,2998.19,104.13,4.76,75.81,51.66,24.83,61.39,degraded,6,0,3,5,-0.5463,-5.1155,-2.3729,0
PUMP-MONITOR,2026-01-16T04:05:00,468.18,3230.1,105.34,4.25,80.78,51.58,24.15,74.21,degraded,6,1,6,5,-0.5155,1.2154,4.9672,0
PUMP-MONITOR,2026-01-16T04:10:00,487.38,2969.28,116.21,6.0,85.37,54.96,26.79,78.3,critical,6,0,2,5,1.7526,10.8676,4.5895,1
PUMP-MONITOR,2026-01-16T04:15:00,473.56,3114.84,104.73,4.89,84.45,52.13,24.69,60.67,degraded,6,0,1,5,-1.1132,-11.4776,-0.9245,0
PUMP-MONITOR,2026-01-16T04:20:00,470.61,3193.97,117.3,6.76,74.82,51.11,24.05,66.98,degraded,6,0,3,5,1.8703,12.5624,-9.6307,0
PUMP-MONITOR,2026-01-16T04:25:00,468.17,3017.35,106.34,5.14,78.45,54.12,25.34,73.57,critical,6,0,5,5,-1.6178,-10.9515,3.6333,1
PUMP-MONITOR,2026-01-16T04:30:00,467.64,3058.23,98.71,6.38,72.9,50.51,23.62,74.95,degraded,6,0,3,5,1.2451,-7.6368,-5.5503,0
PUMP-MONITOR,2026-01-16T04:35:00,486.98,3169.15,97.8,6.78,82.55,50.58,24.63,57.78,degraded,6,0,3,5,0.3998,-0.9114,9.656,0
PUMP-MONITOR,2026-01-16T04:40:00,481.51,3110.59,98.66,4.2,75.45,53.12,25.58,70.04,degraded,6,0,3,5,-2.5802,0.8626,-7.1002,0
PUMP-MONITOR,2026-01-16T04:45:00,482.97,3225.86,104.24,4.41,86.48,50.47,24.37,66.04,degraded,6,0,3,5,0.2072,5.5863,11.021,0
PUMP-MONITOR,2026-01-16T04:50:00,468.99,3063.76,94.4,6.62,81.24,52.24,24.5,66.84,degraded,6,0,1,5,2.204,-9.849,-5.2314,0
PUMP-MONITOR,2026-01-16T04:55:00,469.22,3178.74,92.7,5.72,80.25,50.89,23.88,64.13,degraded,6,0,2,5,-0.8968,-1.6927,-0.9903,0
PUMP-MONITOR,2026-01-16T05:00:00,468.84,3154.86,106.95,5.04,79.05,52.91,24.81,73.53,critical,6,0,3,5,-0.6797,14.2503,-1.2081,1
PUMP-MONITOR,2026-01-16T05:05:00,474.08,3002.44,96.19,6.76,75.38,52.5,24.89,71.53,degraded,6,0,1,5,1.7206,-10.7646,-3.6696,0
PUMP-MONITOR,2026-01-16T05:10:00,480.13,3000.69,109.12,4.38,78.39,51.42,24.69,60.06,degraded,6,0,3,5,-2.3791,12.9293,3.0128,0
PUMP-MONITOR,2026-01-16T05:15:00,484.82,2992.19,108.92,4.38,74.67,52.57,25.49,61.98,degraded,6,0,4,5,0.0035,-0.1957,-3.7173,0
PUMP-MONITOR,2026-01-16T05:20:00,477.68,3091.09,109.38,5.81,82.51,49.12,23.46,58.66,degraded,6,0,1,5,1.4247,0.4633,7.8371,0
PUMP-MONITOR,2026-01-16T05:25:00,485.27,3224.07,94.24,5.55,76.25,51.63,25.05,65.34,degraded,6,0,5,5,-0.261,-15.1479,-6.2544,0
PUMP-MONITOR,2026-01-16T05:30:00,473.19,3112.26,105.44,4.27,87.04,53.66,25.39,71.69,degraded,6,0,5,5,-1.2791,11.202,10.7905,0
PUMP-MONITOR,2026-01-16T05:35:00,481.99,3187.85,94.31,4.7,78.42,53.44,25.76,69.5,degraded,6,0,1,5,0.4294,-11.1301,-8.6291,0
PUMP-MONITOR,2026-01-16T05:40:00,476.85,3032.08,116.09,4.21,73.36,54.58,26.03,72.16,degraded,6,0,3,5,-0.4832,21.7777,-5.0606,0
PUMP-MONITOR,2026-01-16T05:45:00,475.63,2990.86,105.18,4.97,76.23,51.82,24.65,63.76,degraded,6,0,2,5,0.7591,-10.9111,2.8737,0
PUMP-MONITOR,2026-01-16T05:50:00,487.3,3081.74,92.58,5.39,87.09,53.43,26.03,70.33,degraded,6,0,1,5,0.4134,-12.5937,10.8652,0
PUMP-MONITOR,2026-01-16T05:55:00,468.31,3043.34,92.68,6.85,75.39,49.62,23.24,59.4,degraded,6,1,5,5,1.4602,0.1011,-11.7078,0
PUMP-MONITOR,2026-01-16T06:00:00,479.84,3044.54,92.8,5.13,83.64,49.23,23.62,60.13,degraded,6,0,4,5,-1.7141,0.1179,8.2578,0
PUMP-MONITOR,2026-01-16T06:05:00,476.25,3246.35,93.8,6.85,75.26,49.43,23.54,58.66,degraded,6,0,1,5,1.7207,0.9944,-8.3885,0
PUMP-MONITOR,2026-01-16T06:10:00,472.04,3185.09,96.65,5.73,82.11,52.32,24.7,68.63,degraded,6,0,2,5,-1.1201,2.8552,6.8565,0
PUMP-MONITOR,2026-01-16T06:15:00,485.89,3191.93,105.3,4.74,75.16,55.15,26.79,78.11,degraded,6,0,1,5,-0.9905,8.6521,-6.9523,0
PUMP-MONITOR,2026-01-16T06:20:00,469.75,3157.24,107.58,4.81,84.78,50.42,23.68,66.69,critical,6,1,3,5,0.0621,2.2817,9.6211,1
PUMP-MONITOR,2026-01-16T06:25:00,476.97,3096.1,94.18,5.51,76.78,50.14,23.91,66.53,degraded,6,1,3,5,0.7017,-13.3991,-8.0014,0
PUMP-MONITOR,2026-01-16T06:30:00,482.55,3227.49,94.62,6.5,77.51,53.96,26.04,70.63,degraded,6,0,4,5,0.9894,0.4349,0.7297,0
PUMP-MONITOR,2026-01-16T06:35:00,474.74,3081.22,113.85,6.52,86.99,50.32,23.89,57.55,degraded,6,0,4,5,0.0215,19.2329,9.4786,0
PUMP-MONITOR,2026-01-16T06:40:00,483.99,2971.57,114.12,4.36,73.02,49.4,23.91,57.02,degraded,6,1,3,5,-2.1536,0.265,-13.9659,0
PUMP-MONITOR,2026-01-16T06:45:00,486.97,3200.61,99.52,5.77,78.15,49.04,23.88,57.59,degraded,6,0,3,5,1.4085,-14.5972,5.1236,0
PUMP-MONITOR,2026-01-16T06:50:00,469.51,3246.69,108.44,4.43,83.9,54.67,25.67,75.94,degraded,6,0,2,5,-1.3472,8.9159,5.7506,0
PUMP-MONITOR,2026-01-16T06:55:00,478.6,2994.77,95.41,4.65,87.36,53.88,25.79,77.32,critical,6,1,3,5,0.222,-13.0219,3.4663,1
PUMP-MONITOR,2026-01-16T07:00:00,471.68,3252.95,109.66,5.74,77.04,51.84,24.45,76.22,degraded,6,0,2,5,1.0891,14.2432,-10.3227,0
PUMP-MONITOR,2026-01-16T07:05:00,467.65,3137.7,108.6,6.48,75.87,52.31,24.46,67.78,degraded,6,1,3,5,0.7435,-1.0571,-1.1685,0
PUMP-MONITOR,2026-01-16T07:10:00,474.82,3116.16,104.53,6.76,81.84,51.28,24.35,62.4,critical,6,1,5,5,0.2831,-4.0691,5.9659,1
PUMP-MONITOR,2026-01-16T07:15:00,468.11,3057.47,93.47,6.77,83.84,51.01,23.88,72.91,critical,6,0,4,5,0.0111,-11.0633,2.0012,1
PUMP-MONITOR,2026-01-16T07:20:00,479.25,3041.36,117.34,6.63,82.8,52.11,24.97,78.17,critical,6,0,1,5,-0.1417,23.8724,-1.0384,1
PUMP-MONITOR,2026-01-16T07:25:00,476.3,3127.94,97.16,6.61,74.42,51.68,24.62,75.43,degraded,6,1,5,5,-0.0221,-20.1822,-8.3843,0
PUMP-MONITOR,2026-01-16T07:30:00,478.2,3235.48,115.46,4.47,81.05,53.36,25.51,65.62,degraded,6,0,5,5,-2.1418,18.2978,6.6367,0
PUMP-MONITOR,2026-01-16T07:35:00,477.28,3135.72,109.58,6.41,86.2,50.5,24.1,61.3,degraded,6,0,5,5,1.9376,-5.8769,5.1458,0
PUMP-MONITOR,2026-01-16T07:40:00,477.19,3255.76,117.03,5.68,83.72,51.54,24.59,70.2,degraded,6,0,5,5,-0.7276,7.4552,-2.4766,0
PUMP-MONITOR,2026-01-16T07:45:00,472.62,3093.05,111.36,6.55,83.63,55.12,26.05,80.18,critical,6,0,1,5,0.8737,-5.6741,-0.0901,1
PUMP-MONITOR,2026-01-16T07:50:00,469.36,3146.04,100.12,4.72,84.71,52.74,24.76,75.84,critical,6,1,6,5,-1.8363,-11.2431,1.0804,1
PUMP-MONITOR,2026-01-16T07:55:00,479.17,3096.02,112.32,5.71,84.72,51.97,24.9,61.77,degraded,6,0,4,5,0.9965,12.1997,0.0074,0
PUMP-MONITOR,2026-01-16T08:00:00,478.68,3056.23,112.35,6.37,82.15,55.88,26.75,78.39,critical,6,0,2,5,0.6561,0.0308,-2.5726,1
PUMP-MONITOR,2026-01-16T08:05:00,473.56,3019.3,94.08,4.29,85.06,54.11,25.62,79.46,degraded,6,0,2,5,-2.082,-18.2687,2.9158,0
PUMP-MONITOR,2026-01-16T08:10:00,479.15,3199.32,116.99,6.84,85.63,49.82,23.87,57.28,degraded,6,0,2,5,2.5553,22.907,0.5682,0
PUMP-MONITOR,2026-01-16T08:15:00,478.49,3211.74,92.89,6.01,78.38,51.99,24.88,64.86,degraded,6,0,1,5,-0.8322,-24.0913,-7.2525,0
PUMP-MONITOR,2026-01-16T08:20:00,473.12,3016.03,115.55,6.51,76.73,51.62,24.42,65.47,degraded,6,0,4,5,0.5002,22.6564,-1.6481,0
PUMP-MONITOR,2026-01-16T08:25:00,474.29,3252.19,117.38,5.96,75.68,52.17,24.74,61.68,degraded,6,1,3,5,-0.5458,1.8306,-1.0513,0
PUMP-MONITOR,2026-01-16T08:30:00,471.55,3200.34,96.84,6.68,86.83,49.3,23.25,66.05,degraded,6,0,4,5,0.713,-20.5391,11.148,0
PUMP-MONITOR,2026-01-16T08:35:00,485.63,3196.22,95.84,6.48,86.92,53.26,25.86,80.84,critical,6,0,3,5,-0.2019,-1.0066,0.0926,1
PUMP-MONITOR,2026-01-16T08:40:00,481.33,3093.03,101.32,6.85,72.77,51.98,25.02,59.54,degraded,6,0,2,5,0.3703,5.4853,-14.1516,0
PUMP-MONITOR,2026-01-16T08:45:00,469.8,3054.28,110.89,4.89,76.72,52.15,24.5,71.57,degraded,6,0,4,5,-1.9595,9.573,3.9476,0
PUMP-MONITOR,2026-01-16T08:50:00,474.35,3012.29,96.51,4.84,87.19,51.01,24.19,73.18,critical,6,0,3,5,-0.0458,-14.3872,10.4756,1
PUMP-MONITOR,2026-01-16T08:55:00,485.97,3071.12,103.0,4.8,85.05,52.99,25.75,65.63,critical,6,2,3,5,-0.0391,6.4885,-2.1388,1
PUMP-MONITOR,2026-01-16T09:00:00,484.33,2967.35,109.09,4.06,77.82,52.46,25.41,72.16,degraded,6,0,1,5,-0.738,6.0972,-7.2357,0
PUMP-MONITOR,2026-01-16T09:05:00,474.03,3139.28,105.5,5.95,74.64,53.78,25.49,78.2,degraded,6,0,4,5,1.8875,-3.5947,-3.1783,0
PUMP-MONITOR,2026-01-16T09:10:00,475.9,2981.3,111.68,4.16,72.96,53.34,25.38,72.06,degraded,6,1,6,5,-1.7927,6.1861,-1.681,0
PUMP-MONITOR,2026-01-16T09:15:00,484.23,3039.74,108.07,4.2,86.02,52.73,25.53,71.93,degraded,6,1,6,5,0.0394,-3.6181,13.0672,0
PUMP-MONITOR,2026-01-16T09:20:00,487.47,3059.08,116.23,4.49,83.93,55.95,27.28,78.55,degraded,6,0,5,5,0.2878,8.1601,-2.0926,0
PUMP-MONITOR,2026-01-16T09:25:00,472.85,3242.24,111.84,6.05,82.87,54.08,25.57,73.12,critical,6,0,2,5,1.5634,-4.3827,-1.0657,1
PUMP-MONITOR,2026-01-16T09:30:00,478.0,3060.35,113.83,4.05,75.5,49.78,23.79,61.62,degraded,6,0,5,5,-2.0021,1.9855,-7.3684,0
PUMP-MONITOR,2026-01-16T09:35:00,478.6,3104.37,105.14,4.3,87.41,52.75,25.24,65.33,degraded,6,0,1,5,0.2563,-8.6912,11.9146,0
PUMP-MONITOR,2026-01-16T09:40:00,484.62,3012.08,107.48,6.89,73.28,52.41,25.4,68.68,degraded,6,0,5,5,2.5909,2.3445,-14.1352,0
PUMP-MONITOR,2026-01-16T09:45:00,468.57,3100.09,96.13,4.66,80.65,49.78,23.33,67.61,degraded,6,0,3,5,-2.2375,-11.3569,7.3685,0
PUMP-MONITOR,2026-01-16T09:50:00,484.32,3120.1,106.66,4.93,85.16,51.68,25.03,61.37,critical,6,1,2,5,0.2729,10.5331,4.519,1
PUMP-MONITOR,2026-01-16T09:55:00,482.2,3012.51,98.45,5.76,73.16,52.91,25.51,60.31,degraded,6,0,2,5,0.8273,-8.205,-12.0056,0
PUMP-MONITOR,2026-01-16T10:00:00,483.21,3152.76,115.78,4.96,80.68,55.25,26.7,81.48,critical,6,0,3,5,-0.7974,17.3279,7.5248,1
PUMP-MONITOR,2026-01-16T10:05:00,472.31,3008.41,107.4,4.69,76.64,54.47,25.73,73.92,degraded,6,1,6,5,-0.2716,-8.3818,-4.0394,0
PUMP-MONITOR,2026-01-16T10:10:00,470.36,3125.87,115.03,4.93,85.29,52.34,24.62,80.22,critical,6,0,5,5,0.247,7.6255,8.6409,1
PUMP-MONITOR,2026-01-16T10:15:00,483.75,2977.68,110.08,4.03,79.22,52.94,25.61,75.98,degraded,6,1,6,5,-0.9053,-4.9449,-6.0679,0
PUMP-MONITOR,2026-01-16T10:20:00,471.47,3144.53,110.36,5.41,78.72,55.26,26.06,79.0,critical,6,0,2,5,1.3834,0.2797,-0.4937,1
PUMP-MONITOR,2026-01-16T10:25:00,476.65,3134.21,115.37,4.04,82.05,53.9,25.69,68.22,degraded,6,1,5,5,-1.3699,5.0069,3.3278,0
PUMP-MONITOR,2026-01-16T10:30:00,468.64,3229.95,113.56,4.06,85.76,53.58,25.11,70.67,degraded,6,1,6,5,0.013,-1.8105,3.7054,0
PUMP-MONITOR,2026-01-16T10:35:00,485.3,3010.53,110.87,5.93,78.48,54.2,26.3,80.71,critical,6,1,6,5,1.8772,-2.6817,-7.2768,1
PUMP-MONITOR,2026-01-16T10:40:00,480.48,3138.08,96.59,6.23,85.16,49.38,23.73,57.87,degraded,6,0,3,5,0.2989,-14.2859,6.6828,0
PUMP-MONITOR,2026-01-16T10:45:00,475.11,3227.63,114.01,4.55,86.45,50.88,24.17,59.07,critical,6,1,3,5,-1.68,17.4179,1.2845,1
PUMP-MONITOR,2026-01-16T10:50:00,479.3,3222.3,117.38,5.76,84.93,55.77,26.73,81.55,critical,6,1,3,5,1.2036,3.3779,-1.5207,1
PUMP-MONITOR,2026-01-16T10:55:00,467.6,3092.69,105.08,6.53,86.9,51.48,24.07,61.95,degraded,6,0,3,5,0.7788,-12.3028,1.9747,0
PUMP-MONITOR,2026-01-16T11:00:00,467.93,3143.86,117.42,4.83,79.93,48.66,22.77,59.33,critical,6,1,6,5,-1.7052,12.3421,-6.9751,1
PUMP-MONITOR,2026-01-16T11:05:00,474.09,3202.29,100.26,6.83,84.55,54.9,26.03,75.49,critical,6,0,2,5,1.9986,-17.1667,4.6197,1
PUMP-MONITOR,2026-01-16T11:10:00,486.08,3178.94,94.45,5.56,82.07,51.87,25.21,67.34,critical,6,1,5,5,-1.2656,-5.8113,-2.4748,1
PUMP-MONITOR,2026-01-16T11:15:00,474.43,3160.44,108.03,4.14,79.56,49.94,23.69,65.79,degraded,6,1,6,5,-1.4202,13.5888,-2.5096,0
PUMP-MONITOR,2026-01-16T11:20:00,486.35,3043.32,115.78,6.39,78.93,50.81,24.71,58.67,critical,6,1,4,5,2.2484,7.7471,-0.6362,1
PUMP-MONITOR,2026-01-16T11:25:00,471.48,3137.22,115.04,6.48,78.22,51.44,24.25,70.57,degraded,6,0,2,5,0.0904,-0.7421,-0.7009,0
PUMP-MONITOR,2026-01-16T11:30:00,474.24,3249.21,112.07,4.91,73.18,50.67,24.03,61.32,degraded,6,0,2,5,-1.5678,-2.969,-5.0465,0
PUMP-MONITOR,2026-01-16T11:35:00,474.99,3259.58,107.35,6.47,83.23,52.38,24.88,80.74,critical,6,0,4,5,1.5531,-4.7165,10.0477,1
PUMP-MONITOR,2026-01-16T11:40:00,478.01,2985.7,113.57,6.26,75.89,50.19,23.99,56.96,degraded,6,0,3,5,-0.2081,6.211,-7.3334,0
PUMP-MONITOR,2026-01-16T11:45:00,480.83,3157.51,117.26,5.4,73.12,51.71,24.86,60.48,degraded,6,1,6,5,-0.8589,3.6978,-2.7709,0
PUMP-MONITOR,2026-01-16T11:50:00,484.44,3173.99,109.08,4.11,86.97,52.07,25.23,62.1,degraded,6,1,4,5,-1.2864,-8.1845,13.8502,0
PUMP-MONITOR,2026-01-16T11:55:00,473.9,3085.37,105.83,6.17,85.16,48.99,23.22,61.81,degraded,6,0,2,5,2.0592,-3.2528,-1.8148,0
PUMP-MONITOR,2026-01-16T12:00:00,477.93,3080.3,115.51,4.51,79.46,53.88,25.75,69.9,degraded,6,0,4,5,-1.6597,9.6818,-5.6941,0
PUMP-MONITOR,2026-01-16T12:05:00,476.52,3143.46,116.46,5.31,74.08,48.81,23.26,61.39,degraded,6,0,2,5,0.7948,0.9547,-5.3828,0
PUMP-MONITOR,2026-01-16T12:10:00,486.42,3177.99,104.72,5.36,87.42,52.16,25.37,60.6,degraded,6,0,2,5,0.0522,-11.7473,13.3425,0
PUMP-MONITOR,2026-01-16T12:15:00,471.79,3012.79,106.83,5.84,72.6,51.95,24.51,65.0,degraded,6,0,5,5,0.4843,2.1121,-14.8216,0
PUMP-MONITOR,2026-01-16T12:20:00,482.79,3133.32,100.56,5.35,76.73,51.15,24.69,63.2,degraded,6,1,6,5,-0.4906,-6.2676,4.1338,0
PUMP-MONITOR,2026-01-16T12:25:00,468.26,3087.51,96.85,4.17,81.67,52.52,24.59,70.0,degraded,6,0,2,5,-1.1855,-3.7094,4.937,0
PUMP-MONITOR,2026-01-16T12:30:00,473.29,3244.28,93.67,3.95,81.84,53.46,25.3,69.87,degraded,6,1,6,5,-0.2156,-3.1785,0.1653,0
PUMP-MONITOR,2026-01-16T12:35:00,472.08,3169.26,102.35,6.62,74.38,51.74,24.43,60.68,degraded,6,1,5,5,2.6636,8.6746,-7.453,0
PUMP-MONITOR,2026-01-16T12:40:00,469.34,3093.74,101.28,6.23,75.82,50.34,23.63,72.12,degraded,6,0,1,5,-0.3893,-1.0672,1.4324,0
PUMP-MONITOR,2026-01-16T12:45:00,468.08,2989.92,101.75,5.0,78.48,47.94,22.44,56.74,degraded,6,0,4,5,-1.223,0.4673,2.6646,0
PUMP-MONITOR,2026-01-16T12:50:00,474.0,3208.81,93.69,5.71,85.76,53.54,25.38,79.76,critical,6,0,1,5,0.7051,-8.0585,7.2755,1
PUMP-MONITOR,2026-01-16T12:55:00,484.39,3074.98,112.68,6.09,78.35,53.8,26.06,66.37,degraded,6,0,4,5,0.3868,18.989,-7.4033,0
PUMP-MONITOR,2026-01-16T13:00:00,474.86,3237.37,94.74,4.79,75.07,52.41,24.89,64.32,degraded,6,0,1,5,-1.3013,-17.9361,-3.2857,0
PUMP-MONITOR,2026-01-16T13:05:00,485.67,3198.32,108.23,6.56,81.11,48.92,23.76,57.13,degraded,6,0,3,5,1.768,13.4856,6.0397,0
PUMP-MONITOR,2026-01-16T13:10:00,469.6,3128.99,112.11,5.33,86.71,48.58,22.81,62.32,degraded,6,0,1,5,-1.2352,3.8809,5.6032,0
PUMP-MONITOR,2026-01-16T13:15:00,468.47,3079.95,105.33,6.01,82.7,51.68,24.21,77.32,critical,6,0,2,5,0.6844,-6.7792,-4.0058,1
PUMP-MONITOR,2026-01-16T13:20:00,487.11,3218.22,107.6,3.99,75.52,52.13,25.39,57.22,degraded,6,0,4,5,-2.0184,2.2688,-7.1892,0
PUMP-MONITOR,2026-01-16T13:25:00,470.6,2972.21,93.93,4.75,82.63,54.19,25.5,75.96,critical,6,0,5,5,0.7601,-13.67,7.1108,1
PUMP-MONITOR,2026-01-16T13:30:00,470.48,3140.71,103.16,5.7,78.57,51.57,24.26,74.52,critical,6,0,5,5,0.9476,9.237,-4.0576,1
PUMP-MONITOR,2026-01-16T13:35:00,480.27,3095.48,100.47,5.38,80.05,52.75,25.33,67.88,degraded,6,0,5,5,-0.324,-2.6937,1.4833,0
PUMP-MONITOR,2026-01-16T13:40:00,486.89,3157.21,102.25,6.92,81.08,50.57,24.62,63.66,degraded,6,0,2,5,1.5436,1.7754,1.0291,0
PUMP-MONITOR,2026-01-16T13:45:00,473.98,3199.19,101.15,5.74,74.82,54.4,25.79,73.84,degraded,6,0,2,5,-1.1807,-1.0944,-6.2607,0
PUMP-MONITOR,2026-01-16T13:50:00,471.48,3165.36,114.85,5.15,82.04,51.85,24.45,68.55,degraded,6,0,3,5,-0.593,13.7004,7.2165,0
PUMP-MONITOR,2026-01-16T13:55:00,469.43,3116.34,101.08,4.57,75.37,50.44,23.68,66.61,degraded,6,0,4,5,-0.5737,-13.7754,-6.6624,0
PUMP-MONITOR,2026-01-16T14:00:00,482.03,3010.84,112.75,5.66,86.05,50.98,24.57,70.82,critical,6,1,3,5,1.0918,11.6757,10.6708,1
PUMP-MONITOR,2026-01-16T14:05:00,476.6,3196.72,101.82,5.4,74.73,50.0,23.83,57.64,degraded,6,0,5,5,-0.2605,-10.9335,-11.3135,0
PUMP-MONITOR,2026-01-16T14:10:00,474.63,3117.76,108.75,6.14,76.48,54.54,25.89,80.67,degraded,6,0,5,5,0.7322,6.9356,1.7467,0
PUMP-MONITOR,2026-01-16T14:15:00,475.75,3100.16,101.91,5.09,81.5,48.99,23.3,59.09,degraded,6,0,3,5,-1.0424,-6.8412,5.0226,0
PUMP-MONITOR,2026-01-16T14:20:00,468.4,3196.04,115.53,6.06,75.86,47.96,22.46,57.0,degraded,6,0,3,5,0.9639,13.6153,-5.6408,0
PUMP-MONITOR,2026-01-16T14:25:00,481.44,3025.24,116.52,5.6,78.46,50.53,24.33,61.38,critical,6,2,4,5,-0.4545,0.9904,2.6006,1
PUMP-MONITOR,2026-01-16T14:30:00,484.41,3069.08,114.0,5.63,79.21,56.17,27.21,77.26,critical,6,0,3,5,0.0325,-2.5202,0.7499,1
PUMP-MONITOR,2026-01-16T14:35:00,486.46,3124.85,101.28,5.98,84.73,55.19,26.85,71.67,degraded,6,0,4,5,0.3469,-12.72,5.5236,0
PUMP-MONITOR,2026-01-16T14:40:00,480.58,3184.72,96.75,4.35,87.07,54.16,26.03,79.4,degraded,6,1,5,5,-1.6334,-4.5268,2.3378,0
PUMP-MONITOR,2026-01-16T14:45:00,478.57,3232.3,98.5,4.18,76.16,49.66,23.76,59.85,degraded,6,0,2,5,-0.1672,1.7437,-10.9104,0
PUMP-MONITOR,2026-01-16T14:50:00,487.26,3145.42,114.0,6.86,80.43,56.43,27.5,79.29,critical,6,0,1,5,2.6837,15.5048,4.2645,1
PUMP-MONITOR,2026-01-16T14:55:00,468.33,3251.38,92.87,5.96,73.15,51.61,24.17,77.74,degraded,6,1,5,5,-0.9016,-21.1339,-7.2752,0
PUMP-MONITOR,2026-01-16T15:00:00,479.09,3147.44,111.86,6.32,74.24,54.91,26.31,77.28,degraded,6,0,4,5,0.3585,18.994,1.0913,0
PUMP-MONITOR,2026-01-16T15:05:00,481.42,3009.85,97.14,5.54,82.02,52.96,25.5,80.17,critical,6,0,3,5,-0.785,-14.7214,7.7773,1
PUMP-MONITOR,2026-01-16T15:10:00,471.97,2963.21,107.88,4.51,87.09,50.66,23.91,73.44,critical,6,0,4,5,-1.0255,10.7379,5.0693,1
PUMP-MONITOR,2026-01-16T15:15:00,481.67,3257.19,94.75,4.45,77.21,50.9,24.52,66.89,degraded,6,0,3,5,-0.0582,-13.1223,-9.8775,0
PUMP-MONITOR,2026-01-16T15:20:00,487.31,3193.85,96.96,4.22,79.74,56.71,27.64,81.35,degraded,6,0,4,5,-0.2376,2.2017,2.5326,0
PUMP-MONITOR,2026-01-16T15:25:00,484.29,3105.08,106.05,4.68,73.34,53.61,25.96,69.16,degraded,6,0,1,5,0.4685,9.0981,-6.4001,0
PUMP-MONITOR,2026-01-16T15:30:00,472.02,3198.35,93.91,4.1,81.9,51.03,24.09,71.94,degraded,6,0,5,5,-0.585,-12.1435,8.5588,0
PUMP-MONITOR,2026-01-16T15:35:00,468.58,3084.93,113.69,5.62,86.47,49.92,23.39,68.4,critical,6,1,3,5,1.5174,19.7795,4.5635,1
PUMP-MONITOR,2026-01-16T15:40:00,482.3,3030.33,102.8,5.69,76.19,52.94,25.53,69.32,degraded,6,1,2,5,0.0693,-10.8927,-10.2779,0
PUMP-MONITOR,2026-01-16T15:45:00,470.09,3208.31,105.61,4.27,81.93,52.37,24.62,69.88,degraded,6,0,2,5,-1.4152,2.813,5.7422,0
PUMP-MONITOR,2026-01-16T15:50:00,478.47,3226.76,97.81,4.94,87.22,52.15,24.95,72.87,critical,6,0,5,5,0.6656,-7.8046,5.2913,1
PUMP-MONITOR,2026-01-16T15:55:00,472.22,3123.75,101.87,4.18,83.18,50.03,23.62,60.72,degraded,6,0,5,5,-0.7554,4.0632,-4.042,0
PUMP-MONITOR,2026-01-16T16:00:00,475.94,3249.1,103.04,4.32,72.56,52.62,25.04,76.79,degraded,6,0,3,5,0.1405,1.1718,-10.623,0
PUMP-MONITOR,2026-01-16T16:05:00,486.16,3226.91,102.95,5.81,72.84,53.08,25.81,62.13,degraded,6,0,3,5,1.4864,-0.0897,0.2794,0
PUMP-MONITOR,2026-01-16T16:10:00,472.56,3237.25,114.06,5.73,78.37,51.99,24.57,71.09,degraded,6,0,1,5,-0.0796,11.1133,5.5388,0
PUMP-MONITOR,2026-01-16T16:15:00,471.72,3234.18,109.63,5.99,73.43,52.56,24.79,74.52,degraded,6,0,5,5,0.2571,-4.4347,-4.9445,0
PUMP-MONITOR,2026-01-16T16:20:00,473.53,3132.51,94.7,5.53,83.51,54.65,25.88,78.74,critical,6,0,3,5,-0.4585,-14.9286,10.0806,1
PUMP-MONITOR,2026-01-16T16:25:00,480.5,3159.5,103.75,6.87,87.35,53.49,25.7,69.56,critical,6,1,5,5,1.3395,9.0475,3.836,1
PUMP-MONITOR,2026-01-16T16:30:00,474.08,3168.95,93.07,5.24,77.28,48.33,22.91,56.75,degraded,6,1,4,5,-1.6277,-10.6809,-10.0686,0
PUMP-MONITOR,2026-01-16T16:35:00,470.54,3111.94,95.61,4.66,82.27,54.53,25.66,79.54,critical,6,0,1,5,-0.5816,2.5401,4.9933,1
PUMP-MONITOR,2026-01-16T16:40:00,469.77,3162.42,95.64,4.58,76.93,52.19,24.52,79.79,degraded,6,0,3,5,-0.0795,0.0277,-5.345,0
PUMP-MONITOR,2026-01-16T16:45:00,468.48,3213.29,98.73,6.47,79.81,53.56,25.09,73.19,critical,6,0,4,5,1.8898,3.0928,2.884,1
PUMP-MONITOR,2026-01-16T16:50:00,485.14,3052.5,115.39,5.26,87.03,54.38,26.38,75.11,critical,6,1,3,5,-1.2119,16.6583,7.2183,1
PUMP-MONITOR,2026-01-16T16:55:00,483.03,2972.77,102.43,4.64,84.66,54.5,26.32,72.31,critical,6,0,1,5,-0.6157,-12.9536,-2.3667,1
PUMP-MONITOR,2026-01-16T17:00:00,481.21,3199.49,116.67,6.3,73.28,51.98,25.02,74.34,degraded,6,0,4,5,1.6571,14.2355,-11.3826,0
PUMP-MONITOR,2026-01-16T17:05:00,484.52,3200.56,93.62,6.76,79.84,54.12,26.22,71.5,degraded,6,0,3,5,0.4662,-23.0445,6.5623,0
PUMP-MONITOR,2026-01-16T17:10:00,474.26,3192.05,100.75,4.99,80.48,52.47,24.88,76.45,critical,6,0,4,5,-1.7703,7.1252,0.6375,1
PUMP-MONITOR,2026-01-16T17:15:00,477.01,3121.5,107.51,4.73,80.41,51.61,24.62,72.55,critical,6,1,4,5,-0.2665,6.7574,-0.0702,1
PUMP-MONITOR,2026-01-16T17:20:00,486.25,3115.92,106.85,4.1,72.61,56.21,27.33,77.17,degraded,6,1,6,5,-0.6218,-0.659,-7.8031,0
PUMP-MONITOR,2026-01-16T17:25:00,476.95,3158.34,109.42,5.9,81.96,53.18,25.37,75.45,critical,6,0,2,5,1.7983,2.5676,9.3507,1
PUMP-MONITOR,2026-01-16T17:30:00,468.68,3083.39,109.3,5.86,86.4,52.63,24.67,71.84,critical,6,1,4,5,-0.0401,-0.1117,4.4382,1
PUMP-MONITOR,2026-01-16T17:35:00,481.84,3070.29,101.27,6.03,86.39,49.64,23.92,57.98,critical,6,1,5,5,0.1671,-8.0298,-0.0028,1
PUMP-MONITOR,2026-01-16T17:40:00,480.73,3158.94,98.0,6.21,72.98,52.07,25.03,59.94,degraded,6,1,5,5,0.1827,-3.2769,-13.4074,0
PUMP-MONITOR,2026-01-16T17:45:00,472.31,3161.33,112.49,4.94,78.07,54.51,25.75,75.58,critical,6,0,4,5,-1.2764,14.4889,5.0889,1
PUMP-MONITOR,2026-01-16T17:50:00,482.74,3015.33,113.07,6.23,75.44,54.89,26.5,71.64,degraded,6,0,2,5,1.2984,0.5838,-2.6366,0
PUMP-MONITOR,2026-01-16T17:55:00,484.17,2976.7,108.57,5.78,85.5,54.09,26.19,71.42,degraded,6,0,1,5,-0.4565,-4.5031,10.0593,0
PUMP-MONITOR,2026-01-16T18:00:00,470.06,3221.14,96.56,4.64,82.81,48.62,22.85,63.44,degraded,6,0,4,5,-1.1369,-12.0031,-2.6884,0
PUMP-MONITOR,2026-01-16T18:05:00,470.25,3148.93,96.31,5.67,82.82,54.41,25.59,74.33,critical,6,0,3,5,1.0295,-0.2565,0.0069,1
PUMP-MONITOR,2026-01-16T18:10:00,486.27,3069.6,104.25,6.77,78.92,53.25,25.89,76.29,critical,6,1,4,5,1.0975,7.9445,-3.8991,1
PUMP-MONITOR,2026-01-16T18:15:00,467.87,2979.68,109.7,5.29,86.52,53.48,25.02,70.97,degraded,6,0,1,5,-1.4732,5.4446,7.6052,0
PUMP-MONITOR,2026-01-16T18:20:00,476.72,3233.13,104.02,6.65,86.37,54.91,26.18,79.16,critical,6,0,3,5,1.3563,-5.6755,-0.1512,1
PUMP-MONITOR,2026-01-16T18:25:00,484.95,3066.11,111.9,4.82,75.51,55.44,26.89,74.85,degraded,6,0,5,5,-1.8307,7.8838,-10.8613,0
PUMP-MONITOR,2026-01-16T18:30:00,475.0,3219.35,113.74,6.25,74.2,52.81,25.08,63.2,degraded,6,0,3,5,1.4283,1.8379,-1.3072,0
PUMP-MONITOR,2026-01-16T18:35:00,474.6,3139.4,117.3,5.07,75.18,54.67,25.95,77.41,degraded,6,1,3,5,-1.1832,3.5594,0.9828,0
PUMP-MONITOR,2026-01-16T18:40:00,470.06,3174.53,98.69,4.05,84.48,52.18,24.53,70.28,degraded,6,0,4,5,-1.0176,-18.6073,9.2949,0
PUMP-MONITOR,2026-01-16T18:45:00,485.49,3202.99,113.4,4.89,81.1,50.72,24.62,62.1,degraded,6,0,5,5,0.8464,14.7073,-3.3805,0
PUMP-MONITOR,2026-01-16T18:50:00,483.39,3111.83,109.93,4.17,75.79,49.75,24.05,58.67,degraded,6,0,4,5,-0.7208,-3.4756,-5.3074,0
PUMP-MONITOR,2026-01-16T18:55:00,474.19,2980.22,116.27,4.92,83.99,53.39,25.32,78.0,critical,6,0,1,5,0.7471,6.3441,8.197,1
PUMP-MONITOR,2026-01-16T19:00:00,470.24,3178.11,97.56,4.83,73.84,51.36,24.15,73.58,degraded,6,1,3,5,-0.0899,-18.7055,-10.147,0
PUMP-MONITOR,2026-01-16T19:05:00,482.89,3201.26,101.44,6.72,73.08,53.68,25.92,68.43,degraded,6,0,4,5,1.8942,3.8738,-0.7621,0
PUMP-MONITOR,2026-01-16T19:10:00,475.73,3261.66,94.46,5.39,85.98,52.85,25.14,81.1,critical,6,0,5,5,-1.3335,-6.9779,12.9006,1
PUMP-MONITOR,2026-01-16T19:15:00,483.21,3128.3,93.35,4.8,84.0,54.59,26.38,73.5,critical,6,0,5,5,-0.593,-1.11,-1.976,1
PUMP-MONITOR,2026-01-16T19:20:00,467.64,3162.48,117.53,6.41,81.49,53.52,25.03,70.65,degraded,6,0,5,5,1.616,24.1785,-2.5129,0
PUMP-MONITOR,2026-01-16T19:25:00,484.84,3259.77,107.61,5.41,77.87,54.75,26.54,75.81,degraded,6,0,4,5,-1.0073,-9.9177,-3.6209,0
PUMP-MONITOR,2026-01-16T19:30:00,487.26,2991.54,99.35,4.33,84.92,51.38,25.04,67.77,degraded,6,0,1,5,-1.0728,-8.2618,7.0454,0
PUMP-MONITOR,2026-01-16T19:35:00,476.61,3141.19,99.99,6.35,77.34,53.51,25.5,65.83,degraded,6,1,5,5,2.0161,0.6373,-7.573,0
PUMP-MONITOR,2026-01-16T19:40:00,469.17,3130.0,95.17,5.1,74.39,50.89,23.88,61.19,degraded,6,1,5,5,-1.2541,-4.82,-2.9565,0
PUMP-MONITOR,2026-01-16T19:45:00,471.54,3232.47,112.01,5.59,84.81,54.77,25.83,75.67,critical,6,0,2,5,0.492,16.8461,10.4274,1
PUMP-MONITOR,2026-01-16T19:50:00,479.8,3148.2,116.39,4.0,76.07,54.52,26.16,78.65,degraded,6,0,5,5,-1.5884,4.3734,-8.7478,0
PUMP-MONITOR,2026-01-16T19:55:00,479.35,2972.03,108.63,4.26,87.46,53.31,25.55,65.9,degraded,6,0,5,5,0.2613,-7.7569,11.3897,0
PUMP-MONITOR,2026-01-16T20:00:00,471.1,3229.79,111.83,5.7,77.26,53.52,25.21,76.47,degraded,6,2,7,5,1.4351,3.199,-10.1945,0
PUMP-MONITOR,2026-01-16T20:05:00,484.24,3121.86,115.11,4.95,74.54,52.93,25.63,76.67,degraded,6,0,2,5,-0.7505,3.2833,-2.7201,0
PUMP-MONITOR,2026-01-16T20:10:00,475.21,2973.53,97.1,6.51,75.57,52.12,24.77,73.87,degraded,6,0,1,5,1.5663,-18.0141,1.0277,0
PUMP-MONITOR,2026-01-16T20:15:00,468.58,3263.79,109.43,4.22,84.76,53.72,25.17,75.49,degraded,6,0,4,5,-2.2911,12.3284,9.1923,0
PUMP-MONITOR,2026-01-16T20:20:00,468.42,3252.45,111.25,5.49,78.28,51.89,24.31,79.89,critical,6,0,2,5,1.2666,1.8255,-6.4797,1
PUMP-MONITOR,2026-01-16T20:25:00,485.58,3196.21,105.45,4.37,82.35,56.91,27.63,81.18,degraded,6,0,4,5,-1.1144,-5.8025,4.0738,0
PUMP-MONITOR,2026-01-16T20:30:00,468.99,3014.84,104.09,5.32,73.65,50.33,23.6,72.16,degraded,6,0,2,5,0.9443,-1.357,-8.7056,0
PUMP-MONITOR,2026-01-16T20:35:00,477.74,3095.73,114.23,5.44,86.39,50.6,24.17,66.13,degraded,6,0,4,5,0.1277,10.141,12.7429,0
PUMP-MONITOR,2026-01-16T20:40:00,471.44,3022.41,112.62,4.96,76.37,52.62,24.81,68.22,degraded,6,1,6,5,-0.4817,-1.6089,-10.0249,0
PUMP-MONITOR,2026-01-16T20:45:00,468.77,3151.02,108.01,3.99,80.91,51.75,24.26,65.02,degraded,6,0,5,5,-0.9773,-4.6094,4.5481,0
PUMP-MONITOR,2026-01-16T20:50:00,475.07,2997.96,113.44,5.07,84.51,49.5,23.52,64.5,degraded,6,0,5,5,1.0858,5.4273,3.593,0
PUMP-MONITOR,2026-01-16T20:55:00,470.72,3227.12,104.06,5.2,81.47,53.03,24.96,73.94,critical,6,0,3,5,0.1318,-9.3786,-3.0393,1
PUMP-MONITOR,2026-01-16T21:00:00,470.1,3228.27,100.78,6.72,84.38,51.96,24.42,73.49,critical,6,0,3,5,1.5131,-3.2839,2.9107,1
PUMP-MONITOR,2026-01-16T21:05:00,472.77,3082.45,114.83,6.94,79.46,53.14,25.12,68.38,degraded,6,0,1,5,0.2234,14.0478,-4.9152,0
PUMP-MONITOR,2026-01-16T21:10:00,474.46,2973.1,114.89,4.14,73.69,49.89,23.67,64.18,degraded,6,0,4,5,-2.7961,0.0661,-5.7748,0
PUMP-MONITOR,2026-01-16T21:15:00,473.63,2992.32,95.49,5.88,77.42,50.38,23.86,69.78,degraded,6,0,2,5,1.7364,-19.4075,3.7311,0
PUMP-MONITOR,2026-01-16T21:20:00,468.41,2967.46,107.68,3.97,81.39,51.92,24.32,67.75,degraded,6,0,2,5,-1.9135,12.1976,3.9647,0
PUMP-MONITOR,2026-01-16T21:25:00,478.19,2965.27,117.31,5.07,86.6,54.23,25.93,73.72,critical,6,1,2,5,1.1002,9.6218,5.2185,1
PUMP-MONITOR,2026-01-16T21:30:00,472.19,3074.93,114.87,4.75,76.43,51.37,24.26,66.84,degraded,6,0,5,5,-0.3189,-2.4315,-10.1697,0
PUMP-MONITOR,2026-01-16T21:35:00,477.08,3220.68,102.68,5.42,84.47,53.21,25.38,71.99,degraded,6,0,2,5,0.6696,-12.196,8.0372,0
PUMP-MONITOR,2026-01-16T21:40:00,472.33,3072.48,96.71,4.32,81.99,51.29,24.23,62.23,degraded,6,1,6,5,-1.0952,-5.9721,-2.4839,0
PUMP-MONITOR,2026-01-16T21:45:00,470.64,3208.43,94.28,5.67,79.52,55.34,26.04,79.45,critical,6,2,7,5,1.3434,-2.4229,-2.4642,1
PUMP-MONITOR,2026-01-16T21:50:00,483.31,3083.12,94.79,5.71,82.38,51.85,25.06,63.39,degraded,6,0,5,5,0.0451,0.5054,2.8532,0
PUMP-MONITOR,2026-01-16T21:55:00,469.56,3253.67,100.61,4.68,84.0,54.3,25.5,77.36,critical,6,0,3,5,-1.0259,5.8242,1.626,1
PUMP-MONITOR,2026-01-16T22:00:00,469.57,2974.61,113.34,5.56,78.62,51.36,24.12,75.47,critical,6,1,6,5,0.8775,12.724,-5.3783,1
PUMP-MONITOR,2026-01-16T22:05:00,471.0,3018.32,95.04,4.63,86.98,49.58,23.35,59.66,critical,6,1,4,5,-0.9337,-18.2999,8.3539,1
PUMP-MONITOR,2026-01-16T22:10:00,477.22,3242.22,111.63,6.66,76.92,53.18,25.38,70.32,degraded,6,0,3,5,2.0315,16.5926,-10.0612,0
PUMP-MONITOR,2026-01-16T22:15:00,476.5,3022.5,92.8,5.19,81.36,54.03,25.75,71.69,critical,6,1,5,5,-1.4728,-18.8282,4.4431,1
PUMP-MONITOR,2026-01-16T22:20:00,469.46,3133.87,116.37,5.34,79.13,51.8,24.32,67.18,degraded,6,0,4,5,0.1556,23.5725,-2.2306,0
PUMP-MONITOR,2026-01-16T22:25:00,468.83,3005.22,113.56,5.12,78.24,50.63,23.74,67.44,degraded,6,0,4,5,-0.2203,-2.8161,-0.8907,0
PUMP-MONITOR,2026-01-16T22:30:00,474.8,3199.42,112.51,5.09,86.58,49.87,23.68,57.16,critical,6,1,3,5,-0.0337,-1.052,8.3417,1
PUMP-MONITOR,2026-01-16T22:35:00,481.17,2994.74,94.63,5.74,82.77,51.01,24.54,61.37,critical,6,1,5,5,0.6521,-17.8723,-3.8138,1
PUMP-MONITOR,2026-01-16T22:40:00,478.87,2995.67,107.53,6.59,74.3,51.85,24.83,68.78,degraded,6,1,2,5,0.8521,12.8979,-8.463,0
PUMP-MONITOR,2026-01-16T22:45:00,481.22,3094.96,109.65,6.93,74.97,51.75,24.9,63.2,degraded,6,0,3,5,0.3373,2.1187,0.67,0
PUMP-MONITOR,2026-01-16T22:50:00,475.98,3157.78,108.94,6.09,87.3,52.49,24.98,66.67,degraded,6,0,5,5,-0.8445,-0.7069,12.3262,0
PUMP-MONITOR,2026-01-16T22:55:00,475.03,3065.29,105.24,6.27,77.7,54.2,25.75,77.07,degraded,6,0,5,5,0.1822,-3.701,-9.6027,0
PUMP-MONITOR,2026-01-16T23:00:00,484.36,3168.37,112.48,5.87,76.99,55.88,27.07,79.6,degraded,6,0,3,5,-0.3971,7.2349,-0.7082,0
PUMP-MONITOR,2026-01-16T23:05:00,481.23,3166.36,93.45,6.55,78.76,51.02,24.55,60.77,critical,6,1,3,5,0.6746,-19.0299,1.7707,1
PUMP-MONITOR,2026-01-16T23:10:00,485.57,3158.91,100.18,6.08,84.31,50.43,24.48,58.85,critical,6,1,2,5,-0.4677,6.7348,5.5473,1
PUMP-MONITOR,2026-01-16T23:15:00,482.99,2995.84,114.42,5.08,76.93,49.58,23.95,58.96,degraded,6,0,4,5,-1.0024,14.2435,-7.3726,0
PUMP-MONITOR,2026-01-16T23:20:00,471.72,3243.45,111.33,6.11,80.33,51.33,24.21,63.56,degraded,6,0,2,5,1.0333,-3.0968,3.3919,0
PUMP-MONITOR,2026-01-16T23:25:00,477.08,3127.83,109.2,4.33,81.2,52.35,24.97,60.27,degraded,6,0,2,5,-1.7787,-2.1264,0.8696,0
PUMP-MONITOR,2026-01-16T23:30:00,478.69,3161.18,93.95,4.13,75.96,52.14,24.96,77.81,degraded,6,1,2,5,-0.1951,-15.248,-5.2367,0
PUMP-MONITOR,2026-01-16T23:35:00,470.08,3120.0,103.86,6.94,87.1,53.05,24.94,81.03,critical,6,0,2,5,2.8032,9.9076,11.1436,1
PUMP-MONITOR,2026-01-16T23:40:00,467.86,3231.82,113.3,4.94,79.38,51.1,23.91,74.05,critical,6,0,3,5,-1.9969,9.4423,-7.7204,1
PUMP-MONITOR,2026-01-16T23:45:00,482.68,3180.64,95.41,5.24,74.76,52.56,25.37,68.04,degraded,6,1,3,5,0.303,-17.8963,-4.6253,0
PUMP-MONITOR,2026-01-16T23:50:00,470.1,2975.7,108.64,6.44,77.07,50.94,23.95,59.62,degraded,6,1,3,5,1.2006,13.2349,2.3092,0
PUMP-MONITOR,2026-01-16T23:55:00,471.82,3100.68,99.07,4.98,75.02,53.0,25.01,79.11,degraded,6,1,5,5,-1.4607,-9.5738,-2.0476,0
PUMP-MONITOR,2026-01-17T00:00:00,473.37,3105.78,108.54,6.35,82.15,52.73,24.96,80.48,critical,6,1,5,5,1.3643,9.4685,7.1306,1
PUMP-MONITOR,2026-01-17T00:05:00,468.83,3074.45,93.97,4.48,76.73,53.79,25.22,81.2,degraded,6,0,1,5,-1.8651,-14.5643,-5.4196,0
PUMP-MONITOR,2026-01-17T00:10:00,470.37,2992.88,108.13,4.93,80.69,51.94,24.43,68.42,critical,6,1,3,5,0.448,14.1583,3.9652,1
PUMP-MONITOR,2026-01-17T00:15:00,476.28,3017.62,100.65,4.91,81.23,50.33,23.97,62.65,critical,6,1,6,5,-0.0176,-7.4855,0.5339,1
PUMP-MONITOR,2026-01-17T00:20:00,485.91,3168.78,109.22,4.98,79.78,50.8,24.69,56.66,degraded,6,0,3,5,0.071,8.5749,-1.4483,0
PUMP-MONITOR,2026-01-17T00:25:00,476.47,3235.79,116.4,5.54,80.9,54.49,25.96,73.72,critical,6,1,5,5,0.5603,7.1807,1.1249,1
PUMP-MONITOR,2026-01-17T00:30:00,483.57,3202.8,94.85,4.17,75.98,50.36,24.35,62.14,degraded,6,0,5,5,-1.3737,-21.5476,-4.9234,0
PUMP-MONITOR,2026-01-17T00:35:00,477.01,3161.41,99.96,4.73,85.07,52.78,25.18,73.35,critical,6,0,5,5,0.5566,5.1098,9.0885,1
PUMP-MONITOR,2026-01-17T00:40:00,480.84,3062.17,100.47,5.81,84.15,48.66,23.4,56.77,degraded,6,0,3,5,1.079,0.5084,-0.9192,0
PUMP-MONITOR,2026-01-17T00:45:00,471.51,2983.96,108.58,5.74,74.21,53.6,25.27,76.22,degraded,6,0,3,5,-0.0683,8.1117,-9.9406,0
PUMP-MONITOR,2026-01-17T00:50:00,479.48,3251.74,110.54,4.9,78.27,52.26,25.06,64.76,degraded,6,0,5,5,-0.8369,1.9523,4.0646,0
PUMP-MONITOR,2026-01-17T00:55:00,470.25,3166.8,104.96,5.59,79.25,55.37,26.04,80.48,critical,6,1,6,5,0.6848,-5.5766,0.9737,1
PUMP-MONITOR,2026-01-17T01:00:00,480.74,3264.03,110.77,5.16,82.18,54.56,26.23,77.93,critical,6,1,6,5,-0.4266,5.8093,2.9267,1
PUMP-MONITOR,2026-01-17T01:05:00,473.67,3063.34,111.55,5.02,87.45,51.47,24.38,59.55,degraded,6,0,3,5,-0.1354,0.7788,5.2789,0
PUMP-MONITOR,2026-01-17T01:10:00,467.97,3100.16,110.19,5.06,81.1,53.86,25.21,77.25,critical,6,0,2,5,0.0321,-1.3548,-6.357,1
PUMP-MONITOR,2026-01-17T01:15:00,477.01,3015.95,114.23,4.11,75.12,53.48,25.51,79.3,degraded,6,0,1,5,-0.9514,4.0386,-5.9767,0
PUMP-MONITOR,2026-01-17T01:20:00,468.37,3199.66,116.58,5.29,76.53,53.43,25.03,69.09,degraded,6,0,3,5,1.1889,2.3489,1.4104,0
PUMP-MONITOR,2026-01-17T01:25:00,484.44,3109.08,106.34,5.82,72.77,54.79,26.54,74.07,degraded,6,1,3,5,0.5292,-10.2365,-3.7578,0
PUMP-MONITOR,2026-01-17T01:30:00,480.04,3207.83,93.9,5.31,87.01,52.13,25.02,74.24,critical,6,2,4,5,-0.5132,-12.4483,14.2351,1
PUMP-MONITOR,2026-01-17T01:35:00,482.09,3011.41,108.48,6.29,75.67,53.76,25.92,66.49,degraded,6,0,5,5,0.9829,14.5838,-11.3352,0
PUMP-MONITOR,2026-01-17T01:40:00,472.98,3095.72,112.13,4.0,81.53,52.55,24.86,73.08,degraded,6,0,1,5,-2.2893,3.6463,5.8523,0
PUMP-MONITOR,2026-01-17T01:45:00,478.36,3219.24,112.24,6.28,75.64,50.01,23.92,63.59,degraded,6,2,4,5,2.278,0.1126,-5.8831,0
PUMP-MONITOR,2026-01-17T01:50:00,478.64,3248.42,111.74,4.35,84.26,54.57,26.12,74.34,degraded,6,0,4,5,-1.9346,-0.5005,8.6138,0
PUMP-MONITOR,2026-01-17T01:55:00,471.72,3109.02,109.26,5.46,73.3,50.82,23.97,72.43,degraded,6,1,4,5,1.1173,-2.4789,-10.9543,0
PUMP-MONITOR,2026-01-17T02:00:00,478.39,3140.04,112.91,6.84,86.73,55.52,26.56,81.58,critical,6,0,4,5,1.3739,3.6513,13.4306,1
PUMP-MONITOR,2026-01-17T02:05:00,484.27,2975.43,99.71,4.41,77.96,51.62,25.0,61.65,degraded,6,0,4,5,-2.43,-13.1969,-8.7674,0
PUMP-MONITOR,2026-01-17T02:10:00,476.84,3203.42,94.37,5.14,75.76,50.06,23.87,63.42,degraded,6,0,1,5,0.7341,-5.3464,-2.2068,0
PUMP-MONITOR,2026-01-17T02:15:00,482.52,3053.61,94.27,6.93,82.21,55.28,26.67,76.47,critical,6,0,5,5,1.7872,-0.0991,6.4527,1
PUMP-MONITOR,2026-01-17T02:20:00,478.22,2972.23,114.71,6.1,74.15,51.64,24.7,59.27,degraded,6,0,4,5,-0.8298,20.4392,-8.0633,0
PUMP-MONITOR,2026-01-17T02:25:00,468.1,3059.24,94.02,5.78,80.5,51.62,24.16,72.43,critical,6,1,2,5,-0.3183,-20.6876,6.349,1
PUMP-MONITOR,2026-01-17T02:30:00,474.85,3040.4,113.57,6.72,85.47,53.94,25.61,80.32,critical,6,0,4,5,0.9364,19.5517,4.9733,1
PUMP-MONITOR,2026-01-17T02:35:00,469.52,3060.08,108.39,4.7,86.0,49.67,23.32,66.86,critical,6,1,6,5,-2.0177,-5.1771,0.5295,1
PUMP-MONITOR,2026-01-17T02:40:00,473.0,3061.83,106.25,6.25,80.16,53.34,25.23,77.02,critical,6,0,5,5,1.5468,-2.1448,-5.8358,1
PUMP-MONITOR,2026-01-17T02:45:00,481.14,3025.2,113.1,4.79,72.65,52.37,25.2,71.65,degraded,6,0,3,5,-1.4608,6.8474,-7.5097,0
PUMP-MONITOR,2026-01-17T02:50:00,482.33,2991.69,115.48,6.35,84.78,54.61,26.34,77.41,critical,6,0,2,5,1.5638,2.3829,12.1272,1
PUMP-MONITOR,2026-01-17T02:55:00,484.47,3162.16,99.13,6.96,79.42,50.53,24.48,60.05,critical,6,1,5,5,0.6059,-16.351,-5.362,1
PUMP-MONITOR,2026-01-17T03:00:00,481.43,3178.34,95.69,5.2,74.8,54.39,26.18,70.14,degraded,6,0,3,5,-1.7525,-3.4358,-4.614,0
PUMP-MONITOR,2026-01-17T03:05:00,478.77,3182.45,93.58,4.72,78.2,52.51,25.14,72.42,critical,6,1,3,5,-0.4833,-2.1114,3.399,1
PUMP-MONITOR,2026-01-17T03:10:00,479.11,3137.97,113.51,6.87,75.51,50.84,24.36,58.4,degraded,6,0,5,5,2.1545,19.9262,-2.6983,0
PUMP-MONITOR,2026-01-17T03:15:00,482.4,3191.6,115.87,6.62,83.09,55.49,26.77,81.26,critical,6,1,5,5,-0.2527,2.3674,7.5825,1
PUMP-MONITOR,2026-01-17T03:20:00,472.21,2970.54,97.17,5.05,83.42,52.82,24.94,81.4,critical,6,0,4,5,-1.5762,-18.7024,0.3273,1
PUMP-MONITOR,2026-01-17T03:25:00,475.48,3147.98,99.57,5.36,75.01,51.15,24.32,74.2,degraded,6,0,4,5,0.3135,2.3953,-8.4044,0
PUMP-MONITOR,2026-01-17T03:30:00,478.12,3221.89,115.85,6.11,81.45,50.71,24.25,67.16,degraded,6,0,3,5,0.752,16.2874,6.4376,0
PUMP-MONITOR,2026-01-17T03:35:00,471.89,3200.33,113.95,6.06,84.5,51.94,24.51,80.72,critical,6,1,4,5,-0.0461,-1.8999,3.05,1
PUMP-MONITOR,2026-01-17T03:40:00,476.16,3171.46,99.62,6.14,82.57,48.75,23.21,57.89,degraded,6,0,1,5,0.0773,-14.3352,-1.9258,0
PUMP-MONITOR,2026-01-17T03:45:00,480.36,3135.13,110.54,5.31,81.08,51.39,24.68,71.62,degraded,6,0,2,5,-0.8285,10.9213,-1.4942,0
PUMP-MONITOR,2026-01-17T03:50:00,485.49,3161.03,114.01,5.55,83.75,55.44,26.92,78.08,critical,6,1,6,5,0.2379,3.4725,2.6678,1
PUMP-MONITOR,2026-01-17T03:55:00,483.85,3231.52,102.93,6.34,81.15,53.79,26.03,73.81,critical,6,0,1,5,0.7903,-11.087,-2.5998,1
PUMP-MONITOR,2026-01-17T04:00:00,472.49,3117.22,102.31,4.85,75.24,51.46,24.31,76.23,degraded,6,0,3,5,-1.4872,-0.6204,-5.9108,0
PUMP-MONITOR,2026-01-17T04:05:00,485.44,3197.11,109.65,6.52,76.26,49.39,23.97,57.91,degraded,6,0,2,5,1.6648,7.3404,1.0255,0
PUMP-MONITOR,2026-01-17T04:10:00,482.22,3067.86,106.83,6.79,78.45,49.95,24.09,59.01,degraded,6,0,3,5,0.2752,-2.8205,2.1936,0
PUMP-MONITOR,2026-01-17T04:15:00,475.21,3042.58,96.73,6.02,84.75,53.23,25.29,72.75,critical,6,1,3,5,-0.7771,-10.1,6.2956,1
PUMP-MONITOR,2026-01-17T04:20:00,482.27,3016.25,92.82,4.64,87.54,50.59,24.4,57.03,degraded,6,0,5,5,-1.3775,-3.9025,2.7937,0
PUMP-MONITOR,2026-01-17T04:25:00,471.5,3086.63,95.45,4.97,77.27,49.54,23.36,62.21,degraded,6,1,2,5,0.3318,2.6243,-10.274,0
PUMP-MONITOR,2026-01-17T04:30:00,477.59,3228.22,113.15,6.05,75.31,53.18,25.4,69.25,degraded,6,2,6,5,1.0817,17.6995,-1.9565,0
PUMP-MONITOR,2026-01-17T04:35:00,469.91,3163.24,104.25,6.23,73.81,53.16,24.98,66.98,degraded,6,0,5,5,0.1741,-8.9008,-1.5062,0
PUMP-MONITOR,2026-01-17T04:40:00,480.97,3124.69,98.44,5.92,76.02,52.68,25.34,80.4,degraded,6,1,4,5,-0.3104,-5.8055,2.2139,0
PUMP-MONITOR,2026-01-17T04:45:00,472.01,3248.47,102.98,6.23,86.25,50.35,23.77,56.79,degraded,6,0,3,5,0.3131,4.5426,10.2267,0
PUMP-MONITOR,2026-01-17T04:50:00,481.01,3194.98,93.65,4.81,78.89,52.54,25.27,78.43,critical,6,1,5,5,-1.422,-9.3297,-7.3627,1
PUMP-MONITOR,2026-01-17T04:55:00,478.65,3047.62,108.12,6.26,80.93,53.69,25.7,79.63,critical,6,1,2,5,1.4515,14.4701,2.0464,1
PUMP-MONITOR,2026-01-17T05:00:00,486.85,3206.93,104.83,6.8,73.46,56.24,27.38,79.41,degraded,6,0,1,5,0.5387,-3.2903,-7.4705,0
PUMP-MONITOR,2026-01-17T05:05:00,484.7,3133.08,105.94,6.91,73.73,50.63,24.54,61.94,degraded,6,0,4,5,0.1157,1.1091,0.2734,0
PUMP-MONITOR,2026-01-17T05:10:00,485.8,3035.43,98.92,4.71,74.36,54.04,26.25,73.18,degraded,6,0,3,5,-2.2079,-7.0222,0.6262,0
PUMP-MONITOR,2026-01-17T05:15:00,472.05,3151.42,116.06,4.9,79.79,50.07,23.64,61.2,critical,6,1,2,5,0.1904,17.1392,5.4264,1
PUMP-MONITOR,2026-01-17T05:20:00,484.65,3157.1,97.49,4.61,86.12,53.52,25.94,73.38,critical,6,0,2,5,-0.2824,-18.5669,6.3294,1
PUMP-MONITOR,2026-01-17T05:25:00,467.61,3000.2,101.02,5.55,83.98,50.07,23.41,59.44,critical,6,1,5,5,0.9399,3.5255,-2.1358,1
PUMP-MONITOR,2026-01-17T05:30:00,473.31,3190.82,98.24,4.53,83.75,52.66,24.92,69.98,critical,6,1,2,5,-1.0197,-2.776,-0.2308,1
PUMP-MONITOR,2026-01-17T05:35:00,486.74,3177.24,117.26,4.13,78.55,53.41,25.99,79.18,degraded,6,0,3,5,-0.4042,19.0175,-5.2027,0
PUMP-MONITOR,2026-01-17T05:40:00,481.01,3148.48,107.44,5.88,82.79,53.05,25.52,69.7,critical,6,1,2,5,1.7515,-9.8182,4.2438,1
PUMP-MONITOR,2026-01-17T05:45:00,479.04,3038.98,95.86,6.89,73.73,52.0,24.91,59.22,degraded,6,0,4,5,1.0082,-11.5861,-9.0657,0
PUMP-MONITOR,2026-01-17T05:50:00,485.27,3016.33,112.0,6.16,72.82,55.53,26.95,73.95,degraded,6,1,4,5,-0.7279,16.1447,-0.9066,0
PUMP-MONITOR,2026-01-17T05:55:00,468.85,3223.61,101.71,6.65,84.98,48.48,22.73,62.68,degraded,6,0,3,5,0.4859,-10.2896,12.1588,0
PUMP-MONITOR,2026-01-17T06:00:00,474.67,3189.97,111.65,4.52,76.86,51.19,24.3,74.99,degraded,6,1,3,5,-2.127,9.9433,-8.1218,0
PUMP-MONITOR,2026-01-17T06:05:00,476.22,3166.27,93.65,5.27,84.44,54.93,26.16,76.66,critical,6,0,1,5,0.7465,-17.9999,7.5836,1
PUMP-MONITOR,2026-01-17T06:10:00,470.14,3081.59,110.3,4.79,87.39,54.66,25.7,81.4,critical,6,0,2,5,-0.4811,16.6476,2.9472,1
PUMP-MONITOR,2026-01-17T06:15:00,477.03,3080.73,95.53,5.73,74.86,52.56,25.07,76.07,degraded,6,0,4,5,0.94,-14.7747,-12.5311,0
PUMP-MONITOR,2026-01-17T06:20:00,484.08,3168.23,113.19,4.79,80.39,55.03,26.64,73.18,critical,6,1,2,5,-0.9356,17.6599,5.53,1
PUMP-MONITOR,2026-01-17T06:25:00,474.85,3183.52,95.15,6.6,81.48,50.78,24.11,61.02,critical,6,1,5,5,1.8078,-18.0367,1.0967,1
PUMP-MONITOR,2026-01-17T06:30:00,469.45,2977.06,103.91,5.67,73.78,52.97,24.87,71.04,degraded,6,1,2,5,-0.9306,8.7587,-7.7068,0
PUMP-MONITOR,2026-01-17T06:35:00,472.75,3037.25,112.34,5.29,74.98,50.27,23.77,68.88,degraded,6,0,2,5,-0.3759,8.432,1.2072,0
PUMP-MONITOR,2026-01-17T06:40:00,469.62,3109.14,96.19,6.92,75.64,54.16,25.44,79.72,degraded,6,0,2,5,1.632,-16.152,0.6584,0
PUMP-MONITOR,2026-01-17T06:45:00,485.56,3047.77,103.4,5.13,86.32,55.25,26.83,73.16,critical,6,1,5,5,-1.7941,7.2072,10.6759,1
PUMP-MONITOR,2026-01-17T06:50:00,470.23,3020.79,116.93,6.01,73.92,52.89,24.87,69.85,degraded,6,0,5,5,0.8762,13.5352,-12.3938,0
PUMP-MONITOR,2026-01-17T06:55:00,476.19,3040.47,114.54,5.66,84.95,52.27,24.89,80.32,critical,6,0,3,5,-0.3468,-2.3885,11.0231,1
PUMP-MONITOR,2026-01-17T07:00:00,470.24,3038.71,113.15,4.62,75.45,52.28,24.58,64.78,degraded,6,0,1,5,-1.0437,-1.395,-9.4921,0
PUMP-MONITOR,2026-01-17T07:05:00,475.05,3011.89,92.75,5.77,79.41,53.62,25.47,69.1,degraded,6,0,5,5,1.1537,-20.3929,3.9527,0
PUMP-MONITOR,2026-01-17T07:10:00,479.3,2978.69,109.72,5.67,79.6,51.57,24.72,71.73,degraded,6,0,5,5,-0.1038,16.9608,0.1908,0
PUMP-MONITOR,2026-01-17T07:15:00,481.66,3230.34,112.73,4.59,84.65,52.58,25.33,70.93,degraded,6,0,2,5,-1.0761,3.0144,5.054,0
PUMP-MONITOR,2026-01-17T07:20:00,483.1,3032.68,115.99,6.94,82.23,49.65,23.99,59.58,degraded,6,0,2,5,2.3473,3.2556,-2.4192,0
PUMP-MONITOR,2026-01-17T07:25:00,483.03,3227.79,112.65,4.83,73.29,53.87,26.02,68.84,degraded,6,0,1,5,-2.1041,-3.3342,-8.9407,0
PUMP-MONITOR,2026-01-17T07:30:00,484.14,3087.9,94.24,6.08,83.58,53.25,25.78,64.21,degraded,6,0,5,5,1.248,-18.4118,10.2894,0
PUMP-MONITOR,2026-01-17T07:35:00,476.78,3226.6,94.74,5.26,83.75,49.62,23.66,61.03,degraded,6,0,2,5,-0.8234,0.4999,0.1646,0
PUMP-MONITOR,2026-01-17T07:40:00,486.98,3149.82,117.25,6.71,78.8,52.04,25.34,72.47,critical,6,1,6,5,1.4523,22.5089,-4.9484,1
PUMP-MONITOR,2026-01-17T07:45:00,474.65,3105.38,105.49,5.64,86.38,48.21,22.88,57.55,critical,6,1,5,5,-1.0719,-11.7598,7.5796,1
PUMP-MONITOR,2026-01-17T07:50:00,471.46,3067.5,102.66,6.26,76.0,53.44,25.19,77.69,degraded,6,0,4,5,0.6194,-2.8333,-10.376,0
PUMP-MONITOR,2026-01-17T07:55:00,478.21,3255.69,93.89,6.87,84.14,52.58,25.14,70.63,degraded,6,0,2,5,0.617,-8.7608,8.1419,0
PUMP-MONITOR,2026-01-17T08:00:00,481.09,3099.91,106.08,5.13,75.94,51.66,24.85,66.25,degraded,6,0,3,5,-1.7435,12.1839,-8.199,0
PUMP-MONITOR,2026-01-17T08:05:00,478.15,3083.65,95.92,5.68,87.02,53.49,25.58,69.73,critical,6,1,2,5,0.5536,-10.1593,11.0784,1
PUMP-MONITOR,2026-01-17T08:10:00,477.23,3117.38,101.04,6.14,82.63,51.79,24.72,59.14,degraded,6,0,2,5,0.4529,5.1203,-4.3942,0
PUMP-MONITOR,2026-01-17T08:15:00,470.52,3046.61,106.44,4.04,81.42,50.54,23.78,71.39,degraded,6,1,3,5,-2.1001,5.4032,-1.211,0
PUMP-MONITOR,2026-01-17T08:20:00,482.22,3244.94,94.02,4.82,80.76,56.14,27.07,78.98,critical,6,0,1,5,0.7824,-12.4196,-0.6595,1
PUMP-MONITOR,2026-01-17T08:25:00,486.55,3173.23,101.94,5.54,78.76,55.8,27.15,80.47,critical,6,0,2,5,0.7211,7.9215,-1.9985,1
PUMP-MONITOR,2026-01-17T08:30:00,478.92,2990.51,94.92,6.3,83.75,52.02,24.91,69.87,degraded,6,0,5,5,0.7582,-7.0235,4.9927,0
PUMP-MONITOR,2026-01-17T08:35:00,481.89,3261.69,117.27,5.69,85.57,55.36,26.68,77.94,critical,6,0,1,5,-0.6133,22.3458,1.8168,1
PUMP-MONITOR,2026-01-17T08:40:00,483.69,3055.72,101.24,6.9,81.84,55.63,26.91,74.37,critical,6,0,4,5,1.2187,-16.0277,-3.7312,1
PUMP-MONITOR,2026-01-17T08:45:00,486.77,3040.88,114.73,4.85,86.02,49.92,24.3,62.4,degraded,6,0,2,5,-2.0568,13.4944,4.184,0
PUMP-MONITOR,2026-01-17T08:50:00,483.17,3180.28,99.7,6.75,78.35,52.81,25.52,74.75,critical,6,0,3,5,1.904,-15.0312,-7.6742,1
PUMP-MONITOR,2026-01-17T08:55:00,478.35,3197.93,97.3,5.28,83.74,53.85,25.76,76.6,critical,6,0,1,5,-1.4683,-2.4063,5.3967,1
PUMP-MONITOR,2026-01-17T09:00:00,472.85,3112.51,97.59,5.44,82.51,52.5,24.83,64.84,degraded,6,0,1,5,0.1567,0.2941,-1.2335,0
PUMP-MONITOR,2026-01-17T09:05:00,469.33,3178.17,104.38,4.86,80.72,52.42,24.6,65.11,degraded,6,0,2,5,-0.58,6.7942,-1.7945,0
PUMP-MONITOR,2026-01-17T09:10:00,473.39,3090.68,110.12,5.41,74.17,50.31,23.82,69.23,degraded,6,0,3,5,0.5479,5.7366,-6.5455,0
PUMP-MONITOR,2026-01-17T09:15:00,471.71,2989.93,113.93,4.21,74.63,50.2,23.68,63.92,degraded,6,0,4,5,-1.1957,3.813,0.4613,0
PUMP-MONITOR,2026-01-17T09:20:00,477.15,3195.35,113.15,5.07,82.17,52.98,25.28,67.34,critical,6,1,2,5,0.8621,-0.7853,7.5403,1
PUMP-MONITOR,2026-01-17T09:25:00,469.45,3227.23,105.36,4.86,74.79,53.29,25.02,78.53,degraded,6,0,5,5,-0.2131,-7.7931,-7.378,0
PUMP-MONITOR,2026-01-17T09:30:00,475.52,3144.11,100.7,6.66,75.2,52.72,25.07,63.04,degraded,6,0,2,5,1.7947,-4.6561,0.407,0
PUMP-MONITOR,2026-01-17T09:35:00,475.98,3252.39,103.65,5.26,81.29,52.17,24.83,67.83,degraded,6,0,3,5,-1.3915,2.948,6.0933,0
PUMP-MONITOR,2026-01-17T09:40:00,468.81,3029.52,97.33,5.31,83.76,51.24,24.02,75.31,critical,6,0,4,5,0.0466,-6.3132,2.4669,1
PUMP-MONITOR,2026-01-17T09:45:00,480.01,3088.96,114.01,5.02,79.93,49.59,23.8,58.33,critical,6,2,6,5,-0.2899,16.6744,-3.8297,1
PUMP-MONITOR,2026-01-17T09:50:00,473.32,3040.98,100.89,6.94,87.41,51.98,24.6,66.74,degraded,6,0,1,5,1.9162,-13.1207,7.4782,0
PUMP-MONITOR,2026-01-17T09:55:00,482.67,3083.19,97.86,5.5,80.41,49.29,23.79,56.67,degraded,6,0,3,5,-1.438,-3.0237,-6.9968,0
PUMP-MONITOR,2026-01-17T10:00:00,469.34,3251.27,97.9,4.47,86.31,50.38,23.65,63.27,degraded,6,0,3,5,-1.0267,0.0373,5.8968,0
PUMP-MONITOR,2026-01-17T10:05:00,486.47,3022.11,116.11,4.27,80.16,52.44,25.51,57.66,degraded,6,0,1,5,-0.206,18.2114,-6.1521,0
PUMP-MONITOR,2026-01-17T10:10:00,472.75,3039.31,115.74,4.74,83.65,50.31,23.78,65.73,critical,6,1,3,5,0.4719,-0.3743,3.489,1
PUMP-MONITOR,2026-01-17T10:15:00,470.47,3034.02,98.46,6.0,73.38,53.21,25.03,75.5,degraded,6,0,5,5,1.2624,-17.2771,-10.2702,0
PUMP-MONITOR,2026-01-17T10:20:00,485.15,3124.69,108.23,4.42,80.35,53.02,25.72,78.15,degraded,6,1,2,5,-1.578,9.7662,6.9705,0
PUMP-MONITOR,2026-01-17T10:25:00,478.22,3256.04,107.99,5.5,84.9,54.14,25.89,73.58,critical,6,0,2,5,1.0742,-0.2398,4.5514,1
PUMP-MONITOR,2026-01-17T10:30:00,475.67,3030.88,96.36,5.3,80.56,54.06,25.72,69.94,degraded,6,0,1,5,-0.1976,-11.6235,-4.3365,0
PUMP-MONITOR,2026-01-17T10:35:00,476.79,3182.3,92.75,5.36,84.89,52.23,24.9,63.83,degraded,6,0,3,5,0.057,-3.6165,4.3268,0
PUMP-MONITOR,2026-01-17T10:40:00,472.23,3049.15,98.16,5.29,85.41,51.94,24.53,75.37,critical,6,1,6,5,-0.0648,5.4109,0.5242,1
PUMP-MONITOR,2026-01-17T10:45:00,467.71,3040.73,93.47,6.94,79.49,51.34,24.01,66.21,critical,6,1,5,5,1.6449,-4.6881,-5.9187,1
PUMP-MONITOR,2026-01-17T10:50:00,470.78,3038.15,115.47,6.08,86.17,50.04,23.56,59.27,critical,6,1,2,5,-0.8572,21.9992,6.6756,1
PUMP-MONITOR,2026-01-17T10:55:00,472.57,3221.8,94.58,4.52,82.98,51.69,24.42,60.06,critical,6,1,6,5,-1.5594,-20.8906,-3.1943,1
PUMP-MONITOR,2026-01-17T11:00:00,469.94,3085.39,99.77,4.37,80.51,50.41,23.69,67.39,degraded,6,0,2,5,-0.1453,5.1921,-2.4676,0
PUMP-MONITOR,2026-01-17T11:05:00,479.34,3250.71,110.39,5.31,83.33,50.88,24.39,64.54,critical,6,1,2,5,0.9375,10.6139,2.8257,1
PUMP-MONITOR,2026-01-17T11:10:00,477.81,3196.92,115.89,4.93,79.71,51.87,24.78,74.75,critical,6,0,5,5,-0.3777,5.5055,-3.6193,1
PUMP-MONITOR,2026-01-17T11:15:00,485.23,3178.36,98.54,5.07,80.13,54.05,26.22,64.59,degraded,6,0,5,5,0.1321,-17.3552,0.4123,0
PUMP-MONITOR,2026-01-17T11:20:00,483.98,3239.55,114.55,5.84,78.32,50.98,24.67,59.95,critical,6,1,3,5,0.775,16.0122,-1.8101,1
PUMP-MONITOR,2026-01-17T11:25:00,484.88,3257.25,96.54,4.79,84.68,55.19,26.76,75.84,critical,6,1,3,5,-1.0515,-18.0091,6.3684,1
PUMP-MONITOR,2026-01-17T11:30:00,474.47,3108.84,96.77,5.06,82.56,49.98,23.72,68.93,degraded,6,0,2,5,0.2689,0.2348,-2.1238,0
PUMP-MONITOR,2026-01-17T11:35:00,471.24,3204.85,111.36,5.77,87.35,53.95,25.42,76.5,critical,6,0,2,5,0.7149,14.5871,4.7855,1
PUMP-MONITOR,2026-01-17T11:40:00,480.89,3200.4,104.78,5.34,76.28,53.97,25.95,66.29,degraded,6,0,2,5,-0.4379,-6.5765,-11.0636,0
PUMP-MONITOR,2026-01-17T11:45:00,478.1,3094.85,111.14,5.21,79.4,50.43,24.11,65.11,degraded,6,0,4,5,-0.1297,6.3561,3.118,0
PUMP-MONITOR,2026-01-17T11:50:00,471.44,3005.92,93.17,5.35,86.97,49.85,23.5,61.45,critical,6,1,6,5,0.1442,-17.9716,7.5675,1
PUMP-MONITOR,2026-01-17T11:55:00,479.28,3140.3,115.42,6.72,78.1,54.79,26.26,79.37,critical,6,1,6,5,1.3715,22.254,-8.8695,1
PUMP-MONITOR,2026-01-17T12:00:00,470.57,3264.85,102.56,6.76,76.36,50.28,23.66,58.17,degraded,6,0,1,5,0.0402,-12.8649,-1.7378,0
PUMP-MONITOR,2026-01-17T12:05:00,467.91,3007.15,112.4,6.8,84.8,52.19,24.42,72.09,critical,6,1,2,5,0.0362,9.8423,8.4394,1
PUMP-MONITOR,2026-01-17T12:10:00,481.6,3086.88,111.79,4.53,73.1,53.41,25.72,70.04,degraded,6,0,3,5,-2.2655,-0.6097,-11.698,0
PUMP-MONITOR,2026-01-17T12:15:00,474.7,3132.92,103.84,4.79,85.6,48.98,23.25,59.74,degraded,6,0,4,5,0.2579,-7.9494,12.4993,0
PUMP-MONITOR,2026-01-17T12:20:00,472.57,3085.96,94.12,6.08,80.96,49.7,23.48,62.92,critical,6,1,3,5,1.2875,-9.7245,-4.6371,1
PUMP-MONITOR,2026-01-17T12:25:00,474.64,3206.67,105.42,6.42,83.18,52.02,24.69,63.22,critical,6,1,4,5,0.3382,11.2995,2.2145,1
PUMP-MONITOR,2026-01-17T12:30:00,469.56,3148.97,92.71,5.06,85.61,54.27,25.48,76.1,critical,6,0,3,5,-1.3589,-12.709,2.4325,1
PUMP-MONITOR,2026-01-17T12:35:00,481.72,3160.72,98.65,6.57,87.01,53.36,25.71,64.53,degraded,6,0,4,5,1.5165,5.9384,1.4015,0
PUMP-MONITOR,2026-01-17T12:40:00,482.82,3010.75,112.52,4.56,85.46,52.55,25.37,75.71,critical,6,0,5,5,-2.0147,13.8729,-1.5525,1
PUMP-MONITOR,2026-01-17T12:45:00,484.35,3209.21,109.17,4.99,82.55,50.87,24.64,69.39,degraded,6,0,5,5,0.4308,-3.3468,-2.9084,0
PUMP-MONITOR,2026-01-17T12:50:00,483.67,2981.5,100.3,6.73,80.2,51.6,24.96,69.45,critical,6,1,2,5,1.7388,-8.8702,-2.3523,1
PUMP-MONITOR,2026-01-17T12:55:00,476.27,3089.98,115.71,4.71,81.75,51.3,24.43,68.42,critical,6,1,4,5,-2.0189,15.4096,1.555,1
PUMP-MONITOR,2026-01-17T13:00:00,482.04,3144.41,105.4,6.71,84.5,53.18,25.64,63.39,degraded,6,0,5,5,1.9955,-10.3089,2.7435,0
PUMP-MONITOR,2026-01-17T13:05:00,474.37,3086.3,104.27,5.54,73.68,50.79,24.09,64.0,degraded,6,0,5,5,-1.1641,-1.1287,-10.8154,0
PUMP-MONITOR,2026-01-17T13:10:00,485.97,3055.16,101.47,5.77,74.93,52.54,25.53,70.35,degraded,6,0,1,5,0.2304,-2.8064,1.2487,0
PUMP-MONITOR,2026-01-17T13:15:00,485.24,3097.3,116.66,5.99,84.78,53.46,25.94,62.18,degraded,6,0,2,5,0.2164,15.19,9.848,0
PUMP-MONITOR,2026-01-17T13:20:00,478.35,3184.85,112.8,4.24,86.73,52.9,25.31,73.8,degraded,6,1,6,5,-1.7499,-3.8594,1.9494,0
PUMP-MONITOR,2026-01-17T13:25:00,486.61,3213.27,105.46,4.41,74.29,52.8,25.69,70.82,degraded,6,0,2,5,0.1689,-7.3419,-12.4425,0
PUMP-MONITOR,2026-01-17T13:30:00,474.36,3085.97,107.92,4.52,82.81,53.89,25.56,75.53,critical,6,0,3,5,0.1128,2.4623,8.5274,1
PUMP-MONITOR,2026-01-17T13:35:00,469.04,3207.71,97.07,4.04,80.03,50.82,23.84,61.27,degraded,6,0,2,5,-0.4846,-10.8495,-2.7883,0
PUMP-MONITOR,2026-01-17T13:40:00,470.63,2979.02,105.53,6.35,86.75,53.47,25.17,69.62,degraded,6,0,4,5,2.3186,8.4643,6.7217,0
PUMP-MONITOR,2026-01-17T13:45:00,469.15,3023.25,107.54,6.44,81.67,49.89,23.41,68.22,critical,6,1,5,5,0.0902,2.0064,-5.0744,1
PUMP-MONITOR,2026-01-17T13:50:00,478.92,3077.12,97.9,4.92,73.98,52.71,25.24,81.04,degraded,6,0,3,5,-1.5233,-9.6417,-7.6975,0
PUMP-MONITOR,2026-01-17T13:55:00,468.08,3032.65,114.68,6.13,75.39,48.14,22.53,60.21,degraded,6,0,2,5,1.2136,16.7875,1.4193,0
PUMP-MONITOR,2026-01-17T14:00:00,473.7,3192.73,96.23,5.14,73.36,51.83,24.55,75.12,degraded,6,0,1,5,-0.9925,-18.4554,-2.0359,0
PUMP-MONITOR,2026-01-17T14:05:00,485.7,3111.67,104.53,4.13,84.89,52.43,25.46,67.0,degraded,6,1,4,5,-1.0158,8.2986,11.5278,0
PUMP-MONITOR,2026-01-17T14:10:00,469.71,2992.09,109.34,5.47,79.52,51.6,24.24,75.82,critical,6,0,5,5,1.3482,4.8077,-5.3626,1
PUMP-MONITOR,2026-01-17T14:15:00,486.87,3157.87,109.02,6.93,85.6,54.5,26.53,73.67,critical,6,0,3,5,1.4513,-0.3185,6.0757,1
PUMP-MONITOR,2026-01-17T14:20:00,478.09,2986.82,113.2,6.69,76.66,53.48,25.57,79.6,degraded,6,0,4,5,-0.24,4.1864,-8.9371,0
PUMP-MONITOR,2026-01-17T14:25:00,472.3,3223.58,110.34,6.44,83.0,51.31,24.23,67.72,critical,6,1,2,5,-0.2415,-2.8662,6.3382,1
PUMP-MONITOR,2026-01-17T14:30:00,484.84,3098.76,109.23,4.44,76.79,56.03,27.16,80.86,degraded,6,0,4,5,-1.999,-1.1039,-6.2136,0
PUMP-MONITOR,2026-01-17T14:35:00,483.72,3001.18,98.44,4.58,78.54,56.16,27.17,78.77,critical,6,0,5,5,0.1332,-10.7925,1.7543,1
PUMP-MONITOR,2026-01-17T14:40:00,470.04,3206.38,107.12,5.87,74.81,50.38,23.68,69.73,degraded,6,0,1,5,1.2873,8.6776,-3.7341,0
PUMP-MONITOR,2026-01-17T14:45:00,480.87,3016.49,109.26,4.62,75.16,49.89,23.99,63.12,degraded,6,0,1,5,-1.244,2.1366,0.3479,0
PUMP-MONITOR,2026-01-17T14:50:00,481.34,3219.93,106.53,5.0,80.53,52.17,25.11,75.72,critical,6,0,3,5,0.3763,-2.7271,5.3756,1
PUMP-MONITOR,2026-01-17T14:55:00,468.0,3048.35,95.39,4.05,72.78,50.01,23.41,69.68,degraded,6,0,2,5,-0.9501,-11.1366,-7.7502,0
PUMP-MONITOR,2026-01-17T15:00:00,478.85,3094.35,106.35,5.45,74.64,50.04,23.96,61.92,degraded,6,1,5,5,1.4027,10.9623,1.8577,0
PUMP-MONITOR,2026-01-17T15:05:00,477.57,3249.98,94.11,5.98,87.37,52.59,25.12,69.76,degraded,6,0,1,5,0.5254,-12.2463,12.7289,0
PUMP-MONITOR,2026-01-17T15:10:00,481.82,3242.69,96.33,4.71,81.27,52.7,25.39,79.2,critical,6,0,3,5,-1.2649,2.2198,-6.0998,1
PUMP-MONITOR,2026-01-17T15:15:00,483.48,3092.82,104.18,5.46,78.77,50.8,24.56,60.2,degraded,6,0,4,5,0.7447,7.8502,-2.4992,0
PUMP-MONITOR,2026-01-17T15:20:00,483.9,2981.35,116.4,6.19,82.71,49.67,24.04,61.53,degraded,6,0,1,5,0.7372,12.2223,3.9456,0
PUMP-MONITOR,2026-01-17T15:25:00,472.19,3174.65,96.56,4.02,72.95,52.95,25.0,69.87,degraded,6,0,2,5,-2.1704,-19.8404,-9.7608,0
PUMP-MONITOR,2026-01-17T15:30:00,470.98,2969.21,116.15,6.56,79.94,52.71,24.83,76.59,critical,6,0,4,5,2.5405,19.5923,6.9871,1
PUMP-MONITOR,2026-01-17T15:35:00,474.08,3127.39,92.81,6.73,85.98,51.53,24.43,71.92,degraded,6,0,4,5,0.1663,-23.337,6.0363,0
PUMP-MONITOR,2026-01-17T15:40:00,486.41,3128.92,103.21,4.24,78.53,51.43,25.01,68.65,degraded,6,1,6,5,-2.4902,10.3998,-7.4429,0
PUMP-MONITOR,2026-01-17T15:45:00,476.24,3130.62,112.59,6.19,77.76,51.31,24.44,74.8,degraded,6,0,5,5,1.9542,9.376,-0.7772,0
PUMP-MONITOR,2026-01-17T15:50:00,483.56,3191.97,115.22,6.33,81.98,51.3,24.81,57.94,critical,6,1,6,5,0.1416,2.6344,4.2217,1
PUMP-MONITOR,2026-01-17T15:55:00,476.29,2993.86,112.81,4.35,82.18,52.94,25.21,74.96,degraded,6,1,6,5,-1.9829,-2.4129,0.2027,0
PUMP-MONITOR,2026-01-17T16:00:00,469.64,3265.71,105.78,6.08,82.65,48.23,22.65,57.06,degraded,6,0,5,5,1.7233,-7.0365,0.469,0
PUMP-MONITOR,2026-01-17T16:05:00,479.81,2989.41,114.17,6.89,77.5,50.82,24.38,68.74,degraded,6,1,5,5,0.818,8.3932,-5.1516,0
PUMP-MONITOR,2026-01-17T16:10:00,476.25,3113.39,98.55,4.02,85.89,51.47,24.51,72.51,degraded,6,0,2,5,-2.8757,-15.6224,8.391,0
PUMP-MONITOR,2026-01-17T16:15:00,479.58,3041.5,95.45,4.13,85.91,53.48,25.65,66.26,degraded,6,0,1,5,0.1128,-3.0973,0.0203,0
PUMP-MONITOR,2026-01-17T16:20:00,477.34,3028.9,111.06,6.11,81.62,52.16,24.9,62.81,degraded,6,0,5,5,1.9804,15.6126,-4.2865,0
PUMP-MONITOR,2026-01-17T16:25:00,474.12,3144.69,99.56,6.46,79.27,52.28,24.79,70.14,degraded,6,0,5,5,0.3538,-11.5002,-2.3518,0
PUMP-MONITOR,2026-01-17T16:30:00,479.32,3205.74,116.41,4.48,75.71,53.54,25.66,71.18,degraded,6,1,2,5,-1.9879,16.8466,-3.5646,0
PUMP-MONITOR,2026-01-17T16:35:00,471.09,3147.11,106.91,4.79,72.77,51.82,24.41,78.51,degraded,6,2,6,5,0.312,-9.4964,-2.9352,0
PUMP-MONITOR,2026-01-17T16:40:00,475.19,3028.79,98.93,5.7,82.81,52.34,24.87,81.59,critical,6,0,5,5,0.9155,-7.9774,10.0394,1
PUMP-MONITOR,2026-01-17T16:45:00,477.32,2994.97,115.65,5.02,83.24,52.42,25.02,76.94,critical,6,1,2,5,-0.6796,16.7207,0.4302,1
PUMP-MONITOR,2026-01-17T16:50:00,473.93,3110.57,101.18,6.24,72.79,50.92,24.13,59.49,degraded,6,0,3,5,1.2161,-14.4748,-10.4468,0
PUMP-MONITOR,2026-01-17T16:55:00,469.77,3090.79,113.81,5.72,73.27,55.37,26.01,81.23,degraded,6,0,2,5,-0.5215,12.6301,0.4804,0
PUMP-MONITOR,2026-01-17T17:00:00,471.28,3002.82,103.68,5.9,73.27,52.9,24.93,71.04,degraded,6,0,3,5,0.1835,-10.1309,-0.006,0
PUMP-MONITOR,2026-01-17T17:05:00,484.18,3119.14,108.74,6.61,75.76,53.78,26.04,81.62,degraded,6,1,2,5,0.7051,5.0565,2.4885,0
PUMP-MONITOR,2026-01-17T17:10:00,480.13,3252.25,113.78,5.1,73.24,49.74,23.88,58.02,degraded,6,0,1,5,-1.5067,5.0434,-2.5213,0
PUMP-MONITOR,2026-01-17T17:15:00,471.86,3187.91,106.63,6.58,79.28,53.73,25.35,73.31,critical,6,0,1,5,1.4807,-7.1454,6.0392,1
PUMP-MONITOR,2026-01-17T17:20:00,481.44,2968.71,102.39,5.74,83.01,50.88,24.5,68.74,degraded,6,0,4,5,-0.8386,-4.2426,3.7311,0
PUMP-MONITOR,2026-01-17T17:25:00,478.79,3034.46,102.36,5.7,82.18,51.93,24.86,71.99,critical,6,2,6,5,-0.04,-0.0346,-0.8254,1
PUMP-MONITOR,2026-01-17T17:30:00,476.75,3054.38,116.82,4.65,73.66,50.4,24.03,68.73,degraded,6,0,5,5,-1.0521,14.4632,-8.5188,0
PUMP-MONITOR,2026-01-17T17:35:00,485.36,3085.8,103.13,6.46,76.17,52.51,25.49,75.14,degraded,6,0,1,5,1.8112,-13.6876,2.5074,0
PUMP-MONITOR,2026-01-17T17:40:00,481.61,3123.19,111.05,6.58,83.61,52.3,25.19,74.53,critical,6,0,3,5,0.1203,7.9152,7.4443,1
PUMP-MONITOR,2026-01-17T17:45:00,480.66,3078.22,97.22,5.08,76.51,51.52,24.77,66.23,degraded,6,0,2,5,-1.5014,-13.8278,-7.1015,0
PUMP-MONITOR,2026-01-17T17:50:00,477.34,3022.69,98.58,5.09,73.99,52.36,24.99,73.92,degraded,6,1,6,5,0.0089,1.3575,-2.5264,0
PUMP-MONITOR,2026-01-17T17:55:00,484.8,3038.07,111.31,6.9,79.65,53.51,25.94,79.27,critical,6,0,5,5,1.8114,12.7317,5.6618,1
PUMP-MONITOR,2026-01-17T18:00:00,471.45,3135.24,114.05,5.78,74.88,52.63,24.81,65.72,degraded,6,0,4,5,-1.1185,2.7428,-4.7674,0
PUMP-MONITOR,2026-01-17T18:05:00,483.19,3113.22,109.77,6.21,75.74,49.42,23.88,57.45,degraded,6,1,2,5,0.425,-4.2787,0.8563,0
PUMP-MONITOR,2026-01-17T18:10:00,467.3,3030.82,98.89,6.24,84.25,47.86,22.36,58.92,critical,6,1,3,5,0.0298,-10.8877,8.5181,1
PUMP-MONITOR,2026-01-17T18:15:00,469.66,3244.82,116.91,4.37,79.9,50.66,23.8,62.12,degraded,6,0,3,5,-1.8725,18.02,-4.3554,0
PUMP-MONITOR,2026-01-17T18:20:00,473.72,2997.78,106.5,6.01,78.24,53.33,25.27,70.32,degraded,6,0,5,5,1.6416,-10.4075,-1.6589,0
PUMP-MONITOR,2026-01-17T18:25:00,470.03,3028.12,117.25,4.12,84.32,53.4,25.1,73.73,degraded,6,1,5,5,-1.8888,10.7537,6.0747,0
PUMP-MONITOR,2026-01-17T18:30:00,481.79,3049.37,95.37,6.96,76.83,52.79,25.43,81.01,degraded,6,1,5,5,2.8372,-21.8858,-7.4867,0
PUMP-MONITOR,2026-01-17T18:35:00,476.62,3205.02,98.84,6.8,75.63,51.53,24.56,68.49,degraded,6,0,1,5,-0.1557,3.472,-1.2008,0
PUMP-MONITOR,2026-01-17T18:40:00,486.47,3175.22,101.1,5.94,82.2,52.81,25.69,59.01,degraded,6,0,4,5,-0.8554,2.2667,6.5674,0
PUMP-MONITOR,2026-01-17T18:45:00,481.64,3126.72,96.95,5.01,73.92,52.36,25.22,66.36,degraded,6,1,2,5,-0.9306,-4.1557,-8.2742,0
PUMP-MONITOR,2026-01-17T18:50:00,485.48,3168.01,115.75,4.73,75.61,53.94,26.19,72.3,degraded,6,0,1,5,-0.2835,18.8005,1.6856,0
PUMP-MONITOR,2026-01-17T18:55:00,476.4,3021.73,97.74,5.85,82.31,53.73,25.6,70.76,critical,6,1,3,5,1.1219,-18.0046,6.7016,1
PUMP-MONITOR,2026-01-17T19:00:00,483.24,3032.52,97.45,6.41,80.89,51.45,24.86,72.79,critical,6,1,3,5,0.5593,-0.2927,-1.4154,1
PUMP-MONITOR,2026-01-17T19:05:00,467.32,3266.59,106.09,7.0,80.41,50.85,23.76,63.19,degraded,6,0,4,5,0.5867,8.6361,-0.4859,0
PUMP-MONITOR,2026-01-17T19:10:00,479.62,3046.92,108.84,6.06,83.18,52.65,25.25,70.46,degraded,6,0,1,5,-0.9359,2.7508,2.7763,0
PUMP-MONITOR,2026-01-17T19:15:00,479.38,3245.33,114.41,5.65,81.74,49.43,23.7,63.22,degraded,6,0,3,5,-0.4157,5.5725,-1.4451,0
PUMP-MONITOR,2026-01-17T19:20:00,474.97,3006.18,95.31,4.62,78.29,52.22,24.8,66.13,critical,6,1,5,5,-1.0226,-19.1027,-3.4493,1
PUMP-MONITOR,2026-01-17T19:25:00,470.82,3095.46,105.16,6.16,73.55,49.2,23.17,63.12,degraded,6,1,5,5,1.538,9.8558,-4.74,0
PUMP-MONITOR,2026-01-17T19:30:00,478.52,3043.31,112.62,5.77,85.5,49.22,23.55,61.54,degraded,6,0,1,5,-0.3906,7.4511,11.9535,0
PUMP-MONITOR,2026-01-17T19:35:00,471.11,3173.15,111.41,6.42,86.52,52.61,24.78,79.45,critical,6,0,3,5,0.6452,-1.2016,1.0217,1
PUMP-MONITOR,2026-01-17T19:40:00,486.46,3033.57,108.05,5.94,81.6,52.7,25.64,78.06,critical,6,0,2,5,-0.4719,-3.3653,-4.9249,1
PUMP-MONITOR,2026-01-17T19:45:00,485.05,3000.57,97.13,5.13,74.58,54.85,26.61,73.99,degraded,6,0,4,5,-0.8119,-10.9205,-7.0217,0
PUMP-MONITOR,2026-01-17T19:50:00,485.59,3207.74,110.35,4.57,84.07,52.42,25.46,76.82,critical,6,0,3,5,-0.5623,13.2269,9.4966,1
PUMP-MONITOR,2026-01-17T19:55:00,473.42,3152.91,93.03,4.27,74.04,54.39,25.75,73.11,degraded,6,0,2,5,-0.2997,-17.3259,-10.0323,0
PUMP-MONITOR,2026-01-17T20:00:00,478.04,3107.56,93.03,6.9,80.29,50.91,24.34,61.62,critical,6,2,7,5,2.6248,-0.0002,6.2494,1
PUMP-MONITOR,2026-01-17T20:05:00,485.31,2974.24,98.37,4.69,82.7,55.74,27.05,78.39,critical,6,0,2,5,-2.2043,5.3443,2.4116,1
PUMP-MONITOR,2026-01-17T20:10:00,476.79,3230.01,97.29,5.72,86.59,52.0,24.79,74.11,critical,6,0,2,5,1.0271,-1.0876,3.8838,1
PUMP-MONITOR,2026-01-17T20:15:00,479.9,3242.9,100.15,6.97,73.75,51.89,24.9,57.24,degraded,6,0,3,5,1.2541,2.8608,-12.8361,0
PUMP-MONITOR,2026-01-17T20:20:00,477.48,3174.4,116.36,7.02,82.78,53.8,25.69,70.42,degraded,6,0,4,5,0.0469,16.2135,9.0322,0
PUMP-MONITOR,2026-01-17T20:25:00,473.26,3191.35,110.09,5.36,74.89,52.2,24.7,71.12,degraded,6,1,3,5,-1.6631,-6.2733,-7.8926,0
PUMP-MONITOR,2026-01-17T20:30:00,482.34,2975.12,96.91,6.52,74.84,54.12,26.1,73.69,degraded,6,0,2,5,1.1654,-13.1753,-0.0518,0
PUMP-MONITOR,2026-01-17T20:35:00,485.34,3081.0,101.09,4.1,87.62,53.41,25.92,74.34,degraded,6,0,4,5,-2.4213,4.1798,12.7835,0
PUMP-MONITOR,2026-01-17T20:40:00,477.39,3124.01,106.73,6.58,83.09,54.42,25.98,78.87,critical,6,0,5,5,2.4768,5.6374,-4.5311,1
PUMP-MONITOR,2026-01-17T20:45:00,475.22,3048.06,114.04,5.06,80.34,53.16,25.26,80.1,critical,6,2,4,5,-1.515,7.3122,-2.7475,1
PUMP-MONITOR,2026-01-17T20:50:00,470.41,3132.54,108.21,6.11,87.26,49.63,23.35,58.64,critical,6,1,4,5,1.0466,-5.8326,6.9186,1
PUMP-MONITOR,2026-01-17T20:55:00,486.89,3165.84,100.25,6.53,74.34,55.21,26.88,72.54,degraded,6,1,2,5,0.4199,-7.9557,-12.92,0
PUMP-MONITOR,2026-01-17T21:00:00,472.7,3095.73,96.9,6.17,81.86,51.64,24.41,76.04,critical,6,0,5,5,-0.3538,-3.3495,7.5159,1
PUMP-MONITOR,2026-01-17T21:05:00,480.84,3011.24,114.03,7.02,82.9,53.56,25.75,75.1,critical,6,0,2,5,0.8457,17.1277,1.0468,1
PUMP-MONITOR,2026-01-17T21:10:00,470.8,3171.59,114.0,6.28,74.68,48.59,22.88,57.56,degraded,6,1,5,5,-0.7377,-0.0341,-8.2257,0
PUMP-MONITOR,2026-01-17T21:15:00,474.9,3256.52,96.76,5.0,87.38,53.47,25.39,75.31,critical,6,0,2,5,-1.2792,-17.2405,12.7019,1
PUMP-MONITOR,2026-01-17T21:20:00,470.01,2986.17,102.07,4.34,76.92,52.95,24.88,78.87,degraded,6,0,4,5,-0.6609,5.3099,-10.4583,0
PUMP-MONITOR,2026-01-17T21:25:00,472.46,3153.0,103.6,4.36,80.23,50.17,23.7,61.37,degraded,6,0,3,5,0.0173,1.5355,3.31,0
PUMP-MONITOR,2026-01-17T21:30:00,485.46,3051.59,106.71,4.11,83.95,50.33,24.43,65.71,degraded,6,1,5,5,-0.2452,3.1053,3.7148,0
PUMP-MONITOR,2026-01-17T21:35:00,477.93,3075.61,112.63,6.3,78.66,54.31,25.96,76.76,critical,6,0,3,5,2.1875,5.9241,-5.2852,1
PUMP-MONITOR,2026-01-17T21:40:00,479.66,3135.03,94.99,5.93,84.0,50.54,24.24,57.38,degraded,6,0,1,5,-0.3673,-17.6377,5.339,0
PUMP-MONITOR,2026-01-17T21:45:00,472.73,3247.17,115.69,5.24,79.94,52.63,24.88,80.27,critical,6,0,3,5,-0.6955,20.6993,-4.0606,1
PUMP-MONITOR,2026-01-17T21:50:00,481.51,3257.92,97.33,4.65,78.49,50.92,24.52,59.52,critical,6,1,5,5,-0.5892,-18.3617,-1.4501,1
PUMP-MONITOR,2026-01-17T21:55:00,480.18,3067.13,103.28,6.42,83.23,54.34,26.09,79.78,critical,6,0,5,5,1.7665,5.9518,4.735,1
PUMP-MONITOR,2026-01-17T22:00:00,484.53,3212.0,109.22,6.38,74.52,51.85,25.12,63.87,degraded,6,0,4,5,-0.039,5.934,-8.7081,0
PUMP-MONITOR,2026-01-17T22:05:00,483.83,3152.64,108.54,6.44,82.74,55.04,26.63,76.45,critical,6,0,5,5,0.0617,-0.6726,8.2254,1
PUMP-MONITOR,2026-01-17T22:10:00,469.95,3130.43,109.51,6.66,87.0,49.97,23.48,69.58,degraded,6,0,4,5,0.221,0.9615,4.2569,0
PUMP-MONITOR,2026-01-17T22:15:00,474.83,3229.44,111.93,6.65,73.58,51.28,24.35,64.09,degraded,6,0,1,5,-0.0104,2.4245,-13.4178,0
PUMP-MONITOR,2026-01-17T22:20:00,470.22,3070.62,92.82,5.61,85.91,51.7,24.31,71.59,critical,6,1,4,5,-1.0409,-19.1122,12.3325,1
PUMP-MONITOR,2026-01-17T22:25:00,468.81,3082.01,109.7,6.38,82.66,49.93,23.41,65.73,degraded,6,0,1,5,0.7667,16.8813,-3.257,0
PUMP-MONITOR,2026-01-17T22:30:00,477.03,2970.33,112.99,5.04,86.35,53.27,25.41,69.08,critical,6,1,5,5,-1.3327,3.2948,3.6945,1
PUMP-MONITOR,2026-01-17T22:35:00,478.31,2988.4,99.8,5.98,75.82,51.49,24.63,75.33,degraded,6,1,5,5,0.939,-13.1957,-10.5321,0
PUMP-MONITOR,2026-01-17T22:40:00,471.6,3183.05,93.33,6.01,87.41,53.1,25.04,76.44,critical,6,0,2,5,0.026,-6.4675,11.5898,1
PUMP-MONITOR,2026-01-17T22:45:00,471.8,2979.25,93.77,6.92,83.84,50.3,23.73,71.93,degraded,6,0,3,5,0.915,0.436,-3.57,0
PUMP-MONITOR,2026-01-17T22:50:00,472.96,2988.04,102.26,6.52,87.18,51.08,24.16,67.42,degraded,6,0,5,5,-0.4051,8.4925,3.3357,0
PUMP-MONITOR,2026-01-17T22:55:00,474.06,3042.6,98.64,5.96,86.83,52.09,24.69,61.04,critical,6,1,6,5,-0.5624,-3.6201,-0.346,1
PUMP-MONITOR,2026-01-17T23:00:00,477.69,3112.52,113.54,4.27,77.24,54.04,25.81,79.75,degraded,6,1,3,5,-1.6845,14.9035,-9.5866,0
PUMP-MONITOR,2026-01-17T23:05:00,485.38,3028.09,105.98,4.06,85.81,52.98,25.71,80.28,degraded,6,2,3,5,-0.2121,-7.5596,8.5697,0
PUMP-MONITOR,2026-01-17T23:10:00,486.1,3150.69,113.42,6.41,78.96,53.1,25.81,60.81,critical,6,1,4,5,2.3498,7.4383,-6.8547,1
PUMP-MONITOR,2026-01-17T23:15:00,482.5,3178.67,95.7,6.23,76.32,50.87,24.54,62.56,degraded,6,0,4,5,-0.1818,-17.7197,-2.6421,0
PUMP-MONITOR,2026-01-17T23:20:00,482.9,3051.37,112.71,4.85,81.67,49.58,23.94,61.67,degraded,6,0,2,5,-1.3773,17.0066,5.3509,0
PUMP-MONITOR,2026-01-17T23:25:00,479.31,3214.05,109.63,6.95,77.81,55.1,26.41,74.49,degraded,6,0,2,5,2.1016,-3.0807,-3.8586,0
PUMP-MONITOR,2026-01-17T23:30:00,480.82,3218.89,93.92,6.31,85.8,51.88,24.95,70.09,critical,6,1,6,5,-0.6411,-15.7056,7.9883,1
PUMP-MONITOR,2026-01-17T23:35:00,473.41,3030.67,94.94,5.7,83.05,50.91,24.1,62.81,degraded,6,0,1,5,-0.6121,1.0212,-2.7481,0
PUMP-MONITOR,2026-01-17T23:40:00,470.41,3149.81,93.3,5.09,73.4,51.46,24.21,65.08,degraded,6,0,5,5,-0.6124,-1.6478,-9.6495,0
PUMP-MONITOR,2026-01-17T23:45:00,477.74,3099.17,113.61,5.82,86.67,51.12,24.42,66.1,degraded,6,0,3,5,0.7367,20.3191,13.2714,0
PUMP-MONITOR,2026-01-17T23:50:00,482.05,3199.19,109.65,5.22,87.69,52.16,25.15,67.05,degraded,6,0,1,5,-0.5971,-3.9692,1.0156,0
PUMP-MONITOR,2026-01-17T23:55:00,481.71,3165.77,109.38,4.13,86.33,52.1,25.1,67.89,degraded,6,1,5,5,-1.093,-0.2637,-1.3579,0
PUMP-MONITOR,2026-01-18T00:00:00,477.49,3171.96,115.45,4.79,75.72,55.35,26.43,75.4,degraded,6,0,5,5,0.6584,6.0689,-10.605,0
PUMP-MONITOR,2026-01-18T00:05:00,471.59,3035.57,95.39,5.03,83.09,52.06,24.55,75.62,critical,6,0,3,5,0.2405,-20.0615,7.3679,1
PUMP-MONITOR,2026-01-18T00:10:00,481.77,3264.02,112.12,6.14,76.0,52.94,25.5,75.96,degraded,6,1,2,5,1.1068,16.7266,-7.0858,0
PUMP-MONITOR,2026-01-18T00:15:00,469.79,3222.17,108.95,5.66,80.43,54.88,25.78,78.35,critical,6,1,4,5,-0.4806,-3.1689,4.4217,1
PUMP-MONITOR,2026-01-18T00:20:00,472.0,3217.0,98.82,6.17,82.12,53.82,25.4,75.96,critical,6,1,2,5,0.5108,-10.1273,1.6962,1
PUMP-MONITOR,2026-01-18T00:25:00,478.77,3246.95,113.46,5.93,84.19,52.52,25.14,65.78,degraded,6,0,4,5,-0.2372,14.6392,2.0656,0
PUMP-MONITOR,2026-01-18T00:30:00,486.87,3127.34,99.8,5.47,82.96,55.56,27.05,74.18,critical,6,0,4,5,-0.4628,-13.654,-1.2274,1
PUMP-MONITOR,2026-01-18T00:35:00,478.36,3150.59,96.64,4.31,83.23,52.57,25.15,72.34,degraded,6,0,1,5,-1.1585,-3.1626,0.266,0
PUMP-MONITOR,2026-01-18T00:40:00,471.47,3064.64,94.82,6.64,81.24,54.23,25.57,77.64,critical,6,0,1,5,2.3274,-1.8232,-1.9894,1
PUMP-MONITOR,2026-01-18T00:45:00,476.45,3120.07,102.95,6.13,82.24,50.03,23.84,66.22,critical,6,1,3,5,-0.5027,8.1329,1.007,1
PUMP-MONITOR,2026-01-18T00:50:00,471.58,3019.23,97.98,5.7,74.7,53.14,25.06,68.5,degraded,6,0,3,5,-0.4303,-4.9734,-7.545,0
PUMP-MONITOR,2026-01-18T00:55:00,468.93,3138.3,109.33,4.72,73.9,53.07,24.88,77.74,degraded,6,0,3,5,-0.9841,11.3486,-0.8012,0
PUMP-MONITOR,2026-01-18T01:00:00,475.84,3060.2,109.67,4.88,80.4,51.79,24.64,70.36,critical,6,2,7,5,0.1631,0.3473,6.5002,1
PUMP-MONITOR,2026-01-18T01:05:00,483.79,3051.71,116.83,4.83,73.64,49.6,23.99,60.72,degraded,6,0,5,5,-0.0515,7.1609,-6.7589,0
PUMP-MONITOR,2026-01-18T01:10:00,477.74,2995.98,93.28,5.86,73.16,55.12,26.33,78.99,degraded,6,1,4,5,1.0333,-23.555,-0.479,0
PUMP-MONITOR,2026-01-18T01:15:00,475.61,2987.49,102.43,5.68,83.87,52.24,24.84,73.43,critical,6,1,5,5,-0.1849,9.1454,10.7115,1
PUMP-MONITOR,2026-01-18T01:20:00,482.47,3204.11,106.1,4.92,83.1,51.98,25.08,70.5,critical,6,1,3,5,-0.7577,3.6781,-0.7752,1
PUMP-MONITOR,2026-01-18T01:25:00,487.05,3034.17,103.91,5.66,76.34,51.1,24.89,65.79,degraded,6,0,3,5,0.7354,-2.1913,-6.7549,0
PUMP-MONITOR,2026-01-18T01:30:00,481.26,3017.07,103.61,6.84,77.88,54.08,26.03,76.19,degraded,6,1,2,5,1.1819,-0.3011,1.541,0
PUMP-MONITOR,2026-01-18T01:35:00,476.04,3032.04,112.93,5.81,73.88,53.67,25.55,72.33,degraded,6,1,5,5,-1.0281,9.3216,-4.0061,0
PUMP-MONITOR,2026-01-18T01:40:00,478.1,3230.62,94.04,4.72,82.11,49.83,23.82,59.01,degraded,6,0,1,5,-1.0919,-18.8955,8.231,0
PUMP-MONITOR,2026-01-18T01:45:00,470.4,3116.2,108.42,4.24,74.05,52.73,24.8,73.24,degraded,6,0,3,5,-0.4836,14.3857,-8.0558,0
PUMP-MONITOR,2026-01-18T01:50:00,471.87,3224.94,104.22,5.2,82.05,52.76,24.9,80.99,critical,6,0,1,5,0.9665,-4.2017,8.0019,1
PUMP-MONITOR,2026-01-18T01:55:00,470.81,3133.45,115.93,5.25,73.86,51.05,24.04,63.74,degraded,6,1,6,5,0.0523,11.7131,-8.1944,0
PUMP-MONITOR,2026-01-18T02:00:00,479.25,3069.77,114.75,6.48,78.07,54.82,26.27,76.68,critical,6,0,4,5,1.2266,-1.1815,4.2073,1
PUMP-MONITOR,2026-01-18T02:05:00,486.35,3041.11,112.55,4.21,84.3,51.39,24.99,65.64,degraded,6,1,6,5,-2.267,-2.2008,6.2317,0
PUMP-MONITOR,2026-01-18T02:10:00,469.05,3149.96,112.39,5.35,83.54,52.45,24.6,77.61,critical,6,0,4,5,1.1365,-0.166,-0.7625,1
PUMP-MONITOR,2026-01-18T02:15:00,482.34,3196.78,107.9,4.45,86.1,51.06,24.63,70.96,degraded,6,1,4,5,-0.9015,-4.4857,2.5606,0
PUMP-MONITOR,2026-01-18T02:20:00,478.74,3162.33,99.04,6.49,84.51,50.11,23.99,58.28,degraded,6,0,1,5,2.0453,-8.8558,-1.5868,0
PUMP-MONITOR,2026-01-18T02:25:00,479.56,3237.82,95.56,5.51,80.83,52.53,25.19,75.84,critical,6,0,1,5,-0.9851,-3.4895,-3.6786,1
PUMP-MONITOR,2026-01-18T02:30:00,468.03,3128.8,95.87,6.72,83.25,52.04,24.36,68.91,degraded,6,0,1,5,1.214,0.3193,2.4205,0
PUMP-MONITOR,2026-01-18T02:35:00,470.62,3082.71,110.92,6.24,80.72,49.25,23.18,65.57,critical,6,1,3,5,-0.4795,15.046,-2.5349,1
PUMP-MONITOR,2026-01-18T02:40:00,471.77,3049.37,110.16,6.21,83.29,49.87,23.53,66.28,degraded,6,0,5,5,-0.0298,-0.7622,2.573,0
PUMP-MONITOR,2026-01-18T02:45:00,479.08,3254.87,100.25,4.12,79.9,54.43,26.07,70.22,degraded,6,0,4,5,-2.0962,-9.9034,-3.3889,0
PUMP-MONITOR,2026-01-18T02:50:00,480.08,3227.21,100.48,5.64,84.89,53.04,25.46,64.58,degraded,6,0,4,5,1.5228,0.228,4.9923,0
PUMP-MONITOR,2026-01-18T02:55:00,476.73,3254.76,93.23,5.91,78.84,52.44,25.0,63.62,critical,6,1,3,5,0.2668,-7.2536,-6.0504,1
PUMP-MONITOR,2026-01-18T03:00:00,469.78,3181.42,111.65,6.33,86.4,53.13,24.96,81.42,critical,6,0,2,5,0.4225,18.4215,7.5572,1
PUMP-MONITOR,2026-01-18T03:05:00,471.02,3266.31,104.05,6.34,78.07,54.78,25.8,79.59,critical,6,1,5,5,0.011,-7.6002,-8.327,1
PUMP-MONITOR,2026-01-18T03:10:00,478.17,3013.54,94.05,4.04,82.67,55.11,26.35,75.04,degraded,6,0,2,5,-2.3024,-10.0032,4.6002,0
PUMP-MONITOR,2026-01-18T03:15:00,484.25,3072.64,106.65,5.88,78.81,52.33,25.34,74.06,critical,6,0,5,5,1.845,12.604,-3.8621,1
PUMP-MONITOR,2026-01-18T03:20:00,468.26,2989.66,104.13,5.77,78.42,51.84,24.27,65.14,degraded,6,0,5,5,-0.1098,-2.519,-0.3933,0
PUMP-MONITOR,2026-01-18T03:25:00,468.32,3040.41,113.25,6.03,75.27,52.86,24.76,70.02,degraded,6,0,3,5,0.2539,9.1169,-3.1451,0
PUMP-MONITOR,2026-01-18T03:30:00,475.3,2992.8,117.54,4.59,84.55,54.31,25.81,72.49,critical,6,0,1,5,-1.4388,4.2882,9.2765,1
PUMP-MONITOR,2026-01-18T03:35:00,476.74,3248.06,106.68,6.02,84.78,54.09,25.79,71.59,critical,6,1,5,5,1.4332,-10.8537,0.2261,1
PUMP-MONITOR,2026-01-18T03:40:00,474.49,2993.68,115.51,4.28,74.68,49.04,23.27,59.15,degraded,6,1,6,5,-1.7421,8.8213,-10.0959,0
PUMP-MONITOR,2026-01-18T03:45:00,481.96,3032.89,93.9,5.92,82.29,50.89,24.53,67.04,degraded,6,0,1,5,1.6429,-21.6031,7.6064,0
PUMP-MONITOR,2026-01-18T03:50:00,469.88,3107.79,106.19,4.69,86.66,50.4,23.68,69.74,critical,6,1,2,5,-1.2366,12.2858,4.3745,1
PUMP-MONITOR,2026-01-18T03:55:00,471.82,3217.15,107.12,6.82,81.63,51.94,24.51,73.19,critical,6,0,2,5,2.133,0.9283,-5.0294,1
PUMP-MONITOR,2026-01-18T04:00:00,477.13,3042.82,110.29,6.66,86.33,53.76,25.65,66.85,degraded,6,0,2,5,-0.159,3.1726,4.7003,0
PUMP-MONITOR,2026-01-18T04:05:00,477.16,3131.57,110.6,6.97,77.22,50.08,23.89,66.24,degraded,6,0,3,5,0.3068,0.3121,-9.1075,0
PUMP-MONITOR,2026-01-18T04:10:00,484.59,3211.71,101.65,4.06,84.75,51.5,24.95,70.41,degraded,6,1,4,5,-2.9064,-8.9537,7.5273,0
PUMP-MONITOR,2026-01-18T04:15:00,485.9,3017.0,109.63,6.53,75.0,50.7,24.63,65.53,degraded,6,0,3,5,2.469,7.9848,-9.7506,0
PUMP-MONITOR,2026-01-18T04:20:00,471.24,3143.43,99.27,5.65,83.31,52.73,24.85,70.18,degraded,6,0,1,5,-0.8764,-10.3578,8.3065,0
PUMP-MONITOR,2026-01-18T04:25:00,475.31,2991.18,105.29,6.35,76.15,54.72,26.01,77.18,degraded,6,0,2,5,0.6976,6.0196,-7.1607,0
PUMP-MONITOR,2026-01-18T04:30:00,478.61,3129.69,103.88,4.44,73.72,54.8,26.23,77.66,degraded,6,0,3,5,-1.9117,-1.4181,-2.4224,0
PUMP-MONITOR,2026-01-18T04:35:00,471.1,3101.9,102.38,6.31,79.7,50.16,23.63,60.36,degraded,6,0,1,5,1.8697,-1.4951,5.9741,0
PUMP-MONITOR,2026-01-18T04:40:00,479.89,3142.81,113.44,4.53,77.4,55.09,26.44,75.49,degraded,6,0,2,5,-1.7828,11.0548,-2.2974,0
PUMP-MONITOR,2026-01-18T04:45:00,470.11,3046.17,95.02,6.91,83.02,53.07,24.95,69.46,critical,6,1,3,5,2.3871,-18.4169,5.6212,1
PUMP-MONITOR,2026-01-18T04:50:00,479.95,3070.57,112.95,5.62,73.25,52.43,25.16,70.64,degraded,6,0,3,5,-1.2896,17.9345,-9.7738,0
PUMP-MONITOR,2026-01-18T04:55:00,475.69,3148.3,112.34,5.75,75.93,51.25,24.38,57.95,degraded,6,0,3,5,0.1304,-0.6106,2.6777,0
PUMP-MONITOR,2026-01-18T05:00:00,478.43,3137.54,112.45,6.47,85.62,49.5,23.68,62.07,degraded,6,0,3,5,0.7187,0.106,9.6933,0
PUMP-MONITOR,2026-01-18T05:05:00,485.52,3176.92,97.06,4.72,77.67,53.04,25.75,64.7,degraded,6,0,3,5,-1.7513,-15.3837,-7.9514,0
PUMP-MONITOR,2026-01-18T05:10:00,472.21,3267.57,98.01,6.21,78.69,48.51,22.91,61.0,degraded,6,0,5,5,1.4902,0.9469,1.0194,0
PUMP-MONITOR,2026-01-18T05:15:00,471.16,3182.23,112.62,5.35,86.36,54.23,25.55,75.43,critical,6,0,5,5,-0.864,14.6065,7.6691,1
PUMP-MONITOR,2026-01-18T05:20:00,477.2,3176.0,109.48,4.06,75.84,54.32,25.92,70.94,degraded,6,0,5,5,-1.2857,-3.1354,-10.5179,0
PUMP-MONITOR,2026-01-18T05:25:00,482.14,3104.03,96.55,6.67,82.79,50.05,24.13,65.88,degraded,6,0,1,5,2.6125,-12.9299,6.9511,0
PUMP-MONITOR,2026-01-18T05:30:00,485.15,3043.84,99.5,6.94,78.21,50.26,24.39,61.83,degraded,6,0,5,5,0.2673,2.9499,-4.5799,0
PUMP-MONITOR,2026-01-18T05:35:00,467.79,3033.07,101.9,4.29,74.23,50.14,23.46,56.99,degraded,6,0,2,5,-2.6505,2.4008,-3.9791,0
PUMP-MONITOR,2026-01-18T05:40:00,474.53,3021.43,93.83,5.44,76.79,51.67,24.52,62.31,degraded,6,0,5,5,1.1521,-8.0746,2.5611,0
PUMP-MONITOR,2026-01-18T05:45:00,469.73,3087.61,108.94,4.56,75.68,52.31,24.57,71.3,degraded,6,2,5,5,-0.8838,15.1118,-1.1092,0
PUMP-MONITOR,2026-01-18T05:50:00,481.82,2985.65,110.22,4.29,83.1,51.52,24.82,65.23,degraded,6,0,5,5,-0.2697,1.2795,7.417,0
PUMP-MONITOR,2026-01-18T05:55:00,478.44,3016.99,112.57,6.42,84.65,53.64,25.66,80.73,critical,6,1,3,5,2.1342,2.3543,1.5535,1
PUMP-MONITOR,2026-01-18T06:00:00,479.08,3049.11,116.3,6.18,82.39,53.88,25.81,79.63,critical,6,0,1,5,-0.2429,3.7263,-2.2644,1
PUMP-MONITOR,2026-01-18T06:05:00,478.8,3120.24,96.99,5.29,72.93,53.49,25.61,73.1,degraded,6,0,3,5,-0.8961,-19.3136,-9.4562,0
PUMP-MONITOR,2026-01-18T06:10:00,482.07,2982.91,114.7,6.61,87.41,54.87,26.45,70.86,degraded,6,0,2,5,1.3215,17.7151,14.4776,0
PUMP-MONITOR,2026-01-18T06:15:00,476.79,3003.71,100.58,5.93,73.61,52.81,25.18,69.1,degraded,6,0,4,5,-0.676,-14.1239,-13.7991,0
PUMP-MONITOR,2026-01-18T06:20:00,473.4,3056.64,114.07,4.57,87.36,49.66,23.51,67.6,degraded,6,0,3,5,-1.3594,13.4878,13.7476,0
PUMP-MONITOR,2026-01-18T06:25:00,474.08,3146.54,105.9,6.23,76.97,50.76,24.06,56.84,degraded,6,0,3,5,1.6632,-8.1664,-10.3895,0
PUMP-MONITOR,2026-01-18T06:30:00,470.33,3020.34,106.13,4.28,76.6,53.06,24.95,80.93,degraded,6,1,6,5,-1.9551,0.2304,-0.3708,0
PUMP-MONITOR,2026-01-18T06:35:00,468.77,3035.2,115.69,6.37,75.57,51.95,24.35,76.17,degraded,6,1,5,5,2.0938,9.5591,-1.0302,0
PUMP-MONITOR,2026-01-18T06:40:00,468.57,3088.06,101.0,4.13,82.89,51.56,24.16,69.07,degraded,6,1,6,5,-2.2398,-14.6883,7.3195,0
PUMP-MONITOR,2026-01-18T06:45:00,481.22,3146.93,111.16,4.63,77.19,56.2,27.05,79.63,degraded,6,0,2,5,0.4943,10.1567,-5.6973,0
PUMP-MONITOR,2026-01-18T06:50:00,479.21,3177.65,108.27,4.64,86.14,51.18,24.53,65.03,degraded,6,0,4,5,0.0129,-2.8926,8.9506,0
PUMP-MONITOR,2026-01-18T06:55:00,468.96,2981.38,98.84,6.98,75.5,50.32,23.6,66.99,degraded,6,0,5,5,2.3401,-9.4259,-10.6441,0
PUMP-MONITOR,2026-01-18T07:00:00,472.75,3113.57,94.61,5.33,73.34,51.06,24.14,73.12,degraded,6,0,1,5,-1.6491,-4.2245,-2.1521,0
PUMP-MONITOR,2026-01-18T07:05:00,474.28,3255.94,104.47,5.5,82.49,55.62,26.38,80.87,critical,6,0,3,5,0.1641,9.8582,9.1449,1
PUMP-MONITOR,2026-01-18T07:10:00,469.42,3100.24,108.5,4.24,75.05,50.78,23.84,60.94,degraded,6,1,3,5,-1.255,4.0282,-7.4356,0
PUMP-MONITOR,2026-01-18T07:15:00,475.77,3026.15,98.5,5.84,74.84,51.92,24.7,75.47,degraded,6,0,1,5,1.6034,-10.0008,-0.2173,0
PUMP-MONITOR,2026-01-18T07:20:00,482.27,3005.23,95.4,4.22,87.37,53.17,25.64,72.74,degraded,6,0,4,5,-1.6273,-3.1027,12.53,0
PUMP-MONITOR,2026-01-18T07:25:00,467.69,3114.51,102.08,6.81,83.87,49.94,23.36,62.49,degraded,6,0,2,5,2.5899,6.6805,-3.4974,0
PUMP-MONITOR,2026-01-18T07:30:00,481.71,3187.78,107.46,5.44,81.86,54.32,26.17,80.9,critical,6,1,4,5,-1.3675,5.3856,-2.0129,1
PUMP-MONITOR,2026-01-18T07:35:00,475.75,3242.27,100.85,4.75,81.9,53.82,25.61,78.98,critical,6,0,2,5,-0.6931,-6.6184,0.0468,1
PUMP-MONITOR,2026-01-18T07:40:00,481.4,3028.62,97.36,4.66,76.71,50.77,24.44,68.19,degraded,6,0,4,5,-0.0893,-3.4868,-5.188,0
PUMP-MONITOR,2026-01-18T07:45:00,480.2,2986.5,108.99,6.42,76.44,53.58,25.73,80.88,degraded,6,0,2,5,1.7675,11.6331,-0.2766,0
PUMP-MONITOR,2026-01-18T07:50:00,485.44,3063.07,117.12,4.66,79.18,51.28,24.89,71.08,critical,6,1,3,5,-1.7603,8.1235,2.7387,1
PUMP-MONITOR,2026-01-18T07:55:00,476.02,3147.53,107.08,4.4,77.28,53.09,25.27,75.7,degraded,6,1,2,5,-0.2598,-10.0343,-1.8959,0
PUMP-MONITOR,2026-01-18T08:00:00,480.86,3029.12,111.54,6.96,83.86,53.57,25.76,80.89,critical,6,0,5,5,2.5556,4.4614,6.576,1
PUMP-MONITOR,2026-01-18T08:05:00,468.46,3239.76,112.71,6.09,86.87,49.86,23.36,63.17,degraded,6,0,5,5,-0.8663,1.1667,3.0147,0
PUMP-MONITOR,2026-01-18T08:10:00,486.16,3097.76,103.33,6.91,81.99,54.85,26.67,69.02,critical,6,1,4,5,0.8165,-9.3796,-4.8836,1
PUMP-MONITOR,2026-01-18T08:15:00,485.28,3268.91,96.96,5.92,83.2,51.83,25.15,71.41,critical,6,1,2,5,-0.9897,-6.3656,1.2122,1
PUMP-MONITOR,2026-01-18T08:20:00,475.07,3035.71,108.88,6.12,86.76,53.98,25.64,71.66,degraded,6,0,5,5,0.1984,11.9208,3.5625,0
PUMP-MONITOR,2026-01-18T08:25:00,469.65,2979.11,98.63,4.45,86.85,53.65,25.2,71.84,degraded,6,0,3,5,-1.6683,-10.2565,0.0841,0
PUMP-MONITOR,2026-01-18T08:30:00,486.94,3129.81,117.69,6.02,84.0,50.74,24.71,67.1,critical,6,1,4,5,1.5735,19.0589,-2.8471,1
PUMP-MONITOR,2026-01-18T08:35:00,481.32,3071.0,105.37,5.18,82.01,51.08,24.59,68.51,degraded,6,0,3,5,-0.8425,-12.3191,-1.9929,0
PUMP-MONITOR,2026-01-18 08:40:00,467.78,3155.28,127.26,5.27,83.37,52.12,24.38,73.2,degraded,6,1,3,5,0.0936,21.8946,1.3568,1
PUMP-MONITOR,2026-01-18 08:45:00,464.31,3183.99,126.04,5.12,87.6,52.49,24.37,84.09,degraded,6,0,3,5,-0.1495,-1.2231,4.2317,1
PUMP-MONITOR,2026-01-18 08:50:00,477.87,3280.98,124.1,7.1,86.71,53.29,25.47,64.88,degraded,6,1,3,5,1.9846,-1.9388,-0.8886,1
PUMP-MONITOR,2026-01-18 08:55:00,472.69,3165.57,122.96,7.48,78.62,51.36,24.28,76.06,degraded,6,1,3,5,0.3757,-1.137,-8.0858,1
PUMP-MONITOR,2026-01-18 09:00:00,466.22,3261.25,121.09,6.24,78.31,55.23,25.75,80.02,degraded,6,1,3,5,-1.2382,-1.8683,-0.3054,1
PUMP-MONITOR,2026-01-18 09:05:00,478.26,3295.37,123.25,6.92,80.54,54.13,25.89,72.12,degraded,6,1,3,5,0.6787,2.1575,2.2289,1
PUMP-MONITOR,2026-01-18 09:10:00,481.15,3271.55,129.12,7.56,87.29,55.07,26.5,74.43,degraded,6,1,3,5,0.6422,5.8728,6.7519,1
PUMP-MONITOR,2026-01-18 09:15:00,470.76,3306.61,128.55,4.57,85.7,52.98,24.94,66.75,degraded,6,1,3,5,-2.994,-0.571,-1.587,1
PUMP-MONITOR,2026-01-18 09:20:00,469.45,3217.16,126.63,6.43,85.56,52.99,24.87,80.07,degraded,6,0,3,5,1.8588,-1.9203,-0.1447,1
PUMP-MONITOR,2026-01-18 09:25:00,480.46,3311.55,125.05,4.73,81.75,50.64,24.33,68.33,degraded,6,0,3,5,-1.7005,-1.5845,-3.8147,1
PUMP-MONITOR,2026-01-18 09:30:00,477.06,3335.98,123.46,5.99,78.45,49.49,23.61,60.93,degraded,6,0,3,5,1.2584,-1.5949,-3.3018,1
PUMP-MONITOR,2026-01-18 09:35:00,478.0,3221.64,127.47,6.69,76.03,53.88,25.75,73.05,degraded,6,1,3,5,0.7007,4.0077,-2.4193,0
PUMP-MONITOR,2026-01-18 09:40:00,468.51,3329.04,126.02,4.88,82.28,50.56,23.69,67.36,degraded,6,1,3,5,-1.8086,-1.4479,6.2525,1
PUMP-MONITOR,2026-01-18 09:45:00,468.33,3268.08,122.81,5.11,78.2,48.8,22.85,64.44,degraded,6,1,3,5,0.2312,-3.2134,-4.0767,1
PUMP-MONITOR,2026-01-18 09:50:00,462.65,3226.83,125.85,7.21,81.49,49.6,22.95,71.11,degraded,6,1,3,5,2.0981,3.0447,3.292,1
PUMP-MONITOR,2026-01-18 09:55:00,473.85,3183.2,122.63,6.38,90.57,52.41,24.83,82.66,degraded,6,1,3,5,-0.8269,-3.2243,9.0796,1
PUMP-MONITOR,2026-01-18 10:00:00,481.35,3246.7,126.39,4.57,84.77,51.34,24.71,60.69,degraded,6,0,3,5,-1.8129,3.7552,-5.8022,1
PUMP-MONITOR,2026-01-18 10:05:00,462.7,3172.34,120.38,7.61,78.75,51.36,23.76,68.43,degraded,6,1,3,5,3.0437,-6.008,-6.0194,1
PUMP-MONITOR,2026-01-18 10:10:00,478.17,3250.42,125.35,7.86,86.26,53.8,25.72,66.69,degraded,6,1,3,5,0.251,4.9732,7.5144,1
PUMP-MONITOR,2026-01-18 10:15:00,463.58,3235.73,123.61,7.99,83.3,51.74,23.98,76.92,degraded,6,0,3,5,0.1311,-1.7443,-2.9649,1
PUMP-MONITOR,2026-01-18 10:20:00,465.1,3345.64,128.11,4.88,83.17,52.12,24.24,79.13,degraded,6,1,3,5,-3.114,4.502,-0.1262,1
PUMP-MONITOR,2026-01-18 10:25:00,463.78,3158.0,120.67,7.32,88.65,52.53,24.36,66.38,degraded,6,1,3,5,2.4435,-7.4374,5.4848,1
PUMP-MONITOR,2026-01-18 10:30:00,471.2,3332.18,121.12,7.34,76.24,50.81,23.94,67.29,degraded,6,0,3,5,0.0248,0.4525,-12.4141,0
PUMP-MONITOR,2026-01-18 10:35:00,474.61,3212.53,130.0,4.84,82.97,49.53,23.51,62.11,degraded,6,1,3,5,-2.502,8.8767,6.7256,1
PUMP-MONITOR,2026-01-18 10:40:00,472.58,3263.7,122.82,4.54,85.02,51.58,24.37,73.68,degraded,6,1,3,5,-0.2969,-7.1831,2.052,1
PUMP-MONITOR,2026-01-18 10:45:00,477.3,3252.17,122.67,6.04,80.63,54.49,26.01,78.54,degraded,6,1,3,5,1.4972,-0.1514,-4.3934,1
PUMP-MONITOR,2026-01-18 10:50:00,478.8,3258.66,127.2,5.81,90.88,51.34,24.58,64.8,degraded,6,0,3,5,-0.2307,4.5289,10.2485,1
PUMP-MONITOR,2026-01-18 10:55:00,463.1,3214.74,127.13,4.78,79.7,50.27,23.28,60.89,degraded,6,1,3,5,-1.0297,-0.0716,-11.1777,1
PUMP-MONITOR,2026-01-18 11:00:00,466.1,3212.07,129.53,7.94,82.46,53.65,25.01,74.34,degraded,6,0,3,5,3.1562,2.3963,2.7595,1
PUMP-MONITOR,2026-01-18 11:05:00,475.76,3273.19,127.56,6.7,90.89,49.54,23.57,62.76,degraded,6,0,3,5,-1.2438,-1.9688,8.4317,1
PUMP-MONITOR,2026-01-18 11:10:00,463.6,3179.86,124.16,6.88,77.02,52.08,24.15,65.06,degraded,6,1,3,5,0.1798,-3.3988,-13.8711,0
PUMP-MONITOR,2026-01-18 11:15:00,466.62,3200.57,129.63,6.54,87.5,53.32,24.88,78.33,degraded,6,1,3,5,-0.3388,5.4725,10.4751,1
PUMP-MONITOR,2026-01-18 11:20:00,472.69,3189.89,125.95,4.89,78.68,54.31,25.67,73.79,degraded,6,0,3,5,-1.6525,-3.675,-8.8246,1
PUMP-MONITOR,2026-01-18 11:25:00,467.88,3244.6,127.17,5.62,85.04,48.97,22.91,60.25,degraded,6,0,3,5,0.7288,1.2226,6.3627,1
PUMP-MONITOR,2026-01-18 11:30:00,481.55,3266.16,129.97,7.03,85.74,52.49,25.28,71.79,degraded,6,0,3,5,1.4109,2.7987,0.6963,1
PUMP-MONITOR,2026-01-18 11:35:00,476.8,3264.72,124.19,7.97,90.18,53.91,25.7,82.17,degraded,6,1,3,5,0.9365,-5.7835,4.4438,1
PUMP-MONITOR,2026-01-18 11:40:00,469.4,3161.98,122.19,6.19,87.87,52.25,24.53,61.89,degraded,6,1,3,5,-1.7808,-1.9971,-2.31,1
PUMP-MONITOR,2026-01-18 11:45:00,480.23,3321.05,126.77,6.31,80.92,53.25,25.57,66.32,degraded,6,1,3,5,0.1154,4.5803,-6.9524,1
PUMP-MONITOR,2026-01-18 11:50:00,468.36,3157.23,122.82,6.32,81.49,51.21,23.98,65.83,degraded,6,1,3,5,0.0054,-3.9457,0.5712,1
PUMP-MONITOR,2026-01-18 11:55:00,481.68,3256.52,120.0,5.13,81.54,49.61,23.89,61.37,degraded,6,1,3,5,-1.1896,-2.8166,0.0465,1
PUMP-MONITOR,2026-01-18 12:00:00,468.4,3185.53,122.55,5.74,80.93,49.7,23.28,63.17,degraded,6,1,3,5,0.606,2.5458,-0.6078,1
PUMP-MONITOR,2026-01-18 12:05:00,474.36,3322.55,120.8,7.61,82.02,51.46,24.41,77.21,degraded,6,1,3,5,1.8743,-1.7503,1.0876,1
PUMP-MONITOR,2026-01-18 12:10:00,468.58,3346.21,126.23,5.71,88.66,55.21,25.87,83.34,degraded,6,1,3,5,-1.9003,5.4263,6.6353,1
PUMP-MONITOR,2026-01-18 12:15:00,468.88,3240.07,126.31,6.35,80.78,50.57,23.71,61.22,degraded,6,1,3,5,0.6433,0.0804,-7.8782,1
PUMP-MONITOR,2026-01-18 12:20:00,473.28,3283.88,123.04,7.27,79.57,52.91,25.04,65.53,degraded,6,1,3,5,0.9238,-3.2747,-1.2051,1
PUMP-MONITOR,2026-01-18 12:25:00,478.34,3182.28,122.33,6.82,84.65,49.59,23.72,60.82,degraded,6,1,3,5,-0.4487,-0.7131,5.0797,1
PUMP-MONITOR,2026-01-18 12:30:00,468.34,3244.74,125.99,6.16,76.33,52.03,24.37,64.71,degraded,6,1,3,5,-0.6599,3.6559,-8.3156,0
PUMP-MONITOR,2026-01-18 12:35:00,467.41,3238.25,123.88,6.38,84.83,51.54,24.09,73.78,degraded,6,1,3,5,0.2234,-2.1116,8.4963,1
PUMP-MONITOR,2026-01-18 12:40:00,467.88,3231.4,120.43,6.52,83.86,49.71,23.26,60.29,degraded,6,0,3,5,0.1447,-3.4476,-0.9677,1
PUMP-MONITOR,2026-01-18 12:45:00,472.04,3269.05,128.38,7.59,80.88,54.24,25.6,79.31,degraded,6,1,3,5,1.0698,7.9525,-2.977,1
PUMP-MONITOR,2026-01-18 12:50:00,464.35,3186.3,124.18,6.69,85.9,51.38,23.86,66.2,degraded,6,1,3,5,-0.8956,-4.2032,5.0207,1
PUMP-MONITOR,2026-01-18 12:55:00,477.33,3299.83,124.39,4.94,87.36,54.73,26.12,80.48,degraded,6,0,3,5,-1.7515,0.2069,1.4612,1
PUMP-MONITOR,2026-01-18 13:00:00,474.94,3264.9,127.34,6.63,85.67,55.91,26.55,84.68,degraded,6,1,3,5,1.6927,2.9536,-1.6865,1
PUMP-MONITOR,2026-01-18 13:05:00,466.31,3185.06,124.65,6.62,84.81,50.01,23.32,60.83,degraded,6,1,3,5,-0.0104,-2.6941,-0.8573,1
PUMP-MONITOR,2026-01-18 13:10:00,477.91,3217.75,127.52,7.19,78.75,54.05,25.83,83.94,degraded,6,1,3,5,0.5706,2.8723,-6.055,1
PUMP-MONITOR,2026-01-18 13:15:00,480.04,3284.9,120.79,6.35,88.67,54.28,26.06,82.35,degraded,6,1,3,5,-0.8363,-6.7325,9.9216,1
PUMP-MONITOR,2026-01-18 13:20:00,470.11,3182.37,126.45,4.59,89.81,53.83,25.31,74.85,degraded,6,1,3,5,-1.7563,5.662,1.1378,1
PUMP-MONITOR,2026-01-18 13:25:00,473.35,3217.4,125.6,6.86,89.84,49.89,23.62,67.97,degraded,6,1,3,5,2.2688,-0.8462,0.0339,1
PUMP-MONITOR,2026-01-18 13:30:00,468.52,3302.49,129.22,5.31,81.29,50.8,23.8,60.72,degraded,6,0,3,5,-1.5512,3.6162,-8.5463,1
PUMP-MONITOR,2026-01-18 13:35:00,477.93,3206.53,122.6,6.15,82.66,50.48,24.13,61.1,degraded,6,1,3,5,0.8418,-6.624,1.3733,1
PUMP-MONITOR,2026-01-18 13:40:00,480.63,3209.62,121.31,5.95,80.14,55.63,26.74,77.9,degraded,6,1,3,5,-0.1952,-1.2901,-2.5171,1
PUMP-MONITOR,2026-01-18 13:45:00,468.41,3171.28,129.58,6.38,89.76,54.63,25.59,76.05,degraded,6,1,3,5,0.4317,8.2704,9.6234,1
PUMP-MONITOR,2026-01-18 13:50:00,465.71,3186.69,128.65,4.72,80.41,52.89,24.63,78.25,degraded,6,1,3,5,-1.6629,-0.9256,-9.3457,1
PUMP-MONITOR,2026-01-18 13:55:00,473.51,3191.09,127.56,5.29,85.58,55.73,26.39,83.27,degraded,6,1,3,5,0.5678,-1.0888,5.1749,1
PUMP-MONITOR,2026-01-18 14:00:00,474.3,3165.46,123.22,4.87,78.62,52.19,24.76,77.9,degraded,6,1,3,5,-0.4229,-4.3431,-6.9577,1
PUMP-MONITOR,2026-01-18 14:05:00,466.81,3326.74,126.73,6.79,83.67,52.09,24.32,73.6,degraded,6,1,3,5,1.921,3.5146,5.0491,1
PUMP-MONITOR,2026-01-18 14:10:00,463.97,3198.15,127.76,6.3,79.15,53.05,24.61,82.68,degraded,6,1,3,5,-0.4867,1.0298,-4.5186,1
PUMP-MONITOR,2026-01-18 14:15:00,476.31,3268.2,123.34,5.82,78.29,53.66,25.56,66.54,degraded,6,1,3,5,-0.4845,-4.417,-0.8609,1
PUMP-MONITOR,2026-01-18 14:20:00,463.21,3240.38,121.36,4.55,89.4,53.02,24.56,84.47,degraded,6,1,3,5,-1.27,-1.9787,11.1146,1
PUMP-MONITOR,2026-01-18 14:25:00,465.51,3234.24,125.53,7.85,77.01,54.56,25.4,77.14,degraded,6,1,3,5,3.3014,4.1707,-12.3936,0
PUMP-MONITOR,2026-01-18 14:30:00,480.83,3271.68,122.71,5.61,85.31,50.01,24.05,62.41,degraded,6,0,3,5,-2.2416,-2.8158,8.2963,1
PUMP-MONITOR,2026-01-18 14:35:00,474.22,3292.77,121.27,6.7,89.31,52.06,24.69,72.37,degraded,6,1,3,5,1.0865,-1.4377,4.0016,1
PUMP-MONITOR,2026-01-18 14:40:00,463.1,3260.13,120.91,4.77,81.21,48.8,22.6,61.84,degraded,6,1,3,5,-1.9318,-0.36,-8.1014,1
PUMP-MONITOR,2026-01-18 14:45:00,469.52,3307.82,120.58,5.83,90.76,49.53,23.26,68.55,degraded,6,1,3,5,1.0635,-0.3253,9.548,1
PUMP-MONITOR,2026-01-18 14:50:00,481.35,3230.89,127.52,4.67,81.69,56.41,27.15,80.79,degraded,6,1,3,5,-1.1596,6.9403,-9.0681,1
PUMP-MONITOR,2026-01-18 14:55:00,473.13,3230.06,126.18,5.72,89.86,52.34,24.76,62.82,degraded,6,1,3,5,1.0533,-1.3449,8.1749,1
PUMP-MONITOR,2026-01-18 15:00:00,478.72,3227.08,124.08,6.7,88.13,50.96,24.39,65.13,degraded,6,0,3,5,0.9773,-2.0981,-1.727,1
PUMP-MONITOR,2026-01-18 15:05:00,481.54,3304.09,127.95,5.46,84.11,54.12,26.06,77.71,degraded,6,0,3,5,-1.2426,3.8713,-4.0248,1
PUMP-MONITOR,2026-01-18 15:10:00,472.08,3307.39,128.27,6.73,88.6,49.27,23.26,60.7,degraded,6,1,3,5,1.2704,0.3188,4.4855,1
PUMP-MONITOR,2026-01-18 15:15:00,472.83,3344.19,127.63,6.28,83.94,53.1,25.11,68.77,degraded,6,0,3,5,-0.4525,-0.6359,-4.6573,1
PUMP-MONITOR,2026-01-18 15:20:00,478.16,3337.54,124.53,6.68,89.2,54.27,25.95,84.83,degraded,6,1,3,5,0.3951,-3.1034,5.2553,1
PUMP-MONITOR,2026-01-18 15:25:00,466.09,3214.01,124.02,6.36,90.41,50.77,23.66,67.97,degraded,6,1,3,5,-0.3192,-0.5141,1.2117,1
PUMP-MONITOR,2026-01-18 15:30:00,479.62,3206.16,129.78,6.99,87.35,54.84,26.3,82.31,degraded,6,0,3,5,0.6291,5.7566,-3.0589,1
PUMP-MONITOR,2026-01-18 15:35:00,475.14,3345.51,126.97,4.52,89.93,52.71,25.04,68.09,degraded,6,0,3,5,-2.4704,-2.8147,2.5765,1
PUMP-MONITOR,2026-01-18 15:40:00,478.75,3270.68,128.93,4.86,85.06,53.48,25.6,69.77,degraded,6,1,3,5,0.3411,1.9598,-4.8668,1
PUMP-MONITOR,2026-01-18 15:45:00,468.31,3306.63,120.05,5.33,79.5,55.69,26.08,82.61,degraded,6,0,3,5,0.474,-8.88,-5.555,1
PUMP-MONITOR,2026-01-18 15:50:00,469.38,3163.04,123.57,5.41,84.32,52.12,24.46,75.95,degraded,6,1,3,5,0.0819,3.517,4.8229,1
PUMP-MONITOR,2026-01-18 15:55:00,462.31,3213.25,126.57,5.55,79.28,49.49,22.88,64.98,degraded,6,0,3,5,0.1362,3.0016,-5.0401,1
PUMP-MONITOR,2026-01-18 16:00:00,465.83,3177.39,128.81,5.55,84.14,49.98,23.28,63.13,degraded,6,1,3,5,-0.0036,2.2422,4.8634,1
PUMP-MONITOR,2026-01-18 16:05:00,479.32,3242.57,122.77,5.68,85.02,52.42,25.12,62.55,degraded,6,1,3,5,0.133,-6.0355,0.8838,1
PUMP-MONITOR,2026-01-18 16:10:00,478.43,3260.98,122.89,4.92,81.48,53.3,25.5,75.97,degraded,6,0,3,5,-0.7586,0.1194,-3.5429,1
PUMP-MONITOR,2026-01-18 16:15:00,474.52,3329.45,128.19,5.65,90.91,52.85,25.08,70.55,degraded,6,1,3,5,0.734,5.3038,9.4336,1
PUMP-MONITOR,2026-01-18 16:20:00,474.35,3315.88,127.79,7.95,90.35,54.34,25.78,76.35,degraded,6,1,3,5,2.2977,-0.3978,-0.5564,1
PUMP-MONITOR,2026-01-18 16:25:00,474.67,3156.6,125.83,6.04,85.5,51.3,24.35,69.88,degraded,6,1,3,5,-1.9128,-1.9568,-4.8496,1
PUMP-MONITOR,2026-01-18 16:30:00,474.33,3273.31,128.91,5.78,89.34,52.95,25.11,72.36,degraded,6,1,3,5,-0.2607,3.0774,3.8402,1
PUMP-MONITOR,2026-01-18 16:35:00,472.59,3187.65,122.14,4.8,81.3,53.85,25.45,71.12,degraded,6,1,3,5,-0.9799,-6.7666,-8.0421,1
PUMP-MONITOR,2026-01-18 16:40:00,481.12,3243.82,128.62,7.93,87.71,52.72,25.36,71.65,degraded,6,1,3,5,3.1345,6.4844,6.4056,1
PUMP-MONITOR,2026-01-18 16:45:00,468.67,3293.13,128.26,4.78,86.14,49.97,23.42,65.08,degraded,6,0,3,5,-3.1491,-0.3571,-1.5696,1
PUMP-MONITOR,2026-01-18 16:50:00,469.22,3249.98,124.37,7.61,78.68,52.91,24.83,79.54,degraded,6,1,3,5,2.8337,-3.8905,-7.462,1
PUMP-MONITOR,2026-01-18 16:55:00,465.08,3189.95,128.92,5.37,76.64,51.88,24.13,80.41,degraded,6,1,3,5,-2.2361,4.548,-2.0433,0
PUMP-MONITOR,2026-01-18 17:00:00,472.93,3237.41,126.02,6.65,82.94,51.56,24.38,67.49,degraded,6,0,3,5,1.2821,-2.9025,6.2974,1
PUMP-MONITOR,2026-01-18 17:05:00,480.77,3325.65,127.36,5.46,86.03,50.13,24.1,65.35,degraded,6,0,3,5,-1.1867,1.3396,3.0916,1
PUMP-MONITOR,2026-01-18 17:10:00,469.01,3157.51,127.63,4.93,79.74,55.3,25.94,82.38,degraded,6,1,3,5,-0.528,0.2733,-6.2883,1
PUMP-MONITOR,2026-01-18 17:15:00,477.53,3199.91,128.97,5.64,89.54,52.13,24.89,70.76,degraded,6,1,3,5,0.7059,1.3408,9.7975,1
PUMP-MONITOR,2026-01-18 17:20:00,464.58,3228.35,128.32,4.74,77.42,52.56,24.42,78.28,degraded,6,0,3,5,-0.8998,-0.6498,-12.1212,0
PUMP-MONITOR,2026-01-18 17:25:00,481.78,3198.39,124.06,4.62,87.24,53.25,25.66,65.8,degraded,6,0,3,5,-0.1158,-4.2578,9.8158,1
PUMP-MONITOR,2026-01-18 17:30:00,468.73,3321.42,121.56,5.23,80.72,51.0,23.9,69.19,degraded,6,0,3,5,0.6103,-2.4967,-6.525,1
PUMP-MONITOR,2026-01-18 17:35:00,477.92,3178.7,125.0,4.64,76.9,50.52,24.14,63.76,degraded,6,1,3,5,-0.5852,3.4353,-3.8179,0
PUMP-MONITOR,2026-01-18 17:40:00,466.97,3172.66,121.33,4.78,85.84,53.97,25.2,84.18,degraded,6,1,3,5,0.1366,-3.6679,8.941,1
PUMP-MONITOR,2026-01-18 17:45:00,465.82,3217.6,129.95,6.61,89.6,50.97,23.74,61.1,degraded,6,1,3,5,1.8302,8.6238,3.7646,1
PUMP-MONITOR,2026-01-18 17:50:00,481.85,3188.85,121.42,4.81,90.95,50.47,24.32,60.16,degraded,6,0,3,5,-1.8048,-8.5304,1.3545,1
PUMP-MONITOR,2026-01-18 17:55:00,463.39,3300.85,129.14,6.15,81.97,49.25,22.82,64.08,degraded,6,1,3,5,1.341,7.7196,-8.9783,1
PUMP-MONITOR,2026-01-18 18:00:00,480.96,3233.16,129.89,5.47,83.94,51.39,24.72,66.47,degraded,6,1,3,5,-0.6833,0.7459,1.9714,1
PUMP-MONITOR,2026-01-18 18:05:00,481.37,3182.65,123.89,7.94,90.9,53.26,25.64,77.59,degraded,6,1,3,5,2.4724,-6.0022,6.9639,1
PUMP-MONITOR,2026-01-18 18:10:00,467.35,3341.79,127.57,6.03,82.79,51.36,24.0,78.79,degraded,6,1,3,5,-1.9063,3.678,-8.1054,1
PUMP-MONITOR,2026-01-18 18:15:00,481.68,3277.07,129.49,6.26,78.07,53.02,25.54,79.02,degraded,6,1,3,5,0.2342,1.9194,-4.7178,1
PUMP-MONITOR,2026-01-18 18:20:00,474.0,3151.49,122.18,6.09,78.97,55.63,26.37,81.97,degraded,6,1,3,5,-0.17,-7.3081,0.9046,1
PUMP-MONITOR,2026-01-18 18:25:00,477.25,3239.79,126.22,5.88,85.11,52.16,24.89,72.08,degraded,6,0,3,5,-0.2072,4.0436,6.1402,1
PUMP-MONITOR,2026-01-18 18:30:00,464.67,3151.46,121.2,4.95,89.37,49.45,22.98,70.66,degraded,6,1,3,5,-0.9284,-5.0166,4.2553,1
PUMP-MONITOR,2026-01-18 18:35:00,465.8,3303.05,121.05,6.91,78.67,51.82,24.14,77.32,degraded,6,1,3,5,1.9626,-0.1514,-10.7037,1
PUMP-MONITOR,2026-01-18 18:40:00,474.44,3153.68,120.11,5.53,83.5,53.65,25.45,73.53,degraded,6,1,3,5,-1.3796,-0.941,4.8345,1
PUMP-MONITOR,2026-01-18 18:45:00,475.04,3282.91,121.23,7.35,81.81,52.79,25.08,74.33,degraded,6,1,3,5,1.8232,1.1243,-1.6927,1
PUMP-MONITOR,2026-01-18 18:50:00,478.93,3219.78,123.87,5.26,79.0,52.02,24.91,69.31,degraded,6,0,3,5,-2.0905,2.6446,-2.8076,1
PUMP-MONITOR,2026-01-18 18:55:00,464.38,3306.65,128.65,4.61,82.63,51.05,23.71,72.09,degraded,6,1,3,5,-0.6544,4.7753,3.6285,1
PUMP-MONITOR,2026-01-18 19:00:00,477.96,3202.71,127.42,5.45,88.98,56.06,26.79,82.84,degraded,6,1,3,5,0.8419,-1.2313,6.3518,1
PUMP-MONITOR,2026-01-18 19:05:00,475.21,3230.97,129.51,6.21,88.99,55.04,26.15,78.71,degraded,6,1,3,5,0.756,2.0943,0.008,1
PUMP-MONITOR,2026-01-18 19:10:00,475.21,3340.62,122.42,4.95,85.44,55.24,26.25,78.0,degraded,6,1,3,5,-1.2628,-7.0882,-3.5521,1
PUMP-MONITOR,2026-01-18 19:15:00,467.25,3188.21,126.09,5.87,86.11,53.62,25.05,73.48,degraded,6,1,3,5,0.916,3.6731,0.6694,1
PUMP-MONITOR,2026-01-18 19:20:00,480.47,3169.46,123.37,6.23,83.12,53.48,25.69,67.76,degraded,6,1,3,5,0.3634,-2.718,-2.994,1
PUMP-MONITOR,2026-01-18 19:25:00,474.11,3299.31,122.67,7.13,83.92,53.22,25.23,83.81,degraded,6,0,3,5,0.8991,-0.704,0.7983,1
PUMP-MONITOR,2026-01-18 19:30:00,472.32,3157.74,128.05,7.12,90.46,49.22,23.25,64.29,degraded,6,0,3,5,-0.0057,5.375,6.5358,1
PUMP-MONITOR,2026-01-18 19:35:00,469.24,3298.1,122.17,4.64,77.38,54.5,25.58,78.14,degraded,6,1,3,5,-2.4766,-5.878,-13.0788,0
PUMP-MONITOR,2026-01-18 19:40:00,475.74,3339.78,124.51,6.83,83.87,54.83,26.08,73.76,degraded,6,1,3,5,2.1938,2.3441,6.4941,1
PUMP-MONITOR,2026-01-18 19:45:00,463.44,3249.15,128.37,5.36,87.02,55.25,25.61,83.41,degraded,6,1,3,5,-1.4735,3.8625,3.145,1
PUMP-MONITOR,2026-01-18 19:50:00,481.14,3188.3,128.25,7.79,83.81,49.78,23.95,64.56,degraded,6,1,3,5,2.4337,-0.1219,-3.2149,1
PUMP-MONITOR,2026-01-18 19:55:00,480.31,3181.67,127.79,6.73,86.44,54.59,26.22,76.43,degraded,6,1,3,5,-1.0637,-0.4576,2.6256,1
PUMP-MONITOR,2026-01-18 20:00:00,472.37,3294.6,121.84,6.28,88.86,53.04,25.06,76.19,degraded,6,0,3,5,-0.4527,-5.9511,2.4191,1
PUMP-MONITOR,2026-01-18 20:05:00,480.1,3265.94,127.99,6.99,83.13,50.07,24.04,62.58,degraded,6,1,3,5,0.7143,6.1481,-5.7317,1
PUMP-MONITOR,2026-01-18 20:10:00,472.96,3323.76,129.15,4.75,84.57,51.82,24.51,69.2,degraded,6,1,3,5,-2.2397,1.1578,1.4367,1
PUMP-MONITOR,2026-01-18 20:15:00,478.92,3150.84,121.82,7.46,80.56,55.56,26.61,77.73,degraded,6,1,3,5,2.7119,-7.3301,-4.0109,1
PUMP-MONITOR,2026-01-18 20:20:00,468.87,3293.28,126.32,7.96,89.37,51.49,24.14,74.33,degraded,6,1,3,5,0.4983,4.4986,8.813,1
PUMP-MONITOR,2026-01-18 20:25:00,479.5,3214.35,121.38,5.28,76.99,51.25,24.57,62.38,degraded,6,1,3,5,-2.6794,-4.9403,-12.3762,0
PUMP-MONITOR,2026-01-18 20:30:00,466.65,3275.32,124.36,7.99,89.49,50.61,23.62,71.63,degraded,6,0,3,5,2.7148,2.977,12.5031,1
PUMP-MONITOR,2026-01-18 20:35:00,480.48,3273.09,121.32,6.01,82.31,51.65,24.82,67.03,degraded,6,1,3,5,-1.9772,-3.0415,-7.1839,1
PUMP-MONITOR,2026-01-18 20:40:00,465.38,3243.31,129.32,5.75,78.59,51.85,24.13,61.51,degraded,6,0,3,5,-0.2564,7.9986,-3.7172,1
PUMP-MONITOR,2026-01-18 20:45:00,477.97,3222.95,129.18,7.61,86.77,52.68,25.18,66.68,degraded,6,1,3,5,1.8607,-0.1358,8.1766,1
PUMP-MONITOR,2026-01-18 20:50:00,468.86,3222.28,122.37,5.09,87.13,54.34,25.48,79.67,degraded,6,1,3,5,-2.5239,-6.8137,0.3619,1
PUMP-MONITOR,2026-01-18 20:55:00,468.62,3157.93,129.96,7.59,84.14,54.47,25.52,82.4,degraded,6,0,3,5,2.4951,7.586,-2.9906,1
PUMP-MONITOR,2026-01-18 21:00:00,473.66,3291.66,121.14,7.78,90.25,50.25,23.8,67.73,degraded,6,1,3,5,0.1947,-8.8226,6.1067,1
PUMP-MONITOR,2026-01-18 21:05:00,463.11,3244.48,121.58,6.12,80.57,53.34,24.7,72.16,degraded,6,1,3,5,-1.6606,0.4373,-9.6768,1
PUMP-MONITOR,2026-01-18 21:10:00,473.55,3240.5,120.4,4.98,89.72,50.38,23.86,61.71,degraded,6,1,3,5,-1.1444,-1.185,9.147,1
PUMP-MONITOR,2026-01-18 21:15:00,466.53,3320.76,129.31,4.79,89.54,51.66,24.1,77.91,degraded,6,1,3,5,-0.1887,8.912,-0.1845,1
PUMP-MONITOR,2026-01-18 21:20:00,472.88,3201.13,123.77,5.26,80.13,54.56,25.8,84.5,degraded,6,0,3,5,0.4706,-5.5403,-9.4054,1
PUMP-MONITOR,2026-01-18 21:25:00,463.01,3274.81,120.18,7.73,84.2,53.0,24.54,72.81,degraded,6,1,3,5,2.4706,-3.5935,4.069,1
PUMP-MONITOR,2026-01-18 21:30:00,466.33,3202.48,124.88,7.94,89.49,51.78,24.15,64.29,degraded,6,0,3,5,0.2079,4.6967,5.2872,1
PUMP-MONITOR,2026-01-18 21:35:00,478.16,3316.99,125.32,5.15,79.47,51.41,24.58,68.7,degraded,6,0,3,5,-2.7861,0.4435,-10.0241,1
PUMP-MONITOR,2026-01-18 21:40:00,471.82,3336.53,122.38,5.57,78.71,48.6,22.93,61.11,degraded,6,0,3,5,0.4218,-2.9366,-0.7615,1
PUMP-MONITOR,2026-01-18 21:45:00,464.4,3286.63,120.69,7.49,81.03,49.61,23.04,69.62,degraded,6,1,3,5,1.92,-1.6854,2.315,1
PUMP-MONITOR,2026-01-18 21:50:00,466.0,3341.95,120.17,6.65,78.69,51.64,24.06,78.85,degraded,6,1,3,5,-0.8429,-0.5208,-2.3398,1
PUMP-MONITOR,2026-01-18 21:55:00,481.86,3192.43,128.86,5.01,82.68,52.48,25.29,70.81,degraded,6,1,3,5,-1.6447,8.6858,3.9938,1
PUMP-MONITOR,2026-01-18 22:00:00,473.84,3180.81,123.11,4.92,77.83,53.99,25.58,75.64,degraded,6,0,3,5,-0.0871,-5.7534,-4.8546,0
PUMP-MONITOR,2026-01-18 22:05:00,470.41,3346.51,120.66,5.94,78.74,51.58,24.26,72.58,degraded,6,1,3,5,1.0214,-2.4511,0.9056,1
PUMP-MONITOR,2026-01-18 22:10:00,479.74,3280.61,123.88,5.67,86.99,52.22,25.05,77.09,degraded,6,0,3,5,-0.2677,3.2166,8.2525,1
PUMP-MONITOR,2026-01-18 22:15:00,474.33,3164.29,126.53,4.82,81.75,51.69,24.52,76.66,degraded,6,1,3,5,-0.8525,2.6493,-5.2368,1
PUMP-MONITOR,2026-01-18 22:20:00,474.82,3187.8,127.34,6.14,77.8,50.17,23.82,63.05,degraded,6,0,3,5,1.3169,0.8069,-3.9482,0
PUMP-MONITOR,2026-01-18 22:25:00,470.79,3228.61,120.42,7.82,90.5,52.39,24.66,72.31,degraded,6,1,3,5,1.6809,-6.9161,12.7013,1
PUMP-MONITOR,2026-01-18 22:30:00,463.5,3344.92,124.63,4.51,77.93,50.24,23.29,69.68,degraded,6,1,3,5,-3.3148,4.2071,-12.5738,0
PUMP-MONITOR,2026-01-18 22:35:00,472.61,3170.5,121.69,6.11,85.42,54.77,25.89,79.45,degraded,6,1,3,5,1.6012,-2.9435,7.487,1
PUMP-MONITOR,2026-01-18 22:40:00,475.65,3209.22,129.25,7.18,86.9,52.07,24.77,64.64,degraded,6,1,3,5,1.0695,7.5635,1.4834,1
PUMP-MONITOR,2026-01-18 22:45:00,479.23,3301.93,123.6,5.36,83.89,54.96,26.34,81.15,degraded,6,1,3,5,-1.817,-5.6513,-3.0087,1
PUMP-MONITOR,2026-01-18 22:50:00,476.91,3295.05,127.43,5.24,77.06,52.16,24.87,73.31,degraded,6,0,3,5,-0.1166,3.8328,-6.8274,0
PUMP-MONITOR,2026-01-18 22:55:00,469.81,3207.39,128.46,4.58,87.97,52.92,24.86,65.97,degraded,6,1,3,5,-0.6563,1.0328,10.9148,1
PUMP-MONITOR,2026-01-18 23:00:00,479.52,3232.49,126.78,4.84,85.25,54.78,26.27,72.6,degraded,6,1,3,5,0.2615,-1.6838,-2.7186,1
PUMP-MONITOR,2026-01-18 23:05:00,468.38,3193.29,124.73,6.03,82.51,55.15,25.83,84.97,degraded,6,0,3,5,1.1905,-2.0548,-2.745,1
PUMP-MONITOR,2026-01-18 23:10:00,479.47,3263.33,120.53,6.05,80.64,53.44,25.62,81.79,degraded,6,1,3,5,0.0181,-4.2028,-1.8703,1
PUMP-MONITOR,2026-01-18 23:15:00,474.68,3299.98,123.42,5.48,86.78,54.44,25.84,78.03,degraded,6,0,3,5,-0.5746,2.8926,6.1422,1
PUMP-MONITOR,2026-01-18 23:20:00,475.39,3212.3,128.9,5.77,81.08,55.01,26.15,79.04,degraded,6,1,3,5,0.2944,5.4843,-5.7022,1
PUMP-MONITOR,2026-01-18 23:25:00,462.66,3320.21,120.53,6.39,87.72,51.51,23.83,63.44,degraded,6,1,3,5,0.6186,-8.3702,6.639,1
PUMP-MONITOR,2026-01-18 23:30:00,480.85,3296.77,123.66,6.6,84.66,52.44,25.22,63.03,degraded,6,1,3,5,0.2063,3.1319,-3.0605,1
PUMP-MONITOR,2026-01-18 23:35:00,476.43,3162.57,129.98,7.03,76.31,52.73,25.12,62.95,degraded,6,0,3,5,0.4311,6.3249,-8.3489,0
PUMP-MONITOR,2026-01-18 23:40:00,479.83,3197.94,125.92,7.33,80.08,56.46,27.09,81.15,degraded,6,1,3,5,0.3027,-4.0635,3.7662,1
PUMP-MONITOR,2026-01-18 23:45:00,462.29,3279.21,129.07,4.92,78.81,51.05,23.6,72.79,degraded,6,1,3,5,-2.4057,3.1542,-1.2668,1
PUMP-MONITOR,2026-01-18 23:50:00,481.1,3339.55,121.05,6.55,81.24,50.28,24.19,61.14,degraded,6,0,3,5,1.6315,-8.0207,2.428,1
PUMP-MONITOR,2026-01-18 23:55:00,464.23,3152.3,123.32,4.66,80.77,50.11,23.26,71.84,degraded,6,0,3,5,-1.8931,2.2698,-0.4684,1
PUMP-MONITOR,2026-01-19 00:00:00,464.42,3338.4,121.8,5.66,78.73,53.17,24.69,78.48,degraded,6,1,3,5,1.0047,-1.5188,-2.0389,1
PUMP-MONITOR,2026-01-19 00:05:00,466.42,3235.2,126.95,5.94,81.17,52.12,24.31,70.75,degraded,6,1,3,5,0.2786,5.1489,2.4364,1
PUMP-MONITOR,2026-01-19 00:10:00,471.41,3286.66,121.01,4.94,78.61,50.57,23.84,69.82,degraded,6,1,3,5,-0.9995,-5.9438,-2.5616,1
PUMP-MONITOR,2026-01-19 00:15:00,471.66,3210.56,122.34,7.85,85.4,50.7,23.92,71.7,degraded,6,1,3,5,2.9116,1.3253,6.7852,1
PUMP-MONITOR,2026-01-19 00:20:00,469.68,3226.01,127.24,7.69,81.93,56.1,26.35,84.61,degraded,6,0,3,5,-0.1627,4.9016,-3.4687,1
PUMP-MONITOR,2026-01-19 00:25:00,466.58,3324.92,127.59,5.5,84.08,48.17,22.48,61.03,degraded,6,1,3,5,-2.1903,0.3452,2.1547,1
PUMP-MONITOR,2026-01-19 00:30:00,476.11,3173.01,124.17,6.19,87.33,55.43,26.39,78.65,degraded,6,0,3,5,0.6857,-3.4233,3.2462,1
PUMP-MONITOR,2026-01-19 00:35:00,476.83,3262.19,124.7,6.89,81.79,50.28,23.98,68.12,degraded,6,1,3,5,0.7024,0.5265,-5.5354,1
PUMP-MONITOR,2026-01-19 00:40:00,474.58,3266.59,123.53,5.76,79.54,52.35,24.85,74.44,degraded,6,1,3,5,-1.1325,-1.166,-2.2515,1
PUMP-MONITOR,2026-01-19 00:45:00,480.05,3150.78,129.96,4.71,89.38,51.97,24.95,69.79,degraded,6,1,3,5,-1.05,6.4258,9.8377,1
PUMP-MONITOR,2026-01-19 00:50:00,477.22,3278.3,127.78,6.16,83.66,56.38,26.91,83.34,degraded,6,1,3,5,1.45,-2.1841,-5.7177,1
PUMP-MONITOR,2026-01-19 00:55:00,473.94,3288.69,128.14,4.86,81.01,50.4,23.88,63.81,degraded,6,0,3,5,-1.3038,0.359,-2.646,1
PUMP-MONITOR,2026-01-19 01:00:00,471.5,3178.45,125.67,5.7,79.48,50.48,23.8,68.5,degraded,6,1,3,5,0.8405,-2.4738,-1.5294,1
PUMP-MONITOR,2026-01-19 01:05:00,473.04,3347.61,122.55,5.4,90.74,51.26,24.25,72.46,degraded,6,1,3,5,-0.2961,-3.1209,11.2563,1
PUMP-MONITOR,2026-01-19 01:10:00,477.55,3323.74,122.64,7.77,83.92,55.17,26.35,81.58,degraded,6,1,3,5,2.3679,0.086,-6.8235,1
PUMP-MONITOR,2026-01-19 01:15:00,478.41,3283.73,125.58,7.76,78.8,50.67,24.24,63.61,degraded,6,0,3,5,-0.0072,2.9367,-5.117,1
PUMP-MONITOR,2026-01-19 01:20:00,474.66,3252.47,124.7,6.06,89.47,54.55,25.89,73.46,degraded,6,1,3,5,-1.7009,-0.8762,10.668,1
PUMP-MONITOR,2026-01-19 01:25:00,468.01,3154.33,124.71,7.44,79.77,54.28,25.4,74.94,degraded,6,1,3,5,1.3786,0.0061,-9.6956,1
PUMP-MONITOR,2026-01-19 01:30:00,481.46,3241.47,121.98,5.09,77.22,53.75,25.88,76.75,degraded,6,1,3,5,-2.3503,-2.7265,-2.5525,0
PUMP-MONITOR,2026-01-19 01:35:00,470.92,3190.69,128.1,7.43,78.22,51.87,24.43,80.22,degraded,6,1,3,5,2.3365,6.124,1.0038,1
PUMP-MONITOR,2026-01-19 01:40:00,476.2,3238.78,127.23,7.98,76.3,53.86,25.65,77.54,degraded,6,1,3,5,0.5541,-0.8665,-1.922,0
PUMP-MONITOR,2026-01-19 01:45:00,475.7,3180.33,125.83,6.19,76.88,53.0,25.21,83.36,degraded,6,1,3,5,-1.786,-1.403,0.5839,0
PUMP-MONITOR,2026-01-19 01:50:00,467.87,3259.21,123.57,6.02,82.69,50.55,23.65,67.64,degraded,6,0,3,5,-0.1676,-2.2627,5.8075,1
PUMP-MONITOR,2026-01-19 01:55:00,462.16,3193.24,127.91,6.74,84.34,51.64,23.86,67.58,degraded,6,1,3,5,0.7235,4.3369,1.6489,1
PUMP-MONITOR,2026-01-19 02:00:00,480.58,3210.63,125.6,5.71,78.25,51.57,24.78,60.04,degraded,6,1,3,5,-1.0301,-2.311,-6.086,1
PUMP-MONITOR,2026-01-19 02:05:00,463.23,3177.98,125.69,4.97,78.05,53.02,24.56,80.47,degraded,6,1,3,5,-0.7424,0.0897,-0.2024,1
PUMP-MONITOR,2026-01-19 02:10:00,467.6,3175.24,121.02,4.87,89.11,51.93,24.28,82.66,degraded,6,1,3,5,-0.099,-4.6722,11.056,1
PUMP-MONITOR,2026-01-19 02:15:00,468.56,3296.33,121.7,7.06,79.49,49.92,23.39,61.2,degraded,6,0,3,5,2.191,0.6845,-9.6216,1
PUMP-MONITOR,2026-01-19 02:20:00,469.6,3171.43,126.71,4.59,87.51,54.14,25.42,73.06,degraded,6,1,3,5,-2.4708,5.0071,8.0173,1
PUMP-MONITOR,2026-01-19 02:25:00,465.74,3281.33,126.49,7.37,76.51,52.03,24.23,63.05,degraded,6,0,3,5,2.7758,-0.2227,-10.9961,0
PUMP-MONITOR,2026-01-19 02:30:00,471.43,3322.03,120.03,5.57,86.0,55.83,26.32,83.74,degraded,6,1,3,5,-1.7959,-6.4571,9.4937,1
PUMP-MONITOR,2026-01-19 02:35:00,470.81,3180.7,129.44,5.84,80.11,53.6,25.24,79.78,degraded,6,1,3,5,0.2674,9.41,-5.8944,1
PUMP-MONITOR,2026-01-19 02:40:00,467.86,3227.47,126.16,6.74,88.66,53.07,24.83,72.57,degraded,6,1,3,5,0.9014,-3.2782,8.5536,1
PUMP-MONITOR,2026-01-19 02:45:00,466.13,3167.97,123.13,5.06,80.67,50.7,23.63,74.94,degraded,6,1,3,5,-1.6843,-3.0262,-7.9904,1
PUMP-MONITOR,2026-01-19 02:50:00,478.91,3298.41,127.39,6.73,77.55,52.34,25.06,62.59,degraded,6,1,3,5,1.6742,4.2634,-3.1151,0
PUMP-MONITOR,2026-01-19 02:55:00,475.86,3271.93,122.13,6.03,84.57,53.79,25.6,68.42,degraded,6,0,3,5,-0.6963,-5.2631,7.0206,1
PUMP-MONITOR,2026-01-19 03:00:00,481.05,3316.32,124.54,5.28,76.95,53.37,25.68,73.75,degraded,6,1,3,5,-0.7526,2.4098,-7.6173,0
PUMP-MONITOR,2026-01-19 03:05:00,472.7,3304.68,123.81,5.96,84.88,50.79,24.01,60.27,degraded,6,1,3,5,0.6818,-0.7333,7.9266,1
PUMP-MONITOR,2026-01-19 03:10:00,471.81,3333.18,125.36,5.08,88.29,52.06,24.56,81.41,degraded,6,1,3,5,-0.8758,1.5482,3.4089,1
PUMP-MONITOR,2026-01-19 03:15:00,464.11,3199.26,124.55,7.74,77.3,51.9,24.09,73.88,degraded,6,1,3,5,2.6553,-0.8141,-10.9859,0
PUMP-MONITOR,2026-01-19 03:20:00,475.84,3178.14,122.44,5.0,76.24,52.74,25.1,76.01,degraded,6,1,3,5,-2.7431,-2.106,-1.0588,0
PUMP-MONITOR,2026-01-19 03:25:00,471.9,3174.51,124.9,5.95,88.86,51.85,24.47,78.64,degraded,6,1,3,5,0.9481,2.456,12.6206,1
PUMP-MONITOR,2026-01-19 03:30:00,471.39,3326.94,122.56,7.68,79.59,53.77,25.35,72.4,degraded,6,0,3,5,1.7283,-2.343,-9.2719,1
PUMP-MONITOR,2026-01-19 03:35:00,468.24,3200.14,128.24,5.69,89.51,53.26,24.94,75.22,degraded,6,1,3,5,-1.989,5.6797,9.918,1
PUMP-MONITOR,2026-01-19 03:40:00,464.99,3235.82,122.57,6.84,87.58,53.34,24.8,78.79,degraded,6,1,3,5,1.1458,-5.6715,-1.9302,1
PUMP-MONITOR,2026-01-19 03:45:00,470.85,3296.76,122.66,5.26,83.26,54.44,25.63,75.47,degraded,6,0,3,5,-1.5755,0.0937,-4.3241,1
PUMP-MONITOR,2026-01-19 03:50:00,462.0,3251.87,121.94,4.7,79.79,50.34,23.26,75.82,degraded,6,1,3,5,-0.5567,-0.718,-3.4666,1
PUMP-MONITOR,2026-01-19 03:55:00,462.55,3227.42,123.52,4.97,83.22,51.8,23.96,65.34,degraded,6,1,3,5,0.2716,1.5812,3.4337,1
PUMP-MONITOR,2026-01-19 04:00:00,473.01,3197.32,126.31,7.91,88.07,51.8,24.5,68.63,degraded,6,0,3,5,2.9382,2.786,4.8539,1
PUMP-MONITOR,2026-01-19 04:05:00,479.91,3160.71,126.73,4.96,88.54,51.18,24.56,66.36,degraded,6,1,3,5,-2.9481,0.4214,0.4652,1
PUMP-MONITOR,2026-01-19 04:10:00,472.75,3333.77,128.2,7.6,77.84,48.98,23.15,62.76,degraded,6,0,3,5,2.6446,1.475,-10.6957,0
PUMP-MONITOR,2026-01-19 04:15:00,479.29,3221.74,122.29,6.92,80.9,51.51,24.69,60.23,degraded,6,1,3,5,-0.684,-5.9147,3.0579,1
PUMP-MONITOR,2026-01-19 04:20:00,474.49,3300.24,125.61,5.01,79.78,53.74,25.5,71.36,degraded,6,0,3,5,-1.9095,3.3151,-1.1161,1
PUMP-MONITOR,2026-01-19 04:25:00,469.31,3215.02,128.18,4.9,78.45,50.26,23.59,60.64,degraded,6,0,3,5,-0.1132,2.5662,-1.3261,1
PUMP-MONITOR,2026-01-19 04:30:00,467.74,3168.61,122.87,5.24,85.88,51.86,24.26,68.22,degraded,6,1,3,5,0.3383,-5.3066,7.4333,1
PUMP-MONITOR,2026-01-19 04:35:00,464.82,3252.99,121.49,7.58,85.85,50.12,23.3,65.88,degraded,6,1,3,5,2.3419,-1.3832,-0.0313,1
PUMP-MONITOR,2026-01-19 04:40:00,475.57,3278.07,121.79,7.04,76.42,51.78,24.62,70.62,degraded,6,0,3,5,-0.5365,0.3022,-9.4318,0
PUMP-MONITOR,2026-01-19 04:45:00,479.25,3306.55,121.43,7.75,86.49,53.68,25.72,71.14,degraded,6,1,3,5,0.711,-0.3632,10.0699,1
PUMP-MONITOR,2026-01-19 04:50:00,464.24,3270.75,125.38,5.42,80.19,52.61,24.42,75.87,degraded,6,0,3,5,-2.3257,3.9538,-6.2954,1
PUMP-MONITOR,2026-01-19 04:55:00,465.73,3181.08,122.51,6.79,89.72,52.12,24.27,72.04,degraded,6,1,3,5,1.3704,-2.8741,9.5277,1
PUMP-MONITOR,2026-01-19 05:00:00,479.4,3179.7,127.52,4.98,76.53,51.99,24.93,63.7,degraded,6,1,3,5,-1.8063,5.008,-13.1864,0
PUMP-MONITOR,2026-01-19 05:05:00,474.53,3347.7,129.17,4.74,83.13,54.75,25.98,84.06,degraded,6,0,3,5,-0.2352,1.6474,6.5955,1
PUMP-MONITOR,2026-01-19 05:10:00,463.98,3264.59,122.54,7.96,82.07,51.81,24.04,81.09,degraded,6,1,3,5,3.2204,-6.6336,-1.0565,1
PUMP-MONITOR,2026-01-19 05:15:00,469.27,3338.44,127.63,7.23,82.1,54.56,25.6,75.43,degraded,6,1,3,5,-0.7308,5.0937,0.0286,1
PUMP-MONITOR,2026-01-19 05:20:00,481.6,3165.79,124.25,5.54,89.67,55.27,26.62,80.53,degraded,6,1,3,5,-1.6888,-3.3834,7.5719,1
PUMP-MONITOR,2026-01-19 05:25:00,472.86,3302.91,129.62,5.37,76.12,54.77,25.9,80.44,degraded,6,1,3,5,-0.1719,5.3747,-13.5506,0
PUMP-MONITOR,2026-01-19 05:30:00,468.24,3168.99,127.12,7.28,77.7,52.85,24.75,76.37,degraded,6,1,3,5,1.9114,-2.4971,1.5838,0
PUMP-MONITOR,2026-01-19 05:35:00,475.52,3256.78,129.74,6.71,78.17,53.72,25.54,82.55,degraded,6,0,3,5,-0.5673,2.6235,0.4685,1
PUMP-MONITOR,2026-01-19 05:40:00,476.08,3245.41,128.98,7.39,86.21,56.47,26.89,84.69,degraded,6,0,3,5,0.6786,-0.764,8.0358,1
PUMP-MONITOR,2026-01-19 05:45:00,467.55,3234.06,129.4,4.73,77.41,55.1,25.76,83.69,degraded,6,0,3,5,-2.6628,0.4203,-8.8011,0
PUMP-MONITOR,2026-01-19 05:50:00,462.57,3187.72,122.08,5.71,79.96,54.2,25.07,76.11,degraded,6,1,3,5,0.9789,-7.3171,2.5519,1
PUMP-MONITOR,2026-01-19 05:55:00,466.44,3300.29,124.26,7.56,81.97,50.83,23.71,69.36,degraded,6,1,3,5,1.8528,2.1775,2.0068,1
PUMP-MONITOR,2026-01-19 06:00:00,479.31,3313.65,123.56,7.6,81.55,50.88,24.39,61.89,degraded,6,1,3,5,0.0422,-0.7032,-0.422,1
PUMP-MONITOR,2026-01-19 06:05:00,469.52,3220.17,120.93,5.79,86.65,52.29,24.55,80.16,degraded,6,1,3,5,-1.8101,-2.633,5.0963,1
PUMP-MONITOR,2026-01-19 06:10:00,475.47,3279.72,126.49,7.77,78.01,52.66,25.04,65.19,degraded,6,1,3,5,1.9798,5.558,-8.6362,1
PUMP-MONITOR,2026-01-19 06:15:00,465.17,3334.89,123.02,6.95,85.01,48.3,22.47,60.17,degraded,6,1,3,5,-0.8154,-3.4697,7.0044,1
PUMP-MONITOR,2026-01-19 06:20:00,476.9,3216.91,120.09,7.63,78.09,52.14,24.87,75.69,degraded,6,0,3,5,0.678,-2.9322,-6.9191,1
PUMP-MONITOR,2026-01-19 06:25:00,477.95,3235.51,121.66,6.17,87.97,51.1,24.42,71.68,degraded,6,1,3,5,-1.456,1.565,9.8777,1
PUMP-MONITOR,2026-01-19 06:30:00,475.18,3317.16,128.61,5.54,87.96,55.55,26.4,80.86,degraded,6,1,3,5,-0.6325,6.9475,-0.0141,1
PUMP-MONITOR,2026-01-19 06:35:00,472.62,3270.93,125.57,6.01,78.27,49.23,23.27,65.44,degraded,6,1,3,5,0.4716,-3.0417,-9.6872,1
PUMP-MONITOR,2026-01-19 06:40:00,469.56,3289.47,129.74,7.64,85.25,51.6,24.23,65.96,degraded,6,1,3,5,1.6343,4.1735,6.982,1
PUMP-MONITOR,2026-01-19 06:45:00,470.25,3297.69,120.62,7.21,90.15,52.46,24.67,70.2,degraded,6,0,3,5,-0.4299,-9.1156,4.9045,1
PUMP-MONITOR,2026-01-19 06:50:00,475.34,3227.38,127.43,7.99,85.97,49.63,23.59,66.12,degraded,6,1,3,5,0.7776,6.8076,-4.1847,1
PUMP-MONITOR,2026-01-19 06:55:00,462.84,3345.57,124.52,4.65,86.63,52.55,24.32,78.51,degraded,6,1,3,5,-3.3376,-2.9067,0.6585,1
PUMP-MONITOR,2026-01-19 07:00:00,473.96,3258.23,130.0,5.05,79.85,55.37,26.24,80.27,degraded,6,1,3,5,0.4039,5.475,-6.7758,1
PUMP-MONITOR,2026-01-19 07:05:00,469.76,3261.44,124.02,7.05,85.1,54.46,25.58,79.4,degraded,6,1,3,5,1.9973,-5.9823,5.2458,1
PUMP-MONITOR,2026-01-19 07:10:00,469.46,3212.37,120.97,4.69,83.88,53.52,25.13,82.23,degraded,6,0,3,5,-2.3561,-3.053,-1.2212,1
PUMP-MONITOR,2026-01-19 07:15:00,476.79,3298.08,127.07,4.76,85.92,54.26,25.87,82.45,degraded,6,0,3,5,0.0704,6.0974,2.039,1
PUMP-MONITOR,2026-01-19 07:20:00,464.7,3278.81,128.72,4.91,81.71,50.66,23.54,67.3,degraded,6,0,3,5,0.1527,1.6541,-4.2117,1
PUMP-MONITOR,2026-01-19 07:25:00,477.79,3216.87,120.64,5.19,89.08,52.33,25.0,64.45,degraded,6,0,3,5,0.2768,-8.0822,7.3679,1
PUMP-MONITOR,2026-01-19 07:30:00,479.37,3165.52,125.45,7.01,87.26,51.67,24.77,62.3,degraded,6,1,3,5,1.8238,4.8102,-1.824,1
PUMP-MONITOR,2026-01-19 07:35:00,473.45,3291.1,124.39,7.23,78.87,51.25,24.26,67.85,degraded,6,0,3,5,0.2228,-1.0596,-8.3948,1
PUMP-MONITOR,2026-01-19 07:40:00,467.38,3303.13,121.18,7.39,85.92,50.19,23.46,64.66,degraded,6,1,3,5,0.1598,-3.2069,7.0547,1
PUMP-MONITOR,2026-01-19 07:45:00,479.91,3265.3,123.13,5.1,90.33,52.57,25.23,79.66,degraded,6,1,3,5,-2.2858,1.9515,4.4082,1
PUMP-MONITOR,2026-01-19 07:50:00,462.37,3211.91,121.06,5.52,76.93,53.24,24.62,83.43,degraded,6,1,3,5,0.4248,-2.0739,-13.3971,0
PUMP-MONITOR,2026-01-19 07:55:00,480.29,3218.76,122.54,7.9,88.96,53.22,25.56,65.1,degraded,6,1,3,5,2.3848,1.4811,12.0279,1
PUMP-MONITOR,2026-01-19 08:00:00,479.63,3293.76,127.13,7.45,89.98,55.04,26.4,73.75,degraded,6,0,3,5,-0.4462,4.5874,1.0165,1
PUMP-MONITOR,2026-01-19 08:05:00,476.81,3332.89,120.81,5.98,78.67,52.09,24.84,70.38,degraded,6,1,3,5,-1.4654,-6.3199,-11.3073,1
PUMP-MONITOR,2026-01-19 08:10:00,468.2,3310.19,124.24,5.19,82.9,52.36,24.52,63.42,degraded,6,1,3,5,-0.7925,3.4295,4.2348,1
PUMP-MONITOR,2026-01-19 08:15:00,476.31,3187.64,125.0,6.73,81.7,53.48,25.47,66.26,degraded,6,1,3,5,1.5381,0.755,-1.1996,1
PUMP-MONITOR,2026-01-19 08:20:00,473.68,3281.03,129.33,4.57,77.88,50.64,23.99,62.62,degraded,6,0,3,5,-2.1629,4.3309,-3.8174,0
PUMP-MONITOR,2026-01-19 08:25:00,469.71,3315.91,124.96,6.14,89.48,54.79,25.73,83.89,degraded,6,1,3,5,1.5664,-4.3713,11.6046,1
PUMP-MONITOR,2026-01-19 08:30:00,480.18,3233.33,121.53,5.94,86.72,55.48,26.64,76.93,degraded,6,1,3,5,-0.2044,-3.4263,-2.7593,1
PUMP-MONITOR,2026-01-19 08:35:00,469.46,3317.41,124.5,5.43,79.85,54.98,25.81,82.52,degraded,6,1,3,5,-0.5097,2.9685,-6.8729,1
PUMP-MONITOR,2026-01-19 08:40:00,469.01,3178.24,124.71,7.01,77.89,50.11,23.5,60.62,degraded,6,0,3,5,1.5787,0.2069,-1.9597,0
PUMP-MONITOR,2026-01-19 08:45:00,462.25,3324.51,125.26,7.35,81.88,53.71,24.83,76.9,degraded,6,1,3,5,0.3353,0.5522,3.9865,1
PUMP-MONITOR,2026-01-19 08:50:00,473.03,3221.67,124.82,4.56,83.86,49.18,23.26,60.69,degraded,6,1,3,5,-2.7882,-0.439,1.9827,1
PUMP-MONITOR,2026-01-19 08:55:00,471.04,3200.33,127.39,4.85,86.18,51.76,24.38,60.5,degraded,6,1,3,5,0.2891,2.5707,2.3192,1
PUMP-MONITOR,2026-01-19 09:00:00,473.12,3251.51,129.35,4.59,85.66,49.45,23.39,60.12,degraded,6,0,3,5,-0.2619,1.9608,-0.5229,1
PUMP-MONITOR,2026-01-19 09:05:00,481.5,3329.76,122.73,4.97,90.32,54.09,26.04,71.55,degraded,6,1,3,5,0.3771,-6.6238,4.6648,1
PUMP-MONITOR,2026-01-19 09:10:00,481.96,3217.08,122.34,4.83,85.13,53.36,25.72,73.57,degraded,6,1,3,5,-0.1425,-0.3934,-5.1943,1
PUMP-MONITOR,2026-01-19 09:15:00,479.66,3251.55,121.27,5.46,76.26,53.64,25.73,84.78,degraded,6,1,3,5,0.6323,-1.0658,-8.8674,0
PUMP-MONITOR,2026-01-19 09:20:00,473.63,3305.8,123.59,7.1,80.35,51.99,24.63,71.44,degraded,6,1,3,5,1.6402,2.3151,4.0914,1
PUMP-MONITOR,2026-01-19 09:25:00,475.45,3245.38,125.28,7.48,88.11,53.02,25.21,70.67,degraded,6,1,3,5,0.3766,1.6856,7.7634,1
PUMP-MONITOR,2026-01-19 09:30:00,479.23,3304.94,121.05,5.98,83.23,51.61,24.73,75.15,degraded,6,1,3,5,-1.5046,-4.2265,-4.8778,1
PUMP-MONITOR,2026-01-19 09:35:00,467.63,3320.85,122.07,5.34,86.81,53.86,25.19,81.41,degraded,6,1,3,5,-0.6439,1.0249,3.5821,1
PUMP-MONITOR,2026-01-19 09:40:00,467.47,3230.34,120.22,6.69,84.45,52.3,24.45,65.88,degraded,6,0,3,5,1.3495,-1.8456,-2.3602,1
PUMP-MONITOR,2026-01-19 09:45:00,471.31,3295.09,124.25,7.14,87.34,51.98,24.5,60.66,degraded,6,0,3,5,0.4518,4.0334,2.8922,1
PUMP-MONITOR,2026-01-19 09:50:00,462.06,3204.68,126.94,4.59,87.15,52.1,24.07,69.52,degraded,6,1,3,5,-2.5523,2.687,-0.1861,1
PUMP-MONITOR,2026-01-19 09:55:00,462.73,3157.57,128.64,6.51,89.08,49.78,23.03,63.58,degraded,6,0,3,5,1.9243,1.6952,1.9303,1
PUMP-MONITOR,2026-01-19 10:00:00,462.77,3186.72,122.47,5.09,89.6,51.79,23.97,83.88,degraded,6,0,3,5,-1.4171,-6.1689,0.5151,1
PUMP-MONITOR,2026-01-19 10:05:00,476.02,3239.26,129.64,6.53,76.55,53.79,25.6,80.58,degraded,6,1,3,5,1.4405,7.1741,-13.0473,0
PUMP-MONITOR,2026-01-19 10:10:00,476.97,3248.91,120.58,6.44,88.73,50.99,24.32,60.58,degraded,6,0,3,5,-0.0855,-9.0599,12.1777,1
PUMP-MONITOR,2026-01-19 10:15:00,475.23,3210.88,124.86,7.65,90.83,54.32,25.82,77.22,degraded,6,0,3,5,1.2109,4.2836,2.103,1
PUMP-MONITOR,2026-01-19 10:20:00,473.12,3197.49,128.55,5.89,84.25,51.69,24.46,64.6,degraded,6,1,3,5,-1.756,3.6875,-6.5757,1
PUMP-MONITOR,2026-01-19 10:25:00,471.23,3284.57,120.08,7.78,88.47,49.46,23.31,60.34,degraded,6,1,3,5,1.8914,-8.4664,4.2236,1
PUMP-MONITOR,2026-01-19 10:30:00,471.39,3155.38,122.26,4.6,84.49,51.6,24.32,78.23,degraded,6,1,3,5,-3.1816,2.1847,-3.9788,1
PUMP-MONITOR,2026-01-19 10:35:00,468.32,3175.53,123.25,5.56,82.16,52.84,24.75,80.31,degraded,6,1,3,5,0.9611,0.9859,-2.3302,1
PUMP-MONITOR,2026-01-19 10:40:00,475.2,3348.44,120.74,7.04,84.28,52.14,24.78,80.52,degraded,6,1,3,5,1.4768,-2.5058,2.1229,1
PUMP-MONITOR,2026-01-19 10:45:00,476.53,3287.19,128.14,6.69,88.48,56.09,26.73,81.75,degraded,6,1,3,5,-0.3474,7.4039,4.2042,1
PUMP-MONITOR,2026-01-19 10:50:00,469.75,3233.82,125.73,4.68,83.72,56.1,26.35,83.76,degraded,6,1,3,5,-2.0089,-2.4122,-4.7628,1
PUMP-MONITOR,2026-01-19 10:55:00,470.69,3326.81,123.39,6.22,80.3,54.06,25.45,78.79,degraded,6,0,3,5,1.5444,-2.3416,-3.4244,1
PUMP-MONITOR,2026-01-19 11:00:00,464.29,3255.76,123.88,6.21,81.66,50.85,23.61,75.68,degraded,6,1,3,5,-0.0058,0.4901,1.3553,1
PUMP-MONITOR,2026-01-19 11:05:00,463.16,3336.53,123.82,4.62,86.31,53.73,24.89,78.96,degraded,6,1,3,5,-1.5908,-0.0583,4.6494,1
PUMP-MONITOR,2026-01-19 11:10:00,470.77,3234.96,126.66,4.7,80.75,53.47,25.17,71.66,degraded,6,1,3,5,0.0824,2.8379,-5.5622,1
PUMP-MONITOR,2026-01-19 11:15:00,462.18,3304.09,126.77,6.58,82.83,49.97,23.1,67.63,degraded,6,1,3,5,1.8782,0.1147,2.0809,1
PUMP-MONITOR,2026-01-19 11:20:00,468.97,3191.24,123.55,5.58,83.45,53.73,25.2,71.47,degraded,6,1,3,5,-0.9988,-3.2224,0.617,1
PUMP-MONITOR,2026-01-19 11:25:00,464.83,3168.93,126.3,6.22,76.68,51.77,24.07,79.57,degraded,6,1,3,5,0.6409,2.7456,-6.7735,0
PUMP-MONITOR,2026-01-19 11:30:00,467.41,3154.74,124.15,5.77,79.58,50.88,23.78,75.45,degraded,6,0,3,5,-0.4499,-2.1536,2.9008,1
PUMP-MONITOR,2026-01-19 11:35:00,473.91,3288.26,127.91,6.44,88.58,51.87,24.58,66.71,degraded,6,1,3,5,0.6706,3.764,8.9984,1
PUMP-MONITOR,2026-01-19 11:40:00,476.39,3337.39,129.29,7.38,85.17,54.41,25.92,78.07,degraded,6,1,3,5,0.9358,1.3844,-3.4086,1
PUMP-MONITOR,2026-01-19 11:45:00,468.62,3265.73,120.99,5.25,85.53,50.51,23.67,60.27,degraded,6,0,3,5,-2.1344,-8.3024,0.3649,1
PUMP-MONITOR,2026-01-19 11:50:00,479.25,3276.86,122.84,7.02,77.89,57.05,27.34,84.16,degraded,6,1,3,5,1.7733,1.8501,-7.6371,0
PUMP-MONITOR,2026-01-19 11:55:00,469.03,3274.82,126.01,5.51,88.75,52.63,24.68,72.21,degraded,6,1,3,5,-1.5142,3.1668,10.8637,1
PUMP-MONITOR,2026-01-19 12:00:00,479.32,3326.48,120.31,4.61,90.29,55.63,26.66,77.3,degraded,6,0,3,5,-0.9011,-5.7049,1.5423,1
PUMP-MONITOR,2026-01-19 12:05:00,476.93,3175.4,126.14,5.27,77.15,53.52,25.53,81.14,degraded,6,0,3,5,0.6572,5.8283,-13.1353,0
PUMP-MONITOR,2026-01-19 12:10:00,462.04,3166.78,124.1,4.73,87.24,50.13,23.16,69.17,degraded,6,1,3,5,-0.5421,-2.0352,10.0944,1
PUMP-MONITOR,2026-01-19 12:15:00,475.75,3179.6,123.5,7.3,87.21,49.36,23.48,60.98,degraded,6,0,3,5,2.5722,-0.5955,-0.0282,1
PUMP-MONITOR,2026-01-19 12:20:00,474.85,3281.25,123.04,5.76,85.07,51.13,24.28,63.64,degraded,6,1,3,5,-1.5386,-0.4567,-2.1438,1
PUMP-MONITOR,2026-01-19 12:25:00,462.96,3228.61,122.04,4.72,78.36,49.62,22.97,70.49,degraded,6,0,3,5,-1.0405,-0.9996,-6.7093,1
PUMP-MONITOR,2026-01-19 12:30:00,468.87,3345.61,124.18,6.43,89.61,48.62,22.8,62.22,degraded,6,0,3,5,1.7131,2.1448,11.2539,1
PUMP-MONITOR,2026-01-19 12:35:00,478.17,3157.02,124.22,6.93,90.64,52.79,25.24,74.95,degraded,6,1,3,5,0.5002,0.0407,1.0347,1
PUMP-MONITOR,2026-01-19 12:40:00,463.1,3293.5,127.88,5.23,77.51,51.98,24.07,63.83,degraded,6,0,3,5,-1.7044,3.6596,-13.1255,0
PUMP-MONITOR,2026-01-19 12:45:00,473.37,3342.67,126.92,7.97,87.36,50.43,23.87,70.74,degraded,6,0,3,5,2.737,-0.9581,9.849,1
PUMP-MONITOR,2026-01-19 12:50:00,477.48,3195.14,123.26,5.24,81.39,51.51,24.6,73.98,degraded,6,0,3,5,-2.7305,-3.6593,-5.9703,1
PUMP-MONITOR,2026-01-19 12:55:00,474.15,3190.55,122.01,7.27,90.54,51.27,24.31,64.08,degraded,6,1,3,5,2.0334,-1.2452,9.1546,1
PUMP-MONITOR,2026-01-19 13:00:00,464.3,3152.06,122.75,5.6,76.38,55.06,25.57,84.95,degraded,6,1,3,5,-1.669,0.7359,-14.1622,0
PUMP-MONITOR,2026-01-19 13:05:00,473.18,3151.11,126.59,7.31,77.35,50.59,23.94,69.87,degraded,6,0,3,5,1.7097,3.8381,0.9716,0
PUMP-MONITOR,2026-01-19 13:10:00,465.32,3198.79,123.26,7.17,89.8,48.87,22.74,66.15,degraded,6,0,3,5,-0.1426,-3.3314,12.454,1
PUMP-MONITOR,2026-01-19 13:15:00,464.52,3159.94,128.17,6.58,82.95,53.84,25.01,80.18,degraded,6,1,3,5,-0.5883,4.91,-6.8477,1
PUMP-MONITOR,2026-01-19 13:20:00,474.13,3333.75,122.6,4.62,87.52,53.83,25.52,69.87,degraded,6,1,3,5,-1.9591,-5.5711,4.5706,1
PUMP-MONITOR,2026-01-19 13:25:00,477.51,3269.94,127.4,5.07,86.47,56.58,27.02,83.57,degraded,6,0,3,5,0.4497,4.8026,-1.053,1
PUMP-MONITOR,2026-01-19 13:30:00,468.13,3240.2,121.13,4.93,89.76,51.02,23.88,75.71,degraded,6,0,3,5,-0.1399,-6.2686,3.2859,1
PUMP-MONITOR,2026-01-19 13:35:00,467.51,3327.37,128.89,4.83,80.75,51.71,24.18,61.31,degraded,6,1,3,5,-0.0995,7.7607,-9.0128,1
PUMP-MONITOR,2026-01-19 13:40:00,471.65,3329.64,125.19,6.93,89.44,52.43,24.73,81.08,degraded,6,0,3,5,2.1025,-3.702,8.6938,1
PUMP-MONITOR,2026-01-19 13:45:00,477.42,3316.55,128.24,5.43,77.81,51.78,24.72,72.72,degraded,6,0,3,5,-1.5012,3.0515,-11.6252,0
PUMP-MONITOR,2026-01-19 13:50:00,471.25,3235.75,128.4,5.2,86.36,50.82,23.95,65.8,degraded,6,1,3,5,-0.2271,0.1622,8.5482,1
PUMP-MONITOR,2026-01-19 13:55:00,465.26,3181.28,122.42,4.96,76.0,50.72,23.6,74.06,degraded,6,0,3,5,-0.2416,-5.9838,-10.3562,0
PUMP-MONITOR,2026-01-19 14:00:00,477.65,3211.21,128.03,5.11,82.87,53.31,25.46,77.22,degraded,6,1,3,5,0.1509,5.6137,6.8667,1
PUMP-MONITOR,2026-01-19 14:05:00,462.27,3281.88,124.08,7.67,85.31,52.35,24.2,72.95,degraded,6,1,3,5,2.5613,-3.9476,2.4372,1
PUMP-MONITOR,2026-01-19 14:10:00,475.59,3163.11,125.37,7.79,80.87,54.14,25.75,74.33,degraded,6,0,3,5,0.1223,1.2864,-4.4423,1
PUMP-MONITOR,2026-01-19 14:15:00,478.36,3297.12,123.95,5.19,77.62,56.56,27.06,83.48,degraded,6,0,3,5,-2.6042,-1.4191,-3.2546,0
PUMP-MONITOR,2026-01-19 14:20:00,480.33,3294.45,121.42,4.64,89.63,53.2,25.55,69.55,degraded,6,0,3,5,-0.5516,-2.5324,12.0095,1
PUMP-MONITOR,2026-01-19 14:25:00,464.63,3348.81,125.01,5.39,89.98,51.91,24.12,75.7,degraded,6,1,3,5,0.7512,3.5925,0.3501,1
PUMP-MONITOR,2026-01-19 14:30:00,477.4,3221.15,128.57,5.21,82.04,54.88,26.2,73.39,degraded,6,1,3,5,-0.1816,3.5604,-7.9379,1
PUMP-MONITOR,2026-01-19 14:35:00,474.28,3209.76,120.65,6.72,88.37,54.98,26.07,78.92,degraded,6,1,3,5,1.506,-7.9154,6.3259,1
PUMP-MONITOR,2026-01-19 14:40:00,471.33,3157.4,128.4,7.2,87.98,52.17,24.59,64.7,degraded,6,1,3,5,0.4794,7.7532,-0.3853,1
PUMP-MONITOR,2026-01-19 14:45:00,470.97,3322.08,124.02,6.95,88.44,50.82,23.94,63.18,degraded,6,0,3,5,-0.2468,-4.378,0.4614,1
PUMP-MONITOR,2026-01-19 14:50:00,476.34,3162.92,124.29,7.35,89.15,55.08,26.23,83.39,degraded,6,1,3,5,0.3979,0.266,0.7145,1
PUMP-MONITOR,2026-01-19 14:55:00,463.88,3271.35,126.74,6.25,84.44,50.43,23.4,70.95,degraded,6,0,3,5,-1.0951,2.4532,-4.7051,1
PUMP-MONITOR,2026-01-19 15:00:00,462.16,3273.03,125.3,7.83,82.05,50.32,23.25,75.54,degraded,6,0,3,5,1.5836,-1.4371,-2.3856,1
PUMP-MONITOR,2026-01-19 15:05:00,465.48,3156.8,124.59,6.64,84.94,52.67,24.52,84.77,degraded,6,0,3,5,-1.1934,-0.7132,2.8852,1
PUMP-MONITOR,2026-01-19 15:10:00,477.43,3294.98,125.07,7.96,78.02,53.14,25.37,71.43,degraded,6,1,3,5,1.3209,0.4838,-6.9237,1
PUMP-MONITOR,2026-01-19 15:15:00,471.39,3339.26,123.37,4.9,82.66,52.78,24.88,67.37,degraded,6,1,3,5,-3.0632,-1.6975,4.6385,1
PUMP-MONITOR,2026-01-19 15:20:00,473.41,3265.52,125.22,4.6,79.85,53.28,25.22,82.25,degraded,6,1,3,5,-0.3029,1.8456,-2.812,1
PUMP-MONITOR,2026-01-19 15:25:00,462.7,3305.04,122.61,4.98,85.88,50.84,23.52,60.36,degraded,6,0,3,5,0.3763,-2.6142,6.0273,1
PUMP-MONITOR,2026-01-19 15:30:00,480.71,3290.37,126.09,4.71,78.92,53.98,25.95,70.04,degraded,6,1,3,5,-0.2652,3.4806,-6.964,1
PUMP-MONITOR,2026-01-19 15:35:00,471.27,3253.9,122.26,7.0,82.79,53.37,25.15,76.63,degraded,6,0,3,5,2.2937,-3.8306,3.8749,1
PUMP-MONITOR,2026-01-19 15:40:00,463.27,3242.85,126.03,6.63,78.52,51.12,23.68,71.88,degraded,6,1,3,5,-0.3686,3.7726,-4.2659,1
PUMP-MONITOR,2026-01-19 15:45:00,462.46,3252.48,127.21,6.6,83.9,48.8,22.57,65.26,degraded,6,1,3,5,-0.0287,1.1824,5.3776,1
PUMP-MONITOR,2026-01-19 15:50:00,468.49,3290.8,127.23,6.68,87.96,54.81,25.68,82.08,degraded,6,1,3,5,0.0846,0.0191,4.0619,1
PUMP-MONITOR,2026-01-19 15:55:00,476.49,3192.01,124.87,7.41,84.66,52.06,24.81,76.65,degraded,6,1,3,5,0.7295,-2.3573,-3.2963,1
PUMP-MONITOR,2026-01-19 16:00:00,476.04,3151.81,126.64,7.1,86.22,53.24,25.34,74.83,degraded,6,1,3,5,-0.3065,1.7689,1.5582,1
PUMP-MONITOR,2026-01-19 16:05:00,481.49,3218.04,126.28,4.69,80.78,51.12,24.62,66.66,degraded,6,1,3,5,-2.4108,-0.3576,-5.4397,1
PUMP-MONITOR,2026-01-19 16:10:00,472.91,3228.19,124.85,7.22,81.36,49.84,23.57,63.79,degraded,6,0,3,5,2.5272,-1.4286,0.5847,1
PUMP-MONITOR,2026-01-19 16:15:00,468.78,3255.31,127.37,5.19,89.28,53.49,25.07,69.28,degraded,6,0,3,5,-2.0331,2.518,7.9208,1
PUMP-MONITOR,2026-01-19 16:20:00,481.78,3263.4,129.5,6.41,85.78,54.8,26.4,78.4,degraded,6,1,3,5,1.2164,2.1346,-3.499,1
PUMP-MONITOR,2026-01-19 16:25:00,471.5,3235.69,121.81,6.19,78.92,53.71,25.33,84.6,degraded,6,1,3,5,-0.2238,-7.6884,-6.8617,1
PUMP-MONITOR,2026-01-19 16:30:00,480.05,3177.66,121.77,7.27,81.06,53.68,25.77,76.46,degraded,6,1,3,5,1.0842,-0.0362,2.1367,1
PUMP-MONITOR,2026-01-19 16:35:00,477.1,3167.24,124.17,6.17,90.64,53.46,25.5,75.9,degraded,6,0,3,5,-1.0999,2.4045,9.5824,1
PUMP-MONITOR,2026-01-19 16:40:00,473.15,3154.6,124.53,5.08,89.63,53.03,25.09,74.63,degraded,6,1,3,5,-1.0927,0.3585,-1.0147,1
PUMP-MONITOR,2026-01-19 16:45:00,467.11,3214.19,124.88,5.12,77.28,53.24,24.87,82.35,degraded,6,1,3,5,0.0404,0.346,-12.349,0
PUMP-MONITOR,2026-01-19 16:50:00,463.15,3183.53,129.64,7.7,86.15,49.96,23.14,62.72,degraded,6,1,3,5,2.5832,4.7634,8.8696,1
PUMP-MONITOR,2026-01-19 16:55:00,474.3,3241.85,122.56,7.49,80.2,51.29,24.33,62.48,degraded,6,1,3,5,-0.2081,-7.0772,-5.9497,1
PUMP-MONITOR,2026-01-19 17:00:00,463.99,3284.54,126.97,5.73,85.05,49.22,22.84,62.96,degraded,6,0,3,5,-1.7599,4.414,4.8472,1
PUMP-MONITOR,2026-01-19 17:05:00,462.74,3248.3,129.75,6.26,78.31,50.13,23.2,62.47,degraded,6,1,3,5,0.5271,2.778,-6.7361,1
PUMP-MONITOR,2026-01-19 17:10:00,476.1,3262.98,123.77,6.52,84.57,51.99,24.75,69.32,degraded,6,0,3,5,0.2613,-5.984,6.2611,1
PUMP-MONITOR,2026-01-19 17:15:00,475.09,3205.93,121.47,6.09,88.73,53.17,25.26,71.66,degraded,6,1,3,5,-0.4295,-2.3005,4.158,1
PUMP-MONITOR,2026-01-19 17:20:00,480.93,3237.15,123.07,6.31,79.82,52.03,25.02,61.63,degraded,6,1,3,5,0.2241,1.6034,-8.9097,1
PUMP-MONITOR,2026-01-19 17:25:00,467.06,3241.72,127.2,6.68,77.41,51.78,24.18,82.15,degraded,6,1,3,5,0.3701,4.1328,-2.4086,0
PUMP-MONITOR,2026-01-19 17:30:00,470.76,3226.42,120.28,4.89,80.14,50.95,23.99,64.66,degraded,6,1,3,5,-1.7858,-6.9247,2.7279,1
PUMP-MONITOR,2026-01-19 17:35:00,478.18,3228.8,124.0,7.97,80.71,51.73,24.73,60.15,degraded,6,1,3,5,3.0766,3.7171,0.57,1
PUMP-MONITOR,2026-01-19 17:40:00,476.68,3326.14,123.63,4.75,85.9,52.05,24.81,75.13,degraded,6,1,3,5,-3.2234,-0.3702,5.1869,1
PUMP-MONITOR,2026-01-19 17:45:00,479.81,3338.91,122.54,7.85,77.79,49.85,23.92,61.13,degraded,6,1,3,5,3.0992,-1.0927,-8.1145,0
PUMP-MONITOR,2026-01-19 17:50:00,466.35,3262.37,120.91,6.25,85.08,50.66,23.63,69.61,degraded,6,1,3,5,-1.5952,-1.6256,7.2908,1
PUMP-MONITOR,2026-01-19 17:55:00,462.3,3234.81,127.32,6.68,77.58,52.25,24.15,79.55,degraded,6,1,3,5,0.4279,6.415,-7.4996,0
PUMP-MONITOR,2026-01-19 18:00:00,469.33,3168.93,121.29,5.89,84.51,51.78,24.3,64.02,degraded,6,1,3,5,-0.7926,-6.0325,6.927,1
PUMP-MONITOR,2026-01-19 18:05:00,478.08,3219.17,124.5,5.45,88.78,52.82,25.25,76.05,degraded,6,1,3,5,-0.437,3.2148,4.2716,1
PUMP-MONITOR,2026-01-19 18:10:00,470.83,3197.2,121.8,7.69,84.76,53.89,25.37,80.91,degraded,6,0,3,5,2.2394,-2.7027,-4.0158,1
PUMP-MONITOR,2026-01-19 18:15:00,480.9,3301.39,121.54,4.76,76.1,54.38,26.15,79.87,degraded,6,1,3,5,-2.9292,-0.2595,-8.6551,0
PUMP-MONITOR,2026-01-19 18:20:00,481.93,3193.55,128.17,7.23,86.68,51.46,24.8,66.52,degraded,6,1,3,5,2.4698,6.6316,10.5849,1
PUMP-MONITOR,2026-01-19 18:25:00,478.67,3311.38,126.6,7.17,84.24,53.96,25.83,78.22,degraded,6,1,3,5,-0.0604,-1.5703,-2.4448,1
PUMP-MONITOR,2026-01-19 18:30:00,463.85,3263.3,121.4,6.66,79.43,52.43,24.32,65.63,degraded,6,1,3,5,-0.5064,-5.2,-4.8107,1
PUMP-MONITOR,2026-01-19 18:35:00,472.65,3202.75,122.93,4.53,87.18,51.93,24.54,72.67,degraded,6,1,3,5,-2.1279,1.5284,7.7547,1
PUMP-MONITOR,2026-01-19 18:40:00,481.38,3342.0,121.61,7.32,78.39,52.86,25.44,79.85,degraded,6,1,3,5,2.7852,-1.3239,-8.7915,1
PUMP-MONITOR,2026-01-19 18:45:00,466.72,3187.43,125.27,6.2,90.21,51.05,23.83,69.21,degraded,6,1,3,5,-1.1195,3.6588,11.8239,1
PUMP-MONITOR,2026-01-19 18:50:00,468.1,3248.01,126.03,7.19,76.68,53.44,25.01,70.48,degraded,6,0,3,5,0.987,0.7553,-13.5346,0
PUMP-MONITOR,2026-01-19 18:55:00,465.13,3327.19,129.56,5.32,83.98,54.08,25.15,83.13,degraded,6,1,3,5,-1.8711,3.5286,7.2991,1
PUMP-MONITOR,2026-01-19 19:00:00,474.0,3310.95,121.87,5.59,82.73,52.3,24.79,76.91,degraded,6,0,3,5,0.2655,-7.6866,-1.2474,1
PUMP-MONITOR,2026-01-19 19:05:00,476.32,3279.76,126.34,5.36,90.13,52.03,24.78,75.83,degraded,6,0,3,5,-0.2316,4.4727,7.4022,1
PUMP-MONITOR,2026-01-19 19:10:00,470.44,3209.67,127.31,7.69,80.73,51.36,24.16,73.73,degraded,6,0,3,5,2.3286,0.9654,-9.4035,1
PUMP-MONITOR,2026-01-19 19:15:00,471.87,3237.84,129.52,5.19,76.68,54.19,25.57,80.8,degraded,6,1,3,5,-2.5023,2.2129,-4.0458,0
PUMP-MONITOR,2026-01-19 19:20:00,466.71,3270.13,121.49,7.69,86.41,50.85,23.73,76.62,degraded,6,0,3,5,2.4965,-8.0323,9.7283,1
PUMP-MONITOR,2026-01-19 19:25:00,481.07,3194.28,129.09,7.34,81.32,55.56,26.73,84.8,degraded,6,1,3,5,-0.3478,7.5989,-5.0862,1
PUMP-MONITOR,2026-01-19 19:30:00,470.52,3223.0,124.58,6.46,78.51,49.58,23.33,61.31,degraded,6,1,3,5,-0.8751,-4.5099,-2.8102,1
PUMP-MONITOR,2026-01-19 19:35:00,480.24,3159.19,123.67,7.62,78.29,55.46,26.63,83.05,degraded,6,1,3,5,1.1612,-0.9097,-0.2248,1
