temperature,vibration,pressure,rpm,failure
79.96714153011233,0.41524806359545935,113.21505269512778,2971.315356708214,0
73.61735698828815,0.40931717832322917,116.94500536946347,2993.468819251938,0
81.47688538100692,0.14087136547399698,114.02618938954858,3012.8589757175164,0
90.23029856408026,0.43398196165971253,121.1041804694612,3189.372292329236,0
72.65846625276664,0.6465658163643491,131.97178531461913,2850.5565383026515,0
72.6586304305082,0.24515357618464095,112.28957842858796,2830.730601697468,0
90.79212815507391,0.7096965302101185,130.00820497768413,3247.323948428595,1
82.67434729152909,0.5975549642168676,112.18327927653112,2907.4710516237405,0
70.30525614065049,0.35315333560579243,111.52372787503116,2747.392929284587,0
80.42560043585965,0.4716940725324305,128.18594618343212,2902.974011580026,0
70.36582307187538,0.8196643615282067,129.21936378007618,2933.9894529512,0
70.34270246429743,0.6467095627011732,128.51409936762656,3310.992545545153,0
77.41962271566034,0.5017567309796296,106.84202591781859,3184.9652424753476,0
55.86719755342202,0.45246333660780313,115.34049021927949,3229.5041233264483,0
57.75082167486967,0.515321814090332,128.2298859200332,3163.994728469357,0
69.37712470759027,0.3976472884115393,120.41541840563895,3189.2487343230628,0
64.87168879665576,0.07905009885619707,109.26307153802536,2862.3835746839363,0
78.14247332595274,0.9084355821069462,124.58317939125442,2960.279568929303,0
65.91975924478788,0.5310649998398803,112.8519274100853,2802.0169373952904,0
60.87696298664709,0.5796294530245074,137.94524848392211,2957.9023938925934,0
89.65648768921554,0.48841845002461826,135.4484146241826,3136.820998186948,0
72.74223699513465,0.35297663985508243,126.04097426355567,3026.9166569624495,0
75.67528204687923,0.4628151038102459,133.61006704769773,3262.296163792059,0
60.75251813786544,0.18012104756113773,120.64791350123382,2771.716841554556,0
69.55617275474818,0.9554172996106609,127.65437494375016,3100.047670139648,0
76.10922589709867,0.25309760031552075,134.77720295302075,2750.3394396261365,0
63.490064225776976,0.2936067432305641,122.45498681794312,3018.8352938347284,0
78.75698018345672,0.4119481591227199,117.44812828485716,3148.0666845112955,0
68.99361310081196,0.7576151449704756,102.95378041822885,2957.099486635156,0
72.08306250206724,0.5029017998525308,119.16866474278505,3110.225320817391,0
68.98293387770603,0.2527728407939075,128.23423184562313,2808.0535330334133,0
93.52278184508938,0.750867672151468,129.45633427567628,2667.2620043607235,1
74.86502775262066,0.6462001253570963,125.0436506571841,3111.4059244975606,0
64.422890710441,0.6076869914432905,114.5870090503776,3348.8020468151467,0
83.22544912103189,0.6431468482341681,100.23178431052409,2800.7910119660214,0
62.791563500289776,0.9788723801164902,115.04784901995265,3244.438836021359,0
77.08863595004756,0.9370189790072225,116.95655128946049,3008.6846817632822,0
55.403298761202244,0.36265693139934096,116.87071032809986,2732.8616956613846,0
61.71813951101569,0.8247769985622304,126.18556356977925,2773.6989397295674,0
76.96861235869123,0.57663363795178,139.8567641101484,3003.15695467213,0
82.3846657999541,0.5998191632275499,121.23529201841093,2919.107542415179,0
76.7136828118997,0.16154583367133424,117.83268210843538,2737.417404648352,0
73.8435171761176,0.4659228469223608,117.40778186995908,2661.192143754919,0
71.98896304410711,0.337435281932687,121.24384766907714,2830.656134414699,0
60.214780096325725,0.6656117629786619,111.71706239651601,3038.7618016662236,0
67.80155791605291,0.714216100080561,121.20198558746056,2998.7198494793724,0
70.39361229040213,0.08510272979673772,124.50812336331799,2899.7524084999845,0
85.57122226218915,0.4955930271991459,122.09686063574487,3040.3774388582965,0
78.43618289568461,0.7243723009588504,124.57541934004782,3208.0053439725375,0
57.36959844637266,0.462664207537311,124.33747609348535,3078.8253020868297,0
78.24083969394795,0.6458127290004729,102.28103317753556,2975.7382657220837,0
71.14917719583684,0.5702330935254168,126.36870158395404,3185.6144013321377,0
68.23077999694041,0.5683320463905253,113.28985154337546,2808.029939556741,0
81.11676288840867,0.4457370043863405,109.04160836996041,2955.01609208893,0
85.30999522495951,0.2566838391728581,108.95548172145004,2959.7824128799266,0
84.31280119116198,0.2756939705149945,124.3354161047253,2752.609348311431,0
66.60782476777362,0.6418705028910634,117.77425072775146,2916.0251675431286,0
71.90787624148786,0.5038916511037766,103.18031216014589,2585.0080638209392,0
78.31263431403563,0.47229755107855503,124.78037815192283,3382.4356095325907,0
84.75545127122359,0.41522199153552947,105.60391869201173,2812.5172423127374,0
70.2082576215471,0.43896223090384967,121.3982135851821,3317.2228262842623,0
73.14341023336183,0.7093823588976279,122.38498925673053,3007.6169011438983,0
63.93665025993972,0.4329511836263946,128.85577081695044,3112.9728264311916,0
63.037933759193294,0.23178705733968624,137.81684786466852,2902.240040329814,0
83.12525822394198,0.6487303551080347,106.35323674099459,3041.585938392335,0
88.56240028570824,0.45902466722705654,119.4752614393695,3130.0979279976873,0
74.27989878419666,0.5062791731065552,117.23664704955783,3132.9104828788363,0
85.03532897892023,0.8215156612799022,124.33749685960962,3154.954678014871,1
78.61636025047635,0.49588788852989857,122.15668770933618,2926.3334579921648,0
68.54880245394875,0.5578367346237451,116.4745375726338,2903.928065501729,0
78.61395605508415,0.2642153017403349,115.59097811389145,2681.1647349464793,0
90.38036566465969,0.456066109529808,108.83549144815953,3104.6438022353873,0
74.64173960890048,0.6219052090417203,129.8786158240651,3216.4757422646885,0
90.64643655814007,0.18892525323175152,124.59204181599529,3323.196335983586,0
48.80254895910255,0.5401690186231419,129.17768197795138,3061.0345269161016,0
83.21902504375224,0.5201582145289613,116.89603863524486,2846.704045418286,0
75.87047068238171,0.5082574911174879,113.4316453130557,2660.580771342109,0
72.00992649534132,0.7074317797316486,109.21684933370773,3208.33334661667,0
75.91760776535503,0.5668877029697043,123.5891758374066,2640.744686644493,0
55.124310853991076,0.7956143796712889,109.60206775471765,2931.8791844512466,0
72.80328112162488,0.3012820968811928,138.4866306896655,2955.1386344112707,0
78.57112571511746,0.5271849134436696,106.92357418906559,2986.1089724297963,0
89.77894044741517,0.5168933572779895,122.73660119212502,3007.160520007168,0
69.81729781726352,0.28614910124898396,135.66854707213787,3027.629511273515,0
66.91506397106812,0.6912590004182693,125.99089759263809,2516.9273475842942,0
69.98242956415463,0.9649346611705636,121.75673712491779,3002.9311819740255,0
84.15402117702074,0.4965987851032338,110.31516353038104,2554.0848851776245,0
78.28751109659684,0.6010042176547534,106.18230811432296,3146.443614618199,0
69.70239796232961,0.5169036951630654,127.70050108917586,2888.9749688392776,0
80.13267433113356,0.35728306601856485,135.06147240774948,2568.59265495533,0
75.9707754934804,0.13584794443959675,115.61150009521829,2837.159064522925,0
84.68644990532889,0.35884530338092696,108.60938492383649,2885.984932163069,0
67.97946906122648,0.22160832380965373,95.41830569450981,3238.139923511001,0
71.72337853402232,0.8408204156118235,110.19235156337463,3039.327548350049,0
71.07891846867842,0.4769780612153522,118.8634315750096,3068.888988870116,0
60.364850518678814,0.43081613419056586,135.99123240836735,3236.24432684412,0
77.96120277064576,0.6778307649575612,126.73133692232969,2980.771142415102,0
77.6105527217989,0.2756497794288224,123.05085404706753,3150.8375922064806,0
75.05113456642461,0.3466271923990895,115.9988033869887,3136.7722227863983,0
72.65412866624852,0.5136144538497243,114.16834282744044,2742.7061012861177,0
60.84629257949586,0.7057537982846961,134.05647597507965,3294.596715525966,0
70.79354677234642,0.6003370090337576,122.0073854075839,2715.939643985861,0
71.57285483473231,0.5496650285031764,98.97399308078978,3183.47332989557,0
66.9772273077838,0.5156235470472033,113.26460352102757,2696.5853926188734,0
73.3871428833399,0.580047171105355,111.41783968228373,3120.2473576303346,0
79.04050856814538,0.540330581025851,114.53735990822535,3372.3829756300347,0
93.8618590121053,0.29400554504461285,125.62910660285085,2957.404268689958,0
76.74577812831839,0.5092158443266303,118.9255511820575,2948.728871429371,0
77.57550390722764,0.2852622682164495,119.23134592996338,3122.08799986337,0
74.25554084233833,0.5162165085801648,133.13473161325237,2934.1207088074916,0
55.812287847009586,0.4038704117023517,113.03538910213311,3363.6557407485643,0
74.73486124550783,1.0078763245565723,138.6419952588735,3038.4384498917393,0
75.60230209941027,0.49202112324965763,113.28692408628913,2935.9660983558547,0
99.63242112485287,0.21915208674768222,120.89198196612571,2891.9428944208635,0
73.07639035218878,0.47316395786461507,117.18796404597234,2813.4103059653958,0
78.01547342333612,0.6038717491275776,121.23419133500961,2874.449002648502,0
74.65288230294756,0.8346727892305048,124.4459199507313,2929.8653212682807,0
63.31321962380468,0.3821095200122563,124.33835240088877,2902.472185300284,0
86.4282281451502,0.18351440519527196,112.4688266937942,2868.364945172579,0
82.51933032686775,0.6633674022861963,108.77085322552429,3419.7682460704877,0
82.91031947043047,0.22388025882006973,145.0317179090571,2793.980984702102,0
65.9061254520526,0.412768911698503,115.16015660399447,3029.326517529235,0
89.02794310936099,0.4484759028978012,126.99212438671987,3118.5042019521743,0
60.98148937207719,0.4860733093399784,103.92358689476804,3126.0215991167465,0
80.8685709380027,0.6378328914148671,117.20387280095323,2988.2785848435055,0
96.90455625809979,0.36327314354272244,118.72800616017557,2951.859485630538,0
65.09463674869312,0.4452541495666479,124.72815069927833,3090.3094982479015,0
69.33702270397228,0.4971459294101223,92.7754585900806,3053.3043299956403,0
75.99651365087641,0.5299195915037576,121.6614061307833,2948.2082330464973,0
69.965243458838,0.5195654349415846,108.50258544632106,2687.624285655114,0
59.493365689338674,0.587201155044516,123.24345711194924,2906.4152555333503,0
75.68562974806028,0.6687679019283475,109.63670803161837,2770.6899672585087,0
64.37696286273895,0.5785268231301937,111.44517304074418,2866.568089986735,0
79.73592430635182,0.5907171047018437,117.26372389606732,3006.644647703392,0
65.80575765766197,0.18355536665070443,109.47670530396805,3071.7472287993232,0
90.4993440501754,0.510045539833136,115.24465553264645,3356.090550258481,0
67.16746707663764,0.5959015096003217,108.06624231456685,2892.5187242192374,0
71.77938483794324,0.6457882389140901,101.66829548301273,3154.9251270550303,0
83.1351721736967,0.36152984515324116,130.17957052429358,3061.1920048875672,0
62.69135683566045,0.368192145022271,107.03951307176072,3259.199534127958,0
77.2745993460413,0.3851798649432803,118.21319112392017,3115.2457439191253,0
88.07142754282428,0.6072827799782687,127.52891081493784,2798.3037145427365,0
58.92516765438772,0.7067762109848417,113.85055897483957,2655.3907941417538,0
76.84633858532304,0.41850797854167965,111.74834100254462,3062.252339933501,0
77.59882794248423,0.6815924627254097,122.26238088667421,2894.309800419922,0
82.81822871777311,0.5246959618329189,131.17933822727153,2803.9372508098804,0
62.63049289121918,0.47514284456751277,108.30684734913531,2746.4844590933844,0
61.795433869157236,0.4577231540364062,118.49852167982561,3032.195099517431,0
80.21941565616898,0.6493222729204314,102.67505405032672,3301.541539862673,0
77.96984673233186,0.565115563357414,116.06798996317809,2918.265530858792,0
77.50492850345877,0.9551650855295275,120.34204684538075,3118.0540622150643,0
78.46448209496975,0.3295550714005352,111.45375358244934,2979.5467299564816,0
68.1997527842151,0.6036203404059952,115.43008166174769,2742.1235821793216,0
77.32253697161003,0.3941597980376974,105.9177323169255,3146.9622687020833,0
77.93072473298682,0.32614260260227124,120.77078611381494,2781.0615911945256,0
67.85648581973632,0.49782657259300556,130.5569424888315,3004.325326118713,0
93.65774511144757,0.5274704958814072,109.02856130229536,2931.695916998939,0
79.73832920911788,1.0836347110120186,113.77328233447616,3178.6154869131383,0
63.08696502797351,0.4631708368633596,125.02546246454182,2788.3698015058626,0
81.5655360863383,0.2739642541030633,132.12090719322737,3078.173981560392,0
65.25318329772679,0.5546021434988772,105.06810187791069,2832.0405185302598,0
82.87084603742451,0.08507199249072633,118.31215262584051,2897.778957534243,0
86.58595579007404,0.48160864347914684,122.83130822319525,2272.9599544919797,0
66.7931768164829,0.5032050564590321,118.97943609371153,3418.4197143235815,0
84.63376129244321,0.6589200765890423,95.23207933122913,3110.1113865652464,0
79.12780926936499,0.6947244498855694,125.01090009308771,2846.530502812367,0
83.2206015999449,0.3992860762184565,135.19336351090644,2775.0688623334013,0
93.96792982653947,0.4698771970740134,121.16661751169504,2900.870249424132,0
72.5461188399713,0.3467758338778658,109.68893946705737,3143.3759069638904,0
67.4626383564251,0.2743874890384612,114.86872753635717,2621.583014883015,0
66.10485570374476,0.5619789558761269,137.69913067655594,2971.6831161411324,0
66.84189715034562,0.24528289028068012,129.0996254086056,3354.1283744925345,0
74.22898290585896,0.4170746198856274,126.40026618384329,2773.2107328064394,0
78.41151974816644,0.3009652080201525,123.56412583534376,3016.077007752731,0
77.7669079933002,0.6099366372580519,113.38862887809027,3440.6619630515515,0
83.27183249036024,0.8602860198532976,117.99428819344232,3126.4303259381545,0
75.13001891877907,0.23968240343933372,119.22077264321484,3025.184764097091,0
89.53534077157317,0.12939630342048614,125.49574316064444,3101.3272909818006,0
72.35343166762044,0.47502262292998654,135.08918894266904,2919.8269329980594,0
102.20169166589619,0.5031395591915516,131.18338136793128,3259.926257060688,0
81.25667347765007,0.5437318613514596,105.8061564420396,2920.1339954199575,0
66.42842443583717,0.410735896953131,122.23994968901049,2608.1636782528044,0
64.29107501938887,0.45987214023491363,127.36763345167897,2921.739379211908,0
79.82472415243186,0.5735020821081205,126.18860330144635,2806.6530940246594,0
72.7653721467415,0.7080861785289678,113.7076623661258,2943.761197560514,0
82.14000494092092,0.10899024593634343,149.1410921576836,2948.183188183874,0
79.73237624573545,0.4262121121937076,107.22915437668881,3239.4846399609814,0
74.27171087343127,0.5427617587882126,109.1681155333395,3139.058545332877,0
66.53206281931595,0.3164047790778528,122.33595081261576,3052.6530975150795,0
59.851527753141355,0.84623392635346,141.16803054963853,2999.410917733481,0
70.53485047932979,0.37291802395425255,111.6380514929583,2788.228398228401,0
83.56398794323472,0.49174146259854346,117.34171634353008,2563.7649524668645,0
77.14093744130204,0.6112044193684582,130.7729367301569,3022.6320022785567,0
62.542612212880115,0.3817430422396211,119.82137845112267,3158.9282407147316,0
76.73180925851182,0.13068539043911653,116.65396145469704,2978.3332233510823,0
78.85317379728836,0.41426909461669337,125.6563290188672,2893.02913544266,0
66.16142563798867,0.7058881111854081,122.72517990229593,3092.9004330428425,0
76.53725105945527,0.4326209746429723,130.30438785636792,2983.3335598751305,0
75.58208718446,0.33071313970820426,132.91468889065362,3337.148838394792,0
63.57029702169377,0.6851344419005443,123.07003060005361,3246.545668413657,0
78.57787360348283,0.43384502079538945,122.91732725378309,3191.901611404666,0
80.60784526368235,0.39796783726995655,122.14110982286134,3151.546822841981,0
85.83051243175277,0.5298912179326619,124.89130556649287,2741.9665171097085,0
85.53802052034902,0.6541500419237575,120.55170637871464,3132.59874041052,0
61.22330632042909,0.9763427063465092,119.99391517677711,3075.265191529315,0
65.62174960084877,0.6654472215314846,131.96627120827242,3121.284945678233,0
80.1503526720866,0.7319679932776688,135.16116180355044,3098.5218973626106,0
80.1378595091221,0.39880676020242894,104.9244705536658,3090.552517569613,0
80.15047686306048,0.29482637880610474,120.1002115174057,3540.173293909919,0
113.52731490654722,0.5124662699238246,113.11305566554765,2984.762866009616,0
80.70890510693167,0.5214339830519192,116.89028533513928,3187.267476165866,0
86.35565640180599,0.28429745172708054,124.02516209735322,2905.8020379471996,0
84.54001763493203,0.4649410940191974,126.69438371542468,3158.1283167775346,0
81.51391251305797,0.5798635203438262,118.87873556388655,3187.863978046491,0
71.84730755359655,0.5720786790036161,100.86659665277197,3072.8852154270694,0
82.58969220493267,0.6008575706768545,110.3495441942382,3333.8493884752997,0
67.27174785462428,0.5581929460274886,128.96499670200166,2823.1447927279164,0
72.63181393259991,0.39859826814598887,92.59573577965068,2902.5558116663556,0
70.14636452170896,0.39721987467023134,131.87427151682,3042.476017204698,0
75.81874139386322,0.2602097204012248,125.21229990644541,3176.1613706968446,0
98.14658566673509,0.856955007837019,133.16176081530023,3035.8859042589866,1
56.32734807408252,0.5026900729238586,118.01430813119039,3257.1518073021134,0
81.86260190374513,0.4550293888410296,99.38594575977095,2867.662025806736,0
58.87284128810349,0.3142415837095083,124.30362641506498,2771.884302102289,0
70.28068134210567,1.0871315804655557,132.7465312403834,3061.625667307301,0
85.88950596967366,0.2853343935554209,129.2472180551342,2984.5639447772605,0
75.64280019095463,0.4142304148787853,113.37308516511965,3108.572744071644,0
64.22255222070694,0.5831673672572121,120.86761075462647,2994.5195418266994,0
67.84696290740033,0.6200425931488556,114.67163731220076,2931.9960418753085,0
81.79597748934675,0.6915864110431368,111.80733535810629,2985.012485655255,0
67.69633368282864,0.8615217015538527,129.5538857117985,3005.769778958637,0
77.16458589581976,0.6012315310921424,108.02467688734838,2939.003740030334,0
75.45571839903813,0.28879384000666647,111.06183569418387,2959.3735907353143,0
68.48399652394183,0.4486109749756437,108.95974366527615,2919.281332602618,0
96.43944089325325,0.561566474502777,105.09752476700953,3171.333023973881,0
81.33919022318011,0.9136452083011648,121.46414291842603,3038.8042009011597,0
54.74857413342393,0.22043890431514057,131.61503048481975,3451.3504944337533,0
76.86454314769428,0.7405153010450455,118.15123243754735,3032.1409102556922,0
68.38213535231613,0.5359828739092833,104.94252199435833,2889.8285059342675,0
83.52433334796224,0.6675661070458961,128.39944539742027,3534.135074972613,0
67.07479261567299,0.4796010566728136,136.85701754034972,3082.725275542867,0
73.85263558533102,0.33151347397473474,113.53757675853406,3198.024957378563,0
80.04987278980457,0.6501745558802664,115.21445733282282,3118.4205966404984,0
83.65755194170121,0.6308862054211243,125.15660630083394,3124.60220585955,0
62.997035929442234,0.6944113931479444,136.2187374778505,3107.1308102704947,0
71.65498764159051,0.49733907292427293,114.80165854274775,2779.583087044787,0
70.25054688839043,0.38003559533603015,106.67550219001795,3073.505809512282,0
68.46670767426288,0.18824260099523166,126.31418606272406,2735.027739229952,0
92.65454240281096,0.6638746536278812,127.990680731423,2965.1274327174933,0
79.04981710960955,0.5847778964887972,120.06131450435227,2854.8765086873427,0
62.391160456649544,0.30684347342720814,114.41866740342549,3071.494037169745,0
84.17861947054776,0.39228526534067515,129.94378730992045,3066.825249467647,0
96.22156197012633,0.4066482376097119,125.28036004547964,3096.2291781530375,0
85.32465260551147,0.20340311360351637,112.31564483096507,3057.4593145498175,0
59.80630034045987,0.3364635206789732,120.49094731305671,2878.6349316427204,0
70.15765927133748,0.2732339286387292,106.48292467975354,2947.7993021296643,0
87.66911149186623,0.41750419762241264,126.8589045643792,3184.079232250897,0
67.92330534381219,0.3522605003340874,117.37766430617144,3213.5713354588797,0
79.43819428146229,0.17459901582665022,115.64289167615263,2770.64338027469,0
82.74634053429337,0.9045180461138963,119.67125514847565,2693.8144734974708,0
65.73069528421917,0.7505081462058462,120.40307699330248,2854.6221233590577,0
74.404746439382,0.34419611569600284,128.9493006156556,3209.0415164064502,0
42.58732659930927,0.554484279330722,125.91090531325221,3242.976806036607,0
64.7561235866571,0.583493017964259,118.43590721207197,2815.057623919766,0
72.4743184860684,0.7382171709546954,127.63668149718995,3061.4618707472678,0
62.52216818035151,0.3362789946679843,124.00737253691614,3366.8862666280174,0
91.32411303931636,0.7184213567964852,115.73400363713964,3083.062295448067,1
60.69858622039367,0.390418939158613,118.75281841763514,3284.3006570466187,0
70.59955513303017,0.2328275191662773,118.51777111156879,3199.74531401662,0
76.30740577286092,0.6448273118628994,125.05261343174202,2817.9602587544177,0
89.41273289066116,0.7581516848244856,116.32977385278359,2962.003715300584,1
60.6413784882056,1.017581794706137,116.09590813578367,3006.9508956583695,0
86.63163752154959,0.2600549469819573,139.6875730943396,3020.826677604268,0
75.10233061019586,0.6397839370161578,129.39735481747104,3183.2657906877143,0
65.18491348952048,0.4180397512412934,112.3939933557486,3081.736952455082,0
79.6210347426327,0.6566717421048063,125.70940993942199,2412.759811244377,0
76.9905969557347,0.20590208975374985,121.18350065655177,2737.4319453814546,0
68.99783122841205,0.24744604486028715,123.91551175260093,2562.5238170047915,0
75.69802084990019,0.3448250353667032,121.37341324565105,3035.073048131067,0
71.14686403138239,0.5157928091336169,131.89642645485236,3048.0975298935523,0
76.13517345251248,0.37178374669232894,123.45620344651446,3056.6449917221435,0
81.62130674521046,0.631810868782684,119.37911301785712,2808.2143464570768,0
90.86016816145352,0.7053789236515828,130.42190576983018,3134.828801023998,1
62.62184501173151,0.6199155082490712,122.33285041087872,3143.252499293706,0
96.33033374656267,0.8237575279321736,121.21478579329057,2748.9701865589686,1
55.47912200477498,0.5831653258910686,123.14022602486115,2706.7923597102254,0
73.48214904964416,0.25662065793196653,119.06390976633634,2999.9736627546126,0
80.88317206484577,0.772675302707668,120.09226992995468,3358.356454722672,0
77.80991867735032,0.3789687528788005,114.13305411238127,3339.9485484397283,0
68.77300480179406,0.682083699937114,112.48832780376121,3112.6808720896106,0
72.91877749642725,0.8147468433110212,110.0142961351756,2854.0006656839846,0
70.06999065341168,0.5913376021460799,106.08016713202923,3177.368531897717,0
69.10635243055789,0.20076823736707006,111.20282638615444,2909.5151470381916,0
83.49602097021025,0.3163575666980417,118.25732965533075,2846.498592665238,0
78.57015485965047,0.7645488933770271,121.03117582445637,2571.206633675601,0
68.07090404739346,0.46617546287143674,117.28703436852359,3020.4764396695305,0
83.9959987543325,0.5159147069884331,96.44296509872642,2874.026530172525,0
78.07299520876609,0.6517648832327219,135.74586357762342,3019.2860759057007,0
83.1286211883896,0.6392645724160647,130.86480122890381,2540.1284607525877,0
81.29628841923612,0.5557599624770921,124.45759851217129,3033.9653345167376,0
66.71004989077927,0.4582663257559068,139.07490672553268,2513.7757672056746,0
69.3981895980303,0.43746631085352855,110.22635882516289,3217.5880506537105,0
82.47293605123262,0.6715797650582687,138.87625120626004,3104.378246827017,0
81.10370265433465,0.6107139062135587,110.34785923249453,2944.2670457150825,0
74.79098406035853,0.44853999987644205,122.38737925291356,3112.543972016416,0
76.17327383308782,0.7164224625986282,107.26162674865796,2804.3851474672897,0
87.77664895788425,0.47419317697404323,120.14694095544367,3014.4751031229785,0
69.0842861116417,0.32966756513312134,123.86166497998389,3158.9548076920673,0
80.47097381170038,0.34820586021933103,118.45309668865445,2381.142150181722,0
72.97807347566106,0.3042518327380468,127.13877444090137,2910.5551280644954,0
72.82318796772779,0.44551799667926256,120.99014449487257,2995.471173972725,0
85.9877685198719,0.7467448556672386,114.7758527162249,2960.7412764508467,1
83.2541634898803,0.3389809637938982,114.3318668219766,3291.420365245481,0
83.13509636000639,0.5376951522036206,128.10913772615697,2775.2197750154232,0
88.05478807154329,0.3686621308745174,113.46257970193032,2875.768151310954,0
75.21003841632759,0.4479381917457125,129.15402970484936,2616.8261947383103,0
81.81952971294965,0.19799175760294951,132.2271179283193,3302.057330254629,0
71.89733243406543,0.4558923541686925,103.3128613765387,2950.74197147824,0
78.24166352488442,0.4612589240390076,131.32926387301035,2912.3182223926588,0
73.69856945632316,0.6080575888071391,140.604226984447,2989.503463537857,0
75.96995964992718,0.5446561826510741,122.52003761201928,3127.247165686065,0
80.95157025436913,0.26032157500959097,125.99084185294822,3069.472680703225,0
66.81779316766527,0.7168396488087085,130.3700532436916,3529.5768427114176,0
95.9238727568546,0.542060608044399,117.24517684820978,3090.787177680755,0
64.93982618500299,0.5396787034354973,121.8228022353787,2906.950914166184,0
62.85811387212268,0.4981635293229722,106.85800470376891,2887.7286524952106,0
86.58110873500068,0.3964485105555561,121.38635028530452,2921.448209516638,0
82.91662693962935,0.5435604679497452,124.98111995644541,2699.6326150740324,0
81.24119817052156,0.5951176871857164,125.16163022926469,3007.9728414983174,0
81.2834550926428,0.150620861730889,130.65424723597582,3156.6936212417836,0
74.87753227153085,0.3922478325307809,112.25197821864471,2877.327279875353,0
66.02745628514168,0.4490106059192821,114.67393243326504,2838.5239887431776,0
75.75804558193727,0.5512341211388556,138.95507345991356,3303.189029258847,0
68.22838288487888,0.7386622011854251,118.4967162623629,2714.703368675767,0
84.7511973341775,0.3456518370806435,122.00033787312329,2586.43632470454,0
73.52942618497862,0.4004076306364316,119.32989958274779,2769.4196112705235,0
66.74502803207488,0.39749317787069,111.78319173694977,2691.9134565751406,0
71.78614158347007,0.3396944819790917,136.23529210891806,3077.2452128209165,0
79.12931454275625,0.4305627009775475,114.72298588079394,2927.859099910085,0
69.36275447196026,0.6541604439975942,108.7271447629307,2956.062590995232,0
66.77779604433569,0.28923290092713083,115.49259722697248,3230.5868353949545,0
77.43687211491913,0.5855628790305807,99.98293998274467,2861.7330277674446,0
77.44966571108722,0.15961955399633287,113.48712535016818,3155.0178823491283,0
69.9305682462887,0.3877324007115588,110.31871402147674,3302.2645598406407,0
70.28961694381677,0.4341021399564028,126.17428630927324,2908.867500397268,0
77.32049937357637,0.834971934582813,113.26585760440128,3147.4045711112626,0
60.51915658502676,0.44503953904946236,128.87803935578847,2951.636417494204,0
60.92536225623445,0.059751305309816316,133.98483993069323,3184.819625768158,0
67.81555778747564,0.10022221862774999,127.81175336287599,2685.7021624847453,0
72.86552848288153,0.5068059172693362,117.84611711139924,2670.8975509749307,0
78.10907565598005,0.6227541711579817,121.41114496705593,2921.746457018492,0
89.75356216949552,0.5750911715254505,104.7501505985594,2822.215038188046,0
83.5765962320202,0.5335140211601981,118.66220627478761,2896.658178114023,0
73.40061470036574,0.7324519195011334,111.39561531933167,2956.094683510572,0
74.80983792097311,0.39208175585257365,126.94326381149298,3144.0027063672505,0
64.97470635362191,0.6789821112053651,145.72752389244474,2918.467884286813,0
74.8148686400761,0.17359702299471652,124.9982163597381,2835.2277378753824,0
72.11341361079862,0.3190104334123868,100.08859851045334,2929.6973246482203,0
78.22718560338089,0.1385917210136367,116.38769807085627,2846.1709440386767,0
66.72769056447677,0.44503093986604153,121.22490925374454,2813.198899587457,0
80.19346514241172,0.4907477565467315,120.87357425260264,2677.396637284606,0
90.32738913002578,0.522820298445304,112.69186874391247,3013.8956232442156,0
73.91239851543142,0.5123766705774271,122.45291742636935,2886.258858680589,0
79.01711722098942,0.31448933383765443,107.57499163080612,3193.2557478469344,0
81.90143991711112,0.4619518311173569,110.55091277314934,2710.520781588212,0
70.98779528114164,0.20051066627885028,126.45797641603711,2891.583288990424,0
77.24092481810416,0.77264579502645,109.84336769120173,3362.58144413175,0
75.12592400781794,0.43927478542039977,125.38211605492258,2812.07809658043,0
75.97676098548831,0.40222277619126173,106.30536225343943,2952.6933495807752,0
67.26990216144533,0.8177880656888166,137.64825883791735,2756.8312034349265,0
75.24510174258943,0.2515506932901541,112.25730077595945,2730.3144974438037,0
79.9799829124545,0.2748825771936062,117.76333428196556,3309.4621966175355,0
89.51143607795042,0.28075593502628693,123.30613261090406,3034.2078985274293,0
84.59270826085206,0.4864257236601036,114.34650047498906,3026.735767647525,0
96.53182457511556,0.5863263259275194,121.43405961071305,2660.7367529767557,0
67.3265243711195,0.6479350936235667,125.75356724520125,3071.7482776216607,0
83.72320636720679,1.0143990634989937,129.60613232503485,3231.4843891987653,0
76.83342005738352,0.05011350915984725,127.91497435972957,3229.895412165706,0
96.89802933217672,0.6217471178248835,118.28189536197326,3133.666645921232,0
66.91701714644849,0.38857388548555377,118.53368225956397,2774.1028844809193,0
66.60278157819224,0.3827169702222453,143.49108558025034,3062.6246834385984,0
69.00607354555977,0.3760455743492245,129.4988906824929,3133.5169920953217,0
53.76104275690193,0.3182460658384053,110.78176343679786,2641.1112829822196,0
69.74244978319238,0.8369049669206904,120.99988163765552,2775.744081703643,0
67.40867338446301,0.6684594654027806,116.64856861221807,3177.6314643486885,0
76.50393786476208,0.504639195711475,118.64665766076891,3175.2091553343857,0
78.4175597577716,0.7702031504974001,107.70504842291912,2690.2833932757217,0
93.76170839215887,0.19749420694022485,115.88076765614046,3159.0042918538347,0
84.5042383818605,0.23385897373381476,138.11555773193913,3019.0606798307235,0
69.23096344337597,0.06440645356106245,125.79076300875504,3156.20179092143,0
66.01585328651642,0.3601170919753425,95.0883859184854,2873.0957353132117,0
79.91919171506505,0.5323397053409505,132.16723492497948,3129.0366992961804,0
61.797667929793576,0.5205717155864669,130.8962952290916,3168.7657548971247,0
93.31458765854353,0.5298683822119761,116.40714695693583,2929.7330129088577,0
86.79440120721287,0.21778863378678365,127.17263543783216,3003.550509234657,0
70.30824347895295,0.6606309485228044,111.406007891828,2870.2956740990694,0
57.868654709091224,0.5479255036477996,115.29744283733643,3330.327789737176,0
88.53872374165412,0.6466108562931997,134.98546360669854,2975.9456121348467,0
73.85460154747382,0.12144756448198962,117.28269960130291,2815.595134964564,0
87.37816311973462,0.562298171759558,101.30268338045009,2856.83481722505,0
59.05572341205633,0.2624469520164946,119.36696777218663,3025.3541202284227,0
69.00624977046228,0.4205353494897276,119.21411607085643,3150.6662343556422,0
75.05243699718183,0.6068729797272767,131.9836856937346,2732.8346309698954,0
75.46980593764742,0.5182187212511826,120.1433642217576,3369.5320005884896,0
70.49934528520757,0.32969200404413623,115.78417688559708,3061.735058811123,0
81.22849932347499,0.5012546312368836,130.45056145231206,3093.2911945938827,0
64.32379570617405,0.19369293695127138,121.2079023250111,2980.562091235313,0
73.57620514978707,0.7300534791796592,112.49977318434283,3003.851793470225,0
76.20295631711899,0.45894319610074974,131.54997560541617,2970.3433724145193,0
80.14438834058748,0.7237099888510652,121.936617645168,3203.559193807192,0
82.11614878088889,0.3946936625807914,120.02925966679437,2998.414282509326,0
63.75357908162131,0.3952848023186834,121.77908391411654,3153.410043698542,0
59.65885829264378,0.3471626426724307,109.29331628583404,2913.2304953294856,0
87.7767682189851,0.6752347863386151,114.72346223821663,3039.128105662463,0
78.32314011979592,0.3581137685343048,120.03582601832784,2839.215931152116,0
67.51513463443446,0.6289190864830353,118.0533630497532,3243.3056465099075,0
90.51151975522524,0.42350952046614193,132.72428382816597,2833.250551856177,0
76.15674634292859,0.10480734002167602,122.17405852727003,2935.004111147735,0
86.79297184063826,0.3859371864427068,128.54903922636402,2937.007917509051,0
75.67518481410109,0.2641783571274303,120.0939535457585,2929.209722465246,0
95.60747924881987,0.5067805447364675,130.56288483746124,3144.4991538885874,0
92.55340842443204,0.26191845286510196,123.97527756573155,2936.668447052671,0
72.51035851520926,0.6851950201429233,120.1342048538846,3278.7849061082147,0
84.71570950954356,0.48178482792939453,119.8671691104098,2836.3049827739665,0
81.45375949585147,0.4644808010482522,110.45561373709037,3033.875493988541,0
88.68631557532349,0.6311784275575165,125.06915720136311,2844.8428021374802,0
65.35076539419896,0.6927813868151725,119.59795265463622,3084.1945565062933,0
81.8605145999844,0.4959802496460697,114.98008039818795,2996.810054604646,0
85.58424486849587,0.3457599400901419,131.06461770812072,2968.987591060304,0
57.41260513576886,0.14520607677757408,107.49783974105199,3237.694993300705,0
63.16741487334225,0.362790048592964,115.77504104567566,2869.1316257889794,0
54.607678222398995,0.3765575506704077,130.27718748779535,3117.3030315236,0
72.30593165555442,0.5214114905984594,123.15522940920253,2846.2080174650414,0
82.17542255795962,0.4309706237723946,119.52141072347243,3022.537040032075,0
90.02357052096028,0.6375865944102856,122.51003543150146,2760.884934355311,0
75.74094780419775,0.3774033457458621,121.79414171048842,2867.496570738652,0
91.28615545571292,0.4885917666294117,104.83337453714078,2983.571390885427,0
61.198985417851084,0.7367974886393779,116.50738114652039,3362.9298334646155,0
57.96617560644845,0.5683650427909933,136.1652165451375,3020.160774091955,0
74.44452301103381,0.4879924916622871,113.40675865222832,3330.9336631733413,0
78.84065448939307,0.37961111161296457,116.81698985895666,3044.0646583381836,0
74.67305251905907,0.37335372065700456,114.58379236690813,2922.5831511050123,0
54.325578999601234,0.32987734940961044,119.12984776681863,3307.871304520139,0
74.10879960487212,0.39179862684342015,114.16877168675703,3087.403524414684,0
61.95530499495147,0.651133167748863,124.8674150215806,2871.4556812234573,0
81.69672548830039,0.45562234574154625,121.97313412290266,3094.1142918800597,0
78.66598246096848,0.23004538612375375,127.73547615107017,2941.481050018478,0
65.60120213672644,0.8536338586119567,109.4905883381104,2602.1931607657407,0
69.86133082663306,0.5639930382290326,116.59659517117096,3187.1946318531236,0
64.40786478111049,0.2186113198973661,117.74277368387865,3218.986811128386,0
74.37320902726829,0.41163021455183524,124.55646910088595,3367.588405998455,0
84.55142320501238,0.5221772765656836,112.06778802792965,3084.4287384390527,0
65.14273953664457,0.8409184186594754,129.15653804258343,2950.2553151834936,0
80.04046515517844,0.27837750834822617,131.8641559051761,3166.9978854757173,0
69.69742381627559,0.6952081438711893,110.11127652364416,3169.964073063781,0
67.07127167737656,0.7798972853944686,115.09127105106434,3327.656236627284,0
73.92969640045442,0.37426913898508596,114.68068491707908,2991.0744753867116,0
64.64757677580626,0.4444972762279533,146.323862046775,2966.8842054864813,0
69.46350694652818,0.29273815052524593,115.70099894792114,2856.8911160482944,0
63.021221074111516,0.459307771783939,136.77625442156133,3107.4924173450404,0
94.6472513291639,0.49268200513141375,107.3336800489339,2690.347666353833,0
75.35263551971728,0.6319299996164741,110.10349033835637,3155.217474572513,0
68.00274492007415,0.7180366942040893,113.13395468151799,3117.567024373158,0
77.13979910734221,0.35038078707567055,111.54310688553477,3117.014040491674,0
73.8767195030917,0.10653498715480109,117.32101265841501,3027.645047300368,0
72.79030400466777,0.4957510441447516,112.91221797278502,3306.595649506217,0
81.14166700043425,0.5587075059937281,111.80658407265426,3174.3986930853725,0
82.57507710047305,0.5498835375370084,131.58471996473327,2878.58456172486,0
69.69498852389472,0.4346653504981912,132.23793622513165,2882.1641900604704,0
69.2418175935532,0.5249504199327869,129.49296498375315,2824.065237317073,0
72.24948302848355,0.8030889616704495,125.23998955584328,3110.2566665551176,0
51.980788352644154,0.5763468337925018,120.92743065779553,2799.9722157520087,0
59.84808937801448,0.4253263149993831,115.02969309334091,3216.6784287166706,0
88.66874267444524,0.3999604365808008,110.46842495244908,3264.5946616691085,0
91.44967713501283,0.4660295284644539,123.62995703432688,2824.1967462099096,0
72.50963960443622,0.827347992366128,108.26369607453202,2962.8902930814293,0
80.76556963055766,0.4633398580947605,110.06079070824606,3003.324196272483,0
78.11250154543536,0.4960411310958584,131.5291325620481,3176.7966320939336,0
105.78880808455239,0.4035372858127394,139.00649041722087,3321.8686751219752,0
86.19574911434577,0.719796671488393,123.93295138166481,2662.9015214262845,1
73.72082408519233,0.891967450948935,131.06457152294644,2936.363856494663,0
65.44459559399574,0.5901226098862776,117.54151682556017,2946.7966608879306,0
58.93553679742428,0.5165545807570852,106.62325813912315,2719.8660290226903,0
77.03463635867223,0.507356566634847,126.12171618618584,2902.977996139188,0
67.43649254715697,0.023138642242850838,125.69289323270064,3085.5537888701224,0
60.77746290402326,0.6490301728569635,120.71668553880244,2944.264219432089,0
68.53427115757474,0.5268332831991687,117.57624541894889,2691.075766278517,0
64.18451996385605,0.585668410132145,129.622105785811,3574.8165396019826,0
91.87141635072564,0.357707561183259,110.14266966572525,3053.2355730408362,0
83.81639756949451,0.4231086242045817,112.26219421109343,3022.338826021335,0
74.92027358683383,0.41779501269936536,109.91893493239571,2780.4147273865906,0
89.79944138890026,0.7043245968146078,120.84972962635827,3052.141232394255,1
75.77368307647619,0.4242480326793813,109.12106987890742,2967.157243191701,0
66.38715798671737,0.9165320644219596,113.15757819484756,2622.295317456919,0
90.23124077269657,0.5861724838030075,112.94244437772802,2785.9489119971167,0
80.38910043684659,0.24486346800085368,117.39391667666042,3158.985203534789,0
64.62753845673544,0.47429074134960864,105.12625553596023,3388.8035300000884,0
73.09661321916391,0.36966497556871686,120.87204992037267,3073.433081008609,0
66.24381746615242,0.061123506035995145,132.4730365066468,3220.6166556586736,0
61.172002690356635,0.8198941880227579,121.35491372316761,2968.848938283358,0
84.26177547531641,0.6406285084440008,135.41321144801321,2982.6907678638795,0
94.0941664047013,0.6066414635798625,133.33998185876925,3218.195805523893,0
61.01432426180859,0.5330807320599409,127.77735047247855,3332.555457835894,0
80.62969236690572,0.22359648626151246,120.74685842636886,3260.2193386931244,0
68.49357430878173,0.40327657208891265,120.2250038824544,2786.727384923036,0
70.12874616235304,0.6683561549568026,127.6379977236326,2986.608221936951,0
69.07606075761132,0.28975599404349944,116.08329390495967,3055.504936895259,0
66.36009230320184,-0.006353863250162739,101.17479248532536,2948.064407298494,0
75.48521627944827,0.45457879844381477,124.92004054102959,3077.571508683119,0
66.69049883588963,0.47164848919449226,108.68931370065029,3164.1153623337896,0
77.70456825779839,0.5271126832829418,110.37858771809616,3200.561950391028,0
74.49761890550863,0.6457037287029073,120.00223947995788,3337.1740304443047,0
72.6105195313359,0.6275211624462418,119.0487512244653,2934.111779055033,0
65.92436337958402,0.5517539610487843,105.8792439368437,2727.1933670321373,0
69.23228669431667,0.7391062776173418,121.6549156413314,3071.6469188028905,0
82.55391225825755,0.19620604383733703,129.6613966086105,3376.7622062369605,0
80.00917187624381,0.6009163628954781,108.71658429734217,2904.604828009188,0
65.22444755201448,0.6253076726673885,132.7248333084876,3137.369395412744,0
75.99332305429226,0.25208754278395207,104.39829174870056,3139.1491584945284,0
82.5138712337179,0.1994258782635221,141.17324144370954,3038.2884094689216,0
58.305947188786284,0.3508115747048797,115.88739569516517,3001.384944208743,0
80.43360192379934,0.3676917114969416,121.45616996826891,2815.3141588557214,0
68.37376241054153,0.6506838927004861,101.0796642751433,2543.6675855158846,0
80.70598668593159,0.37709224326178103,119.37863933530691,2777.629858667194,0
67.36740843457483,0.32873029634375917,122.28482177718192,2921.9391701776603,0
56.95117899335481,0.3776732526610882,119.13837895900505,3219.4845374845413,0
58.72457562116837,0.7237264668308423,114.36918922947626,2979.374387529725,0
75.48084946661382,0.5026086748753904,110.53435481472185,2896.19485621637,0
77.59722501721483,0.46414979492861763,131.30526619537312,2821.802911609314,0
65.95683374895592,0.4779989002597897,120.3080713499795,3131.361165701896,0
81.38592458777374,0.7584120668653045,135.40752376516772,3271.671433286121,0
58.3847993773104,0.3501656546793516,114.73517645205077,3212.6871443734917,0
74.33920201352683,0.7631016581880208,115.65205306627783,3121.2299399516937,0
62.889838002375434,0.5420992597843007,128.15594244596164,2704.877450723412,0
68.4816389219784,0.46791612360493046,103.77025037996435,2929.6651514312457,0
75.47398671316414,1.0001800995868564,107.86536639847077,3389.460845777935,0
66.39586634716048,0.2888721020402807,130.97484971353163,3224.390098383045,0
71.15444455770175,0.42926284808659876,108.28066070776805,2692.499356353055,0
85.0629280921444,0.25351375216719996,101.80948984697451,2988.881895360146,0
69.23108130476851,0.6904923941072338,138.6852718807309,3072.6196865322077,0
83.35692112065142,0.8378377867303358,106.06182352125795,2847.568307394756,0
63.702931453423815,0.8339845562809278,121.8411939832817,2538.1591957182304,0
80.29804177915283,0.7447897506292009,120.69085192724272,3019.7648090032862,0
89.41568620657901,0.4604759064408069,91.89371683381916,2842.448348475912,0
50.283554998727105,0.4269518045020307,117.32682976832191,2843.231652183063,0
67.03104744529523,0.16576604550118695,124.4841324947911,2929.0639280138485,0
80.7707212718054,0.9071747070363585,123.54309381518861,2973.2648170690377,0
72.96954613957007,0.5937956156296935,129.035206838035,2998.1834411808627,0
78.71145873371309,0.4016086190261034,116.12508685094566,2823.2020202155995,0
68.9601481328418,0.7656113777973935,127.12504442092161,2955.9580940731844,0
75.865897874729,0.30544709664799985,113.10670931919928,2648.515325919449,0
73.44322764607921,0.5813244068445348,105.89532583587226,3062.207813073616,0
86.67782061659807,0.46547417314183304,107.02271624318767,2428.7449173317686,0
77.54420843301213,0.6277354279760602,105.37889544804585,2942.101983913276,0
78.37602662075201,0.4872852921627757,130.09585967891195,3183.8372307353907,0
70.88123033877532,0.20981442177775517,104.85426490941444,2788.131862545035,0
70.12393775927507,0.5151152745340075,122.74038840649303,3143.28604073148,0
70.6744181218038,0.7097728283750724,117.34075805927567,3231.1465424241783,0
78.94452142378297,0.494156718829203,118.97351426549369,2338.420009500522,0
70.79015519179737,0.6550230243178172,133.636072951997,2969.7274192848517,0
77.89774856896413,0.29089410286518935,115.61572632784727,2424.845314474345,0
95.75400798645438,0.49474784134602956,126.11601561549683,2976.3583108858106,0
83.71124703431693,0.3750979089822845,120.37563351381112,2998.5657578037344,0
71.73976467832159,0.6493961680209419,118.47981094367302,2503.4912028178323,0
87.01213922163944,0.5062983124523992,142.99969124386473,3384.967672415973,0
70.91924626978448,0.6380147352673226,105.5865825428463,3057.203161526925,0
54.61875464822146,0.7175420852315733,132.89131835437445,2830.195313583593,0
64.91913689082595,0.6383237150242776,126.56406565489972,3293.075885499704,0
56.29208078974145,0.5546236868587289,115.20475005368216,2640.8773558715366,0
71.48486515958692,0.30035754829771893,136.29318517441612,2754.1657932963367,0
75.18418379189552,0.4994427778666197,101.51889887611463,2540.10889526602,0
91.76437312275283,0.3933819195968334,114.78233342700928,3360.209039307867,0
78.26927373764163,0.43118720865915466,107.91517795730924,3066.4692742944007,0
72.80899471191135,0.4250931698499498,124.1208346487146,3131.880357969699,0
83.2940558118349,0.3040148850435511,108.86935898812823,3060.200246783695,0
52.88864690992115,0.10853228217320199,124.33063946741319,3114.7535522289168,0
77.35614558108566,0.36637139033444666,118.13563584178446,3015.6155427791978,0
82.70865193886966,0.5386758903848318,115.20646057343916,3054.184268541488,0
60.214137542201584,0.23036459091450195,123.88647246033311,3021.52068724459,0
86.43754043206928,0.5031364472943248,117.31378376061936,2878.2816388861443,0
78.38496407494414,0.8800536848621929,109.11365156940961,2990.675046957066,0
70.84712086099199,0.7046113110504478,148.0137298963498,3054.7189146523356,0
81.32781866106285,0.8287083018241059,115.12832816970855,3022.1098239104263,0
97.70692857804396,0.5782255753865453,97.82390919847985,2704.4455784493366,0
76.81866255058495,0.7335019645972892,111.57901310278612,2731.002666278318,0
77.48220586300336,0.35520705390644247,107.3272331162727,3216.5682867832784,0
70.40639100459757,0.3711319465956031,128.26145616040515,2938.6011908233195,0
66.50155630535208,-0.04782804122749462,123.21652659591587,3116.945069407188,0
83.30335816544246,0.7372290948084598,123.98712801790344,2781.5760180555208,0
66.43916174091133,0.8080647959639773,116.29977534162755,2705.3708246706938,0
75.71566237219392,0.389364550930546,117.20649752943079,2831.2806774936575,0
70.22342553234883,0.44920965872055296,116.29068896392332,2955.4869858457173,0
79.78979825746391,0.3492275772618077,119.18806815864531,2866.9719401431175,0
78.33662105286949,0.5765307102954983,128.35333435364836,3258.7867046211427,0
85.375399442579,0.7249865090606482,123.36075412505346,3035.904660307492,1
69.89983601145254,0.1514456052237918,125.00112829620866,3369.7877237123716,0
72.30125064706628,0.5818877061284504,124.99558908249203,3080.8816308142837,0
65.21236284217693,0.4446656456561709,128.8444243738174,2517.4898364160376,0
70.55706739923889,0.5226788783933378,122.88150041540254,3211.208321291711,0
78.77300493044852,0.5917988003348582,123.58848072678919,2698.089675506009,0
82.56988616645351,0.46235951224543576,131.88806241193157,3046.106733442268,0
65.77834675822375,0.47928262931884386,113.34954081996888,2845.063188467231,0
83.6960592010566,0.45722496648907224,111.44257420048493,3428.5422068928374,0
88.55637858804951,0.6940632403576563,108.14078400813145,3287.9195854860272,0
79.13434903223701,0.5837519920254993,121.82914563620255,2851.6358716596483,0
93.76795812558066,0.5441167075474722,101.46267758780877,2974.5284663757775,0
67.26210800896428,0.24580965578154346,124.62154096059677,3048.9196139298433,0
62.55345296688583,0.42428405135736913,118.90806905499447,3172.682814312322,0
57.212797510957216,0.6797338320678349,131.34639699821057,3005.8303824650025,0
89.96044311489183,0.5075393146247846,113.28082689535009,2795.0210201238265,0
81.54365656354058,0.6319062939178277,117.96681714582493,2856.4882721599893,0
74.44415329089544,0.8533023600655267,131.22203333293368,2999.1036407246415,0
77.7996862631982,0.7077212138417633,133.83135646778152,3246.891395752938,0
63.74510952701623,0.5186316675399485,113.1984763424818,3085.567572107209,0
99.45751979616827,0.3978021659608546,121.8178123258716,2845.3170146769967,0
76.29221181975228,-0.010709919211179697,122.94418977684049,3129.674555541958,0
76.09394794604893,0.4663230155054295,123.73653405621148,2922.6030322243682,0
82.25766623898691,0.43479750083663016,117.37424340684377,3178.0816010373683,0
79.81009231736714,0.5780732388790751,132.81383398123634,3505.402083665721,0
77.23884024279131,0.46921895460506247,101.10296516378455,2928.23472581129,0
67.09525544554688,0.43592298811264113,115.78869765198915,3160.321031945274,0
79.71468357135996,0.14412021389855584,124.47930732772947,2850.921333592454,0
93.82024496475034,0.3120064341699867,124.57224811949344,2977.5472465617404,0
88.45420046154977,0.5953302081601115,133.52759030614763,3005.9124573744202,0
90.93186626639397,0.843181526226539,131.98225393201287,2961.263267991124,1
69.88784323568815,0.4804949232508753,117.14458374692776,3492.602737755005,0
65.1039517974142,0.5655622147148247,132.99871243530606,2938.6813850643234,0
73.74213079900352,0.690495631390561,112.85958256222546,3117.3703077569735,0
75.55724912288694,0.33782121275995003,129.30887382791838,2613.9826261353137,0
85.94191518470949,0.5733628086570884,138.10522478420992,3086.399312673922,0
58.07535370285181,0.3519019787335683,132.1494410685497,3228.4109184704494,0
90.29550319460614,0.6729648876982023,121.05770383524123,2894.4805314841897,0
73.4199210142101,0.5302806095903465,116.68221228227878,2497.9555717919175,0
70.7311893005258,0.5596903627962879,104.71408703740714,2992.269646234535,0
64.87895624739832,0.3434802805162822,123.10539637914204,3003.4367700771054,0
58.451433281342304,0.641406471922157,108.84782772029081,3144.815010148861,0
83.23170583961914,0.9169425842462032,112.06865336386063,3402.180607082687,0
75.73317967188405,0.29841766091435873,108.09254199263329,2923.9892698799385,0
62.10039100258946,0.43204819847049525,115.39607667343344,2828.7423752679438,0
62.04921227936384,0.5463214948336184,119.72030585513018,2766.616439725711,0
71.64215300709871,0.6572812423991633,122.73614581165705,3039.61572340632,0
91.69021525289392,0.3880907429421062,113.99493364586037,3095.8708517637006,0
72.40408648636395,-0.06660605802854802,130.69283706395183,2890.868921127483,0
59.96857046881894,0.771837898832805,117.91794742010035,3155.736549145158,0
72.54256935914056,0.6521012239168286,112.12277566734481,3093.076815363835,0
72.2727643025233,0.15141049390266698,122.26292267243437,3008.646337928978,0
48.03113357058429,0.37848624164408884,139.63552833543815,2819.517055851175,0
74.45705133482188,0.8136364859054652,123.35160566535117,2903.6271369030555,0
72.69065469791322,0.7895592836915732,116.37144372626393,2514.048940463491,0
81.96206364813418,0.687728004535789,104.72538643881296,3047.157412839607,0
93.48956094945345,0.46477751320802746,117.8058767902793,3005.268257749487,0
86.26565029547757,0.516597483762502,122.34928125088116,3037.6957982178974,0
72.3111130944517,0.4738148389747747,116.1241910874443,3100.863803112912,0
63.934740912583294,0.7256479566537675,103.34615361759,3077.1642972864447,0
100.7335980324986,0.32483151870097793,111.49434610496566,2977.923363870793,0
75.59218434014488,0.33884006902315905,134.54538460887758,3009.7336086325504,0
75.13929291912946,0.7020549173672032,134.3400100373046,2719.136716660766,0
74.75874912889996,0.4911277088976877,111.13360830795402,2883.255870862115,0
76.98084760767856,0.7756934710907617,126.72756787199422,3010.0942107366923,0
73.55639588076058,0.36569755860389086,108.21427215229826,2852.829284817528,0
69.26337993119763,0.48904432793223496,134.04316281994952,3172.030159174509,0
69.53141058759608,0.31551740303120934,122.45235847894236,2868.273583808994,0
74.67246729784002,0.5014725362847134,129.49641498616535,3043.261082249663,0
69.56575228866235,0.20429061260024023,102.8490665281746,3023.313131363067,0
67.87154217322836,0.4024733158090074,126.77637101924888,3149.255518722082,0
76.06430227691897,0.21274922701437643,119.92325936315497,3180.1582348056604,0
72.45022782579144,0.6387846466382516,128.51929070790843,3138.806522193588,0
90.0399298858269,0.6433178679519304,129.1486779809785,2578.798759723373,0
48.49030191606988,0.15394745390313097,120.6578468947475,3238.829629602625,0
85.91506851922462,0.7667771491001145,113.99170360904085,3305.4616448389197,1
87.4608519249763,0.9994830252839708,127.79696182179494,2903.575143135706,1
54.2660976759185,0.5092012773472682,119.39845500594872,3047.32938253457,0
71.57312405919652,0.371777147955071,111.27215046472358,2821.8336639738436,0
71.28559134004209,1.0648661182006092,110.79847768542314,2610.3242986535697,0
60.924883052821784,0.23620630033949785,105.22835583687618,2852.2569468915226,0
67.22183312409125,0.5040212933738196,114.89708840436937,2891.972192107278,0
63.894241545341714,0.5359244545263847,131.02692046074378,2929.0298537296367,0
92.52270443423623,0.769029524090483,121.77829799705434,2808.2171819988025,1
84.35678393147461,0.5719477950253576,114.70232294076959,2853.314966636552,0
87.71555094994159,0.4002732208423097,128.0485593818008,2997.7987356743183,0
82.21672064043236,0.30976312592240873,111.67523378276611,2845.9546033779716,0
63.70948228782771,0.43163563595077287,120.95350274332779,3108.7048665100056,0
69.75479733720226,0.2986145278109712,118.20369627274485,3136.332130279488,0
79.89374561227918,0.5095650639569366,127.79130625588353,3476.077549232898,0
62.778721911080545,0.38716076402790267,104.22771629080499,3225.1359864246924,0
82.12998430172388,0.2011924413420499,111.49802254185344,3048.620611665683,0
72.59674601841866,0.7510291576749808,103.61754340905466,2875.9471406664643,0
71.25179192450402,0.4004654953141921,117.4040327819073,3058.7494703347998,0
82.10959968203491,0.2463726390049375,132.1142750363243,3065.319191983271,0
79.4426331148604,0.4663481731024917,114.94552790346472,2897.337382198868,0
71.3903383418092,0.5136743131935317,114.8931606180435,3156.7462793505756,0
86.59329803364248,0.15070665488419327,128.71724424184137,2720.380397063625,0
64.18936672400102,0.5663295334251526,130.685495584553,2951.120032892498,0
81.15935606944264,0.2905684862619471,119.11428932731211,3111.1716918634816,0
80.93101257968384,0.8422057618381575,126.84714854049892,2942.4831704815806,0
71.9045356068601,0.604792102415347,109.23045459122054,2958.6491193141455,0
78.26133022242118,0.4200200019781367,133.77974333925414,2972.442827761544,0
62.488864236146966,0.3509664459365299,141.4870629393705,2832.879751862451,0
84.240270192069,0.4790064584872752,125.21215791188725,3234.7801863148416,0
73.15097863557011,0.622558148316658,99.15668378657199,2796.392465615437,0
69.7727697948096,0.49490117428296004,114.41769737602216,3063.631865481977,0
85.49009225836889,0.4565682385726287,126.12825321669321,3082.729579656475,0
67.9565630945724,0.5116740581635791,115.78517002833637,2810.2756197582066,0
60.91538703636441,0.37922821375260907,132.721985542501,3014.620850876149,0
59.433708264760966,0.4313588146313925,125.88157264435866,2818.0735654510595,0
81.0600995134564,0.08284151221899916,112.93524499234204,3278.208495011189,0
62.19570647503717,0.6947452461704735,120.32264810771252,2772.2434126047574,0
92.54794181984364,0.5597595560643523,111.0616677936091,2869.2205811536073,0
54.18070592116278,0.34530883119331396,118.17415121587558,2755.1549983288837,0
91.96456368290038,0.8797469962710478,114.45406759567449,2728.4602546264896,1
77.11017467202619,0.5174032960784773,131.74761800233037,3318.243058176459,0
74.03286888129608,0.29277128560496063,141.16012056830994,3108.5549347825126,0
69.5508091319105,0.6713474842940916,105.68811666764248,3028.058685140109,0
78.9913611435207,0.5796096433018525,100.76783713790248,2868.6846073306156,0
74.62365297575151,0.5789159970968438,117.54827578148614,3181.5223622093536,0
86.03301882016521,0.4148488790696819,104.81584301171317,2835.155512126509,0
76.1422764866204,0.590099144755607,120.46211603670918,3158.7278588660206,0
76.50301761461877,0.44764834195578107,127.48936113805927,2825.4977446788726,0
71.36387787786144,0.6111882903291684,134.94141897266826,2871.0984596248654,0
74.43054376278933,0.11901110919787222,122.0139455871528,3151.6564772235843,0
78.0780176889206,0.4132253074041622,118.06844775150421,3172.7654688311536,0
57.89831607343375,0.8444310195616389,100.21615083426916,3119.494586779352,0
61.518145778942866,0.3465865089199399,120.26185149185798,2790.065176848641,0
82.43264094022715,0.3792323405013627,120.71287260549461,2910.6546268554343,0
76.70865438127942,0.410407732310005,126.38956814212746,3031.3797482397026,0
73.1601666364732,0.25703877282227133,112.9151189847091,2830.1438076179816,0
75.18433933065393,0.05834384475434956,115.64947399764141,3274.1925520258587,0
78.47581705361671,0.45388272029527743,105.21997744695815,2519.610611209891,0
69.60240319690638,0.5271718848163314,97.08707193115934,2844.2520969261695,0
67.21695274597687,0.48949898629226957,108.91502909203217,2898.0866994260336,0
76.95845255097682,0.47102428761042264,104.29674185746984,2431.2112670456463,0
65.21627222384969,0.5086081741700775,123.36712295420611,2720.754173952762,0
79.08252755714472,0.7045682943101528,114.81865943333143,3125.0579025084135,0
57.9741639576216,0.46191076281415666,114.61762869925211,3006.0567273105926,0
85.29155637325644,0.3851834845825461,110.15586953824788,3314.6272044085804,0
79.72597482413043,0.44377490302238276,87.67434567487567,3309.0452891769637,0
77.56029734313876,0.6158693519513552,135.0831074874755,3086.6092757207894,0
84.82690983945514,0.78240537570865,109.99729477223212,3062.6476498001425,0
91.65474444462576,0.3743712521661643,115.87579930150093,3013.18622171578,0
85.1437006501813,0.5197867574057767,105.4510783471069,2468.983596424102,0
56.59125768668355,0.567671488387192,129.71930343440633,2721.088097334785,0
62.204230332642986,0.3014843986542354,121.43428937037325,3020.135100619787,0
68.75181422304321,0.5040834334425837,111.73634714734132,3123.2051417495345,0
75.26091050210833,0.20686522853158096,116.07770388655976,3057.933962427628,0
80.17659020469122,0.1461899392521202,136.7817992212487,2821.5070064568686,0
67.74256186846534,0.5733492815784514,119.27030568118721,3187.4812564938993,0
76.86766764477078,0.42322505173384345,118.18266462384094,3296.4888057509274,0
67.44617067646678,0.5404560815242438,110.58618513860735,3187.597920058268,0
68.88482197008052,0.49642100459833,101.05418849527697,3197.9198659180943,0
60.93338903151778,0.3047199902672405,118.39961326420655,2888.1548404089576,0
65.76766753889096,0.4909491396071327,123.25485112324617,3215.1868245401597,0
61.48315394383666,0.2533797389970289,130.99584464327668,3029.1517278655315,0
65.24126747022667,0.7781944716002802,97.51503465500345,3102.311105704401,0
85.5364179660784,0.22880593102800723,108.74903672976971,3073.086368564942,0
65.50601111168056,0.4608429458062837,114.1925890944355,2975.702578911918,0
101.32382064837391,0.29154568239055034,119.96519151426799,2827.99950497554,0
79.93317900880889,0.6140842346721591,118.54966308471577,2983.5726672891906,0
76.84836123694873,0.43371372574369943,118.78311314312731,3197.3523234965646,0
66.41642219818786,0.39626665607575795,124.08096058569944,2911.704838937418,0
82.00309879408991,0.6706403090103109,110.96706889220891,3178.6694525216294,0
69.24362173762226,0.5058861183355104,129.34141442233695,3147.4141341235345,0
76.22009814645361,0.6033288891871935,124.33452441699481,2940.2125205960338,0
100.60084538268795,0.30373481269650704,116.8016773587192,3277.760020723915,0
74.03940100275351,0.21903661121449863,136.00907991888914,2928.8906657618586,0
86.49273326285676,0.5214415924080267,135.56416035571766,3301.909372522526,0
67.96823574874112,0.43623072890105374,129.3289535519381,3086.8253963081943,0
74.65011509503039,0.6252869344907889,89.81443229432207,2996.826816309297,0
92.7080063563551,0.4840183094674901,135.78945092717976,2822.4397239324694,0
68.73032942212232,0.541015067846926,127.94758522471935,2982.347953972992,0
93.12448557996929,0.1753234940117513,140.06408637712937,2959.248097301116,0
82.07751935455475,0.8776873879228513,132.37464591733539,2748.340722949819,0
69.37533224105732,0.4671516029935936,135.78342677497287,2956.4769154564665,0
81.3240773905552,0.6395173940678398,128.7865485018038,2839.2393639805828,0
84.7255444962673,0.3327816659560747,133.48693198645512,3117.1983537957562,0
81.21809962217196,0.5616019804434682,139.9412374073444,3261.2560951456408,0
59.297752801095434,0.23943104729505094,122.16554738378206,2754.6168647409518,0
67.72862824175131,0.5904135676519342,104.2776945592187,3342.4615456733845,0
72.52481364448495,0.42880518312283344,116.92539099984857,2974.289793122974,0
74.25566570899954,0.5058381007871134,123.89945599383437,2804.9957230122973,0
81.20672097550678,0.6395948060260195,120.74887584371558,3151.5509560416367,0
76.77701000933254,0.2534919377559439,107.53438033840574,2910.7091043489904,0
61.64655641289899,0.3631016538774406,103.68932374805021,2983.652664793701,0
78.80197851005963,0.5914648562173531,112.5883733136517,2919.1443511575844,0
81.10585745283824,0.9196442949093494,128.0773955598415,2836.65241362702,0
80.5979044793104,0.47238353306770364,135.80339770822968,3144.7994064803806,0
85.80780725554622,0.6182272235847865,129.165676137777,2942.7397194211626,0
83.33922154548904,0.478605706028304,130.57427287114137,2712.669641564151,0
79.59180079228437,0.88844911895126,119.19184426836442,3110.2120248431866,0
74.29834288541353,0.15055566660694886,102.57917542294035,2758.883529795249,0
58.39039066484008,0.5189242089338716,115.44779419117295,2769.347965464948,0
79.29618219132585,0.1748911932875878,117.41235588127621,3238.5212409954634,0
77.07687687163111,-0.001314314107343395,115.02947513164318,2760.732020157958,0
77.71578837195374,0.5594924106235633,120.54694865374626,2536.711028614502,0
62.232514241796906,0.5278995592294917,124.4141975989295,3124.572296992299,0
64.18943459591738,0.4430326124515597,128.53015188243498,2939.227314103774,0
85.53152853332904,0.47876118199204937,117.21880135633666,2956.468975772377,0
74.60444846143345,1.1196598868142515,100.96240594355407,2937.09992132996,0
81.81500697372624,0.4483649723937131,115.17122280708865,3046.3339878037455,0
75.28318376130461,0.602024872250015,120.43710396991983,2849.456151619386,0
75.29756139495746,0.3701270360772238,132.22807922133407,3295.222974913153,0
84.38283805975998,0.5590465150081206,114.32192157815895,2704.7539039381204,0
69.83955271782627,0.4523532649888765,125.12543628399402,3088.9749833354244,0
75.96120776940984,0.417896303454054,122.90087899635432,3128.424200775317,0
70.37724711294958,0.863779706440065,120.43900533123389,2848.0696478333243,0
70.65503772567685,0.7354369926368678,129.30533319324593,2795.2531109444362,0
71.90827876531361,0.5273493294798461,113.39158803247419,3203.4348428340313,0
77.22133771633713,0.03915761281120661,114.24813550356484,2801.827849196657,0
70.21251378336522,0.42779815534948606,119.88099176905772,2878.667211849887,0
87.55756125573521,1.0406055128810168,113.59853494906301,3177.4617924919494,1
66.05392697780496,0.45386766667205836,125.080122910546,3006.9482467078046,0
73.13128355838641,0.7206435144107316,112.86807695633867,2640.571266474179,0
70.60268941725825,0.7883884803905201,122.26304207745135,3349.4118289107028,0
89.46977884353733,0.5437927831711951,118.99827231213243,2893.997848244007,0
76.96554776511574,0.33163567362636953,122.14925964776705,2919.4485420187166,0
85.31844539468635,0.012937533643422316,115.4025860493696,3051.1568504652732,0
60.14439626963028,0.6368326417217909,116.60911705473173,3125.0153594008148,0
77.67050265869258,0.33704879943529037,120.9600926799705,3392.2208582582934,0
83.89630795623437,0.5352300903775384,122.02074506161313,2667.9863701188606,0
75.82283989275425,0.25003593208212715,119.95798084608843,3165.1904417851893,0
85.65480375065351,0.44695249190595954,137.05362356513083,3148.6019388100153,0
69.82711549899628,0.5067438109802106,110.09263081258716,2972.5670178251767,0
89.0934744018558,0.5537187162088596,119.35796205047286,3157.4547389632444,0
97.9889812361925,0.2770355625295171,104.26370977883016,3186.8548035273093,0
71.37161439560342,0.7393821897522704,123.72081478667386,2723.607443002599,0
70.54497478599228,0.3806210430536057,108.84753463623186,3349.953301176166,0
89.533844771177,0.16510610790935093,117.21689744123424,2688.2475493723714,0
90.79572145730712,0.47819531600730725,116.27935674668674,2772.9367437522455,0
69.77139972846732,0.5068750618052921,122.80891126601172,2947.6424652751807,0
70.79813182904142,0.532117886634352,114.4720908245482,3384.9881026374114,0
72.18215391139493,0.7724264807370158,114.04694302306018,2938.3486740493227,0
61.555494889657226,0.4527102326528281,134.358564640859,2993.6132219898377,0
65.81348053515802,0.4760760751262457,122.84566790474526,3286.4157207809126,0
64.95859233247933,0.2793631237533813,114.38949147977732,2939.9363714869055,0
67.32202434895872,0.6641107005775794,117.4916632818877,2764.312657413865,0
74.65315112613219,0.5368618128156207,136.45354952270745,2916.553032952337,0
77.3421473253652,0.41599445454116746,117.64835121748904,3274.1583667611553,0
90.50500492814076,0.11906506130690725,113.10723376847612,3014.1729994110274,0
65.0164595926121,0.7888824390110175,113.15003849873608,3386.131651811252,0
84.84322398476584,0.2544640071087886,114.50873519010423,3147.586985252431,0
72.86011155774491,0.38174439812605887,114.05502277573278,2871.0382127213034,0
74.50536290347567,0.5716689022152006,107.20352151650756,3010.2152608930155,0
81.74819492166604,0.26068841427666267,108.75799903053021,2829.3563763716243,0
63.772779784377015,0.20129804434937132,111.7067962563863,2866.313393870246,0
78.82409746184051,0.07521048345986703,125.91571018453098,3895.8168502051512,0
76.66452208213056,0.6441993905811272,116.18762712727127,3203.724902006762,0
79.92451264008149,0.3909627510547356,117.9283831090596,3172.2195978013347,0
77.89168643907819,1.0854540184946662,132.70088025254898,2875.3639369383873,0
99.55300139910895,0.3011289868738253,132.9500714993842,3313.916813256216,0
68.62260015748684,0.3157097953142157,117.17875056862265,3219.8831203585873,0
69.69003044998182,0.3869214059429197,113.69136489316591,3376.324257871554,0
68.76859473575236,0.5486269310276978,111.35569686326463,3366.62282967969,0
69.44522880839746,0.40595933224293773,126.92775769708237,2704.182142380496,0
68.62612872693482,0.6224664428005025,117.95292766477712,2778.0321021460186,0
86.89016531107552,0.3042823220022691,116.1350510967721,2799.242436907273,0
89.20504247989855,0.22368165630728376,111.86335424862447,2811.2118713335126,0
69.29253706250523,0.1403570521181785,112.30333590988612,3064.690472852078,0
66.67644426895771,0.05528516641256065,123.20058191493244,2886.6393095808367,0
79.71415556386404,0.39638619610498865,106.84561734112738,3414.519708152504,0
69.47776955719029,0.4398039375213556,129.9486869378794,3380.9359764163273,0
81.32931817755511,0.37371259450336336,114.66155356185081,2998.707681184192,0
77.029230208513,0.7486811594374324,118.50364055748207,3391.065243229958,0
59.84255885002768,0.745606041921627,106.63022041859446,3297.6269254480403,0
90.47505201330061,0.4330394025110996,119.87634061757636,2909.8586881645483,0
92.95877673095522,0.1412157773616074,116.7167905730944,2598.156931194888,0
68.87211309515614,0.38665897838898944,119.49919401143534,2956.406323007854,0
71.12298440064016,0.3800357212165877,134.7170889836189,2871.0755737843056,0
77.85865390724905,0.3685730075443884,121.7769804579024,3041.301125029166,0
78.34456789987026,0.360456219220351,112.05340815854196,3017.84565737495,0
81.5854427267283,0.36930742085503854,112.88680089453432,3012.6035317798455,0
95.1020453876635,0.42269167682044806,125.95131185913769,3104.736948275833,0
73.2305277250595,0.3728917802368886,132.98693290993424,2757.4956105832644,0
67.01702755461547,0.5416645017251185,122.8191802075105,3082.2720555139417,0
61.20680771985473,0.5720737431809723,126.88712744554769,2912.0767693965986,0
67.69069960058081,0.317870982563502,126.09737723336706,3039.9964399727373,0
74.66873027126204,0.7542130652014067,134.1906441335752,3191.481969046438,0
92.94557863517788,0.3039875396318772,100.50409827273967,2755.120045355794,0
69.82388700963828,0.17643987723693255,126.67218939304529,2943.741269466086,0
77.23787951638899,0.5761556142730103,129.83736043903565,2976.293153194227,0
74.83577103927247,0.33651837311713206,106.61276293864427,2897.146205685872,0
86.88393273448084,0.5642582941514775,111.14331815993584,3179.9658992265913,0
100.26932425873622,0.019266279779893924,111.49217251371846,2855.9223282399057,0
69.6913122707968,0.7784911882966135,112.71209803622617,2888.919920111532,0
70.10560557481777,0.6344586816080804,115.18282949064474,2858.0161734095873,0
85.44160877069072,0.19990469016739965,122.42602813054941,3218.41108228776,0
81.81891489626311,0.20424457523074285,128.6567465116737,2901.5111775175565,0
93.46707325736034,0.8344531808195055,130.81316957768536,3092.0090781767112,1
80.83928185325964,0.3525240193004083,111.62176938832218,3395.1410202460147,0
71.40707909212941,0.33316303025347527,111.55297001297018,2985.036315929883,0
80.9065483069231,0.046789581170143424,133.15821840016224,3222.4121360066315,0
86.08703580582907,0.4298443588796892,126.46743935418644,3334.2708168186255,0
83.20482181197364,0.4544560770328494,120.82864841868997,3205.438312008083,0
80.07274031107298,0.643098619353897,124.73336675554967,2996.639736804452,0
85.66674689589154,0.22018431436310487,119.7019621814856,3128.4215517997227,0
86.69295590445672,0.19594264155187807,125.24584683047615,2742.524281372931,0
88.82158991037527,0.5901925269552953,116.6393330349426,2843.9913683700097,0
81.48709887589642,0.701346014245413,122.68804934439231,2879.064963673616,0
73.32881919683146,0.18576952977642336,104.89453949630504,3448.1224240348565,0
76.46713686433323,0.7163028172599483,113.12215705174569,2837.4830971489464,0
87.06508966508358,0.5075083682973643,113.22988823209657,2834.504649747634,0
66.83064329012764,0.7183610678149291,116.25609966793085,2791.2158039502033,0
78.68673308872901,0.48595592769647666,110.73486745220252,3111.9623523861524,0
71.0666118767264,-0.004455583497590121,114.66456374176919,3028.5242785337764,0
75.28744822934817,0.4696065235367922,104.8558593760188,3217.351795405313,0
87.78451862607298,0.7120287637342539,125.487004763949,3134.2519332154707,1
76.91099068019903,0.32125079618325714,119.17486481088605,2723.9220306551865,0
75.46436548156149,0.4224070062185096,102.94792392223982,2838.544445997926,0
61.40143859020081,0.4647732992898043,111.65170089453326,3273.0657496551644,0
82.46253566027221,-0.07990277597369644,123.36601427562167,2959.340351084639,0
81.45484181141076,0.8342695150874953,114.5697805361421,3237.5183636036027,0
96.6325472330546,0.3197248640205651,113.03058539861904,2970.0638104169366,0
71.92221765046999,0.6011470864945598,119.25407322991924,2806.4687143422957,0
77.1915032766394,0.48265977277035826,123.43597535178216,2939.347844466659,0
77.49383683710755,0.7515238112718721,105.6364754296084,2806.390040890061,0
90.77453279763475,0.5812112244856162,125.5012848121788,2886.889447519515,0
74.04704467613048,0.4530151456958051,111.99706718392623,3040.1851413130494,0
77.7902152577034,0.32129698149614394,119.82072031750201,3102.321018073804,0
81.0789650971654,0.6595701402764278,119.6457985930849,2681.9617353491403,0
76.86609123156359,0.12531173920907662,114.72933881760225,2996.5263984981802,0
70.53566385449471,0.6291780840551785,109.76340253869286,2882.6768528880493,0
76.94089992898307,0.2801910496890254,117.14313451907736,2870.3170382082376,0
85.73631749859771,0.750456732391328,136.25330309075196,3026.5369238266153,1
64.73484700588939,0.532259908532539,106.38324969536369,2889.9096254621577,0
76.32969674146877,0.6288247535700218,136.92313019104876,3276.4275989693347,0
67.99879185060827,0.5163977627649439,117.40278828923468,3237.612375250212,0
86.95046628924842,0.14952458097180066,120.35371417088639,3236.365658788408,0
59.76813095216225,0.3278541673209323,109.13289188615272,2901.0179609019397,0
69.41078152728412,0.6344778675222765,112.28730583322519,2807.5002330161356,0
78.7721187506452,0.5333311634719688,114.97090349961981,3016.405985877623,0
90.65524029234341,0.7361979810611344,109.54305029122088,2969.9303267427467,1
74.34249738927012,0.5806549126074343,117.91082042629128,2878.235367515327,0
69.44800473306802,0.30665962185946805,115.9298410819323,2764.853110666608,0
93.8115706944059,0.3407871724558732,138.50781142435733,2991.6964061463855,0
60.51986099583756,0.5205834781046474,108.34025814319538,2919.1861099495054,0
53.01194043379918,0.037191186799978904,121.02690516748588,3137.669407407604,0
79.40014450053333,0.834688377124597,122.47846281901825,3133.021210304296,0
69.97945775647389,0.5883493472755115,109.29679451348163,3220.1599610845433,0
64.78767182869287,0.7454069194097744,126.86827495452839,2748.1408896239923,0
82.08356447299353,0.1838792118381662,116.01672987118371,3080.2116615387267,0
77.43800713771199,0.7489130320710511,95.07610348416932,2854.5068587532655,0
69.35921369263272,0.9462997822055497,126.59849612104566,2755.917157837783,0
62.19695601329106,0.23582432892453647,108.83059115897636,2914.279552610258,0
83.72457328280144,0.6542803589807533,109.52225053860901,3213.7409960269238,0
81.50201177958661,0.5002219889374586,126.87902082892398,2925.5363292859033,0
74.00824136220618,0.1911132303503511,116.5283851758155,3313.0909319918223,0
93.46636996047665,0.5985767943703739,129.177721505515,3109.775703104067,0
64.29915233673847,0.6667206409674697,132.10166095365318,2921.1819042038846,0
59.74474829075261,0.3797746894662306,113.55071539677702,3232.009685781282,0
68.08091930118755,0.7331833040510446,127.93262495955031,3089.0793544228573,0
74.54413983644503,0.16664731864216042,112.44539198607119,2813.488122310659,0
77.43339449322691,0.20104877071007116,142.33115917132176,3371.760527116103,0
72.5876394214367,0.5273194791177505,113.07042995468785,3051.8957646172953,0
78.52055396514297,0.5050770555944544,130.26087440960004,3003.759238397098,0
62.48460575809556,0.3566853023151789,128.43790025881574,2828.893466018877,0
89.4376460407326,0.6619188871943772,123.16087822108933,3235.9076535215477,0
74.17848821607431,0.6061788628431899,113.29456838583317,3103.455085472261,0
86.17295831588127,0.6716278141868032,118.4860250805859,3125.847636059048,0
78.42725346377703,0.47537271292954647,98.46411887055447,2898.4937312948464,0
79.56753219153784,0.6205160535956682,122.2442003838225,3166.820114382014,0
80.69767280232205,0.41086993939400107,123.49615331028386,3182.36271871416,0
79.47708560017315,0.9107637380173191,121.33499419061371,2866.2443522437757,0
81.42722759867544,0.33749084597560286,90.26693828707442,2716.601972063802,0
88.29152530132431,0.9210594858916625,107.34363554910189,3116.2746118677846,1
76.9652116970147,0.5069775894178817,112.51909017151337,2685.3306100788523,0
82.09003757588512,0.22489782208625148,122.91658933189046,3030.403155567556,0
74.10264305712774,0.7736158700977203,122.89338905642984,2910.5509790425385,0
89.40117215449473,0.5251802776789918,118.29776208028821,3243.7330421577844,0
68.2360769794073,0.6702248196760476,126.35245536603956,2921.4312218465584,0
93.00940432910815,0.7447711837085187,109.737576246971,3221.454594400761,1
74.59842049355656,0.567591110829005,126.10235005693997,2897.158111127395,0
60.69224897881952,0.38155183103743706,124.7474210483989,3199.998201011922,0
76.2810441491079,0.69514267553385,123.7755473283791,3412.0683087673665,0
68.1894834252512,0.5001511014909191,118.17959568914344,2786.3905723267517,0
83.40643548988724,0.6371715637216838,138.30743824831262,3058.4071443461817,0
68.4737602069761,0.06925388524170772,124.93195688489878,3549.7564831820127,0
70.5381656678522,0.5893963434019704,110.31664136746441,3013.317765380584,0
56.10459269054469,0.37228283497099396,122.48305475735984,3012.35765404593,0
70.47693680750923,0.8306619274357061,127.52483377074219,3157.699789470204,0
50.76120673371044,0.624617469577819,114.11891401075691,3008.216172818951,0
59.16097176514277,0.5479715491698594,130.892722469311,2658.5548010858893,0
82.60414656144297,0.5972619986700443,123.8203370571601,3226.4574749677877,0
82.85800158650832,0.30031182942465634,96.57521662334653,2599.4103172269615,0
79.25457561784965,0.8246513381056109,122.99671977337927,2916.6416697723316,0
65.33023856870787,0.8982740836833809,115.93970845587285,3241.4851498313296,0
74.5228864385802,0.5785827021096432,125.37179814541736,2928.691514271443,0
74.96397460909432,0.8180807137147277,129.44214840251814,2861.260701507119,0
63.416353108074574,0.38617036026549323,121.95162047141818,3175.852781033312,0
90.0339830176715,0.34057728675500387,136.65252233944696,2829.7770426331226,0
83.77362290575671,0.5081849497457845,118.21293115436504,2755.554856081609,0
72.79035826170336,0.5869882076735797,126.24817823053876,3054.9027974986566,0
75.26885838994531,0.42120266375137594,128.04942573637348,2963.415340317482,0
77.08382807947552,0.6075536380736968,119.02654031107268,2751.2653771622317,0
54.58265131575709,0.5612778964146828,127.78774307977783,3127.390507998974,0
72.52822617479403,0.30033864494178897,114.05327012837832,3092.8975211154466,0
68.18015752002202,0.6037586034903443,115.77431580978782,2928.0489966788737,0
64.98379990105084,0.6727056485043043,106.87511309663688,2941.7335987750107,0
72.18899707114045,0.5342938635180782,122.41409116370048,3094.0785484018315,0
92.97686526849523,0.7305296206523385,123.25251675854344,3238.0722839504133,1
81.4084286126701,0.2565192413006096,131.7926315857923,2943.441357978135,0
69.28821010217203,0.5935900844263704,127.91140004355884,3130.9376986016287,0
80.72582781356158,0.265943858720645,117.15204443352567,3113.0400434169196,0
88.99355436586002,0.27718372835338245,108.21820312665723,3175.8614585417954,0
84.24633682912769,0.373813833252442,124.32850402519973,3007.861839748693,0
75.59630369920174,0.31158796328515104,131.1075317241464,2817.5348971867284,0
68.53063222294426,0.39040083625177247,127.55184973803944,2907.500169360006,0
81.9822331361359,0.4571699378577623,130.8447752485729,3068.5706931563295,0
78.9348538542175,0.6674308972662769,117.88110468801757,3363.6928756763186,0
83.95193220027733,0.4357681922588595,115.33381031824355,2903.1960753607445,0
81.35171801681969,0.18287485864608144,112.63098647768201,3160.9574887054796,0
85.49552715319335,0.728013569299032,119.44103533386405,2934.388709864648,1
69.64764788439432,0.33258197327699207,119.21409204031181,3022.093751177227,0
88.17394065634326,0.48825591457907425,122.06677628539116,3303.0793498527187,0
76.975996046924,0.5893073013881422,118.70702542964491,3152.858516284087,0
95.75260872625265,0.5399220836805566,118.66372270273229,2751.7401454518085,0
68.10812181910433,0.7188359095042951,112.23305947027856,2885.5049952376817,0
92.3596380316525,0.5958006286785518,129.4161901355149,3251.2442688882716,0
76.97910783462648,0.32773808406057836,120.76518062243711,3028.375608525699,0
68.48581996385552,0.9357124347983323,118.25556065714719,2770.2319760768273,0
70.16114165945679,0.5388666926676466,112.52570746750796,2836.209511005256,0
71.7965269180568,0.47053195467569875,106.68086889608914,3140.6987045422343,0
79.24165946401916,0.6927850846111142,133.07964192549343,3198.882056243526,0
80.228354880355,0.5498901891860144,125.54638708131807,3003.571060296435,0
69.26299996061421,0.5798456385878654,103.76082157430034,3495.06276018722,0
74.75645407739017,0.9984367997201373,127.63142300709657,3164.830472691128,0
96.42270358611864,0.44497571434899064,129.2248117023311,2951.30378607342,0
92.27543170100711,0.4364478211965208,121.2437612230093,2836.8587903801313,0
79.36323669674032,0.5233157024024928,135.9811089575176,2805.023139072192,0
75.380034781682,0.7143031871162078,122.16719642122882,3067.084264096074,0
76.20031326718261,0.19869319396192014,105.8317647205081,2902.2445910173187,0
81.13517972730416,0.10688882170469893,123.65169001048321,3334.748750796685,0
64.77207434801595,0.38257694587597046,122.44897301712729,3293.262360583572,0
72.42623462576655,0.17321540818814252,113.96703151221845,3126.6133094994457,0
58.314159261224106,0.4150337304948723,125.73558836877424,2764.200765408621,0
78.9922312260528,0.6004999392258581,103.32334733809138,2865.556225489519,0
81.4719593970274,0.32185022728954726,129.90566827442788,3251.13550514822,0
70.16813537700627,0.21463468464373153,111.21878296394547,2887.3867600409794,0
90.73986763290033,0.5138674323430696,110.15053874882967,3224.428346783905,0
62.74234336997659,0.672508696923034,118.86175227692523,3094.920784606952,0
60.3562511979018,0.16100531229667747,124.32972928043635,3010.3435769626376,0
77.24451818559972,0.6640464796611969,121.6392406359343,2859.4334374129116,0
85.47098302612154,0.6634612407476652,112.57340834227622,2981.1512312950495,0
91.83927691457869,0.6908170204313256,114.93910708808112,3037.9295909749794,0
70.4111573713106,0.7436960429743373,108.66957652622538,3206.5077796602245,0
85.78680833431295,0.9404027849319232,117.7532009837013,2822.852879873249,1
74.61491530499293,0.42878159027618895,130.7502121451091,2947.436631494777,0
73.2737270005918,0.5219143160155716,119.95737062356123,3008.964626386457,0
83.83659937486672,0.4167123133503949,128.59414254759454,3132.5356715372327,0
81.52322878413419,0.5003953689511621,134.55401337726192,2818.3071324954444,0
59.236078430157505,0.8065746711272623,114.11981480963033,2736.686041422557,0
89.76540349725896,0.23099710321386624,118.13426746944636,3134.79303034201,0
88.80091354147451,0.3277900655668849,141.71192861062497,2696.4101770106595,0
68.7443729849047,0.7754361873009123,134.44343411979946,3256.995942952434,0
78.95803533437409,0.704007301380418,103.27595474187648,2968.814780503418,0
79.94030186282738,0.4273736706365844,123.87148316060906,2690.4937835451105,0
77.60673765823907,0.670880400224144,120.00559992339696,2903.915956119301,0
69.4969484615458,0.5682431684984066,128.26453110858762,3075.8247266138474,0
68.28376632061949,0.8000549218001975,112.55021232514945,2893.4597824890043,0
74.74445929008554,0.5149019187653545,111.60391627959328,3004.0059497648695,0
86.72729019259364,0.7051264227745164,113.23929284706391,3148.0156731410575,1
80.43600154594432,1.0284023820985242,114.28071453801567,2959.561932922476,0
71.29385667913894,0.6196198310094932,128.15324166809015,2812.5884647067733,0
82.71698710648344,0.5098656331589687,108.1879882685112,2940.203200525632,0
46.51457379369924,0.6444893970441958,113.77386100040681,3282.968027291852,0
86.48765700372104,0.426943828359223,102.1098760949856,3337.012869066637,0
57.60286221221901,0.9775935411049465,130.07117823412372,2596.0147652115447,0
71.37559058596868,0.5360142075391963,132.7103009943114,3218.2055818382955,0
63.803301053738565,0.4454133359548974,116.72926569136213,3050.029543207071,0
62.053185242790946,0.3328621989959928,117.02050635186777,3184.79653582403,0
86.6082678737852,0.7194440383212877,124.53221902282897,2889.902347946474,1
70.32298798688109,0.6734374825655478,134.74482007378256,2646.347298099703,0
78.46503881730716,0.40052912571718136,124.08610747563917,3116.8977577294922,0
74.53079421120816,0.6152902690244846,113.02458057524885,2811.8045477434566,0
79.77040827223121,0.19828880635742868,103.8117742801356,2722.3415137030297,0
75.76821891060256,0.5369941150146312,108.84873737336513,2736.3197235053067,0
62.1700777581143,0.590551270415339,120.73219450312465,3120.182756483067,0
84.9626681944714,0.8414659619118445,113.44672476799205,3027.8904932058394,0
70.06243416838687,0.3458362394542621,121.94967705990759,3156.493204374935,0
59.434181013402494,0.2443294742395351,114.47075983763766,3133.815050899273,0
70.71884839034088,0.32091440781499164,109.41853568705588,2915.813287083247,0
90.00759790634311,0.232686299937016,108.2296836854693,2985.905285224509,0
83.50221742113493,0.7673314715517967,135.6235450937323,2897.712494243492,0
71.5134786559214,0.8097278590048074,128.88987749183644,2957.9344454269017,0
71.50742295681572,0.5640433155897657,137.3051795182796,2806.549052403787,0
71.78364948782617,0.7442589891370296,125.39950900755103,3078.096858774867,0
95.76747983560841,0.526791676116047,115.70008591385161,3215.024149796351,0
78.81935452231554,0.4809776704598468,133.2334092248994,2836.6773940358025,0
79.3004164719107,0.43339247618924764,119.66931998638232,3256.2539290802683,0
85.30283454031843,0.4379218017244869,122.20841770290352,3022.7042992955885,0
77.38789159026514,0.19043968873819372,119.57175620924481,3048.2157952811626,0
72.40957854179297,0.5528509527214678,90.53095780715985,2660.1140960784965,0
73.03650150915021,0.49193321795719125,136.04735012294853,2638.5475380868534,0
74.28398740585936,0.6490721448155752,124.91003945957753,3028.8232725559365,0
74.62777763490159,0.5187046992877219,123.2982306086851,3157.9464249264015,0
82.2762954363698,0.4674592596861816,119.3822393772944,2865.7239112710095,0
75.519458858073,0.3257613939984738,121.63427820386131,3334.018780116618,0
82.3264007721558,0.5144306473643523,114.02721064153752,3146.987194850863,0
74.19283419891417,0.6476474461632324,126.16579352307271,2818.331749658403,0
75.7863519031609,0.2713322017832278,106.92901655600868,3006.1697334107016,0
55.01799315467892,0.5174947507361478,121.86068432470547,3495.385826744682,0
84.16327674702481,0.5466085903058968,125.61573470571105,2751.4871994400587,0
78.46488475897992,0.3563870432763471,118.01330866177096,3105.653987783021,0
84.98010109859652,0.38242873901839997,123.70867792471024,2935.4510894553314,0
46.03744621806311,0.5461221697532429,110.0866560776575,3141.3792581837024,0
95.88374704780728,0.2733157963414754,110.34173229104036,3253.454729263676,0
73.60410371844826,0.5699847430498786,122.36717121026393,2922.7525822577263,0
86.08182816737516,0.32092912526816,126.78549654621051,3223.782454341435,0
64.60094072874469,0.7125707386066433,101.2513434449829,3444.240678854392,0
81.12773905062569,0.96756554907766,125.22020635110766,3013.254947468847,0
64.46584436826343,0.32784863965963607,114.56798499623663,3156.977737498837,0
68.76231039304194,0.606841572474935,118.07193912692587,2881.911845959345,0
94.14031353866787,0.3546516190235961,106.60482076434963,3003.8518618062426,0
73.09317599236654,0.7081908347595579,111.48382759813292,2964.6649814583516,0
77.17432873179723,0.24694831818295698,129.6612532553031,3159.387185131719,0
83.70067730688754,0.5961173516855425,120.32863373980213,3240.935187151385,0
79.95681887972604,0.3254022066221295,116.17221598290442,2978.069030176508,0
76.50418905143576,0.45860308218032625,118.83511647368965,3306.7245691465846,0
78.64961002466225,0.2937949449705386,124.89211824664301,3306.0094883123256,0
99.03415585238275,0.6644700941791507,124.40494496163338,3169.3707486359804,0
74.42381202966415,0.3326039291120826,119.24972999603199,2896.7946936556546,0
77.01099046714967,0.6103928518663655,130.9295911089667,2877.6342366520194,0
85.50654396007612,0.4311803943475334,129.70462636906666,2837.523729061992,0
86.05525932957984,0.4771055256402274,124.13372029130396,3189.8332140476323,0
86.8703030556038,0.5295511814800257,120.54611782910071,2757.646358502127,0
81.38730222029184,0.3476350656682302,126.57321095119539,3135.3675308222014,0
63.569950872695166,0.5420734227081774,123.14267421801183,2783.7781304351774,0
91.33431532301096,0.8060669128708822,130.6080007180595,3164.709223968395,1
63.53654606981312,0.34438104283345716,128.99561376738308,3003.443916546112,0
78.02635465239034,0.734362028654769,109.81746098582272,3266.7277123719655,0
67.45724149980641,0.7996195266975569,109.14036829258293,3228.290915664254,0
74.35861653407008,0.3367690021943912,112.98750455595923,3287.0130824004223,0
78.2876241030348,0.20898907898188962,129.7613869006692,3292.1637436578226,0
78.21357215450273,0.560392180034353,104.23691003228754,3028.7261667976395,0
79.21920754235285,0.3905184954466254,123.94757389107993,2768.241386715079,0
91.13711269058646,0.8737206438326005,123.62543091092961,2789.4953890005245,1
79.5353430151398,0.5069615080999664,131.62648058686193,2582.6302941368126,0
72.55843364709351,0.3395601183929642,121.80338690663888,2783.266833314381,0
84.64087168288357,0.27056809779765767,106.56790609416099,3013.76473154093,0
86.89470488924641,0.7179809918181661,110.40645039351877,2888.0691638349676,1
62.72392184863008,0.3857632051831627,108.18004478102175,2963.9728791180296,0
80.97400069849859,0.5087657598920856,114.6205603366686,3098.5430838922803,0
82.01172742310898,0.6911605490224961,118.17098432576073,2939.1869483868486,0
72.02436496640009,0.40314832961383396,108.34558473778944,2775.6342399174832,0
88.75706813311619,0.49081423425196785,134.7066199065229,2989.3532664873137,0
73.49944412967473,0.496686318035496,106.74718628047559,2820.3019026454313,0
76.25576453471542,0.6366649023032184,133.4610342386248,2945.8427006041875,0
73.26928175716131,0.6181488671020652,131.8516303143934,3268.5553928846007,0
75.15579047581467,0.4559772537490343,128.98302549689035,2945.898939180765,0
64.03724913104799,0.5127298122993036,113.06233392503249,3354.191510669549,0
60.59949117405706,0.4256441976953023,123.42450879176901,3286.327197387594,0
90.94505063224972,0.20447751861611102,107.22628866449382,2884.138938284191,0
66.53038651681672,0.5515201714796258,129.1090703503375,2777.775246716845,0
65.08607650543692,0.8784383521666136,119.2601521846373,2989.4891676159614,0
53.466098863962856,0.32325617186178746,115.90679785413315,3230.665552679378,0
68.61038252310497,0.3453940580794594,107.7625515334373,2901.9618187542624,0
61.76910206592502,0.3258544456712517,95.22493881370983,3181.6180596524277,0
91.4201516013637,0.6449183557446245,109.61459142964245,3241.6879978272177,0
85.09817089342634,0.589697090839288,131.12798195612908,2845.194869927479,0
68.11849654822277,0.46829246151670867,115.97166571525196,2864.7897823422827,0
97.52435805344308,0.316396187672207,118.30671142884952,3142.5324064254014,0
84.81765486991594,0.5184753583279849,126.55554358288452,3030.369509928314,0
71.75168616491378,0.18707557453283913,138.05668878116265,2862.7876946912643,0
50.005942851264265,0.5286853133714986,133.25004654945639,2929.5639103760827,0
97.90942572590743,0.6743048772175868,110.27664996183812,2985.896089454516,0
61.10427533236404,0.2497601726732644,100.57429428562594,2687.029115008908,0
58.546012530431085,0.19349634463406723,143.59614259100104,3153.128621296539,0
85.2257043200964,0.8158875783389719,142.68991611659453,2904.2615622121616,1
99.39752406339272,0.377648072099083,121.88453596429282,2443.2567552403802,0
88.84272818510519,0.7271895691887644,107.29511754418178,2995.2258063381096,1
80.6390912005236,0.46920046696043366,129.6322653389394,2851.6857482212986,0
80.94754341665286,0.46760903661173453,118.92016313987389,3337.7644384605355,0
83.53415558780307,0.5876825398993291,118.8701887689339,2882.9109958160066,0
82.58928589786765,0.32320022865071185,128.9445884310513,2780.471327284278,0
77.81191423969376,0.5264994286991291,123.34374746873299,3101.586533992403,0
76.04201103951875,0.42370211703518146,108.14185088985055,2867.9105263984834,0
74.37406872100478,0.23590131131899367,116.75258064918026,2844.1087597495534,0
67.46035411133323,0.5674964149452798,126.61152928661346,3101.900276564881,0
72.19324923133226,0.44733843862441675,125.10252222405019,2791.9065384220867,0
58.07043185804615,0.4685950343110584,122.62016574358476,2708.5452683601093,0
74.0166037320525,0.2579678113171684,129.33422954475864,3345.1996004188672,0
65.11408892849083,0.8182800735525608,116.38283012182735,3115.899747520129,0
63.964106827842286,0.6753428372772232,121.78669775219072,2947.158143001127,0
76.79894151153478,0.6928311768343958,86.244208998224,2999.3045580596126,0
88.920022863446,0.4389110595116636,115.50349806157186,3101.172871623231,0
84.18316606002313,0.15416342209931594,127.63902908575645,3194.667489922684,0
59.29499396376823,0.8905834764979021,116.09605532882857,2848.8049417369975,0
65.10371863429663,0.48778049839882637,115.33772608282888,3073.2293051931365,0
84.40771187988216,0.35024004079598925,109.58547048225182,2898.659164757952,0
65.1751260646169,0.5833603148966228,130.03365892729147,2962.203751097475,0
72.75366850002976,0.7334241576006595,125.48463273540571,3032.138573492981,0
80.50052099024552,0.49538988878290674,128.25414597823084,2998.6642853894655,0
65.31655545136366,0.7557150335878748,102.7378603804211,3147.1133796605145,0
76.0537550614596,0.7165999877033737,118.39549956734366,3097.417311823119,0
61.65974505081795,0.2847237625195883,117.19888992249994,2698.3661581255647,0
68.98632356048786,0.3652419788681047,117.19428293401448,2728.4353585869117,0
78.19781934142537,0.6915074326559535,113.83972456282044,2926.056663048141,0
59.070062664683306,-0.04252251276208763,116.53895728219985,3365.725052488365,0
79.40474737960399,0.47010886136700225,128.4964478270665,2829.6816334996797,0
74.80362201073319,0.21383375967506563,100.8714864665217,2958.3554580774494,0
80.52489954417148,0.40468923971329507,137.77294768030453,2892.7307946086958,0
77.23914134064661,0.44023598219415916,124.83841125026461,2889.191123182384,0
88.64140429973844,0.42835112441849843,119.57668104339787,3035.647948781011,0
76.25224502647907,0.3895477495774783,129.06834146372927,3280.1554552391303,0
70.70594458874747,0.2805712700742372,105.48165254831565,3091.193679976118,0
76.22297503032284,0.9583822533637372,113.35299094848986,2839.2938077145814,0
80.43298029036387,0.8734924008322702,118.78924567609447,3550.6459021606415,0
75.48860070325705,0.2675868359487434,133.65560370432178,3015.714644192225,0
75.40591691203882,0.8164233502607134,119.53503418873441,2884.5558087235772,0
67.98008312193245,0.42010690190542943,124.50054671185146,3282.419274935518,0
68.37099082449052,0.5258374946663421,114.10421004063872,2906.185876411236,0
60.97394728200307,0.4873452080206168,124.8684206896749,3332.5827309974884,0
92.4957674318694,0.3680502717492068,136.77239592974456,2825.8714418066666,0
62.56136764608715,0.6967704687212294,129.95526691674115,3286.0060777842737,0
68.07094802204092,0.5251773061153315,119.18544012222121,3040.2095328563387,0
67.81592734430802,0.4046897153561517,126.75490847265469,3258.210446540487,0
83.94924376944441,0.23908211123990547,125.77516954607212,3380.3531417403087,0
72.05050321707972,0.32128099725617587,125.06587671697275,2773.478541895749,0
87.47742072673734,0.17172397687958063,131.1195336086041,3255.1543641516646,0
68.26509375756132,0.5024447096830339,131.04477703837466,2718.219219114919,0
77.78994162223802,0.2606668815431208,118.72841403125116,2790.5631289503544,0
66.64652946740243,0.44688789749629176,126.41879061477769,2839.3181080415125,0
96.45149127773388,0.7740203707220742,116.16905078840206,3100.7273272355724,1
63.12401580970487,0.7398599145843171,110.76927603684422,3006.603175386972,0
78.09820710227028,0.49354462117947645,117.30506244296014,2966.5727831674326,0
81.33776880932099,0.48258305477137003,119.23721848260418,3029.247055804472,0
79.13799097451498,0.8759749098842016,103.38419010822008,3118.257917858695,0
73.14712341122292,0.6041512240717423,128.60332559416722,3133.6496247882706,0
73.70179300266574,0.4344387080246954,92.32674577397603,3218.833367123026,0
75.4381147197911,0.2147963765759096,147.1481693948632,3364.006962553488,0
73.52997998371511,0.5787746436329486,135.0187913379632,2995.7275255117047,0
84.6387911679491,0.6658647545165725,117.38991275827686,2895.782207573817,0
97.10523001591352,0.3736696950972712,120.09426360563774,3122.7072258370376,0
69.42508214992166,0.5582405510276065,123.02971873587283,2771.149036747076,0
61.301970204209226,0.42728534101699417,114.10839612011058,2864.2591735776778,0
74.11717951648745,0.46319352016019943,121.92619147586936,3199.876189278558,0
100.79709337654319,0.002435588487533724,118.56000022298339,2975.1743250364593,0
66.9632543203027,0.4556437192567729,119.05727282769034,2758.361508328392,0
91.39116805444067,0.6938738604816108,121.81461063480639,2702.039386926965,0
91.77700814076441,0.3737194888866884,106.86472201646006,3009.7433358787616,0
69.46411758292005,0.5105052736430633,120.39569724133648,3228.379307393602,0
80.68983079185276,0.3488098586616159,121.63447746617477,3225.7091555062375,0
91.28396623128538,0.5720883352585546,121.28849621355914,3022.1761005785675,0
71.20872259012513,0.45669536049276527,117.84169244563846,3401.7818838192256,0
72.96419639897638,0.3121516918635986,131.3785777596937,2979.0359268119073,0
69.18319086051356,0.7665102935330256,116.46347445118448,2972.2864753205176,0
64.85243269307134,0.6857864027064431,122.27325906823191,2486.5128180522,0
68.50722454933992,0.37901864721436507,132.97297533925547,2910.527410167757,0
62.760597332377436,0.5995576618835555,119.20623859979688,3170.403006981699,0
75.34083468259226,0.6074824005640762,122.1446326746755,3312.792267371941,0
67.30026768941359,0.6284602470022352,119.03615363685103,2833.953073266543,0
77.33785911790747,0.16114882080098442,132.373697935636,3092.4504658586097,0
59.44104353796373,0.7013213082065256,117.42275438413705,3209.3758064646577,0
78.30880232214457,0.3860602074148537,132.83354577288205,3002.2416306391797,0
83.33528961608924,0.4284344133117466,118.96412105352935,2543.343908494554,0
55.062643574285445,1.02757635045204,111.40540276551982,3049.4579999148505,0
78.74056569847572,0.5603746761442023,126.79373170574121,3152.2861248121785,0
87.27668992473292,0.4227355049105649,116.95332166244344,2810.5154209963084,0
62.90358981308795,0.0589411254488188,126.20500899099163,2949.1690938251227,0
91.72572386837703,0.7779528267892711,92.70595615076266,2768.9007915742473,1
79.19019009366045,0.2309580658382795,120.05205261894946,2485.9704902839294,0
67.94988144241591,0.2993122193000993,115.40394701242519,3205.4008823575314,0
74.44230922342294,0.43372954018243015,109.36741313468721,2999.2502932396296,0
80.58326912521723,0.7832823583400585,114.467589981602,3319.5349993409964,0
75.76005391412411,0.6546479973331518,114.26296855707348,3171.4644383812356,0
80.38755992446369,0.46843249803194803,119.52014205149419,2929.15804766691,0
65.79326406920634,0.5616584127277642,106.32673538715045,2983.3638679791184,0
76.69360824036077,0.37992286142577886,123.16273780259714,3113.2354781540344,0
60.8628550309502,0.5279307379130702,133.66214785205787,3193.3766833511486,0
73.88773938651299,0.5146673489556274,122.80928496947827,3064.5341261484023,0
65.9609235853521,0.6937539791362707,128.0898860922901,3221.1186290578967,0
67.64470057410233,0.69343562448779,130.94562454613796,2940.6662526651057,0
87.36093175210438,0.598795476441129,132.36489512184176,2800.5712906428626,0
85.9131012059427,0.42753048849077957,138.70138692821305,2987.038149287774,0
81.09138120907177,0.6483644588780253,115.0079800172407,3041.036978147237,0
64.07687235327421,0.4816063067593907,112.81516014838884,2759.6929210521425,0
71.83591550305198,0.2836171262573734,127.83465648324734,2732.6555831706755,0
87.13097699979184,0.41934244161781226,127.08266219657399,3089.4772592946856,0
76.41716913639905,0.5169053967568649,127.75675299615689,2918.728629725915,0
98.19329539981695,0.682043156732949,138.89282454250252,2966.8318188675994,0
78.93317839394372,0.4632943655685694,120.11369908798494,2928.0614668598355,0
76.92049116490031,0.25816025775207874,124.26156559646185,3304.1201803526424,0
71.908835357975,0.5113483366593639,110.19611748516525,3252.352232079,0
76.33540904782282,0.5226912080113105,141.3532112397596,2752.5292619921665,0
73.47530163619456,0.5371675257805506,116.63455078790889,2893.4413573839106,0
82.0810867668859,0.683974303190886,116.9178407183917,3170.0008535939187,0
84.56702316794585,0.7037846480179797,116.53250108991757,3120.3872474206482,0
67.14010539492051,0.38115782552366667,113.55104141355662,2991.708407534043,0
61.68767046442222,0.37677130839021133,112.70562951152351,2772.479959007153,0
56.637946268967035,0.29196025780890533,114.76295717110474,2863.491990769291,0
80.07991326912544,0.6397631340560953,106.34204071949056,2896.646486490742,0
63.966333938261265,0.7897640216675431,112.14682079736761,3055.3988662238203,0
53.471094070475175,0.4369836144182153,139.4896311144762,3340.7454309394475,0
78.88578604530964,0.4517138870550014,127.35655143641368,2862.6239530423745,0
99.9299951743279,0.7933565113797952,129.25904176727718,2794.792950488952,1
74.93929088460106,0.6011115706430016,131.77208787416916,2978.2827046344114,0
83.38490774451643,0.587247140960211,138.3413456436239,3206.3477961028116,0
75.81829358547564,0.2618166988052546,102.28577448556156,2710.623406647859,0
74.01110346808858,0.6357456138558838,107.7011688471346,3290.7268301749896,0
84.19076482987768,0.31417273189804834,111.96276339105314,2965.593727576866,0
72.09725455811349,0.2731959628130084,115.30270203510402,2853.1359995373255,0
77.67392314071903,0.43064568464665753,116.9943060941475,2679.9621426475683,0
78.21697806196013,0.382841455310262,115.53022447193959,3141.3041546841255,0
68.31909546356951,0.45568006112299214,122.19308913132053,2965.765760951693,0
84.92042349536523,0.21180367309501624,120.35295390745216,3034.1410965509012,0
73.25040243304592,0.6917632612935345,112.7716520482175,2819.837651797727,0
67.44254840507155,0.7255372589032858,98.2445122301243,2936.180793149795,0
80.36509843570404,0.11053150517183713,110.07131294621301,2902.6837507290525,0
66.01532018208962,0.6956915611333101,114.50761346687425,2979.8813789243586,0
75.28181157369129,0.33789427403567474,117.5292056319228,2866.089534724838,0
74.90881003355797,0.6713951073965572,108.70332540689463,2693.1638078625556,0
85.85895565831578,0.48631070146671684,115.0919353350358,3545.6999490593216,0
79.74698232879953,0.5057551128161997,108.69012611514414,2727.319150532497,0
74.74973041254856,0.46298047011575627,118.74180648451667,3036.291801388508,0
83.17766299200287,0.7424258408466973,109.26908671637385,2645.5944343151914,0
88.90207549017313,0.25208239749499434,111.51095343629535,2600.590512676405,0
80.57810306351863,0.6215680677470017,106.91315869010862,3019.5652983704535,0
75.10352619843381,0.72026603297791,118.46499304430216,3034.873517553661,0
61.8816376764984,0.6432680161080822,111.33552230047601,3252.2997981604767,0
64.34886336924627,0.9649397828646835,129.0678426667543,3079.909368203141,0
71.94775295645333,0.39421064745506024,124.05850266692899,2970.0378562508417,0
68.90487797840717,0.6914609645187062,119.30148131816357,2810.079951186999,0
73.13028697014553,0.4787818729317159,112.02514502656211,3299.8024136467097,0
75.56649924897107,0.7466812152705339,123.80520305316303,3185.7702492100448,0
80.2969275435673,0.4984622008557261,126.90700889348636,2750.734104450315,0
74.29501221940909,0.4224248436275061,121.4268841220163,3007.5927456421273,0
79.86501643826202,0.7612144407743258,136.03701855466932,3028.810446305299,0
75.6447441481012,0.40168761219621396,124.59637318074816,2930.8692686788663,0
55.24533433646128,0.21745484821988875,129.13607217568034,3154.370097161359,0
65.60664606181246,0.3966306233652343,121.33565415535978,3166.3466276696354,0
73.55912444278384,0.6238065893177065,126.75664453256977,2961.9028604389787,0
62.90305257158892,0.7784077503174183,112.03218767330824,2943.8261508404685,0
80.99928729996205,0.5222258750593024,115.41601636787206,3299.791692533506,0
90.30750832343698,0.7636394134468051,123.4936355348238,3186.5677784724476,1
87.18761851697317,0.22836501570448126,123.42099481557382,3014.472077981677,0
72.86557129069791,0.4113473070364194,125.07611822943248,2674.1581921839893,0
89.90726136849952,0.44228497656917976,131.00392892278728,3068.8000212610073,0
76.48667457202112,0.47708811450549604,105.75028828184588,3139.6166929835335,0
71.62914028881961,0.5168188776500393,110.25547452389704,2449.0956743203255,0
68.8659733645906,0.6381821914784386,122.29572641074253,3050.373889663605,0
71.97530313511872,0.41103863236590193,112.7563636819654,2916.661602640853,0
71.11823181458772,0.5278057373906251,153.77768241289363,2955.8291439740897,0
76.70416222375488,0.49097542193518967,125.15719619170136,2818.5238094473357,0
76.60573981049865,0.31482201922177,119.21669151069842,2970.3621419192714,0
75.03046020153414,0.47726666218371294,114.84530726916141,3278.398315236266,0
79.3693816974635,0.47126809402057634,115.19837716806956,2910.720300236897,0
86.90646274786342,0.46698388699939075,120.30140661315177,3193.114711758637,0
84.49554135441323,0.5063518913162901,121.11981932621258,2838.7337562240778,0
60.151020315500965,0.5151347081226773,115.43300855306487,3151.751238531208,0
49.46078865098045,0.4135409641785339,117.26847753480098,3000.33117112439,0
84.34319911239274,0.754542946794253,133.44284575234596,3070.404965757856,0
61.33121301584579,0.2661038741593966,133.84504962651033,3001.4306512194976,0
72.75234598107316,0.35580597830602073,122.52033979934878,3128.3250464882417,0
63.298869739406406,1.0559927248447112,106.58740272763262,2486.4829764132483,0
56.9801956241998,0.292401729002154,125.38503156639044,2716.034937308486,0
80.41462728204787,0.22924906505804826,135.54282441611025,3083.416099601729,0
82.59155160302647,0.6468953490002436,133.6978110196238,2591.292329220753,0
69.2348959927328,0.08457602924522517,127.34425852809667,2893.883928870558,0
49.0895770785509,0.45294521800551224,134.22422955285822,2989.1318317926703,0
69.53755551747517,0.9291649850152977,120.53384272479022,2834.3719724774205,0
78.91804005402547,0.19101281556931987,126.28102969833705,2861.6877194612453,0
60.21088431225871,0.10360710285225733,113.1922443367482,3054.3164400307187,0
76.83359919779156,0.20016375960846033,122.92265456155712,3201.858991155962,0
74.84690150827005,0.6796719136693972,133.29534243970525,2808.3101237490387,0
80.79291499601088,0.7249553439971625,114.10576588513109,2884.988360762526,0
76.19580368414154,0.39748224060429826,111.38556570535714,2853.7478053345912,0
65.26931059118445,0.6366424808002138,120.97488939023697,2515.724049624544,0
86.96571501664491,0.778051065502398,117.73337796276,3028.3423580635017,1
73.4147042697303,0.8574692828859651,126.4914772107042,3186.9435491656986,0
74.72695460490068,0.4507329437640304,115.46740474052957,3203.3286414631766,0
65.66732040926804,0.0397056564660026,137.18439615602713,2825.8467247118524,0
70.5671774880849,0.33582421551806263,107.10323902038944,2749.6603902959714,0
66.15197285973099,0.41463916101294845,132.53734786219735,3004.321109518337,0
73.27053940076577,0.44821224068432186,112.35150771691897,3165.8547373132933,0
92.11708480142343,0.4624281197982561,102.04017265415976,3030.9700896620766,0
61.28098857068643,0.7237789195861338,122.37875156348868,3057.8609271747523,0
58.86438602123259,0.7548856853375163,117.45392013986117,3228.366185547247,0
89.71170327493608,0.4656652692150433,108.9039063209697,2852.1726881538593,0
72.90676322848134,0.7196969752103637,103.18623108284736,2956.005982665394,0
68.30927261340084,0.5715322733262179,119.91639212728543,3326.9211023522403,0
85.39904687396077,0.5129011945725144,129.75836891623817,2960.6377753804745,0
68.94384460263136,0.6813088314219928,125.84953493086444,2746.5326068066856,0
93.26009713546937,0.5144504096475832,120.56706648839265,2866.128780749941,0
81.7792587133927,0.9115622354195525,124.78847573217735,2812.3640297557517,0
70.12088591854297,0.21231776664108815,119.72785867622143,3071.4325171402543,0
96.57308213265503,0.39696582018159643,105.70275756969629,2820.8105992822443,0
68.94285076996661,0.47469622060920996,105.79106014776556,3054.206850572249,0
82.42095372009307,0.5878905380915981,117.96831471015321,2852.78695629187,0
77.99292580406492,0.7535920974206178,118.39346713633925,2575.3242923203543,0
88.01741289398798,0.4951202865527687,128.50982678506765,3061.3239573963842,0
90.61511196726853,0.21555407009875854,127.57304223774747,3029.692736309378,0
75.32004149065767,0.6685027792910009,126.05133015758949,3103.551563141768,0
67.46582129653817,0.6509917532283929,117.1971728692282,2865.4025561669487,0
79.59972142939117,0.11162826812411875,106.19347829889861,2844.091104928125,0
68.22284630247894,0.4992391732658401,124.12071137066025,3080.293371696309,0
95.13387247526623,0.18197163386394039,125.25169313262168,3303.803914506196,0
76.36535331082737,0.3670697804995875,96.11468537522313,3002.2336019012655,0
71.34678448687892,0.31943821460744004,111.65661813417337,3084.917019209429,0
76.84680305864909,0.6618529396483972,113.08945622606105,2935.6824631148584,0
61.52873710470303,0.5233660348344368,121.18350201123437,2691.273895625263,0
65.28385961489349,0.2428817998487945,111.96639567234305,3193.4858838308114,0
87.00413907944426,0.6760131925914685,119.6186543117536,3181.6828478172324,0
68.43105721028604,0.21323883521431714,117.89465059647009,3142.154805035039,0
64.53089017318061,0.5660227580941888,118.40850528462272,2963.6109123315164,0
80.36652752527286,0.33719786614168884,112.83605706299254,3119.411219947708,0
86.85704154662997,0.426864583493896,113.61014945933323,3178.752359477566,0
82.18953310665067,0.6008541496076768,109.19732940219308,3324.0317369913414,0
84.96047685805816,0.6042898798119059,123.80067440573832,3197.7052209294884,0
67.43204911430539,0.7673938147111921,125.71102628591368,3012.764245006728,0
60.78189333258156,0.48354926006570936,112.29382049874661,2738.3493489151256,0
90.01333651955487,0.5612901725926681,135.20640096017044,3031.1316595343483,0
71.77320161157864,0.4124525355191351,116.85398552557952,3051.3154791698616,0
72.49166983544953,0.5363979765245596,135.3018562379656,3141.805955063661,0
88.28194141849058,0.5878972096017023,113.57872826168396,3270.778371864685,0
80.5623000940066,0.4803380305091248,99.73422223400564,2980.969897588644,0
79.55887772081607,0.1392499031815007,124.0219782491235,3420.197437962622,0
96.65002344901083,0.5662941792661791,122.48545105118987,2648.1425959918847,0
68.56481769619857,0.5729122954710915,120.34393795307584,3083.868374492325,0
84.27840128081237,0.3639653047304098,113.5776752155601,2840.2959215631945,0
75.57013124897084,0.24312259278549714,119.65427774514181,2618.5556000622396,0
77.68592278863257,0.7951758301007932,114.88740542130472,2959.6451247401683,0
90.28468426412532,0.5982891021788804,116.9765043366825,2708.5654603158087,0
80.07835756289624,0.45418379381565804,128.41632255765074,2967.7144203934367,0
80.38296079049633,0.2725934233705025,121.84217229530094,3006.953849618891,0
85.72507337309803,0.3356370343157308,126.09951387331978,3223.7082818671897,0
71.35047270457115,0.7605180793572464,117.6813149337421,2698.4829730472125,0
66.60790332660994,0.5275323881736093,116.57982654195224,3181.6890331291543,0
64.55190805978967,0.3898825865998587,108.46517469111356,3019.616090055959,0
55.33643410623998,0.6019378462449312,116.29963387431803,3205.769830721919,0
95.56207129940321,0.33712036251073524,86.78885444410861,2913.6497649937746,0
63.96791634278317,0.8001686060560758,114.09778033694366,2733.551082647311,0
72.78746376414227,0.7705601069793451,119.18125822809161,2756.500134756827,0
72.2318670011108,0.4066851857594447,125.63673654270156,2741.638509266577,0
78.07406697809101,0.37426595059382795,117.31322122475044,3095.562830584131,0
83.15737212539297,-0.023626639738456023,123.47673542244999,3295.3844044429397,0
83.60473488359746,0.20368384568972636,98.20211338609755,2887.009694668956,0
69.16922561431062,0.23210604500844872,119.43163147793051,3125.8270596515567,0
73.32878286213588,0.5270380681974772,103.20497207086596,2695.311588372876,0
77.825799504883,0.4347532591117281,107.91696484340667,3036.0642498354596,0
72.51308873816453,0.2309329025169517,118.12834452136138,3133.7125232674252,0
91.07345576019992,0.44376719150708854,132.76263987873554,2710.375044944626,0
79.90974951638252,0.6010674295294697,123.71206763470059,2959.223306204029,0
82.34877786049817,0.6055678699831174,120.18230997137117,3143.183428097113,0
81.62881268667412,0.12006594382822372,119.80469610532897,2413.245870554105,0
86.73473857485325,0.4743473039032338,112.86371106795532,3267.0906123403483,0
76.81021558703706,0.2233318446056779,114.56016586627317,3070.7358751782094,0
62.03168052044153,0.6803457394280548,124.27376045470797,3143.3455295434687,0
78.99687951752642,0.6568292832706997,106.14639481555506,2917.456144161047,0
68.4864310620817,0.3203945547351083,125.93054050283021,2655.4555036869288,0
69.71383318250243,0.34679095951992,116.11492932881147,3106.8125912633905,0
80.86364018755093,0.4077465899003385,128.25557074869565,2983.481934916698,0
87.38283071433636,0.04944132105373211,129.61093457232084,3006.423091086464,0
75.21271576736062,0.5671936346881153,103.2691598749426,3217.521397039791,0
78.08833012598964,0.44543109073197384,114.18419236772782,3152.4127747725197,0
92.02214944635239,0.6940350165135718,111.44472312059376,3384.2474834179225,0
77.40753179488568,0.28031815640748947,101.87272034926858,3030.7708457747,0
101.01683114180395,0.3761754103500137,109.6746672379059,2861.7575124417767,0
80.65509645631545,0.19869494839217694,144.4125584526534,2962.3166306182547,0
57.39237240844182,0.2991418873011493,126.0950989621244,3083.1326745077213,0
82.53341621104532,0.2636036007863562,139.17287968605754,3203.1713037985955,0
78.81158384882778,0.6991947357692891,128.29098440018336,2706.5932097122563,0
87.89752754082745,0.3603476302497215,112.58156838991525,3001.7075230358337,0
81.73181351269959,0.5248351369489227,116.18228803325957,3321.908331407674,0
73.61544016016227,0.42384731922763913,125.88436180240308,2951.958225799496,0
62.757017637106344,0.2461069467974374,124.37506203473036,3186.202370973821,0
72.90976742713974,0.46633991536567143,114.22657984291666,3098.623505443201,0
66.494795457907,0.6198206663727189,104.90006829420793,3191.172121304996,0
69.19476550195277,0.25844812149132956,152.8776118738874,2838.0478916800134,0
80.88578404420609,0.6618225581462758,118.58850327657194,2838.919665986884,0
91.69904504351406,0.33005581570446074,116.7426110681738,3004.054378424458,0
78.9467152982298,0.40340321478543184,121.13334463905302,2693.5556425519376,0
63.04116937964815,0.6061366246020096,117.57271410688972,2946.0518786776684,0
79.4460266822014,0.3673127685561024,121.22728907705483,3050.5753315031334,0
86.96631486645651,0.5075149718671731,132.86947286116418,3356.9271213899547,0
68.90217095680617,0.4370618342423815,118.75451520313577,3080.5436378539644,0
73.65982833327082,0.5258736013407637,108.37289560672238,3125.0456941746206,0
75.14688194729197,0.023852178895300558,118.38356205521389,3232.895169410001,0
67.1510168691776,0.13406363695838341,115.3559821859009,2807.0684822209887,0
81.4828043384386,0.6231934012093676,134.23898937246852,2966.983467525803,0
73.79051851392218,0.70743628112981,131.7111906473757,3485.0825183607785,0
79.19532443907028,0.31790265929369577,121.07525000430799,2984.1755555230984,0
66.125078221979,0.4511943295657731,107.21264145180743,3223.2861497564413,0
70.62541699676589,0.5589438505804603,107.74107736560055,3192.7475754346215,0
82.22381357827771,0.6386435203317409,120.15123261584553,2704.377257122462,0
71.27166847908234,0.09446454566583024,123.3632296932128,3062.095855401187,0
92.26963851233405,0.32279195060432453,116.25377180673945,3029.349494441045,0
71.00363814385398,0.433484124030025,115.19830415792765,3065.991757568087,0
77.24684725751887,0.6406280394472099,114.07200766821353,2849.177504041788,0
84.3259083187309,0.999686096744299,119.76606039756054,2776.6160976175684,0
60.816342670669684,0.4543988546380564,96.17237647926935,2904.7979999958297,0
57.39191188019224,0.21860450757920225,108.98673371230291,2980.4410005831596,0
59.74343685429905,0.5804536154402596,113.7294915455265,3236.996889520063,0
87.62584103427182,0.764199157908142,132.0750319495192,3363.4621639451216,1
69.48141854107553,0.5216028241959002,111.8618635807107,3279.3195692446357,0
100.58199285668252,0.31867029096914146,121.80468141831207,3172.037042156369,0
69.35752401342612,0.6915987882960039,122.26542750930996,2799.131947540082,0
76.84551303197037,0.632709123699687,132.97916505660763,2918.220765002101,0
90.42109952567876,0.29478383116087514,132.6257740696415,3041.9852104825995,0
95.06092888159122,0.5762851235068684,119.42497031205083,2873.512192384765,0
95.61503576636397,0.6994531135317745,115.24515258810557,3115.44113050559,0
87.08366230593143,0.7363780085117787,113.3616689717431,3144.0972216508576,1
85.24062525811462,0.4867102049381088,117.5893677753422,3107.2580125130935,0
80.92526949201184,0.42838411076413624,115.659666456764,3205.0269209115163,0
82.78361076166638,0.7454547644162526,125.53627409358232,2819.081757257385,0
69.48814283671467,0.257967899403823,124.20309817485204,3186.5657408184397,0
66.81801116577692,0.587715858184201,125.91801191145015,2860.870909975961,0
74.96625542589048,0.22599467452711414,132.59283711436169,2811.812809471423,0
73.29815377475072,0.7130752544519205,138.62869121400178,3106.423226837276,0
70.46771950672725,0.4483908968777677,121.24663393407558,3243.174712439796,0
81.96387447456715,0.7537166471294938,130.99463771395654,3097.602697275202,0
84.5530520857051,0.5982825512711054,116.48339816165785,3004.1608047545087,0
75.88406886291847,0.255355953987614,131.85006983583017,3062.0307652203014,0
89.77530081055262,0.7849255464154488,130.61509157175846,3027.285383613456,1
63.58310885866495,0.810249053285546,130.0841596994299,2774.8098207729213,0
73.06340540720282,0.6764572985198432,120.94069841191524,2751.475971011017,0
67.83177679397195,0.347682426992756,113.3164183600911,2984.234824105309,0
56.3346338292694,0.4387972091285182,106.05471562134524,3015.9713671538607,0
74.17319314157301,0.5290854434811518,119.599627924789,3002.2664756735467,0
73.78252491616716,0.3592579201337133,135.33012542249182,3135.220322729983,0
90.13449743242131,0.838469314492641,116.90155098635927,2956.904656767132,1
81.30811684554777,0.5288652943452073,127.85126585460054,3112.5958363809714,0
64.75813175670795,-0.040669609421471464,128.43951400518932,2971.0826465347104,0
93.54092566334188,0.567871162551244,117.16313779072827,3364.671792407293,0
87.21033695525352,0.43036852063653736,133.1634483751952,3016.1427453452893,0
80.82097703468615,0.48501468877631043,90.91339255519496,3468.1445223051355,0
72.73515901150168,0.4262761268428601,107.77249721261825,3070.4023182181727,0
65.4056076327652,0.6614092833213374,110.8436770364154,2957.2645658823567,0
71.27793223928947,0.7239375557106762,111.8028497713261,2820.1104047480653,0
85.88748619704185,0.5566106324517307,123.36262951185896,2711.4222851884615,0
93.84586305934609,0.4321377625723682,122.90037803053902,2801.7115431207685,0
90.43243528272188,0.49173255903816593,123.93990572175008,2824.078738167202,0
70.11150578213726,0.5039199233155257,125.96081494132487,3078.964004082435,0
63.80382566710989,0.3395139920270326,110.4989543085435,2894.7669257879625,0
76.40886246911204,0.6157857297142469,107.8182393319268,3037.3854105108994,0
57.31560634437149,0.5920084647720932,123.96319682007864,3256.395672475337,0
78.23167714184781,0.8080882479553346,113.6976792635356,2982.4383296730293,0
73.52397413701331,0.751069956057695,104.29524954632029,3415.831339693361,0
70.33963498131757,0.36286501648197395,129.71344284541482,2764.8378039321606,0
59.05296932733204,0.664059674901793,133.951019065023,2969.8832903250145,0
80.13600106569717,0.3098093233811057,135.5716088969866,2892.1374152778044,0
69.6729916033809,0.63918642018817,121.8700772147472,3187.3013212114015,0
63.30083164289712,0.39667716024797844,126.25932095972902,2552.0416739267757,0
46.2773778671835,0.2953493553248831,133.6986822336191,2711.376942164438,0
74.72485094949364,0.5560090685394808,113.58584209976566,2978.5306355098073,0
92.72251596669744,-0.03491342563082822,131.10677684054093,3310.275544201899,0
91.6125921454787,0.1498048851189544,122.75396234143209,3045.1683668074616,0
70.42903743413729,0.4645016232451434,129.1371165234259,2729.690509147153,0
68.97787939638219,0.5164883533269685,121.86093020875936,2760.566681461954,0
79.68774256075024,0.4261362459683622,132.96256709748002,3334.5979405689905,0
65.01614560811709,0.18411274025648022,122.23523762541537,2875.773040240752,0
78.01791899819466,0.3364216315722989,105.16020940532583,2811.407325510047,0
82.6608027838469,0.5782418654474788,134.5192663231472,3295.474512126172,0
87.26933223884308,0.6163563541256725,110.52469259027887,3202.2194011173983,0
73.99845923520047,0.49675537648081175,132.53058210243915,3254.8119286533592,0
72.96326249823034,0.7313667562073978,119.09757118559678,2809.9916239468366,0
66.2201741324344,0.5794794046918469,131.76010985197706,2694.978871797128,0
66.73119645960139,0.35050886920835755,131.34768614866766,3026.6332978725413,0
72.73521108098473,0.44389958931767654,124.30142974315372,3067.0252266147327,0
78.67365506816178,0.21942676855842908,125.08535317627131,3072.9203607409663,0
84.13584626233249,0.47837220192171664,124.22628617192566,3295.6367871278003,0
66.96821049319655,0.7224201238442677,99.86175243718922,2653.2465819983504,0
89.92688568959522,0.6370580169421936,121.18330218898203,3171.939010259553,0
72.2887639895743,0.7804018651838245,108.83935823928105,2780.6749911705365,0
74.78632705651565,0.43942295124020136,121.71187143745662,3171.147064172168,0
67.52788320852177,0.7692199589028516,108.57057453616784,2905.0086590957244,0
50.75759739727059,0.46133915471040604,108.15048058773925,2837.2056408218978,0
83.8404539636105,0.7943170165139788,136.04934501753903,2878.0194586101597,0
82.36843897092433,0.4956286505115753,130.6944738812419,2710.8779598446877,0
72.18672442881787,0.6414462747608554,119.95857415055846,3008.0857879666933,0
75.66990717224871,0.7950224728619711,121.84768650249023,2845.4653218679086,0
80.159392177041,0.4613144742837589,117.5208397425699,3157.259646180056,0
59.374541431134574,0.5436777975088348,125.69876375979523,3128.0112162065834,0
69.70947322653706,0.7577726850412605,113.23945633451196,3337.631410580558,0
82.94264679621827,0.4733993672139873,129.93740262867956,3073.2654967082153,0
62.45710576830751,0.23582154349876777,117.46913158985889,3104.135553416015,0
77.9355793216663,0.928601410916982,115.80153004168771,3280.0199623655626,0
61.43418195376595,0.40604710713257264,120.21713018484843,2874.467460794661,0
79.66429982433526,0.5317512101875086,114.0885317007439,2702.3483574353936,0
74.64358517702516,0.7312013338902255,123.28682349496484,3040.0188118256788,0
58.848681840944906,0.37830121925375965,114.626374106866,2715.473306157119,0
86.64739354457171,0.29842641735557396,124.68523602818836,3490.787734585078,0
67.65408423201951,0.5507474593549666,132.16006538911478,3291.099658415789,0
66.89747562985619,0.14138472041752204,112.80678313191827,3432.795266660316,0
77.00569197230944,0.44241878462641593,118.69424542704829,3012.489395332626,0
86.48637349428715,0.5490077328630811,124.61330713035422,3110.1147187403194,0
64.84178181021603,0.4460096206349672,115.64142645018593,2908.104913609471,0
75.61679849847971,0.19130981136285058,124.64320560826665,3176.5849611173503,0
79.28816500330574,0.8188355912408025,125.5539886065174,2756.8913575897886,0
81.93105607263143,0.5207076307898351,130.83261776294304,2491.381362105044,0
76.76441555277225,0.7862304235523483,113.94009953915088,2841.857876102287,0
71.32972160916678,0.44799274996391103,110.57224759769525,2708.905304876537,0
66.7240977935128,0.3239976036618472,116.92422610436256,3295.5853472319072,0
75.86143883046375,0.553836184051032,110.322476604529,3363.135491016063,0
64.27860988014393,0.4568425747343561,125.64498204047497,2719.414185517378,0
45.78649516505393,0.2644477084017284,108.38248699823589,3258.343121504248,0
79.36559804157667,0.7939568517574991,143.3301641825269,3190.276996700154,0
84.03934841086195,0.3755459554212008,132.9592786157375,2686.0446630562246,0
51.37067564458162,0.13194672304088628,120.12575769600315,2921.946493813676,0
64.90269295290062,0.7656332107914665,128.67394492997977,2883.9672555750963,0
81.19154261005198,0.3991403968374754,103.63198135689208,3149.59907972544,0
95.574954697117,0.37843522147687514,145.23373331399557,2754.2441298189974,0
75.20793707675408,0.1469224825940052,114.0978538779951,2980.2254748681034,0
67.71997058770866,0.8481882973193982,118.79502586100641,2862.8130992100764,0
73.1710355889516,0.24210388255806248,101.44066712811563,3094.6682366770287,0
88.74876419148185,0.51168989614113,124.86287304740895,2956.641593662414,0
68.54035820875464,0.6825240645080881,108.93655842922891,2892.950859211921,0
67.00807993349747,0.5843433866006194,121.01655761566029,2957.3406848735845,0
70.17256477817968,0.4880691376015617,114.55725567075461,3407.2085665680224,0
65.46671391741287,0.15966682834251672,109.22256065069656,2916.620072776122,0
76.22670315994796,0.3380550328465432,111.95638498237383,2791.7989563432425,0
91.2467845846956,0.5375600676085044,122.25788034085521,3116.686713831193,0
78.23079273116029,0.3425651860026007,107.18509027131175,2971.2950661154086,0
72.47646497873713,0.5406718919997535,112.51188328976423,2716.9532138267055,0
72.08188731084456,0.6363486817630284,126.63273381264477,3446.2992670404933,0
59.36809191303343,0.6925005771600203,146.02479874874314,2929.5042108826706,0
83.83109777147159,0.2547641284374633,124.77588819553004,2924.42610920773,0
74.22162802987198,0.9393292109957909,110.82738357822713,3031.9670703816196,0
73.19520086409375,0.6534958689108261,116.32885829927689,3346.023353841768,0
106.93107567844861,0.4996571692661872,120.31589006152578,2664.050934696201,0
77.98752908365687,0.7179073166153281,116.50575049364292,3055.197169884108,0
67.48208949904816,0.9730815543999947,129.03058166736932,3417.4544323587256,0
70.73642403794457,0.2122559797886261,122.17473483014224,3025.7457361479296,0
86.48445709196756,0.45494747150172926,129.0785238490987,2752.933204139304,0
76.13270410537764,0.0243136680253343,116.85556209702371,2876.3206294078695,0
60.61722021682633,0.538530306529605,133.25500219721258,3041.376505951358,0
84.19228934575203,0.5730788483850282,118.33514415718454,3266.1607831279725,0
68.31855914461006,0.49216757691144813,110.28810130862009,2932.1328311167877,0
93.73297776217545,0.369093285800338,141.77320381042222,3165.3303594864865,0
85.80048065714648,0.0900970967623349,101.75022253038884,2712.9262345906222,0
70.52678104341248,0.5747067366823537,112.61261274695073,2711.2563260809893,0
87.81016361735112,0.7910868967830651,113.72972148169606,2903.43986226301,1
75.67855510527403,0.3817963088533136,145.08306273056564,3287.605744374652,0
83.52773675122219,0.588011985804629,138.0685888414651,3013.774927902754,0
79.84732817294474,0.18637113731598987,134.93928143642196,3057.962239113324,0
66.53643345009127,0.5914426127385027,116.69341337623668,3055.6159191147053,0
68.56450167682539,0.42132354045106857,144.26178003841775,3221.8415965173463,0
85.29960817581161,0.3475164098794171,123.68352003840971,2877.955861492429,0
71.65224667893459,0.34792727175677385,129.77263370303123,3137.6570216976465,0
70.96351536758003,0.421277683593398,121.79695381106207,2833.823467228974,0
65.44877420650647,0.576486663138507,119.50533428676748,3396.654531184152,0
79.23599065593461,0.23756735976089643,117.4822132607362,2839.9217791406622,0
95.62524919243145,0.42057693368642945,117.90360006580838,2823.5221393842758,0
64.32467085745728,0.49170564440017045,126.08491648678078,3109.93396269761,0
75.24219456672758,0.28019215509362816,123.67199798775388,3015.9576862864647,0
89.12220555415429,0.8593330403350035,119.68528629796316,3065.370481252187,1
74.20358608754285,0.3293009039877317,135.09523992698854,3045.4627590984637,0
79.52371796249734,0.3661126172733019,90.33246931259269,2781.921560238512,0
64.37606471853121,0.30433841003550044,125.09887247921195,3322.671785815897,0
79.28307097207649,0.8596960174276236,127.17738706658979,3178.708441177822,0
73.12855734995452,0.6105810457198964,131.4696286825517,3271.789990253423,0
84.85729995679863,0.31268159875127155,119.35128558946639,2894.333822177915,0
86.87386051564751,0.7212463117719937,122.07920067383958,3083.3047089430343,1
100.89563642018614,0.5401397388577757,129.8594838331472,3039.473692446938,0
80.79633173213576,0.5514506842223004,134.9116640428018,3225.6005252403015,0
78.25796316582166,0.43110455824950944,116.99464014821231,3232.049626365924,0
76.94384301577335,0.35011680260860534,122.6697578312756,3038.610160591623,0
71.46833707189312,0.5675532198109203,136.78573964348757,2696.4097736313497,0
78.38483843461691,0.39098255400088194,98.75972924121149,3355.9323774175377,0
72.0459858986097,0.863351125915021,113.09987400185415,3111.1974867380277,0
76.68460976269614,0.24614177895137918,134.65835978602962,2878.3125917217717,0
88.17597535607959,0.807231354570989,130.92537833608304,3081.308427653339,1
64.9345743472036,0.4777362302404399,125.22445210926695,2697.7812903094955,0
86.39878561129045,0.5598171468042212,115.5140312689088,3211.070613494209,0
88.17115067339866,0.666631553325887,111.18181501014581,2705.7576511441694,0
73.81931473008922,0.3739501409991127,114.08784380757626,2955.8331015925833,0
53.78145100991405,0.6728496769397273,135.48008220818693,3048.89088992111,0
68.92178012905568,-0.04150877107623552,113.71557310844653,3207.7679423964187,0
87.96994546561109,0.35600209335561217,121.01422964239657,3021.3089352868747,0
74.77131937701118,0.3151874385317869,112.46292355138254,3126.99257472251,0
65.0069776770509,0.24929879752564765,128.42774030099028,2994.3666183100895,0
69.95225078771783,0.45700903238420976,114.61273719653559,2993.5628098111433,0
83.40620026504553,0.577149993636339,119.02406109845586,3017.0954500696594,0
80.4673356820138,0.6405319996998612,103.16617866957174,2962.188415829525,0
72.61067900830305,0.5481753514400816,103.8663176379506,2662.685951383713,0
71.33175588185313,0.3668613070212906,120.07673193321506,2846.3353012606744,0
71.08241850956178,0.5738032875650334,106.74842844802238,3048.9549682223396,0
65.77589815501497,0.5248571389701702,141.05086639334502,2950.175799302256,0
91.15375689469442,0.6872112335872033,99.38476887887751,2968.8381835636187,0
71.7767953078866,0.6553873405863033,111.99824701335896,2935.329266112257,0
87.17158520825497,0.5060952827841257,120.16700867267551,2827.2803214536366,0
90.21316051922452,0.32054939876774863,116.34867062204215,2901.3801078047413,0
84.9831089814796,0.3694099688335838,108.95854543336081,2938.633651122281,0
70.68379687281951,0.39004212807239336,110.42072160504732,3001.02862810837,0
79.03730090336609,0.4369467332167488,110.09345922500762,3078.6756688939427,0
74.75804393609084,0.5536100855179507,117.13278305179936,2963.889941822852,0
65.96298139269872,0.6430348780256117,139.51929089517424,2794.068948861516,0
78.24359281721603,0.4897762613969245,120.7793729655821,2720.3835920162433,0
63.20960208840198,0.5032249575800944,131.82900489387524,3519.4874414750448,0
86.87679388461564,0.5286612610000008,125.06976345828141,2774.0369939470875,0
70.35382702701607,0.396818937373532,131.1386239798222,2896.2749997471233,0
77.0115965587284,0.31492154847140874,92.00035697406415,3103.400060502787,0
77.83287871546142,0.14891242053785803,116.9554197885177,3072.1721219131364,0
72.41095026295923,0.3609701283846255,133.07135423150714,3104.1731385123144,0
80.86693801475275,0.5946290906535574,114.28264177250666,2911.456586093565,0
70.25096343377476,0.35941771239208653,137.62473164869613,3047.7116141279093,0
83.71297297457244,0.45243859251481205,134.83890153767763,3012.268732848173,0
61.54020319753251,0.5932862574824633,115.30869283872538,2937.5737264917425,0
76.26379579546412,0.6041378992845338,114.96836480953644,3049.081948354268,0
94.38928999058285,0.2840934295667922,109.86394157645532,3211.0731093501413,0
64.99668675394426,0.6994118712907282,113.70405768136203,2995.559955312935,0
68.22255029475149,0.7254700178710971,107.67410935831084,2996.890569271285,0
80.13907849658915,0.274030028556288,124.28811180433006,3213.632206975197,0
76.79581781939598,0.3352326260717692,105.43953506653567,3192.2720719637628,0
78.50630099273559,0.7382181366292383,126.03733016190222,3316.787288192697,0
79.89187130147664,0.4706292957489398,126.28078696900249,2648.7539531040848,0
81.3472146856177,0.05604441050962983,103.38795594816077,3181.023836633878,0
86.09699841956223,0.22006369905346274,135.49818606328338,3120.316009080436,0
79.09818656928513,0.4501260749655037,125.13609294415222,2822.869520449347,0
72.58742345381458,0.2673914699430796,127.49698021444868,3050.317583599769,0
81.72573701202731,0.41731524587271174,112.41334798457228,3210.2243495515995,0
93.99881934895215,0.5064792427367157,126.22379118473118,2834.16821550292,0
73.67366253617426,0.7924509208069458,131.26393449722065,3088.5124858045615,0
65.25470695329358,0.44190921675444217,119.01391600995322,3174.2707351462036,0
86.07080669286972,0.7145083599145517,140.01922459248362,2785.7960874937025,1
73.79618836046401,0.7857520324073541,120.44064634912938,2971.5428615109704,0
53.27330453985964,0.7868619338704153,131.40785800452474,3060.193675328482,0
83.47421677150422,0.5569509186771137,122.93008807258656,2840.773698891409,0
69.64671814046078,0.10734217043220512,125.85521532856868,2824.169360181291,0
74.0946671769584,0.5921649730807731,103.28667732365227,2972.9910796274453,0
78.31980330569014,0.7096799775627082,123.71053738215363,3160.3279433807384,0
76.90499679779066,0.4837865789129166,112.65024898742735,3128.746800238422,0
82.09451817139039,0.8489167740150497,111.53601694222313,2827.7174541627314,0
70.64513629430157,0.6719667122934916,137.4410318446598,3130.4335770231373,0
80.13105798176083,0.6136546754305569,117.86229751937651,2832.8120447666984,0
72.40453322416083,0.7172761422411675,109.96698169024503,2677.966040401313,0
82.38810480887503,0.5666739702521756,116.40868371891125,2926.5712857905537,0
81.15367484013053,0.0014379001209292586,106.99549771078087,3224.5938743171473,0
65.64561297955404,0.4001722097059269,134.3388446819627,3131.1921104282746,0
85.85982116175032,0.7394336054495707,113.04319255833485,2999.6856385253614,1
69.64036554885952,0.3384817319803408,125.29299933943669,2916.6589032817883,0
83.08057798281145,0.4553054989526122,133.56106714210324,2922.047572776714,0
78.6728731340134,0.2910327372193857,114.99847318785271,3021.756981172159,0
93.38183676795123,0.8567845190403538,125.32022432272785,2786.312502830834,1
72.76534017628148,0.8362984914836031,109.6991394509557,2930.3785309597406,0
71.50683203881802,0.32322622097185416,144.45769569113685,2956.886107728046,0
74.80580394112268,0.5294596000778168,129.3638013461662,2729.7851083097003,0
71.96820217165724,0.3639011904471905,118.07393561239194,2832.310349820485,0
82.9994190194205,0.6229889278062757,112.27166269111036,3082.1013582972764,0
58.83689391563412,0.6019366154484658,118.86003447160374,3001.902367988199,0
64.46317580853646,0.6623411143226531,116.60016277648481,2938.2476417613234,0
64.32197078420808,0.5663836895415775,139.52944553999507,2817.7145124924073,0
84.50307591973575,1.0870812412776938,107.74465277785097,3315.3699651178435,0
92.10613372581925,0.2944152469978522,121.34801423290203,2832.404157064136,0
73.95550781462528,0.15787932911269714,119.8166193336629,3050.3185614523477,0
73.31178276809989,0.4213819598597077,118.82589699655131,2902.4261823852407,0
75.70052163113182,0.1864023468879465,118.91383345061658,3007.255858527667,0
86.6187830260819,0.20150754599880144,118.83929189879517,3091.5219483880746,0
65.72646865809426,0.2997370691604066,128.730660663321,2725.948682158423,0
77.38368982734785,0.31556221891367453,126.08984446492435,2998.6767511693024,0
84.7519762978243,0.30907637960998796,124.18911611372786,3238.145729795969,0
80.01094169939846,0.6036437900890823,89.66010637854731,3352.3003786984004,0
76.89581616598744,0.39876218778293276,122.99794874163163,2973.9972053489737,0
85.01046092567141,0.46409708502550395,103.44360639829918,3008.336241443382,0
47.967677070007625,0.678846554900187,126.46320163135826,3442.2666057203064,0
81.77875319530908,0.3467354950437147,134.74497367570515,3226.9848563198398,0
68.45924316872576,0.44709082025905555,110.73760887411449,2876.5430861489563,0
56.69367103143543,0.5731519972185831,117.38219277657294,2876.2033098227753,0
80.11202599524981,0.11168643987595572,114.00644294947003,3191.309892357454,0
88.73658545162958,0.02301889820988351,132.354317757568,2797.7925739908537,0
73.62551485372308,0.5692234657595445,120.95027885272073,3217.5453502677706,0
84.52874547202939,0.5984028561133797,137.28329380566333,3066.859992750202,0
91.12278257988646,0.9128440269704822,124.13754202947388,3103.5441528054143,1
88.14914453584048,0.531618975173362,122.4245018063582,2948.6532393039893,0
91.39964529371393,0.663947943451619,120.68206782602836,2874.035039150718,0
82.42127491071892,0.46090547128280523,128.17992099257336,3292.398566173664,0
75.75433638901593,0.5594454443170173,102.62313801754657,2950.652543889305,0
58.980341881028316,0.8334513683499067,120.8534395552051,2917.8129846852275,0
72.53937511870052,0.07520143637487287,119.29953556272035,2983.972586424038,0
66.56753404683808,0.5827232515143361,127.25418827157766,3038.6044265435885,0
96.70942717497815,0.9271173460154732,118.12298394125963,2793.8349746561103,1
73.24114187567663,0.5564068438418686,109.6126556583733,2887.0257011586177,0
76.23204806784486,0.8301145926465696,120.073506749197,2876.3935852187883,0
80.51485376040468,0.37415757009411155,109.17159471131657,3169.05606092137,0
75.43602446372454,0.4935905011672573,100.74737787412515,2822.8074864000223,0
91.95051040430752,0.5067049404777175,127.27122481485493,2648.8464284483894,0
68.77350638265548,0.05648178412824584,125.79061572694671,2606.581087418769,0
76.94607455237242,0.26636443442995994,124.67090943993574,2705.9239730648565,0
67.57529414301952,0.2806249841232028,133.0292842194581,3272.3076405696224,0
61.79977488779294,0.6644132156065055,113.34968109696075,3003.24131989681,0
68.88230909094715,0.674430621136811,105.68885857228744,3100.2498173614404,0
74.62963202951588,0.5648072885413067,119.29970223191955,3107.297545424266,0
70.7069777548274,0.6648205793711411,116.52499700294089,3011.2367836784642,0
68.07579020126144,0.4671701174556452,111.57704283229931,2985.0437406697383,0
60.93682536328166,0.7403863339079086,119.20150846512205,3208.905285963628,0
74.16894427371305,0.5017576885264143,113.88394853795415,3029.199182862528,0
59.952796259689975,0.5115728094853513,101.63994716643168,3279.819495852683,0
82.60055963689602,0.4468814733475177,115.5882330920624,3124.165989057973,0
75.82439752934503,0.6368900955272856,108.63624833296143,2876.4407453037943,0
60.4244850053507,0.41576023667741735,122.31648071610923,2900.5731952260126,0
71.90790922950137,0.6952862754396136,113.43965241759345,2854.507038709144,0
67.47843594409417,0.27357017185679866,131.11631474141052,3243.509604390143,0
78.19174510419181,0.2802167490543612,136.03866067267865,2918.9898094108894,0
88.40450446023145,0.6374853510253009,126.79381373011906,2840.3054406400734,0
56.248275303542556,0.4822911570833975,104.4897381801668,3063.955608225364,0
76.15026079147417,0.40922171676937436,135.0519599887904,2980.5665787254993,0
73.3986720443336,0.678011546495092,135.75720450373765,3058.9137025150326,0
81.71340076450466,0.3785477171827831,120.18790511307941,3377.962780778769,0
77.1319662823769,0.45995974913992604,133.22926160335533,3182.614161185772,0
67.48030668261181,0.7798455900142318,114.48324861953321,3005.402110860381,0
71.80946064333382,0.80782846916213,101.3375406515041,2718.3153231587985,0
67.03974143196511,0.8144796420540654,112.39715561378407,2900.007500558273,0
85.76007138598598,0.4435748446132177,137.29300866044755,3142.2092205090607,0
75.21311648671943,0.7461405809968941,105.08920076388526,2765.791792067637,0
94.01190685753008,0.31020943444626436,119.99521281931494,3428.194059266071,0
74.39339186185379,0.3186194250555878,120.34143893340212,3002.88331252711,0
67.91593233089537,0.02990882947512774,114.87025756032187,3009.769678641897,0
59.862856073871725,0.8345736403797059,115.56478400162885,2866.6709614084043,0
56.96860323744055,0.32720403018478433,120.72249134236203,3099.347551355144,0
59.158640569945106,0.474693484050588,114.37837658065273,2768.3996386955537,0
77.67126651011483,0.31793513161434317,105.77941502832068,3432.9785178202915,0
80.08725023229934,0.6390330496660281,122.15031942943456,3263.470260930402,0
59.188092979678665,0.42487326785653196,130.73366582444973,3196.8592890394093,0
83.95038314076115,0.23903662191341013,128.69572518653422,2721.914198842038,0
70.1693894831656,0.5883325128372121,111.90264532610189,3041.08265409155,0
76.4679301198555,0.21325399503795428,107.48772084622324,3241.817279602801,0
91.12220628255425,0.3325188549369017,117.15812117845222,3118.621079871548,0
83.96839315865532,0.0786221770747838,135.67791509795663,2799.578179073245,0
72.31469352094167,0.21520837756047861,126.45598078959546,2869.981248938269,0
66.08807774584713,0.5357058339440955,127.03964676794233,2909.612772398802,0
53.48184598670695,0.10709279237941505,128.89856951785495,2879.3124331022786,0
67.8084668075758,0.20377085507565684,124.20766562518587,3305.7557671420614,0
72.88869761172306,0.4995262167734384,121.20608547613578,2615.797372235349,0
65.12820472848816,0.3912786207813895,126.62306896647968,3131.183827931767,0
73.68743032907695,0.8984073271918618,114.5383389578198,2741.5393250143097,0
75.76851882958768,0.8667793092048751,105.85536988633679,2807.7497025097864,0
72.75144018191921,0.32641550744976927,127.22996934624324,2598.0533266262564,0
68.4999741917654,0.6114275236806964,132.37738105749224,2890.189113768227,0
76.68654671966728,0.6498565113758903,108.8176806064397,3302.1463303078426,0
79.41940649569409,0.3805042283951193,128.219214824159,3052.9648484929558,0
64.09600922557154,0.20089169270035923,136.8076571338819,2760.3276906001806,0
89.10932379746271,0.49754031013838845,119.97753798242879,3203.4295348758624,0
74.01411867715738,0.4654308650371778,111.81997815258254,3246.260852713737,0
75.18849622944848,0.41284710060587615,121.23018673526755,3020.809296207817,0
82.08214423256557,0.588463373632897,114.49466031799298,3406.949831630518,0
77.33216131263502,0.34985407859888024,113.83269890043599,3164.312824924923,0
84.53136633913245,0.26960049048417134,124.33184067271543,3136.5305014585174,0
77.87124165201824,0.5218165940699664,103.96270524970105,2839.324258566742,0
68.87562625359563,0.5771940185137752,105.56071077507772,3125.479697124268,0
78.61503525206102,0.26467101121998937,120.19290880373943,3043.3582555208986,0
63.56273792679338,0.6856181221982163,119.77691461087569,3103.9658005342053,0
76.08559705776523,0.14590377244478436,123.43554577039936,2863.082876171734,0
74.6677000935554,0.38437730825687133,138.7522538848339,3025.6197768717975,0
72.9188314272746,0.4483982927604782,121.04514036075821,2836.627699957008,0
73.71462488561069,0.372755257469614,125.98172150334794,2570.5735800067937,0
56.18150954502361,0.3869879052897615,110.24467064385368,3199.6609137156765,0
69.51275092259039,0.8742148964616228,127.67937663516537,2699.5222036620967,0
75.92844901141115,0.3298231821922203,114.73609134889323,3021.4372929564834,0
76.598563919974,0.9882443444943828,120.71420832581093,3066.600425889808,0
64.72324859074041,0.5874253559462104,118.91151374930838,3065.312603172611,0
87.65707840864701,0.5184110274623984,130.3297423491403,2943.38418528035,0
66.33825151785499,0.5952480706775332,106.90023445625,3054.242295055995,0
84.69457200526736,1.0059855498503905,97.1676136538496,3094.1934139570326,0
79.27194361871685,0.3012813992137104,117.86567302912076,3146.992963150397,0
68.53772690156197,0.2759164162127221,124.68531256905123,3346.6882678768525,0
92.75310892609512,0.3490267606856158,121.522693758075,3046.838830299641,0
63.0636316824352,0.5064286293929122,132.3220423741391,3012.80976900354,0
84.19154173610002,0.1548457750374853,124.37372674179669,2818.6542069299812,0
85.00582318042979,0.5044678478637216,114.3615166814014,3087.1892647798672,0
68.29379790923355,0.8387094266827344,96.74579845860319,3133.476620628114,0
88.92465300064329,0.5302814781249555,117.62687765804782,2961.5393631436746,0
72.49953485401048,0.4414629082049446,130.279590022578,3108.9225008368076,0
77.88693629279857,0.37636791026327454,116.07952217332885,2941.496761290132,0
77.6032183877122,0.6797023409103129,120.28320263677765,3134.1985304177847,0
73.65691258529452,0.33483344535239046,124.21360254306708,3182.5204628059487,0
83.10808273159782,0.8692791841198496,109.84707625750184,3179.725573346097,0
82.93488720552213,0.8866719495428714,126.23235896638818,3023.56886522826,0
57.51468026761819,0.5513501597323576,136.37121790001706,2792.0063696765897,0
88.04340242878152,0.49769698238467097,118.27186648106594,2877.6173894716358,0
58.37508011964326,0.7061319616483119,108.70935578167698,3119.0314647769455,0
85.32546204341658,0.7189597004454651,119.33398972978026,3489.7624611480455,1
86.26705136827583,0.3388016537881169,97.75615891391132,2931.8558456935834,0
64.09033569784802,0.3946889733726596,123.36903263976616,3091.167535677628,0
70.89185712045415,0.23553051306334088,124.52274377648578,2888.789488504119,0
63.94295331514064,0.5818129876668114,136.75636293845562,2805.20659115018,0
72.85078969711265,0.6333255766913781,118.06005207433375,2864.7368272845274,0
71.91965715814258,0.23001487242774538,124.0848533814647,2583.5056046594655,0
82.7966053226934,0.40896021903676816,111.38711897614098,3270.6870125815503,0
88.10308746119608,0.23054921648373017,116.43572879474921,2553.973949417077,0
88.95683810789956,0.32024003795123246,104.74814563337802,2947.2343539198732,0
69.37831973421697,0.61020341204526,118.05210378716764,2764.374420929989,0
72.90778126255472,0.35330358666434414,116.94690846481436,2823.123956927559,0
58.1656180777905,0.43983480879354026,122.99199766088896,3275.3045319477337,0
66.94129933503811,0.17453765441053687,113.76403119667361,3040.2133980062786,0
84.64851633097457,0.5373980419449329,120.83345350975092,2806.92076816366,0
91.15582823548232,0.49114533603107025,116.66619944392335,2882.096573500698,0
62.65651128120078,0.3542081499933676,116.68500611700486,2846.9037559115827,0
69.07535740847106,0.4621971404635052,120.8036232596303,2991.290865584224,0
74.73594243041073,0.5360589761006889,120.4052294231701,3034.5783369575383,0
77.80161158819607,0.3370263702181312,127.61174039051639,3379.114954645712,0
66.90396480078354,0.20474749119964414,118.79356965870166,2616.7398468004585,0
79.2406104446409,0.861114886537363,116.50114650876996,2993.0375370484094,0
70.26160652929084,0.3733454590579455,118.19192554912775,2936.8864614930953,0
74.85547729121721,0.48064797936262216,112.85335883159007,3189.3097055433564,0
80.462842480037,0.7021679470040627,116.40088906433328,3070.9636236356787,0
75.06422269810938,1.205811037514097,140.3115871307323,3118.072441622989,0
70.63614109473431,0.25110271002222684,110.87321239304133,3069.0172372030165,0
73.90390196074169,0.589965442745302,117.21343666120691,2813.601774943292,0
74.11637040794665,0.35848954294117874,116.1251133673031,3242.2530992986026,0
71.29988970117873,0.3922419390846578,117.528283877556,3159.700980923134,0
72.41203937332898,0.355957595798642,116.68760691121605,3183.1059583449487,0
90.98647170504717,0.274869006439883,122.79240101221,3252.810034101433,0
80.6091944794124,0.4917417276430677,102.89824898608205,3083.535020130392,0
72.0451968197084,0.2050994625903529,130.37171472532003,3296.1984808234984,0
81.96954404510736,0.689361513302374,126.32582799642198,3075.5279143573284,0
71.6618051024399,0.511000587206675,107.57128413936866,2956.188282395078,0
86.73124637586642,0.584486994580288,97.30922727047599,2998.679217903327,0
78.69642192198094,0.4067622776107554,110.22927853858599,2995.2312463727767,0
73.92697855995772,0.42655921315765033,117.57333538572877,2896.1217355818912,0
79.47716925810278,0.5575127810334656,145.80291898690774,3326.377769674044,0
59.291238479315005,0.2671898735188349,125.43256964974273,3059.2590731007335,0
63.73232531090195,0.42840191311733283,101.92410350818542,3018.9476951665815,0
63.060749936009444,0.3280772972243092,113.10344495099056,3077.654850985287,0
76.42943094763707,0.32188623788179715,119.46787563727017,3595.970903347429,0
92.32514999485092,0.07803235187487167,122.53683554298097,2773.655162280068,0
97.31300146192632,0.767865317896,106.85251139689578,2830.992297656745,1
81.38051101440757,0.3626922493692462,118.65009772022938,2723.885796510601,0
80.00844474944456,0.73267521103271,112.82360862389459,2953.4801523129026,0
56.989422658472606,0.7137584642788585,108.96241437397683,3049.103688665472,0
69.57326200265979,0.24280005869670124,122.59595646698953,2906.9354963317846,0
67.12216248091761,0.2823177528654308,127.73877173442823,2892.054640369646,0
68.79152401748884,1.0121005918711368,128.4104127696162,3028.4809733256266,0
73.3185618141521,0.8501851883854288,125.74386351133876,2899.5784350340605,0
70.27909422302872,0.49369629733437914,115.02630466859738,3062.0351654365677,0
55.20700189624212,0.5514746212834699,127.14549761463506,3222.846869348521,0
82.47910256117534,0.37383071941056223,123.09054438104287,3135.4060939601613,0
64.27256974260193,0.586470542840068,121.33941882952013,3176.2026694330407,0
77.39246864111149,0.35656361985550566,113.88306878298202,3217.183682301344,0
95.74082669749973,0.09352924714032307,115.03123872658472,3056.5656320237404,0
65.80615408413577,0.23568884269778978,120.73886936124553,2968.2717947913798,0
49.697124772536704,0.5042185495701175,144.398744669855,2845.549385823361,0
72.13995778119889,0.27378655289948245,123.0124248009139,2921.764367272856,0
86.00959634998571,0.48654450701729307,113.88811497749714,2895.262893464621,0
94.58347454220593,0.28506779211342737,111.67610555030558,3146.3344653241825,0
62.70450405547583,0.34352921549960125,115.08233387343797,3069.3565109188394,0
79.96699223236521,0.6706330612826383,141.77293447549064,3139.35157254286,0
70.34689543219946,0.549496109528021,116.00743354054038,2767.9326287799695,0
73.94051645695865,0.49806711573733053,129.06870534610286,3286.349896848216,0
101.44343347017035,0.6757927946141302,116.24071754528643,2914.6039256986473,0
59.970296716048466,0.5961217186694695,122.61184541279628,2779.9966715850674,0
77.53739661494573,0.7893126582502735,127.91745274008723,2912.1564470356375,0
79.67693171765433,0.408028147536972,114.28097150190077,3496.7531985175015,0
85.85786324939347,0.4140730042944982,113.58888345847231,2922.4566267016867,0
75.97983153470895,0.23977814672173092,136.5886969445533,2934.980705705815,0
78.08050539504103,0.41420385652551606,129.84592894895798,2961.5790638740646,0
71.08351432578209,0.6929539788604892,127.90672318690729,2970.275923313709,0
77.69126941245108,0.7599974744524268,127.87276293122915,2843.704786839749,0
71.56807724502589,0.6920610336173336,124.59575488311066,3028.642616641226,0
81.21571889856051,0.14116162669011273,140.17775813175064,3215.118981639666,0
71.30389663956366,0.7166290425321469,120.43908301877157,3062.8578630957413,0
78.77100393902187,0.13229627534558586,125.77262367200919,2777.7669402200027,0
74.70737186315021,0.6796234648244694,105.49087071405987,2931.130819013258,0
86.26050250772168,0.42644309468578895,111.75039313408759,2889.694519979674,0
74.48606276411513,0.6405066627867712,107.9918100016496,3010.5878936469603,0
57.26967531793119,0.23351033042108682,132.7406358351615,3266.0903343124633,0
87.61921500713991,0.7342335265412293,94.4745984797925,2970.2234407958235,1
65.94267699137382,0.2070050507790222,115.97689977247278,2982.369026225922,0
68.46233661351181,0.3663090178293644,90.06293397339377,3355.5289637638857,0
69.04338705956508,0.30038107444619294,111.6871210451811,3175.2411983343322,0
88.74438093170818,0.14914302943550017,115.09051050268134,3114.816256421307,0
53.64325786021304,0.5189055135176937,133.84871093794044,3391.626323060355,0
106.37748533659993,0.8612178235673923,123.96627939221457,3097.9622509588025,1
85.56056809066052,1.0333810444640017,111.66858476671034,2602.6945716044956,1
77.23238914129159,0.5194311574172495,130.65963719731826,3166.533151576072,0
74.45105999383713,0.7233362550135045,120.17832254529758,2681.59830857627,0
77.85554074857657,0.5464189275857074,120.37566858707252,3090.4010737164895,0
80.21122428379338,0.5997766389536425,107.97328492228007,2657.251285174152,0
81.45215585950056,0.4315702697745522,110.09986286096861,2906.628917920016,0
80.55604466003449,0.5390153850845204,111.74902700054476,2927.243094078026,0
75.8958068125525,0.6074957409212858,120.46461273154189,2845.9761785536493,0
73.02661579692673,0.38430805422473374,120.77885726980675,2930.22960056176,0
73.48726716346488,0.48450114002140243,135.44092663524046,3206.5123440721104,0
73.0509171964732,0.4883139762005024,123.85055167937834,2857.2094175680895,0
86.33770096867065,0.6652806634661049,92.92434306327891,3109.028175902108,0
80.93556722280861,0.2867935656744639,122.6264198787169,2806.87007207854,0
45.59611365335719,0.48969155827846966,105.49983643832468,2962.100084721574,0
81.55900776529761,0.8824010938105395,110.34029075388463,3064.76785326549,0
76.94736194718774,0.7328120305171875,111.8783052827367,2800.694316676288,0
74.81291243554102,0.7698358097777411,113.36661676487698,2737.655913417862,0
71.11481546911114,0.5048863680356068,106.24850607959696,3098.3756301157778,0
86.24112719986013,0.5641995127372046,122.03482003452288,3224.6160798681276,0
84.47526462122858,0.7004472333405851,105.89197714909041,2984.1869961025254,0
67.27122332176391,0.8120511059061861,123.56667607249847,2908.5374186886593,0
79.07052287124534,0.10967941742342263,142.36971077061628,3031.1350775376773,0
65.28343265458714,0.23691173859003084,106.70640941065936,3011.095983753076,0
61.203818352110694,0.7618888202805296,117.15489695660779,3048.5805081422504,0
68.73282775410036,0.4446221288462393,94.7654263748753,2494.3509799372573,0
83.62393472382759,0.36565584214838454,116.99064707029866,2786.1791417668073,0
84.53125045376086,0.24916780260087923,126.42717152631484,2830.9539789126293,0
80.13085420097293,0.38899665969117814,127.20639231357266,3030.1735257023124,0
82.25095786847997,0.219526143315235,120.77363730284097,3037.175576724453,0
80.16178287114958,0.9182188545464954,128.89263424758977,3127.236097736807,0
68.58518404777048,0.4955127896038853,145.46054535942793,3051.5163498420875,0
79.31922544673941,0.48840989164745646,137.123046874376,2739.8529859225328,0
83.00409525227683,0.6176153350335664,114.77479070590363,3289.400923517012,0
82.54291329813574,0.6924690338533139,105.48896013533262,3254.3836606844734,0
86.88913371474644,0.6891776313109279,115.93848583426197,2748.360541994615,0
82.08303847201064,0.7147243887815143,110.53017234382652,3066.5410588748364,0
78.51448207541583,0.3738308898418287,124.51347547864633,2880.915122951397,0
85.70150238316427,0.4404266390086278,108.18806460570502,3027.7727978401094,0
74.7347874075094,0.6538063310884551,119.27177567409657,3210.6620559283742,0
66.18125348772283,0.39452218767207603,128.3801405453631,3426.020853264192,0
73.36933036056236,0.498978673594555,118.99304127182823,3150.255541028522,0
67.55097355193551,0.5797527528849629,110.53686177252203,3058.9869470220274,0
68.24821725025619,0.6570370164620752,131.74814057585692,2932.0357663383406,0
73.55481329284483,0.14446380752595972,101.21019055246173,3036.426974202235,0
67.07580079000039,0.642949129977789,116.72204944122537,3271.9543786656627,0
71.9203847036096,0.4532551884296549,119.58339976618666,2991.058248648083,0
56.063853330462145,0.6414915421728762,120.15908658399631,2822.77746973047,0
77.13293707372938,0.6553863384709657,121.80496056078081,2676.0620268966745,0
75.01205475362224,0.8215830122238315,126.10439819809493,3102.60957348205,0
66.82911368931809,0.7706907295242407,119.6459256095465,3049.457625125548,0
81.59245668432405,0.7693143325220593,116.3194171785632,2870.8183653475407,0
84.37570137626558,0.7887340638332476,115.92410655340305,3205.2028251414595,0
58.924401356310256,0.5582757969631892,113.88484197961645,2915.644627122474,0
67.37275221433785,0.5064370174073679,127.87543324326865,2973.071181635041,0
67.30857650212701,0.6745634166356669,113.53471520523486,2996.6671733404114,0
65.60096898891135,0.6464161902866045,128.46771109008245,2929.8094515723824,0
83.29474841931749,0.43818675265234797,120.18999082259872,3047.1730131499144,0
73.06173861227197,0.5809646817616536,114.78745193143871,3230.3030291866003,0
72.35485158689389,0.49298070664308113,126.18407215744135,2771.5036203763157,0
54.961376355932465,0.3292134183079888,112.72546075276881,3097.704027694802,0
81.35418030209226,0.75809214827527,126.38184040728213,3034.431733921288,0
62.60741605146528,0.5110398485060178,122.12726121191785,3030.7527659089415,0
75.59932630266329,0.9097416515397702,114.03675310908079,3174.368913974818,0
77.77376937958192,0.17490154596003343,125.28634815334559,3009.859485043432,0
88.60658595838652,0.38864424543132675,125.4658972568864,3096.045852381141,0
61.91179600880888,0.5065277673381743,131.57519605809958,3143.1729259142294,0
44.80487844179174,0.7274762195257828,129.66147012409297,2899.1269599238785,0
76.83849544753694,0.5798938745204371,124.91274020726283,3059.83669216276,0
93.00511181510853,0.5620945508361503,108.72409048791236,2949.8424785578736,0
87.38946352939438,0.27454724148917053,144.48586988174057,2973.4636440560207,0
77.09659415274626,0.26861172055410576,105.9638378892819,2935.5877207043336,0
70.08363814367952,0.5645009320579809,129.49263174282308,3094.216080819377,0
83.0712259663731,0.22717880123632833,124.31283816886298,3016.3289418036507,0
65.26453800295532,0.3936244499421343,108.25857627518886,3078.908806863335,0
79.7635776935622,0.6001834658171715,118.756990611215,2996.4965274208503,0
80.05470159166627,0.3035351455446448,119.21247113755359,2679.175797505935,0
85.6020990749888,0.8210711924723613,133.05582715810525,3006.2736832199416,1
102.59660038911078,0.7447872688475781,112.86689099719788,3012.7075910313633,1
78.92415967178766,0.18571600033233993,117.38054993575646,3048.519187430692,0
69.91036374292501,0.31352575136360256,96.63930394978738,2881.2541612628515,0
74.74425687808005,0.04284455110100999,137.34762793123576,2760.9060566668977,0
57.30924095110882,0.3434817274903733,109.2953175697993,3124.9213289788554,0
68.05286868910942,0.6532776953144799,123.26910864239174,2945.2786886931663,0
70.90717561886896,0.4172210115450286,118.98592170278135,3034.248809536999,0
69.75911602065408,0.5921594487231935,119.0199903321666,2943.707984022341,0
76.52354872033722,0.19553313634365116,128.09861984870875,2998.787634845281,0
66.775800676178,0.659595050916381,136.71262460303635,2910.1429304128383,0
86.21030667324472,0.38897815441433004,122.51493669941992,2806.3832821692345,0
75.00207064918197,0.5024339364565811,126.55078017630525,3094.7463321537316,0
74.90699678861385,0.48142509972138947,123.2889153672704,2879.375982354776,0
71.72105283487082,0.24569029582154323,130.17531423930626,3032.7902961789623,0
76.55190683858979,0.2693831336520435,115.37083620513673,3082.0920443804157,0
83.25098264667635,0.6935588938006852,130.75390554416413,2882.6374568793835,0
66.32869784289099,0.5797984315003392,131.10499865647384,2759.222873125403,0
68.41883510924744,0.7100098083106854,130.8253700868291,3485.2171227706103,0
71.96273971223336,0.5649316471005037,113.39852132663523,2894.445624810915,0
61.54129076526785,0.5285981269618433,118.31662365762809,3124.6834317202315,0
66.80742140278502,0.15479787626664665,122.39466988780435,3387.8927099140246,0
70.23779126455341,0.44592666064776604,106.29157955170994,3157.981549370779,0
83.74389180712727,0.4945231359192512,135.94920208086015,2939.9114382344897,0
77.62561329001925,0.8906214396545149,119.87723466497825,2986.5767224929778,0
76.93589911367545,0.6373913264197355,122.83927887604722,2833.4785560522305,0
83.50897962167971,0.8072122363419056,114.22995560272797,3176.3392853915484,0
73.62628211600604,0.6195075411789457,106.73122440632977,3113.254141611738,0
78.9046484992889,0.3577393546101041,113.9597011452523,2897.1148363476514,0
73.96778247067503,0.5234248432299703,122.19204187633588,2791.565038580311,0
77.65362349399628,0.5472447292528466,126.73428812753693,2735.7532524672615,0
69.17241342388418,0.3121688860458637,121.61791540602721,3197.30280076084,0
50.611828417235714,0.42312252468141576,123.4672401624195,3024.0746257911123,0
73.65720837813696,0.4588466012645656,116.62973625318624,3042.9969072665504,0
89.2274813609994,0.8211239665130237,124.96248566245428,2835.4102748275286,1
84.26215402241593,0.08385189492180434,134.82832866385908,2707.299379339119,0
84.6539748459117,0.7411636841432087,127.04789442438987,3192.5227149423263,0
87.36130721806218,0.31264095300812345,128.0954188825294,3008.407807399446,0
75.88657590961438,0.22558416254607716,122.9401639930663,3181.446932011524,0
76.97315707405596,0.7359884260076928,104.96844930400398,2922.813374696887,0
68.8234810456565,0.6463796138468763,109.55333469368756,2952.6364313926283,0
71.8392714397295,0.750903740476238,124.54875800663844,3142.6596353241266,0
81.15771149771142,0.6601403895091154,119.89060948039914,3146.4696159301047,0
87.03884437168816,0.9119690003474804,124.39842886472827,3159.513124537191,1
73.60553724319,0.611744767388897,136.76423417844074,2940.959749379461,0
70.49810735148588,0.4687045247753683,127.26035999229333,3122.9094475301736,0
75.00527958856597,0.5685852754642685,132.58886205742823,3221.8198930953436,0
81.01206748929116,0.7486938256691927,120.9468138947073,2979.045597663693,0
60.56145183866458,0.3441249349479766,111.9278432251556,2897.302327245189,0
52.03819046862762,0.36962228349372384,119.4213384078566,3268.549520663353,0
69.49463150508416,0.4382079970804185,111.95248186280863,2869.1108532897388,0
62.79287574085841,0.07908344024693353,135.58294956772448,3125.8952994228953,0
69.9185980235269,0.5276156816835094,127.9039107653547,2988.3155378960278,0
73.52219681182528,0.12277425920979473,125.2051249662828,2631.686876703088,0
70.46751590976987,0.5106118625865238,132.35943202228103,3225.718813495716,0
89.52467534470745,0.67305795122705,99.79943585476775,2448.4292740905266,0
78.2674476460232,0.40462470787123284,125.8813795134266,2603.174386648478,0
78.00474359610828,0.8354231740373742,106.89354215695627,3105.466015896134,0
81.22207144043402,0.20789982011630243,119.92744301534339,3105.414239735623,0
63.61166882219231,0.7382521363263665,116.88292407532785,2872.484028424493,0
85.39111787420269,0.6350274112813842,126.61736612096948,3029.564418060649,0
74.2423571346454,0.15679335033786218,122.28187288960956,2493.713990844399,0
81.70480617241212,1.0421588598081066,133.45117173611789,3141.39509289412,0
64.28142766959844,0.4872509428992068,113.98102839067387,3049.9450974107194,0
59.46241233983936,0.32450319556887364,127.09114389633284,2990.871429333241,0
83.17889658025028,0.21858256104319662,121.62223216898832,3004.168296427554,0
78.76409526097517,0.45599639446806517,103.64709729928447,3098.6508352386063,0
65.9794844564249,0.4745186255220081,110.81383541476967,2994.2196953004277,0
66.30336918725305,0.5205291057079329,118.50121966477832,2625.1888994537558,0
86.2543478441477,0.440440768755208,131.12292449891729,3439.2664469045044,0
63.10588107132672,0.6266450620230187,124.63723057557115,3240.16016388569,0
91.42672953255963,0.42247403346735074,108.32499176119286,2743.0110676090344,0
65.99379265352131,0.11300717655190579,118.59683771952841,2930.9725539046817,0
81.38391925608383,0.4701277008700718,140.1780644879303,2952.793161968792,0
71.71381524251015,0.026504469325344338,121.11223334840858,3215.7699133017927,0
81.03187431082343,0.5707541261782779,116.72674424927604,2568.1462129360466,0
69.55885997885807,0.30413995394347293,124.91739640756221,2900.198347114042,0
73.37207093927705,0.53267207098316,127.6339307958197,2647.8727113324994,0
75.40919175395722,0.7628149963049209,115.43831652519941,2942.9808968343323,0
64.97812544218527,0.31025026094639996,125.02574774371438,2905.499821383019,0
82.40824345420125,0.7122512517024235,116.71110503329191,3015.9388134765422,0
69.86786433528415,0.4133220866627694,127.19327601829438,2879.025120198163,0
72.71400084659982,0.850638960413117,121.69693157971284,2849.795321721895,0
65.05650625391488,0.42696947736035734,124.81967827052893,3123.9313383526296,0
49.376663412046895,0.3319014028986617,112.40816453832495,3090.934548188516,0
73.08972237399831,0.6374476900790577,111.78713615927141,3110.2796685556486,0
99.12615421612915,0.4128420540752728,129.45497304659395,2964.6199819018316,0
82.84604287898024,0.3317100971741983,119.20603618614506,2885.652283554962,0
74.80739620265605,0.40443202985924176,122.85034742099361,2976.229503595846,0
72.37109170791733,0.4910786935633997,116.9360457291348,3100.2324140136902,0
75.22465892812046,0.7684360262489709,128.98726774013645,2564.64405980563,0
80.4711911517521,0.11318245090808454,113.92190019970343,3078.8223860741714,0
63.19187184691155,0.5046161317900841,118.64398760099117,3061.8276374669595,0
86.14321694668872,0.6249807189308086,127.85992812703131,3012.430181217145,0
82.15381315441245,0.5386897149983593,131.72967699164266,2970.137315625665,0
82.18185725707934,0.7619730338867068,114.76240708973316,2486.7761228135173,0
79.38475738809727,0.48513093404829516,139.59683981955882,2912.029347379919,0
75.1961665769399,0.463089711562811,123.13241693693617,3357.8877422154746,0
81.7286123596682,0.6184659094026687,109.57071738191263,3002.580259113661,0
80.91814133741379,0.5198627629902699,123.69052048589968,2938.542032265056,0
71.45959289058976,0.4219182523439058,116.17000785516542,3003.3812391180227,0
69.26398227103098,0.603228807917276,124.34068487183177,3070.9545737256017,0
76.01856295261987,0.3694943413566709,119.57143752339663,3131.7640489378928,0
90.49020151495188,0.3777645695961346,120.74273690190145,2954.2239673684116,0
62.60892924346099,0.39440119564687726,110.88406623413854,3084.9839204787368,0
60.324747342475604,0.7706138320332815,129.9006123071636,3335.330160552272,0
76.64760841236517,-0.1442032711971427,108.43872632848968,3201.250159886543,0
75.50887701856018,0.5791197669525885,108.91235104595005,3468.060043171396,0
76.73341664370409,0.5068543628400445,123.67360349147486,2868.6459283296567,0
77.439531979085,0.1638259081523759,136.0284424717797,3335.237901500403,0
72.76797745365195,0.5619453558272004,116.47406902935593,2841.865272015481,0
89.89863438602082,0.5951503983663065,127.00972322703966,3070.7132293480927,0
58.99096021523484,0.61792784627148,130.73340176863545,3146.49530584762,0
66.71502975219754,-0.030365612608989845,128.14684437294068,2897.8445616191057,0
73.96745239850952,0.7732778823708877,116.88791710826318,3017.592855494855,0
58.568111888458326,0.3524526590630318,109.08953282805925,3182.092220490368,0
73.24145595567929,0.6373135493506352,97.92452434328645,2857.9458203376184,0
91.61470165728018,0.6482147561364572,117.37159500537607,3333.8766919095297,0
75.20886488295962,0.3246605828761414,131.78087368562174,2723.0806750545303,0
77.30700905718683,0.6320919904703101,108.75834015238065,3387.938288545677,0
62.3983523482742,0.42290135181752836,127.00209847518765,3200.2652269599184,0
68.83638591960522,0.08572456413236851,110.49847469948128,2982.0548847344444,0
71.24803619676064,0.7335483851055558,121.06072576386838,2919.4663577526535,0
71.82284903243766,0.34499100739675204,127.07791614155018,2898.5943474417954,0
87.81643795003768,0.32910130745238914,113.40504563161572,2972.840871948597,0
80.57691060725125,0.41938682639265557,121.70484680696914,2990.3008276902347,0
63.88542043062968,0.5544473450654777,115.84908663274672,3251.0452493269163,0
77.46504778432005,0.48854591783557955,127.05148658938177,3393.7308200769166,0
79.98221748496785,0.6096133849414341,122.35317168484637,3039.8759841308015,0
86.40149038521267,0.23210212669426822,120.56507674429267,2830.874302402119,0
90.80540686568374,0.35152272591385303,135.5834996014198,2890.8547918727613,0
64.84905808172131,0.47680058553569327,126.62306142368303,2963.3818430777433,0
66.89142488789662,0.8795774585317411,113.0964813387371,2793.975578940645,0
62.42422141085384,0.4772374923172484,119.14136099202238,2764.211719578524,0
72.65980140893019,0.7170444527323263,119.2410121492034,3419.4254424746055,0
79.66358374446335,0.5077110337568636,120.80319572625211,3060.5227051892507,0
84.87334516589102,0.4032682725124863,145.24509276607495,2833.3733732639307,0
74.24048976357477,0.4506551151771119,123.70851892710996,3163.3207140715426,0
71.80152476745155,0.4663160575942238,99.64097429895224,2764.3307750386307,0
76.5175799224874,0.6207291477921477,114.57201028283035,2780.797590425789,0
66.64857098369977,0.7749222535153109,100.67627912504192,2839.391519787151,0
95.89538721694774,0.5719361695372642,116.7020174295416,3330.9026561730066,0
58.923389728819416,0.7374155357483511,100.12689770273572,2949.423986844325,0
76.84740578895725,0.3070420524740629,111.28409528931572,2511.6586026195027,0
95.2360621922964,0.4170738982371939,104.7927847036588,3242.0131866351185,0
75.06799844559998,0.3551394931584666,123.84160177967478,2938.7237271675285,0
73.09960964998506,0.5628889181749706,120.0053936262888,2630.118398824319,0
71.42554577189573,0.42820832296411726,123.02962307498731,2936.663302407318,0
73.19608318237592,0.6459545874068391,118.95448611431473,3104.2007793209805,0
88.7284847467653,0.3137996576735117,106.05702249795583,3080.8098333065936,0
52.88138088670493,0.5086061946642563,125.13521369254735,3359.682995832964,0
90.33433701296326,0.6373715822024513,139.22224560269453,2829.446427486014,0
60.76042847549855,0.08693944499187789,124.09212578606547,3009.3440240529944,0
72.33347670765585,0.9243262614660407,115.74075400682435,2860.0861442843157,0
70.70755579701338,0.44336962302402483,105.71932823894555,2691.5614211625552,0
80.88553269770719,0.09499201726476536,110.91933029240035,3177.105474461191,0
59.01875648116253,0.5316187797153572,124.5303965657206,3092.653913829504,0
79.62172666081943,0.5066886935946302,130.73118026799375,3056.7356899397705,0
95.24309623286852,0.4836211240855014,122.60866174721976,3085.3580386517287,0
61.368259954071895,0.6982382225853333,127.99887289705984,2862.905429462316,0
76.89706167610396,0.6494889942854112,127.07678244027242,2798.8609825363615,0
68.3801782220339,0.5595752382047691,125.06534391385918,3007.529474433872,0
79.25887206193036,0.5900311267893296,113.41526404738744,3232.2422804823227,0
75.19147777415752,0.4791283101123827,121.73923511975153,3321.6154270907095,0
68.58513090955691,0.8550981698480097,111.51622196117862,3159.0865413614865,0
79.87872284871074,0.2041607963284467,120.17428952958102,3005.834885353619,0
93.04348109786743,0.5279303348431793,123.30863531066912,3053.9567858799874,0
73.09096208272702,0.5130049262377561,136.78783807386856,3002.3187718650743,0
82.19757942148182,0.6626560812129186,106.90268025632368,2794.811332060114,0
62.06727042128836,0.3312292245150201,124.81507630991305,3004.9294756421086,0
65.43563623181991,0.15126547952069275,134.81236591623593,2733.0346364823013,0
79.72406277880377,0.5313646032196386,127.58847765838796,2975.184554779392,0
89.84116028535965,0.5562460984437209,128.32945442825041,3327.2210221192636,0
78.5561334878566,0.7979198818895299,125.87694901867812,3164.5718445566704,0
71.86941969476845,0.24592759073498277,132.98334489775417,2815.376163152694,0
74.99291405423354,0.730938753343344,109.12521831887632,2985.5141860715435,0
62.495922660302824,0.9734828728054243,106.14073334029753,2833.1247376490523,0
81.04515326355367,0.4244470224955046,119.93665859534744,2987.497246364558,0
83.82333062323409,0.24181155610135519,98.38837896428291,3208.2215633049127,0
70.4790966716692,0.4186051267253258,132.3064580417801,3130.601587661981,0
70.29957852240499,0.5028009934742761,132.2071519549544,3496.8288161490673,0
77.65878229652049,0.612757575001383,115.66649444915474,3238.495480501514,0
70.63280263959405,0.38172105403239054,116.29229403339491,3040.8000762155384,0
74.33867385374178,0.8110397068294684,119.27652524849329,3135.4299948266585,0
95.99721789166516,0.2770935369983877,120.5202065043962,2959.511365163333,0
72.52974299254004,0.15215896956543995,121.27173919194286,2774.4991505827006,0
71.41659847978778,0.7213420848574634,125.58232106878303,3261.155315657504,0
68.52458194364841,0.04507579375876003,118.27373646991522,3201.7982953863298,0
82.44191971499937,0.45917404622545677,129.43193303477793,2951.789157081207,0
73.18775826781896,1.1235362258416095,124.45947777125303,3054.787147386268,0
68.50626961678574,0.4975912894080137,113.93036554127364,3248.1878374769612,0
88.21304032273012,0.27584646986075007,133.35112667804097,3169.270285241204,0
89.19603004513637,0.48852050724264123,106.41743013877513,2707.37974975006,0
68.99576434261294,0.4898398422760933,119.07834189178523,3048.7240042979647,0
56.33460048639384,0.5321299880706233,129.6691740107547,2966.473694902327,0
85.07513689836922,0.632452596431924,112.76926895087855,3222.6001398277363,0
68.15370174239996,0.29217776632645215,123.09555646767151,3206.2085477565324,0
82.90625599162769,0.8375096110473588,125.43339596999049,3263.721565635609,0
55.298961822881644,0.5490228568745236,111.39476132018761,2776.4211322559586,0
83.92597338299309,0.6453588092803608,119.27522280405965,2843.177693188752,0
62.88828070719219,0.3743701200488715,118.4349616979079,3222.8164872270877,0
82.30764119066525,0.7572764273991067,114.48262148167707,2881.670836931511,0
75.14273067836434,0.4485895182373871,143.01674852050775,2695.7134038171384,0
65.46060580603356,0.5555105026987064,112.36893646554525,3106.519297522813,0
70.9296368707322,0.31337878456257817,130.04930294067884,2890.5563119468056,0
81.86318456956701,0.3006136747195746,116.07198983118857,3357.95815406168,0
76.05894453115235,0.6376410612905765,109.13363811114718,3059.236910797693,0
80.84412980472484,0.4112786339585228,121.02814243155069,3032.051857328333,0
94.76440584515485,0.32923538249912454,126.49093384387501,2926.1512216768488,0
59.357583882889486,0.3713633315945939,129.2050957506568,3318.167066785394,0
91.17212574968624,0.6397906143434843,135.6226511065507,3071.7108919779644,0
76.04355937523214,0.3741924277592778,149.452462899351,2918.3000963687587,0
66.01215951676872,0.4764690136795672,122.50514203755597,2841.1832586789105,0
61.696863742610105,0.5030055500574194,113.36907826174613,2985.3053890871565,0
73.10879609222967,0.11653022279794018,124.52874326794891,2804.470632569039,0
84.2165011192446,0.20577471892529636,117.33787049593508,3205.775488335789,0
73.72450879622465,0.5672555778495125,129.2596612985223,2638.3315891951534,0
90.11154930247348,0.35259412776946053,107.02835703634278,2972.0971943333857,0
60.48824309948441,0.7113449822560837,143.68334542400436,3122.0267090175867,0
74.87911052153946,0.6933614208501089,128.56048094775514,3068.4238840219314,0
62.47606555586881,0.6438337332710875,103.15995982203836,2856.543405396866,0
78.63631882624968,0.8639543574625195,112.90971097685028,3132.05174134131,0
83.868873900973,0.48338213445136335,128.16081044113938,2822.7921223228186,0
70.79238206318946,0.6297763851807678,131.76344056171456,2995.523068700638,0
48.95786143372866,0.38311980468079376,107.27762372768036,3130.368314396071,0
76.98948146796495,0.9904739825737447,127.13025850432949,3092.5825558986226,0
79.3673855173351,0.896726730487204,100.52660127338076,2864.9921977161066,0
79.04294754961698,0.5023760869035584,119.10664134528955,3239.4989033128727,0
87.35782191822155,0.5773172459810385,131.12046842103206,3017.338914297107,0
64.28946320350951,0.7718595198729612,114.4848426989702,3148.5990821878304,0
81.8021610545045,0.4705720990371786,104.93077700861987,3305.8202013346495,0
86.92507512477975,0.36867518584005904,121.46214796377559,3223.5041097549215,0
57.21412415993483,0.6747979502013766,113.95281133364522,3224.0258812662087,0
78.19651825918977,0.515687849216734,126.29558366065835,3038.535985969894,0
69.95820168992329,0.5365988899290521,111.1467356778194,3158.787024182102,0
74.18477326898355,0.3331457313864069,112.273631103469,3042.7193149128634,0
78.47676483538336,0.15646557032732072,99.78997679123756,2758.1351064443174,0
70.12771435886448,0.5472284819758202,121.69944711051482,3060.5487585010083,0
68.24291920838388,0.68099240829884,118.39095061723401,3051.272196747693,0
75.34152417488025,0.45483865018479164,108.1161532925993,3116.7458723043637,0
64.12754061137197,0.7872859039117734,121.93798713767092,2974.400604957321,0
64.14174871114815,0.3592167349168911,130.27070300644138,2847.7088886472297,0
81.79373282956503,0.289059109006816,117.8443205658105,3131.3012166350454,0
63.51205964841344,0.4865539385607737,122.68166949821973,2737.3455425495504,0
81.66312500909211,0.4834814849297419,122.73311249585164,3291.763827171294,0
79.6259129285395,0.6539937462670445,107.95670172821039,2953.7163877590015,0
57.741932712094034,0.345007435187203,140.56585820707596,3049.1056344112335,0
68.22435347664344,0.7736188473629797,115.29150169877715,3111.7116306563144,0
86.94109403047372,0.8933833925016508,126.5611620186027,3118.1376089688383,1
65.18834468860318,0.49217119460633163,127.6921527722905,2718.203140009653,0
70.35595737690612,0.7499420840368637,118.60404872884249,3164.8173161088525,0
79.62060893251896,0.28870058587494796,126.06795025059634,3060.6307656752547,0
82.83390509282596,0.7150443082363832,122.45819221816389,2872.947723088278,0
72.48461113955504,0.7094552817118925,105.82360242772594,2850.066609810817,0
69.02489805308359,0.6726874560379758,116.67727298749912,2933.189383588631,0
89.22369861698508,0.4968873822259412,113.87449097645938,2740.2516626779015,0
92.3889966379758,-0.09084978824840628,115.38254958653873,3344.4534781974053,0
84.78858050781795,0.37165457126957413,106.95996822163362,3297.230265028669,0
75.85318142565023,0.3748167964630796,131.2643371674603,3090.340040195188,0
66.91734278359074,0.3043490123879045,136.01992654613412,2955.320316731582,0
66.69555593443435,0.5244486009094133,129.78002975998407,2960.578402412521,0
80.22514105265758,0.4162073108957531,132.70529224147143,3151.6131412347936,0
79.18398220888683,0.3350775980469956,116.55365162991843,3351.5653799003903,0
89.01598592946429,0.288239970350436,113.63743165013963,2885.9206520806515,0
81.50450092536138,0.35689740290295424,112.21412953188289,2776.482791475335,0
59.96919698240182,0.7242998423699857,126.44064922957223,3309.5281547190543,0
85.51947617722918,0.36779498907450114,122.2706305314415,2642.5722824831096,0
65.01939372685587,0.3970122587133455,119.22778288401574,2798.2938383494707,0
71.16028728047648,0.40866047699535074,132.95148544195342,2950.6284214978295,0
77.50200206251695,0.5677987027618839,124.04941353815343,2687.913306438994,0
94.95667489783965,0.5912498977057066,111.61342362479415,3222.4298125613195,0
106.09918556005361,-0.10893130784863247,113.19091170864306,3171.38105410102,0
81.06723059136183,0.7043270427655216,126.81993299254145,2885.0413545569368,0
73.16803381279612,0.7872736068487508,130.41732852654596,3255.9228238355495,0
80.3450564848055,0.2899626925276661,125.5168023225597,3289.858485680765,0
83.87655425873837,0.305540351053033,138.9688874787208,2977.3658703419874,0
71.79332374442808,0.4099493224443457,136.35007165731417,2909.8663644863987,0
92.95211355912322,0.34879919610867904,124.41035834850763,3451.9204055484956,0
77.30070759191402,0.5447853747893213,111.61419340518498,3144.232364416831,0
79.97743089091394,0.11069494272822711,106.90012488268232,3051.2649305937707,0
81.65924252054461,0.27641447839265204,116.12618254985286,3272.7091893279226,0
79.21586610614456,0.8078394400349815,127.53213446416157,3060.386127000604,0
83.38940500469613,0.3143560065303964,138.26647079311937,2898.875882816162,0
68.82746813453076,0.748685655620585,124.174470344108,3016.031952097511,0
69.4169824605397,0.5710676391180274,131.68722794231238,3207.730857463947,0
63.99845767028305,0.13814645708234835,117.54692513812198,2601.5628867301575,0
79.39501230620226,0.6270658390432413,126.2276912522755,2942.393852112156,0
82.78936503512114,0.4764665395614293,128.23356829477171,3276.611479716321,0
79.57772866151886,0.4089065887500519,100.20405724147471,2897.6263197812964,0
91.74492433347538,0.5489914186344008,115.8656119762349,3309.221712086282,0
74.94403981170953,0.5949266971133584,129.4970038427787,3282.9487638719625,0
81.68741655592513,0.6415183643949239,122.74468335636566,2986.89417690221,0
64.08299123860685,0.7356505695096005,108.03484951849067,2886.2921390222,0
71.12900297525599,0.5816271825556713,95.69877624272644,2942.5282251700733,0
81.95537757565778,0.22487318224272762,116.34219254697993,3532.922898400287,0
83.49102110743144,0.40527090846976177,119.28414307106121,3374.884889386649,0
72.06033052335818,1.0886096670537242,111.16077050171654,3025.078194361348,0
74.28400748141934,0.6448982120763456,121.43084937027994,2878.369289675918,0
59.821262533191906,0.9738574601622993,125.06386747232895,3023.4082071162525,0
71.42970799193391,0.779086816439837,126.70687170726232,3048.765385323353,0
83.90383163519786,0.5483604143111497,96.44081075067677,2751.3282524781293,0
80.75205016106567,0.5602814139562234,106.8571490219188,3016.008253843052,0
80.00665721381209,0.49268399202463087,116.95377351645264,3264.480864962346,0
75.49773687180961,0.15243907683070007,125.72173131037464,2640.1286637567055,0
75.07063158628176,0.5036094504936448,124.89234013550036,3165.3167930274494,0
68.39678860526553,0.7421349105084394,124.71869947876675,3274.9595940109557,0
81.98828420202534,0.3800720010357593,116.16582058031068,2887.888530981126,0
79.20972944389389,0.582390599812362,116.7236656269004,3338.8351516382113,0
79.92018847992799,0.6703182091786395,112.7167073157826,2861.932587510331,0
69.7396515733242,0.3180639121375049,127.68194128105849,3088.2165323720806,0
53.46657080128756,0.4097394271312671,110.79511212260422,2938.645463067274,0
85.97152711753695,0.2964177019045682,128.5003639518957,2938.600728567479,0
70.21162543991596,0.33556687866211865,122.07853238137646,2876.5401860483908,0
66.37224235956879,0.24247894326938774,119.54955521544846,3139.715096172404,0
81.93478911913994,0.31991030772439466,113.43289600223534,3169.7610915462897,0
71.07987360080871,0.7838911361595678,106.44458138835874,2987.1155600845623,0
85.59936384046622,0.3169045941819415,113.52347243621955,2728.0063572655454,0
81.17005949576698,0.525291843812138,116.69993131375114,3080.634033326878,0
81.83569323200477,0.39942624926580883,96.3097568841875,3084.4028718821387,0
61.340442887994655,0.7357731874073878,118.02644844665336,2956.6569977227146,0
87.11943985386401,0.7622324593207233,129.24357368026006,3373.446257436162,1
77.61250531233856,0.6728139964277894,125.67217905433873,2687.2141470198694,0
71.30722860753797,0.5612269106205511,115.03794124258492,2556.5432579492863,0
76.43388467342251,0.4537880926318203,120.46936298415228,2853.833020060466,0
57.2376476710168,0.26162505916175005,114.43835430578001,3142.0849068182897,0
79.08652811480671,0.8887057762244395,121.48760733335696,2788.831072513232,0
64.70628491817928,0.3480653964494893,135.40107823744032,2803.805816294785,0
61.47329714156466,0.6327292694065683,129.68498802624876,3190.204267235631,0
59.77640813782109,0.7119131145246794,125.20794305692753,3092.50958455955,0
86.12688374989925,0.38894390061893414,115.07115087616282,3075.4121819256798,0
68.70736606307212,0.7076025054631925,127.49938392944838,3156.285783893106,0
90.337277099165,0.6528426406677711,103.13123048626947,2914.961409345423,0
69.64198536947703,0.845592767076353,117.4764651800911,2924.2031851883617,0
57.92642042407053,0.4061307067146578,125.8371141982395,3161.955854512285,0
63.83475560051341,0.242827196544057,127.40421214047751,2731.0226438437603,0
87.35811620006939,0.39890204891109776,126.6988449021574,2571.4560307202905,0
73.44101822063332,0.5417707085068664,122.94830689209695,2913.3431652744293,0
69.51712703509399,0.5116425454170113,118.04275020916117,3186.1746578131383,0
76.60018225852788,0.4213124207450899,125.37975969826489,3051.1119397973607,0
80.01782736167544,0.11816050820455137,110.471389594137,3171.458300824603,0
86.1739881590246,0.5940965992258214,111.5532273670675,2596.741137915367,0
89.48499229892926,0.89446889581644,120.61734676460297,3063.0993616646983,1
71.40231354210914,0.5928502476246007,121.73197642708747,3130.772900928476,0
61.73952313917962,0.6218271038107027,101.74384821435353,2729.840515477863,0
70.86534838876725,0.6144890612310203,124.55146380949519,3172.411518109309,0
77.60280506582886,0.57940933397648,127.72728377919394,2977.6962206988414,0
65.3624107378939,0.686333193373619,119.22714762533705,3614.2673403212,0
65.42849085104957,0.5790747362371331,143.74466283283994,2564.5527862206527,0
78.43787881549885,0.4374645660693448,113.17064893684814,3273.8228735349503,0
74.5134764842955,0.34080221799824917,116.3891283661313,2921.1683806947854,0
75.32796995411587,0.4502052689438649,116.0493309387279,2676.569657111991,0
67.41504665299931,0.5628258992901332,119.23812388708983,2894.6089712870016,0
72.69599285794233,0.4367834077754053,116.71275187033709,3055.4958482674933,0
65.75766855731696,0.5628677366262861,105.93189455395128,3207.4933339130084,0
83.90198411124787,0.5878300267400836,114.53451703763524,3344.392857626435,0
85.35249334723753,0.6666358862540364,119.02379304225924,3284.3786177408683,0
56.53812137761906,0.7565589937677961,132.28572082061999,2806.923595859101,0
65.7048913980759,0.5156014836957715,142.02243273372915,3226.0329384532233,0
60.03470744909921,0.23844468697046783,133.35473897850653,3078.256991424175,0
68.49976065593101,0.430979180636162,112.24620970327393,2869.0793958142026,0
74.16562030209639,0.5088125134813198,113.04190389373835,2957.617881304504,0
60.5035478030147,0.13284624876458195,118.4067142249065,2858.0314681110553,0
65.78140186874687,0.7777329040204964,137.84558888853587,3007.4184683872913,0
64.96042627918501,0.5284755825020933,118.34575947818107,2854.068423541176,0
77.07267329398944,0.576270566916057,106.72492509462569,2794.401185356512,0
75.6934433703625,0.7731052925052532,114.98822863046965,3095.8238255565543,0
67.78262446662747,0.37397143397153065,127.57056001819417,3125.7461096519273,0
76.76820872139398,0.614808386176806,126.89940276896087,2962.4805999816776,0
69.53319915412735,0.47802717537961287,117.99783333508344,3273.5302607871945,0
72.28344889673947,0.46318262659681614,126.83414673560031,2947.9138827009774,0
91.73452090298537,0.34556152243912414,97.26827797453169,2939.4450909748925,0
88.40461051790348,0.8331206427373055,121.03829235032698,3132.0977964691397,1
62.004187630724026,0.4248999919848858,128.6068542136863,2973.5148830113326,0
83.29732417879174,0.6398928493791405,111.67136724845464,3016.9595458052286,0
83.11396554491591,0.12499852250561272,111.63661463503712,2495.912305876187,0
63.51736711247382,0.7359977059379573,101.33551847236525,3003.341476947595,0
83.1877764375486,0.7104422311914117,135.89895594810693,2634.560812505748,0
90.37931918412554,0.5194868220594606,112.79846022978434,2755.809885800226,0
63.77455193755586,0.45461150677241513,122.41043277862111,2732.935492248899,0
65.82497178985736,0.5800000011227133,126.03917041483375,2791.483369293235,0
85.17661466843502,0.9577581321760579,135.12067949141453,2890.2292280735496,1
77.71495310825648,0.14735266021930293,118.46102226014365,2902.701476890903,0
80.51476275239523,0.6564054775148256,114.60570206221581,3132.855040851425,0
78.40589216400497,0.3176765395692195,121.73067648570553,3044.4775628269394,0
78.90695920928144,0.49601632074005375,132.84080276542286,2619.785114236403,0
61.73527871688917,0.4504239761842674,118.29827468599217,3016.6589275093615,0
85.47317706621448,0.41433634844044887,110.45130918415924,3063.6510493166857,0
86.69589992427774,0.4979069741894541,104.59242191684638,2934.2866967494083,0
72.70609255931973,0.2731657709444419,107.78702615394775,2987.8228046186596,0
74.56523050186138,0.7058360872255934,128.64391497406666,3038.0620250794113,0
59.68892497444278,0.14117129776027992,116.79375523693189,3152.9199195271162,0
80.14254756017834,0.6079529025656685,113.9247909007929,2685.024002507453,0
80.72057441714144,0.43469282949308574,112.84032776816058,2951.13659227207,0
74.37808983000689,0.26581502123850925,120.85045860200182,3301.667219611546,0
86.24353359870503,0.5404766741197391,117.60544906234416,3283.3322616595915,0
71.6592276902006,0.18860978265870437,117.26867856280748,3170.187385555156,0
80.646059258936,0.5079427643439269,133.49323927810738,3107.3649367911353,0
64.80335661307885,0.21542461843768912,135.38016281861633,3330.9269496804177,0
74.76447849125762,0.5922544168635663,103.89978327091004,3383.5696003213334,0
73.25645742097164,0.31512853327392487,123.27592731142957,2974.1840023906293,0
77.25307922040942,0.4098011965941381,112.23137901378608,2806.113511342336,0
71.30473071166641,0.5587898775886324,117.51748886138907,2945.9415364751007,0
73.68527404328333,0.3454915776315528,123.09278385126694,3619.3391027544108,0
83.26047171441506,0.4884072000663395,117.8728008306908,2686.1287314549613,0
70.63235762761782,0.19723389975102923,122.30459880627633,2905.8921720941166,0
58.93422899261321,0.6261751207192311,126.72970206031917,2717.4617695014736,0
92.4958390420542,0.8529827611101544,122.9457680054032,3024.952772575477,1
88.81454078690487,1.0584417735819924,113.53163695832376,2759.4617942210266,1
62.07737304894381,0.5182336293332879,113.70800393029677,2978.2497954332766,0
81.89707805245195,0.6576408281594374,105.60294703381965,2609.980967996248,0
69.97025229448657,0.14387486541850214,111.46079702479281,3123.52413301693,0
77.6348721533106,0.8005468652611176,139.62068361898528,3244.469051293595,0
77.94224129013493,0.6552457009448213,112.07996425904756,2923.211275587308,0
72.65592199683678,0.4032133110097534,108.0662118755618,2972.9739985848596,0
67.16234334413603,0.7474361600578019,123.19927861844774,2967.3185538537377,0
68.0945894768374,0.4491047846709317,118.8963524070814,3036.182135045005,0
65.83808084518758,0.4083949633970887,118.04406763150774,2992.3660826067144,0
66.68177791769556,0.5950669850854983,134.09045966412089,3153.6233904861388,0
74.32821709950645,0.2873291000339363,125.49126675558365,3246.607826690189,0
67.84240010889248,0.7043249528799896,114.70007068296525,2837.1857555015636,0
81.8205206571262,0.2888020376146313,115.7552408240822,2938.1343014451404,0
89.87246155335927,0.28998904203536274,114.97413486094315,3180.3238897849487,0
69.19946758629958,0.3180620423183331,128.74739621580258,2715.6661903881936,0
77.39404500535377,0.6519000075032244,116.91852370546863,2605.855743630886,0
79.99685110302934,0.37664492769605845,102.0684649754585,3045.2631905796957,0
79.72002270919275,0.23040084312656622,119.51680321265655,3099.2692822140984,0
75.75955267916088,0.3788640000128404,104.62973998872071,2855.5399624092815,0
82.42682418359722,0.49359152586390265,141.84230601754902,2884.269789175909,0
79.82248952680658,0.2638055032671229,110.34332086152769,2847.96153565182,0
62.62337577672702,0.26966377819313125,118.38135234642269,2826.614952131113,0
83.69156064389273,0.9222592668199169,122.58202734701138,3138.69916412092,0
83.87290837266742,0.3278869192372226,117.1134183932077,2763.900302600472,0
67.36713895821418,0.4353915262453986,117.09969598533807,2946.8954277133303,0
75.37937835447602,0.4265525998401428,124.21827286160877,2818.9327664970297,0
81.83328992811069,0.4157286384459116,135.2621595879628,2708.942204819757,0
72.90686180420639,0.6242693479938205,127.67509081817298,3174.035634949354,0
85.72978047766011,0.6896285900944099,134.78513878573543,2896.0349555652924,0
98.6387249461936,0.4388091136936816,109.53380891906498,3037.6880160841515,0
67.14013967365018,0.2527043426815302,123.17362633255361,2698.384824039798,0
61.18955396846225,0.7548880455697806,121.5524605205828,2851.6121092487047,0
78.03818595604876,0.4809317817606635,123.51091291676735,3151.2175761390013,0
82.21562505126144,0.8460643629714337,133.76231970635573,3517.454291169062,0
72.69133626155231,0.050882820486967406,117.79210850207946,2604.7567871219376,0
89.53260663321035,0.539080644256664,115.94496633445912,2959.7784409421147,0
61.613942002767516,0.8837212667752417,125.33980797418664,3082.4561196287,0
81.9291862303161,0.42934717291236835,102.21797272434152,2876.7799693521433,0
68.94139179241107,0.45490131533307276,117.63147950877821,3169.9043973988246,0
92.19377906207296,0.5591023383180678,118.65802310714547,2826.6534658679375,0
94.92515353168119,0.38824083622300853,110.79641383693075,3030.769532043328,0
67.33343412216652,0.4375856135894534,130.57059011356577,2895.585619100328,0
69.5044286409142,0.43243698116171936,109.37759682656716,3243.8862165909545,0
83.59587886979801,0.37451585311472535,118.64126951636204,2864.7270993928787,0
71.12869350210485,0.7457713100401119,122.93157225322969,2929.625240742697,0
74.54588782067762,0.5922156064592871,133.53451561476118,3189.137807499431,0
75.2538842054241,0.5501256464206604,119.89443565119147,2794.3922681814274,0
55.80326843802344,0.6617142013780234,129.3615359412821,3013.7500113527144,0
74.86162253905762,0.44712883335930664,127.00595397277128,2635.4931312626795,0
68.10272225935826,0.3451592363294199,121.23457556169143,2782.413308274185,0
70.06877177600228,0.3794751390770885,109.10486591726544,3076.426255178161,0
89.43632003468814,0.5003566082209218,105.65419139095651,2801.8604980927535,0
62.434931057207436,0.2881576583254196,121.06505401419186,2891.085413635242,0
83.13205186747977,0.3999477966826649,114.57303126097386,3098.6172804095877,0
72.21037069668192,0.39677667162571306,129.19261091681292,2884.1627717706137,0
72.20239831504166,0.9249112459658028,127.45856518098577,3164.5684146432714,0
82.90371896051711,-0.05476298798678336,118.1538900556295,3043.132557497213,0
78.4005129456889,0.46407605571887334,108.4228707605873,3087.1366223849004,0
80.70612997219531,0.8451387585629542,125.10735549607273,3248.1931197477065,0
84.68184660532862,0.5243688928264908,109.82050553864849,3063.9646125228132,0
71.68691616816677,0.6506834946842186,112.41536077069135,3307.7694580938687,0
68.8776326549225,0.5199652630199536,110.20584261784846,3182.252456607565,0
64.14849473442202,0.3665333237567039,118.61498978060047,2895.309514033109,0
66.74589470021044,0.05161681309821736,131.7019233407056,3258.6296150042544,0
104.49094425308725,0.5410911374072606,119.94959129776471,3052.773204180589,0
87.44679580736786,0.34487867907952174,115.56781307572304,2921.0640582678993,0
61.489256337919784,0.3399329187669392,104.74385069954755,3055.6771390641766,0
61.7754204325643,0.4002025488041776,125.52124584729843,3222.4653648780527,0
79.81866061718492,0.8489722813246987,112.19595394071372,3091.009018848444,0
80.47264797377967,0.9809675084507946,121.17517619158096,3364.4785665102795,0
80.48883835317365,0.5434415875056802,116.4578138408336,3217.3061115797645,0
72.45044206446302,0.4070465552176544,128.3817721959944,3104.6320066804324,0
73.745457399971,0.2645547165097579,118.42763607971447,2794.7863834517684,0
78.27879524159357,0.5937080323092139,119.41073645476948,2964.053497197976,0
75.85893006293331,0.8565811200130289,124.8574714745546,3014.33282795017,0
52.80699627252465,0.45053192259496866,141.06940182263185,3139.326300243549,0
72.70200369424806,0.02420079184935514,128.88446930358555,3127.4666082544386,0
66.48593565739687,0.6340099343631047,119.1139389365139,3033.908082043657,0
76.75211418908512,0.6970799422900099,120.03197990615288,3024.0699830754343,0
104.85259002603411,0.18283087192283048,114.75140539675566,3144.091379015214,0
78.67481665474304,0.5352968367325905,110.50004296480304,2828.282754874003,0
71.86470313827603,0.5902452032272197,114.47249212933679,3339.103163849971,0
84.21801501977252,0.4853785395982123,112.27851036288058,2590.5666229673056,0
79.82687887209212,0.34184581618292925,126.53368383795885,3291.0818964344057,0
79.20094490451841,0.7031874447127112,109.28805142131014,2990.962894314968,0
81.06850593215671,0.41932405080626345,133.33210561380045,3200.515962854319,0
95.56543564829542,0.20296276746001357,127.5204638361883,3072.7680868585226,0
63.69111564674084,0.09010510286606377,120.20501729367669,3069.2068821821604,0
79.73632076811454,0.7521699039998619,120.00318611465069,3110.8508952053044,0
65.73618870018461,0.6233327952942237,114.42718690385446,3161.8108578175556,0
80.55512646342248,0.5175947094258337,122.70084411347764,2934.233834682552,0
65.81313488513905,0.41194507262983926,130.88092463208588,3206.9598261052474,0
70.82633186394915,0.3942003171593746,112.96843537744186,2783.105875284243,0
72.04910085762094,0.2848526703116777,104.66607911081269,2998.933885334775,0
84.7581671934471,0.413708871088023,127.03218254856743,3167.1939848544553,0
84.18454443942414,0.07598255697596512,123.243659742438,3199.003515923178,0
62.542826235536154,0.3527872693062971,108.7980119855882,3092.1577696522804,0
75.5493411099985,0.43781249672978123,112.66608629085881,2921.321512408853,0
67.90420145250827,0.6219760094380837,111.40895725949859,3179.341555673741,0
62.414950893246655,0.49201470732532726,112.75467730965751,2866.1267521762493,0
72.8298294957563,0.6589846227751118,116.76317245958812,3350.2818147497824,0
71.9151721154418,0.7698270210226859,117.33452695719252,2983.0658205000673,0
99.26716486345522,0.7116340187648204,113.4920634493154,2692.074861158808,1
79.32959825360696,0.5941019694757114,112.41836180500071,2761.0633063966898,0
61.22382499245763,0.5023725358361568,117.71215656080618,3008.7287273759175,0
69.35225995829057,0.30384239831728815,121.67691534859561,3027.9650542652107,0
85.21383295429399,0.6479888102758633,116.83703463635155,3393.9313369902193,0
95.88442772869925,0.8359494764443058,131.58667023341303,2792.300132477155,1
59.140166877620416,0.5684212079300837,125.08087714420786,3007.892439860786,0
56.20075614860955,0.8834518296852246,104.09154143141305,2788.1157185835887,0
93.70965175371782,0.1948856583877832,125.23727765413854,2901.4690293573194,0
78.89614177370903,0.26916732304409174,126.05543982585583,3336.7944060138675,0
66.31707268123634,0.6710403015496526,115.65265031875809,2772.732755368802,0
80.34629086122435,0.5528580420306503,105.04802412696844,3117.4084848135667,0
48.64252260983122,0.7627564353143615,120.08066759411136,3078.5814718028782,0
75.0337550659716,0.49690567185465206,119.92291348517756,2995.165714728358,0
78.27821172843085,0.3264049154943336,108.78353763466805,3103.8873246383473,0
84.2427013953783,0.4572813515589915,105.48780783740065,2767.9959236113423,0
64.86104047707462,0.19346320581525317,119.1244645354656,3331.2645015607113,0
75.8568716140336,0.27428186538059307,117.66922807949177,3384.969099024704,0
65.74575373940412,0.694488799583602,115.82734634677607,3009.420939551863,0
77.55383755674318,0.674557482893922,119.16589265253438,3484.6212261227106,0
66.04653677636976,0.5726008569612153,108.97223626179681,2920.194413690016,0
70.91899160839779,0.1557844958079061,115.65179387133885,3080.086398771256,0
65.04184605209771,0.42831928489742227,125.33325030614347,3286.3778127549026,0
81.51136241823657,0.2550000222679899,116.5002991964871,2908.199107955418,0
83.58451116656666,0.7353066507575531,103.28027528207448,2723.6901882241123,0
72.65379430042586,0.3832555732874797,115.27307722276429,2677.656586876229,0
75.38237994960028,0.2828504578436901,109.2984153649314,3412.1653127805316,0
60.51408585366456,0.5059592330242849,122.6713629646173,2894.1950698722444,0
72.00323351993212,0.37196910863307764,123.18837403380425,2962.8526473163,0
74.49795382958256,0.7967487820407414,103.4122537491397,2777.447184335789,0
101.20793091029975,0.3530378204931618,127.5901297058219,3189.6678558658377,0
63.88032974225837,0.22015434815507373,108.87813698721442,2843.688028155083,0
89.64177238752437,0.06941729684849685,135.59182290482352,2901.747394467736,0
84.96858773465809,0.49384269951731696,119.51223735499383,3059.904083883232,0
77.80636404490136,0.38761397722841473,107.53606501460838,2787.1908145508855,0
92.58620484195134,0.2142190786976546,108.58013929307319,2964.283546097155,0
78.72105472606863,0.737845292251157,123.48095291787345,3280.441917900654,0
78.89159195667929,0.6334490294858484,116.08700110101623,3085.650879503373,0
74.46879346982455,0.49435642421255405,119.0334609038186,3026.1084584856717,0
87.23568882418627,0.7728652488341734,136.1278023269704,3042.972941892773,1
85.96469233810883,0.6325072066797226,113.00755935770925,2922.172980804687,0
68.74322712503788,0.33542881969631355,120.59962857695706,3399.2304639509853,0
61.80752805401232,0.2921559672018468,134.19844487373052,2837.5685738931866,0
72.97019362604343,0.6635963088907723,122.705134754664,3042.185232392786,0
66.99961435602353,0.5792733912934702,103.93397264641995,3023.005113268561,0
74.36475425384644,0.5339495535941323,125.05389011732137,3201.752501426627,0
87.37438134684139,0.3307004394262185,108.36997142216556,3220.6347877587277,0
70.4269834491321,0.6215895134011508,134.06807528732966,2993.596239102586,0
74.57176618688425,0.34890022337321014,111.77132395002022,3058.13329862261,0
75.58022734808395,0.4796026690812644,149.69509507745664,3065.7069507827896,0
83.48430882205284,0.7893888292773961,134.67375988327677,2545.5716688858784,0
52.53110666015395,0.3678331528379708,112.03387430372021,2682.202079504445,0
68.93299705234703,0.1854021485854278,120.20013805001611,2878.987261855606,0
77.11283692279473,0.2894905616259779,127.53644281633464,2887.6802647246263,0
87.00078956426862,0.6988597653375247,127.83660474226707,2760.1435156071734,0
70.08097552493795,0.5509462274760419,124.42336259976197,3149.916514274726,0
56.23447293958126,0.47422452426224926,132.5215903696611,3000.4236842034943,0
81.19711445966136,0.3981812389376861,118.7703105336563,2957.0610905226326,0
68.6463761117437,0.597071981510638,116.33282331423968,2748.7689450985226,0
63.103333409096386,0.3301790298019553,116.53136012075389,2991.0910271510425,0
68.75654610286776,0.5611331137285192,128.58373231972126,2474.6630488002775,0
73.15474642344151,0.35374908623740864,123.65181040302646,2967.4087378388317,0
68.95255335461788,0.32046812294498916,122.91283665690257,3012.636733761551,0
52.944339429009304,0.37250251303499765,127.95234249257182,3048.3829968643,0
83.97066196887133,0.42491851070320763,99.48947592146145,2687.179647304144,0
87.74875041278722,0.4902340328132594,123.1006882387515,3044.963347338295,0
81.51521991339506,0.5470911590222228,122.18568888873716,2791.7137460270915,0
63.62314329575183,-0.23767305828568885,136.68808081300705,2837.5060335415333,0
72.98508466052482,0.338469888450647,104.71412017736333,3143.586277164533,0
74.93478684770542,0.4216860045287921,135.57186632376758,3402.822744671949,0
80.9879438956191,0.801012407721666,120.75409128924666,3010.271751760536,0
81.68340488718081,0.28399947832357353,124.88989530660045,2836.5809082719534,0
67.65826201221505,0.5325593236199825,136.75918787609376,3037.7340895019997,0
75.8199555641356,0.7990060619471675,125.60761268005572,3187.8058314998293,0
79.57280404615241,0.23740629401054542,124.00368289462561,3124.199513174547,0
89.55822322146767,0.5787950451728805,122.42291185802318,3548.622574492749,0
82.04506539824723,0.33954563321309594,115.16521865005623,2856.9324861810665,0
82.89056687375519,0.3990732515421531,119.71510875489606,3050.4462959838597,0
75.8382662792936,0.3393778332093371,112.84487233877252,3309.783590683641,0
89.10459145203504,0.35362853831682284,119.55433100574518,3297.2318474037065,0
79.09762795959497,1.0443824295812987,96.64069302944904,2609.9844146951236,0
66.3891208982643,0.6688911744143331,124.29039567567548,2999.328475992004,0
89.0336997012519,0.7203475723572418,118.78262746216375,3296.90415316974,1
81.97903272539028,0.5983986973672992,116.63796263333236,3578.1285980798275,0
70.56955978871518,0.17874864231960835,122.19758083940143,3140.7591767501635,0
70.20507032600757,0.5789915940646615,105.6643607703456,2926.427341260703,0
77.96575545140762,0.7145859229014693,139.29269996621284,2798.159369512522,0
79.63184795267584,0.3293201051921777,118.97232538512401,3443.74867150617,0
76.97292265631206,0.6930653334322253,118.5415556702781,3145.748317293152,0
78.11308673442885,0.6408672419708158,110.34603789867077,2830.3866146229166,0
91.9995737457638,0.870408008962734,120.23946382449262,2959.368726733244,1
85.71543152234887,0.4164433974972762,133.8695989027328,3062.0373033657406,0
76.90635591265024,0.28047780354485463,130.35916209432034,3108.7613307776237,0
84.41310580767484,0.42767437812549086,128.54437751140557,2820.076268490842,0
64.67476096472461,0.7871141986327247,125.46398951667271,2877.1619163749015,0
78.97927049946809,0.13431882383160737,116.4145747243739,2669.413087525408,0
93.0930634973311,0.08632485691379355,105.49836832963298,3207.9524579209565,0
72.81954104607627,0.5178790557863227,117.98961228133365,2931.6763066459366,0
66.52366071380915,0.41148214144516876,117.64128535466322,3093.2643298366584,0
68.4791111140694,0.5015455786351369,130.4879443967124,3284.4517017152652,0
64.10366962657612,0.689062354247173,123.09390442459821,3043.974028474789,0
67.15238091872297,0.3894861307762295,136.1231152790355,2977.4059048101863,0
71.2949190140997,0.12539883381387584,131.97488540038174,3038.7842953767868,0
60.94432980821358,0.9088963114399888,115.43504390495904,3012.6387207700454,0
75.15618333949602,0.3005543425122448,102.04870803380132,3249.232999575589,0
84.02277173786648,0.2881925755975805,133.8557523394148,3062.167679507758,0
65.9224381985308,0.7207440027445193,133.59385223230743,2891.1197960842173,0
90.19283923641768,0.4231021757916964,106.33788409097774,3209.56981137795,0
80.10792088527595,0.48732202959303783,135.09240019827502,3246.0968712716704,0
85.30580585624057,0.5965580248120637,123.82117170592518,2732.3338746359073,0
68.42165446147862,0.7167166206219991,121.60685498125653,3306.556776953621,0
83.54525227066615,0.43330786136364563,136.14783254247328,3072.942354641697,0
64.08066099604687,0.8039904011828598,133.44685173230616,3056.6539900293196,0
83.90247500836509,0.07284003025303887,126.51330951995203,3201.324926319303,0
76.71839339793532,0.6519574473906155,124.73217065811983,2886.604721799144,0
80.53251219984784,0.3320944883964685,126.16394290530359,3190.832902838185,0
63.24405394375148,0.7744542633215983,115.99942566117474,2924.6449060524287,0
66.04930157723395,0.528408895766109,119.44898550267679,2705.009864057932,0
80.97228218253385,0.36541893359811967,110.97682845405457,2800.448744178613,0
65.51651995775799,0.6325682186043265,116.66960224261081,3113.4043665806453,0
79.63206292099123,0.6786376694414503,116.33366121331068,2810.906332001068,0
61.32862193539754,0.6283788245717277,113.64694630378335,3322.01522463793,0
83.48174212666669,0.2940607520733879,121.36746502648464,3237.8566906879287,0
62.67476685231491,0.40319657527558306,116.76019149299422,3266.687833206593,0
80.52299937679523,0.499185432575713,125.02234720351974,3024.955715935482,0
81.25630933646,0.49174806946998795,103.77679386706234,3051.572323458992,0
68.03228181570425,0.6499490950876695,118.86645205892701,2761.2576291511446,0
80.82026567084726,0.09701975349867831,121.31551640177496,3199.156702031498,0
77.60442263333556,0.5668654109107006,116.89370760163119,3075.966691007417,0
69.61158143807262,0.442003729112672,118.27607300190769,3113.461125058452,0
64.91445315923792,0.33229987672320954,104.14753989270143,3337.6623622905763,0
55.373743083274206,0.35150264444608004,123.56477104669491,2878.807403210498,0
78.49650047299694,0.4570924670964073,126.4760598256707,2974.7716900245364,0
59.35197228637945,-0.22021702089190365,124.93537294203767,3065.3341843084336,0
75.95344199441308,0.35974208584169,130.38727059442184,2812.9129189082587,0
72.36551783917751,0.32483703507074135,122.01529605782503,2962.480235744632,0
81.79142775438196,0.6065566418645248,124.78681180650938,3098.5899620933938,0
71.97954500510136,0.3388946634978959,121.56090738456852,2934.9157457254337,0
71.70552213652908,0.456977239965902,126.87550719592494,3261.7978819458226,0
82.31870704288295,0.8084553255322604,104.22770363867878,2697.815087636601,0
78.35058029084118,0.6988703039630847,111.0641903202199,3224.5542480466684,0
78.16155957182778,0.6804542799886906,135.86899657033092,3132.237094963201,0
79.69267589808527,0.40002551391782964,95.39564177903794,2886.234282488682,0
59.64427876792894,0.6086064558579305,118.59822070174656,2815.1182863540002,0
82.56788679986983,0.4532204399092812,131.7227495960807,2583.94347655151,0
81.12468794013603,0.46078135786461244,119.06739334458236,2840.9649975172333,0
64.83316871423503,0.58193706874931,115.94988928549303,3209.4353310005995,0
72.55919526325799,0.3806012823158135,121.294216768153,2988.782854744265,0
74.6069271237237,0.7986006208886407,116.46879819997554,3232.5961760783684,0
73.65503215598267,0.4679739720804126,120.3084949275694,2876.0257858750897,0
78.33859966568535,0.623672113251933,113.1661896347987,3141.421232021313,0
89.31366781831184,0.7911200958514597,131.08674419955724,2856.5002795831156,1
85.81766727672829,0.706330754915035,134.2326492106566,2806.8849987580325,1
61.87780806568594,0.2182161794618951,118.66609677888377,2978.574556565865,0
81.22069990306049,0.5889791790019768,106.13510579308758,2867.0066977360007,0
88.28933319535409,0.6701438788921295,114.76156829686605,2691.4355701925574,0
78.86808520689203,0.6783726044321498,118.16011339897035,2963.5370598566014,0
85.90980425185967,0.27734103317707376,125.05538876903208,3021.2870832862577,0
95.12270445700764,0.36859295259653524,109.91986776829322,3253.6717222992133,0
85.23709546106981,0.6989116471483243,112.30837681357849,3187.3611354266122,0
77.49308595641729,0.3476479258634708,125.10676137858808,3243.9886398465665,0
85.45088474084753,0.44006078866713716,129.3890883203956,3144.071499678702,0
76.44887833096891,0.815175161900394,113.78405954829316,3066.522551789995,0
75.23903043284956,0.490440149923042,106.66782946049004,2754.2110187056214,0
71.48585764286267,0.35464517243323135,152.84118201287885,3029.974439587055,0
90.63413358832108,0.32447652862741894,127.83304237088714,3119.3587554661626,0
66.81571334057999,0.5665438659170376,117.32996238232968,3291.4875898740875,0
90.32367724678116,0.2333703983045582,128.6903127553084,3137.257708346363,0
79.99864123740372,0.45053280722071637,118.75543370285578,3248.0766869210843,0
61.006938251980586,0.5666461069980043,128.67156889100187,2793.6004217269524,0
78.67649292991422,0.7598299641095335,121.59393197776222,2934.716474770381,0
53.99973492348376,0.6335096160739991,120.91271898167574,3085.870142732254,0
81.25508016831036,0.3571869764035642,118.86418131769211,3232.190538148512,0
83.8523148298899,0.7356838635127441,105.5261866653691,2970.954270832216,0
69.07644044347947,0.4400969924905045,139.38094899393138,2983.510808170169,0
76.23547695955583,0.25285939559011816,110.58466079732257,3137.428061200596,0
94.54157433750287,0.4655917281469055,106.39976423689406,2774.825834570975,0
69.94253295738064,0.7876338402291404,117.87140117243632,3321.480909964686,0
64.410924129434,0.5330480100129851,110.38528186489494,2824.1727813784632,0
89.81663402462598,0.5025043728659573,119.4828720943973,2616.2821152881393,0
94.62587190530795,0.8274423289405707,126.87763848561768,3002.013401704516,1
75.03695671847848,0.21372903058911458,129.95302900529222,3339.691740475113,0
85.11463035408356,0.24288017718944555,128.1473072162168,3117.290626066722,0
88.41475915530881,0.17683070580663357,116.9436794521432,3150.2181086007267,0
67.57515767461616,0.574529637296011,120.49591827661585,3008.2771524614227,0
70.14694164632132,0.5332986254230249,124.0787905089749,2969.5245005457646,0
87.30874513154735,0.8085472734559552,102.42212576057928,2691.018126081377,1
91.85014278708509,0.548695015427354,125.70584700119859,2548.1227484191627,0
80.62880860174354,0.41916856810413944,105.42700712416169,3039.2544676881726,0
66.20185646497946,0.5003589745756214,140.4034659890649,3262.5098388680453,0
94.87061111699441,0.5235414836921917,115.95484915358304,3068.826740965613,0
69.69029102188036,0.16564774533436655,118.15124822805409,3124.7199054104026,0
71.64862218828549,1.0420663288669787,112.30292900762144,3316.743509127908,0
78.42337834489622,0.6039742036203823,113.7002996814431,3065.7533702882115,0
90.54160420714774,0.5420016616045178,142.7409356914324,2975.468979938476,0
83.53975976552223,0.6230327968557161,129.40369688623298,2836.295038869987,0
79.1486550036191,0.641882196117321,104.50797554852161,3404.442512594417,0
79.63288530118106,0.47188930289951364,135.0421290068523,3105.309555830736,0
75.43514668643466,0.3737517727518599,131.93242275141432,2811.279656816134,0
80.58139514518507,0.6198901372643408,117.18787537711711,2765.7664664397525,0
49.70439922305697,0.5771421681062905,123.06696942029838,3250.6127453857825,0
72.03392540930201,0.3380219801821184,119.85055920578925,2792.511660718335,0
77.4132193491678,0.7838071222734528,139.7257990444693,3370.7668315004444,0
63.48985916380493,0.5586704072645967,112.0370981100791,2448.7074405818576,0
78.86323317811559,0.6459638724535262,121.46010609775728,3284.5190395579953,0
72.95528779013878,0.7783841775359839,115.71854669007195,3097.378962232393,0
92.5547569831549,0.504377764232967,105.66959595382146,3023.718884611375,0
90.73019725214857,0.5633904013968231,141.91638255054988,2964.9083129916476,0
70.34194430881837,0.6620054477012233,108.18433420897588,3378.145969718806,0
73.49162288433304,0.3550277832399895,122.20129187487775,3141.4117716802407,0
74.26052434391607,0.5108103325692002,102.59299393619665,2819.35927822091,0
70.48340523840378,0.5251097173302297,116.00929460756906,2656.218008794224,0
76.95024984028127,0.30878828966332106,124.21968821433458,3035.4594426294616,0
67.4171793111241,0.9635273577347757,111.75266020497637,2999.785773292517,0
63.693846650624735,0.2185413113015195,125.86801850735655,2696.0263925248983,0
81.22711223900268,0.24037921926256844,117.30958908111917,2988.9212949035327,0
81.29529584221811,0.7628453151407159,131.60082512398614,2885.21307338516,0
66.95684240340007,0.6426532501593085,133.61760913340223,3001.858013661339,0
83.95355430762599,0.29480703650384443,114.13255239269988,3145.1847223296804,0
68.68422270834668,0.6214578030203386,120.76732859392956,3298.5219894928073,0
77.53165238037981,0.7935700889994619,121.83454226472233,3181.7778072738574,0
83.20344012612456,0.4939473884806028,126.19349295434698,2855.711850033959,0
74.66387435296286,1.0197645800149164,120.14381996244266,3073.783025765839,0
79.54740912141135,0.1551876378263929,121.90210959342842,3012.6214242984047,0
69.83570356112428,0.6387646907718204,117.5659352520488,2733.57420907382,0
73.03533416571902,0.7333056672442007,121.15239866972018,3079.6465569384545,0
72.9414056911966,0.6782687803210493,132.97940193535132,3371.334467583543,0
67.53421653459762,0.45912885467087033,126.46083241211855,3006.4853208374006,0
73.23225836884218,0.4419117035977701,127.01255639443369,2681.16346405492,0
59.51381701136253,0.5888290342174515,127.23070324135578,3006.053734221724,0
70.08846252857896,0.6631508973304139,118.46191222118965,2757.25756020535,0
72.15124506630329,0.6204946872564727,123.1882704357953,3172.7211013772576,0
72.4382024750462,0.7080115781586779,109.14826321664256,3104.9729983450256,0
72.58502554129221,0.29622600858665293,132.68807656316957,2965.8179893050515,0
74.38235800139871,0.4544458041752731,92.1703956765678,2933.767146828836,0
79.79441518086064,0.31199681357524917,119.12851607664575,2957.5531396768906,0
83.74517074132523,0.4227774447827717,131.40895977150274,3001.654898868464,0
68.50234773151733,0.703044178362861,106.36132066370658,2845.5529957316917,0
62.967991446108556,0.5215967841450457,123.99779917616851,2722.4493837997125,0
64.57955587756896,1.0213718326299541,113.19233553420973,3227.7397893389298,0
70.12797078805073,0.5386812734379434,116.31196734811131,2922.9198047006084,0
71.48078682183491,0.5119383761159473,129.4594096063944,3033.408620833829,0
67.30003933802543,0.5212365838880433,121.9805692588515,3057.056390233499,0
62.038833357501055,0.37243826142801284,99.65644132115636,3064.404095931043,0
70.43879172525811,0.4884326775244813,110.23574460268401,2765.236400580315,0
76.81426620113972,0.7255576054223292,129.7533573488876,2664.8319670896303,0
80.95029465835565,0.5227941336255545,124.48942718192998,2882.2614950616016,0
69.42576946891678,0.3413080540233057,137.48135572524285,3079.1423064833907,0
70.87002177856566,0.314983075904273,136.82647594013298,2854.4100265051375,0
65.73301691152689,0.4099596216668313,116.57754869853208,2929.0157292601534,0
74.68560829625224,0.514772686882176,145.0323780506949,3425.4594827499136,0
66.51571365809185,0.7387173070952524,120.24479669851911,2630.915223039093,0
80.731278132412,0.23190227172671263,110.37331465590975,2848.9932008179003,0
57.14133508065889,0.43603474442224877,113.66360134089423,3379.320813714786,0
71.40370327547538,0.5288620038870158,97.43274894710581,2991.0802656009555,0
78.01107339191742,0.13325884647411307,136.07019008249281,2858.802966900218,0
76.83834516322504,0.33328034340671875,135.94761989043863,3233.753783402224,0
101.93033663980496,0.3640222920527627,109.84492561186678,3011.046087296222,0
78.49800024567908,0.34080592522990033,117.72115711618095,2930.338320991199,0
64.9594540315799,0.5383779090043295,120.95607544112578,3038.4737854075024,0
74.04535752910927,0.4678880780996405,110.39646947857887,2868.378238123447,0
57.23753666533548,0.3889427794797927,102.44897968728839,2796.5017874223845,0
74.1940025070324,0.585592525310527,117.89642396223088,2977.2806144730503,0
66.66943942999241,0.84461494352925,116.78920570540753,2797.8006079847987,0
84.15390275560162,0.8278513033483504,116.11588759011225,3002.138662359296,0
69.50459725404465,0.11544564558753273,122.22716062600965,3070.8813134948678,0
73.83234084204753,0.6154144367670279,134.29519658525993,3170.612091210322,0
68.64442158595597,0.4643953419872323,116.96907280308274,3225.5849971033654,0
92.38851351853332,0.5310310685730713,121.70442998721363,2918.8526996735495,0
71.78757233882088,0.4203433932914903,127.26870523744935,3099.882921587814,0
93.32557043479201,0.5235177259774404,125.54142926512749,3098.504689241271,0
83.14151762118266,0.5302814792144037,113.85576475552158,3065.5637431631967,0
79.82066727335386,0.3842096485302154,120.96377123114036,2904.1081178099084,0
78.68733147317519,0.3207264904349638,125.47539820169054,2794.386437507178,0
78.93797298216252,0.41026086347610313,108.71648662489223,3100.400377813312,0
55.7232742065439,0.5468518528913531,132.6353901079651,2658.62748756139,0
72.21116605849244,0.6197992683368528,134.3158890521411,2946.4321134863376,0
83.45157971184321,0.6706697954680293,112.77219744555507,2489.2737968702804,0
74.51102816525895,0.40116199538661745,121.93670018348169,2732.7195153283474,0
60.94810153196425,0.5567689134605474,126.42278256671031,2824.573212310515,0
74.4759554942253,0.6925005183906597,114.54385843671247,3219.3448415258567,0
92.04105516255491,0.7331189790288256,124.81613845688095,3137.6216048808537,1
87.4689171553472,0.48823342917369555,121.63255626292165,2889.2130632315516,0
74.37995990633968,0.4558136550120775,105.320818223612,3145.87395902595,0
84.51449277058086,0.5382248467672784,124.59161315978558,3177.5245926760795,0
71.33492979631949,0.27005850542051885,108.99857583728965,2967.8670303250556,0
57.96128413173281,0.4612780977928984,129.39202851662048,2723.124371157262,0
65.75534011870445,0.648917279694626,113.28788924866112,2958.417537986777,0
90.62888768508198,0.6283894258887402,118.38714566338855,2980.421518965573,0
72.26006918170695,0.4459464791272222,133.72278913446576,2753.509121833955,0
72.56616020624982,0.5435436402174333,124.96381646528845,3073.4093585859937,0
72.00161803725119,0.3350699319418625,109.20526080425455,3055.962370860471,0
94.04136589573007,0.640698429645005,109.85083429200917,3089.0085399788372,0
91.25958915362062,0.48443571277270536,114.00697211376274,3055.784619433489,0
97.18780233448135,0.4448097096607724,123.94644083356665,3145.968607022997,0
73.40954789599948,0.42765523278132267,123.58299814932768,2964.1343944253936,0
77.95624488747094,0.48742122662002835,111.5689769533713,3040.357021474191,0
59.833574505792086,0.41042447101360835,108.32790514385641,2920.4519431508934,0
89.76934426118274,0.6316286072005126,122.81583405085834,2883.10015687561,0
63.32220448732065,0.42094329039676387,118.18139934209839,3267.649926152415,0
77.16775563762629,0.8185928192054763,141.57215887447737,2591.2462596947007,0
64.02697472367156,0.7930421006962762,120.3660365656308,3175.3519978308527,0
69.11133173261304,0.321691302029099,138.14252827700275,2875.891824910868,0
66.627375689503,0.5139408538858561,108.2961640189566,2849.992364471376,0
68.92124739324183,0.369868675732761,104.26787060438292,3052.3154968130816,0
69.60877296851021,0.4346704873622777,108.79914867474466,2702.0780775297994,0
69.51731205074923,0.9004854935289595,131.89129781453465,2836.7953856107592,0
83.33333911780306,0.43848571657684016,137.56101589693534,2830.1720706974015,0
63.9513720693748,0.5720452074154857,112.17820546047366,2955.720348362981,0
77.20541427013868,0.6082642588016557,115.39433970240442,2839.1724623678624,0
87.17959152305559,0.29987412550335185,108.310190897875,3320.223737127854,0
69.86803635486604,0.32898090511815903,101.88360152881613,3359.403303299591,0
67.82081109252398,0.2587955257183762,127.1841169777663,2595.601295450387,0
72.69475374819748,0.32280585322044464,122.23020302962163,3108.8645409531473,0
86.7972520836071,-0.07000602186343652,120.10487982673875,3171.732687815515,0
76.94107630953357,0.6089164801587257,105.9994346283662,3108.597040478221,0
69.68785705392402,0.910838768251214,136.39956681828662,2868.3773013816613,0
79.8387665118804,0.5295641478073054,114.96643261950527,2951.180887568292,0
63.977078501635766,0.2167462281318785,125.33626424816475,2850.345069044461,0
81.81359510442948,0.3714447234200104,105.45438594755275,2915.9471937682342,0
79.08607307701767,0.4082246309950006,118.09474810379963,2758.0069942665646,0
71.92191528861116,0.2964830445573249,122.91374456238584,2977.04223567309,0
66.61414201552769,0.6720365276790313,123.27075218053308,2699.439657738986,0
66.13319077716542,0.6620520088750668,121.54648543236625,2959.9730891543722,0
80.3481733634591,0.2689096412364681,124.94522492048773,2750.283662180047,0
87.28980502489063,0.6450162088895016,108.69479543967039,3041.363272358281,0
68.62692252971205,0.805362532715453,121.97372605439661,2864.116087811422,0
79.58386703551484,0.880511641045912,121.13757683480277,3058.1160695749077,0
54.12972981397931,1.0730424046171927,122.31672684195061,3216.3161456729563,0
69.153822693428,0.31960147011136053,120.72345217319182,3317.8893872209414,0
74.68941067129099,1.0648440852790406,107.26787226086603,2494.399082195902,0
65.90316583018166,0.42915872229824237,106.82200247891026,2833.1611812252436,0
65.63493625210404,0.38150690892389716,97.85731814115448,2939.3827845775972,0
68.32220443531114,0.5654144749755691,128.17534509845296,3092.0655636762967,0
77.92192728326373,0.3835877331813975,128.27657509735198,2669.929099169094,0
73.12670981593625,0.5798088281293052,128.4355029122212,2803.581518639957,0
52.61768766675028,0.23598456245253968,123.06789962461451,3026.071440531422,0
53.792998473649334,0.45224947958731315,98.66880782281889,3016.9776483053333,0
68.93134822142825,0.7571164468723359,109.73289508214734,3075.5236812840185,0
79.57686586053552,0.4885877417137688,121.70415417593112,3088.735145377623,0
47.52495157274765,0.5283191573479765,121.35518002791795,3067.7188866231727,0
70.00269823848369,0.5950517209434623,117.77251786847978,3038.7310633262987,0
69.7375214348258,0.734132325863532,123.68917202908247,3011.1479546652736,0
88.88337778208448,0.16895505756211338,120.11651707685246,3132.9526179448726,0
71.14978188287137,0.616904810367487,121.20770465551362,2552.135466687155,0
78.82988984740929,0.4463721721516474,113.60934667167984,3308.866697394247,0
76.41257140087463,0.5333275790623677,129.8201098612159,2559.103589823935,0
53.694335201928,0.7119900339524753,115.69228391319616,2784.1676366191014,0
82.68207216631737,0.26116266971763114,106.69350916979374,2954.647840669971,0
77.15396505456287,0.2974711117113821,112.29000987181271,3134.5225782179687,0
80.0826863967459,0.11291400805723872,116.5153380863802,2400.9466218400767,0
114.26237706436326,0.3901682116472447,129.94002788368846,2994.3751352116333,0
54.158870605014116,0.7660864688757634,119.57732001565206,3158.479007883147,0
92.24696649761108,0.4758825623053061,118.13851781034352,3198.9036232056956,0
72.12552480599645,0.23197502086904281,107.51336575237373,2860.5340683005084,0
77.87328904403009,0.4028642510849906,127.85482589829576,2939.8329426089936,0
74.54487754698758,0.2024276593018754,113.48047845976615,2876.7703742214744,0
70.75763666601956,0.27496277965376764,118.99972141058664,2921.465069294783,0
69.30167071761241,0.5777637820527427,134.80183076881866,2793.634689854313,0
78.29508735573009,0.2652253347387942,125.08763331049305,2822.1495675058163,0
59.82826303328321,0.7225268610406603,103.71745952284826,3086.8753844056737,0
82.50579167521765,0.4857759418339328,102.30489763647527,3026.3230746545482,0
70.83805595114745,0.5171189407889051,119.35689549880755,3098.3173015180946,0
63.69930660959642,0.44432540647842117,107.87259385125195,3042.8028779401675,0
70.49987142004187,0.6545695677087446,126.48546747632997,3140.8677202295194,0
87.57149216862572,0.6566319775554021,120.42263064964979,3175.642799630999,0
69.64664912983777,0.5670108703824343,121.65384769023863,2651.656676026779,0
78.5845361820962,0.6129578211815296,112.93256818357646,2829.1380699171277,0
67.69043724284526,0.4575820660159149,137.41383655286705,2953.7248085019924,0
82.57921849923619,0.6084406013818098,148.4259372801046,2995.464494902532,0
81.85507738790204,0.4324244449052386,117.21415276243285,2865.9818852363933,0
93.48608833296412,0.5004463244324804,123.53039248415001,3182.404734197661,0
73.24436054500785,0.44507125012674054,120.97417343064312,3395.9896736581195,0
81.68654804757907,0.4085562921361608,117.40313136558932,3037.2323911163467,0
75.98067539538944,0.36217764045564194,111.67929532267203,3016.868206439642,0
87.95871781863015,0.5935380207717771,109.15032012519524,3169.891251020866,0
67.81167612391269,0.7621211825626927,108.64402734474476,2626.832048959313,0
82.45005312877281,0.7342203943339118,124.05240025549145,3005.693788087682,0
73.05302703883318,0.24868693281091292,114.80325521796365,3195.8071650935035,0
74.35811822891502,0.7578406102813746,94.21707149859469,2871.3692005597777,0
75.91752484448372,0.4363682996764142,124.44858220598323,2754.687884019607,0
77.52240396426677,0.6201466030291183,119.61738717535845,2962.8388779800443,0
73.83770956878041,0.3187569335905578,133.46673001401146,2987.862913359616,0
77.14713183170527,0.528395982774801,123.7312239709101,2818.2695436169083,0
90.78118057562185,0.5627446365793815,105.21326403689703,3419.23225521019,0
84.85449685615218,0.20307904161606943,97.70323359270019,2904.2607237984107,0
83.69154592496896,0.6216534332688379,112.80527615662062,2769.2681297146864,0
70.44460473976129,0.7691870015676631,113.74892579306348,2981.2757361858776,0
66.10759171771676,0.4650704108636744,129.43159201000168,3181.5721275408982,0
84.55300558237752,0.7720336261656027,119.91129067710426,3003.4828497996464,0
83.76046792529795,0.4620613013095185,131.33688498098508,3097.1187840088005,0
89.72670675750982,0.6699169062093234,106.75166944297365,2825.6978811333684,0
68.9601937403077,0.056286006809780076,129.65264384380447,3297.5376892807026,0
72.70451344639653,0.9837555558626927,127.2098915343092,3112.3422055836886,0
58.605158374745656,0.7990916490485914,99.81765888568803,3209.540313775522,0
71.07528893939127,0.44307489914926423,133.22617841260774,3073.032126495034,0
84.96570510579447,0.10558219467123636,120.93458491766353,3164.976807545757,0
70.33504620771802,0.5576056736610978,123.92044503868506,2825.3894880645544,0
81.40479795200824,0.21121489058524862,111.35103887571577,2901.7179166620876,0
73.09496894002189,0.5889707075114976,132.75247012921972,3269.296119111206,0
78.2405702822156,0.5823131438328564,108.1414767076113,3311.948389456793,0
63.523086101843326,0.31171936619959506,128.32092018373947,2770.586880056185,0
75.852094496339,0.7241934047228755,128.2060747590867,3049.9472135727624,0
45.08864029099277,0.6611149405612347,110.25832571827777,2913.8112399029546,0
73.13103841838016,0.6951646674577127,139.83373599422575,2860.593706127028,0
58.6952675628486,0.501771540733779,122.3152848021752,3056.96793907109,0
87.05994516546816,0.21689518661725865,126.53892610271023,3228.1925864730815,0
82.77407352764511,0.6955744544422275,104.72879204664244,3090.3324946568387,0
79.66670981966081,0.44592572017284177,141.17730003008563,2936.097510016193,0
90.2100622715938,0.2220439713614662,107.7544305977491,3102.972235987032,0
65.51083479175162,0.7704078731948651,130.2488643276593,2928.00476528382,0
92.47363197915558,0.919881504100502,110.05228282068305,3082.4228601461205,1
84.32191564260384,0.4917503742041594,113.81011197152317,3279.2931400911466,0
72.63444712781055,0.9318242309206584,127.88754043885447,2584.5680681398344,0
86.35620147182944,0.5182629457222699,130.27552713675158,3159.4504597080067,0
63.93706487588366,0.42390881916672973,107.28715750885898,2692.1890156859063,0
66.75485838472326,0.3739083091629045,130.90472169056994,3245.665542108892,0
68.914102767603,0.8274164815985485,130.44980495133194,2872.594878025428,0
69.71022291935985,0.3439712237224456,110.62046591155108,2756.465724478703,0
64.43442357239748,0.6470538619949975,135.9864759359111,3139.0538454177495,0
87.23083067095325,0.38816723298815836,105.43142371751962,3072.834012628482,0
72.41145599630168,0.40793864748512737,113.75227417222385,2800.1626194076684,0
78.5250496835688,0.7060499387939134,124.79002624091989,2749.4000485663214,0
69.2964863358632,0.4239926307421293,111.46433715297394,2962.5037025017436,0
56.79396699451483,0.41904092411594135,122.63819085679341,2759.1826099657605,0
77.70057358391422,0.7265609394349615,122.41076078803295,2787.7054054152745,0
55.87745024580223,0.8194794586443246,118.12925730077279,3023.1241580842866,0
74.31365953914532,0.6289379606568467,128.3240053859056,2806.8256731489805,0
61.3168496116719,0.36904604487521014,117.7163920734236,3085.3078580053084,0
94.87275999230808,0.3978783001404841,122.31541068813806,3298.028719176695,0
84.11362722174722,0.5159830527480075,131.46471877487903,2970.2889170198837,0
76.0575379127148,0.5641860123851316,127.90686210025841,3026.030212397117,0
87.63706677654669,0.3024268179720456,127.86017290814209,3403.619346567097,0
66.53684022534264,0.6446075879159727,108.5082039778322,2762.4797765245307,0
80.43479378670094,0.5171026659279198,125.24792575501321,3238.247039036148,0
76.99810433718713,0.1568583362723741,111.21501209030495,3214.1715195824963,0
77.6402008133367,0.3142147035078539,107.18585020221974,3170.8634678347566,0
87.72353500106767,0.39917426526966726,119.28293653715032,3258.3495701465263,0
82.32492102779803,0.485428462231789,110.95704813348411,3056.114993191724,0
77.88723662825024,0.8778557591007992,127.90617718839977,2883.4141008801466,0
58.45112563771704,0.5476342612279257,128.14535459695324,3218.9146582441135,0
65.39953704720537,0.331845622020275,100.97373763568558,3226.568442342579,0
73.77291066404275,0.5441261608614326,111.7169746042311,3221.0627802986573,0
75.93372374276652,0.42958245050922383,105.40213328082001,3008.9004164638473,0
63.69796275326076,0.5649516479067084,115.37370723407109,2856.7610972773346,0
99.11676675578421,0.6161135374071229,124.55175669868824,3038.2724508223223,0
90.16394055253573,0.7418461294447876,117.57711901821612,3188.446003513567,1
81.02118320392483,0.4951427008659948,114.10240759332865,3204.870357971993,0
75.72036861283745,0.8277921055199666,133.0017652681314,2914.064774585081,0
72.87791030098849,0.6816045325072383,96.95142827403711,3063.074579225478,0
65.48081539977764,0.35851209103756243,132.36871893518224,2738.2443391028087,0
75.77480518518863,0.9419711331496928,114.55711706844514,3196.9900206011703,0
77.57752540142751,0.5653989026540195,119.2189098988721,2843.338248654987,0
62.58239424518376,0.33297509920555296,114.72636662279892,3157.0510719143094,0
78.34176417244898,0.8305826102460844,135.42888105539117,2770.1390845219676,0
73.44740951175251,0.915555517039689,107.6902150319474,3206.2831812868017,0
55.921924421226095,0.4933949472560879,120.11736369721936,3064.367038004554,0
66.39614989220499,0.39926994792488074,125.27438651859997,2843.728460876611,0
70.86394466578356,0.4655250085092676,103.88997232114832,3138.271276216105,0
93.8768765734019,0.64294634550354,110.80101829553847,2881.927661638934,0
80.56553124533758,0.7555713310061027,118.51821466501771,3149.9110074890255,0
61.64518430900109,0.6140974661727148,111.13334965315624,2945.177704923856,0
79.86036289417638,0.520344641694354,111.8440822878085,2655.7905748740673,0
59.52696011061634,0.7996023540608855,116.50137336923562,2803.5167519038127,0
85.82691053887073,0.4374327053896956,126.49581331646174,2913.917058262543,0
70.28875348182122,0.7061838676733814,116.57282223121855,3273.6378047497155,0
74.06363811260829,0.44238744032974425,130.78426194472945,3180.228726105845,0
88.2579664754219,0.5862045916021786,110.02242217340645,3324.7722824644284,0
62.1283643141575,0.4772874870419097,107.48077739526548,3330.7270432059718,0
61.02881814887009,0.48882956346943784,139.26345405721133,2893.049839081817,0
69.16400673653995,0.42452269650755803,113.42041872334488,2962.302628048234,0
85.38378851019317,0.7689708062361389,106.8908799292784,2917.7440151338924,1
59.806539245231576,0.353414792378293,102.5794605822817,2865.6978789397845,0
46.67844401889431,0.3519535494902583,130.75103453808939,2631.7010581327086,0
70.48841141591001,0.9241987131690219,116.5869548533994,2997.0504563966315,0
80.51740799910921,0.6955695129308663,117.46290264933602,2742.886881257778,0
87.00261749738829,0.022977260261392685,118.4079828841336,2993.1656236931344,0
70.36838637914602,0.3869482521579193,130.1294288466978,3423.154161912597,0
70.88573392883998,0.13760213248758912,118.2047016602408,2898.1309807338585,0
86.53900734255747,0.30986186131694893,143.44053778832625,3038.9548011256134,0
56.3025830030458,-0.12770293324680804,121.33760574054229,3181.3296771618566,0
71.1147922481699,0.47260208446121155,130.6178476695832,3056.0582583931814,0
76.90423889925057,0.27161163616773765,128.05239857904408,3058.496837588459,0
79.49218721285034,0.5119810513592877,119.63552679741963,2927.519513262384,0
69.90193306809117,0.17497574822349504,114.13029013979536,2953.6244049877537,0
75.34441011705842,0.516582370634408,123.31963928566553,2807.997895562434,0
50.1167264658701,0.41701674437593456,125.10098731207273,3169.2090017778814,0
68.41751587666151,0.8003905930377191,114.27413951873473,2651.701668677181,0
79.53508712554468,0.782271372349125,121.66338865950655,3194.21766767644,0
65.1770596574532,0.6570691206020566,132.36204978259596,2719.2603230509517,0
75.58984221589597,0.43467724386775747,140.69947739069679,3192.5214548153303,0
79.46872500802698,0.8970760790520587,128.54369320349423,2929.236494757564,0
71.57450799142235,0.18939294443203586,138.6275968638028,2753.6262623733837,0
76.70463770996571,0.21928827408726748,113.70625788793544,3115.8597290159273,0
65.37267434715388,0.4832433800221871,127.01882252059293,3185.753507015155,0
72.93388720303953,0.9508076217842238,133.3851950858127,2912.3842703792925,0
81.10216169589222,0.4595322186259825,111.03666667028004,3144.1221097357866,0
76.56972960968434,0.46335095135814364,115.14409887954992,2542.98310106613,0
69.13468730436064,0.21161792877763813,137.3790476183525,2735.88074205068,0
77.24216404290793,0.6891859170540757,110.24901144213061,3258.4817860937455,0
82.14609790636618,0.6906352508658707,106.58869967344289,2955.2661451604167,0
54.50058721422522,0.657815040279982,135.2798157363951,2627.5573347102304,0
86.59074064955898,0.3741558654305275,131.96763224980438,2860.226763911601,0
71.63745261318928,0.35865864632539884,124.32120243983769,2815.3199054949837,0
79.2548993324023,0.2413755499190059,119.54289245354173,2966.807653705415,0
86.97246923645228,0.5167745003521867,115.61475494395017,2925.8498032384705,0
61.28326302769534,0.2839185341442997,122.81948873809051,3035.786345787632,0
67.90558997572454,0.2645166989501423,135.7980695740155,2986.1067896774853,0
72.11451304124296,0.4152618566178648,122.38566126142076,3271.9478510074036,0
67.16246478875571,0.4021687649631568,141.66959267246966,3084.909719943934,0
92.34936575836808,0.39240429423560896,111.0205801435977,3091.5343222387173,0
66.43227906173207,0.5932889193680523,119.80319245671731,3233.0314247789042,0
69.44453220513134,0.5158095604300559,116.26941332336085,2922.246249914084,0
77.04389031602977,0.44236879389777645,109.14858456837668,2747.624511328303,0
62.97850473923911,0.5366025856622965,118.46916266990344,3241.39406492645,0
71.04319288243737,0.30169459177907354,124.17329301660439,3027.1683496216224,0
78.17453261250175,0.5210557247819356,125.2423017995203,3027.8702415797857,0
71.67139595617489,0.5301204985689267,141.70452178944555,2873.3340156939526,0
74.06613141100051,0.19939062812850383,124.6446746972356,2876.6289333792847,0
69.70667887551629,0.6991387508740724,131.50136803679615,3169.344467754169,0
59.85529690819233,0.3237132589546009,120.66094246298977,3196.931159627522,0
78.21593211339238,0.518061959841287,136.78055600452595,3156.764681149332,0
92.54933071647241,0.7328823481070541,143.9844928558807,3158.592321089095,1
75.18401630783438,0.6851353515427738,125.3108513097595,3113.805907451952,0
77.25264117247549,0.5068666777137671,110.07340984548419,3026.3045460156313,0
81.9272275511686,0.4275001994235863,114.51194977222832,2964.924063135804,0
62.30669503453301,0.6895023817151135,122.81934303205162,3242.0647699883107,0
92.02514658129606,0.634938995561724,124.56498035250645,2925.2558259019133,0
77.02328796422802,0.37632699599117403,126.98425134384372,3073.9958427761494,0
91.3185689908911,0.3410212705996619,124.6019768123004,2839.1974004091508,0
67.66967004476011,0.08552896366080032,120.0698491625594,2868.14019262991,0
93.18061922557825,0.5308063683367175,113.63801558797871,2952.7690864285546,0
82.75155494034783,0.4834604509963203,124.0113826126423,2839.212324654567,0
80.53040085852358,0.7272382749285085,138.54987357480655,3159.5703650956602,0
77.34024454353148,0.5718110186960733,130.19928605427754,2730.393149690994,0
72.5147138192555,0.766845838834538,125.34703949636199,3019.8459246762145,0
87.00531658473872,0.36052715441676586,130.2956692382275,3026.5016193684364,0
76.40359869848047,0.7276300661935237,116.28935971099148,2637.8400843360637,0
55.32930296412847,0.39421672417906894,114.9173485391668,2911.7952358952784,0
63.82813538292997,0.6555192123584545,112.52214895634017,3051.1399076096286,0
73.14154247807252,0.2082483214938613,118.74713377230562,3085.745598658814,0
78.09998983165555,0.5470270598732377,115.77994103290919,2959.1385582799667,0
74.43411511100105,0.10306241171081798,132.08274740652138,3135.377640896143,0
87.18970789793663,0.44657250281164906,115.24676582317811,2978.1367485527917,0
55.48898135961375,0.5880707987755827,111.97278283775084,3002.730582415011,0
76.4358793650516,0.39580628975378085,139.42577178830632,3050.330773797311,0
56.82020774612845,0.2899124742488065,115.48624768918657,3185.3999257468336,0
82.59712295484168,0.6692236938591868,121.53528457250351,2864.856399516894,0
74.05541285557997,0.4793074420306153,124.51322824743411,2902.6356254963407,0
79.19609972024118,0.4020858705938657,108.63306881079185,2866.220701654157,0
66.36117039410234,0.5083791842308553,132.35483769503068,2933.560456771613,0
87.7946493165775,1.0273338283891178,126.37119040411227,3285.246851615953,1
85.41724664058852,0.7307005699563087,135.5838401188078,3114.5450638659645,1
80.83544303011888,0.732514733637568,113.20778062781899,2773.7820509662315,0
73.7048275313656,0.5871092637984728,120.9912579247616,2879.9106068822653,0
80.79857285295132,0.5332970545154294,120.39355754994196,3074.5534448552803,0
67.93107432012651,0.020783542333916716,122.63888494350022,2818.698443813446,0
83.55555659020712,0.36420393070737356,105.45385251422839,2854.931991837049,0
91.4948089432392,0.4038851173595051,121.10836378692223,3268.99193323483,0
85.70610559979187,0.1250215871904934,105.73536088576255,2877.3248743053628,0
67.70397530192591,0.2685168419569133,123.58334071196921,3190.9333632058774,0
78.61417317273103,0.10383270581547316,98.7135087548148,3251.0646379061877,0
62.06858456241352,0.4923352328605255,101.48413165709414,2853.307581766207,0
80.72390311175675,0.6637531941697632,128.18548716439997,2822.007488688572,0
79.50603412862539,0.7213549037248658,114.53161544805218,2944.773582703767,0
56.30183660467836,0.5829568924158482,110.1214192636776,2782.274455865275,0
63.38216156087636,0.3073207317602862,132.7084562107555,3024.2067757005484,0
72.16861103256232,0.11358696829600806,123.27626217328415,2958.869617629323,0
71.99140252859173,0.1486262601196996,128.72090195533784,3072.11600317726,0
62.90523064581195,0.2462034845491003,118.3375792767917,3279.388691246564,0
78.88978729352183,0.32222806039286506,146.79628693900003,3163.4969961540637,0
77.51473608940512,0.46805030040168266,113.95486139440204,3097.8479550824713,0
73.0573086802148,0.29716715637460633,137.44495549359888,2606.7903174064163,0
67.44208499841638,0.5677951787336523,119.38633959900088,3088.675196420475,0
85.48707126416564,0.45354529944010546,103.45489605087255,3344.52553214091,0
91.55407113088296,0.5021091423482051,124.82848745748109,2397.8954967372965,0
70.16438516153463,0.728050110534241,123.14762561455164,3137.876508595125,0
68.8783308284518,0.26395365315992597,109.4867818576077,2968.1282850487073,0
79.91207665411996,0.5837409156584736,110.77780722865285,2830.040999395411,0
71.41970620253014,0.49720535430478535,119.75302356915007,3160.225716782391,0
73.60602799336766,0.43330274380606093,123.49747815247981,3341.941180121466,0
82.39653151724671,0.6770512641731921,95.293367171206,3155.0461457675506,0
55.906439124927076,0.6758028309114015,130.53121452523803,2925.761609747695,0
88.1830232485267,0.31070184080231433,115.05502026185023,2811.3060351183685,0
75.72680524329341,0.4635678832284152,106.68252515601824,3028.9255267579088,0
70.8850685543782,0.5562423365168131,129.4106655145193,3174.6338584763175,0
74.1076584577855,0.4453986503954831,119.76382020581543,2922.5893947532545,0
74.62429355020518,0.6170042664575597,132.16165776782253,2941.9234016698406,0
57.68798696555075,0.5562384035820551,124.37952262979755,3564.4000499676795,0
89.94938227453235,0.8665122480712025,119.98485497051954,3215.730389191945,1
75.41325632270619,0.19394417281404247,118.47270055019844,3230.0257356787265,0
79.43002130447375,0.4755128020505205,124.82712760556137,2707.9428187882377,0
84.51549770574043,0.3182994976975618,115.8646874119067,2858.562264141308,0
64.788375424397,0.6208214910878088,111.474274112535,3014.9363278908477,0
79.73471899035229,0.1765656219908911,126.09909122654643,2799.77248842297,0
72.32358909101207,0.5692625420449773,118.55512158555571,3320.079459777859,0
83.46770775216494,0.37399031373033176,120.33567648069005,3282.062461318129,0
53.727725796485046,0.35316762677579716,130.8937983615461,2893.2909325231894,0
74.00905699758731,0.21070035929186254,118.8612339226426,3356.783721321497,0
68.97179344216039,0.40698481075979875,120.1503392554179,2999.1495806560115,0
79.32262950634156,0.7169001060581851,114.00350488549068,3517.87794347781,0
79.70044187368202,0.4949622632941041,124.3073993398185,3028.937226105007,0
67.92374105177974,0.6255360835748949,123.49827912680088,3115.238550065684,0
67.87826135823957,0.832928364393255,129.0077513179056,3279.9806882339117,0
73.89334631442671,0.5527511169645152,114.20871162993124,3255.5266699615618,0
66.03357772684792,0.38824008558753187,115.42183030409814,3102.1464132271785,0
83.41983695452127,0.5934504430365579,127.92137399145469,2971.7719361112327,0
71.30792799552555,0.3911407707371416,122.52213003362863,3102.826539998624,0
45.930117806783585,0.39911546334056613,110.93781873807305,2836.763165624777,0
71.25177943378193,0.19602144007620304,133.065540677345,3030.426743772823,0
64.61456179156028,0.6852514982168785,103.01549431599749,2778.138493500401,0
58.687241845390545,0.42279948487011215,127.84284753263752,2643.8236719839397,0
62.62573361777427,0.5364196491631724,107.34787964001804,3010.0853528278885,0
76.0940847183297,0.2928076142786721,138.85788516485528,3252.4555781343342,0
88.28640828248231,0.5871895259430945,104.55400273094376,3185.160928319212,0
78.1318447386498,0.34761175237298325,131.52250651872748,2983.6175408548784,0
68.9349661178426,0.47165825565963515,119.18365639988755,3349.397939635099,0
79.55904195170703,0.6755652062478252,116.33397430161256,2886.1877218306854,0
70.40909689781009,0.6581518624465059,121.85396656467762,2616.4334676403955,0
68.05399630836855,0.49559398549661193,126.31900339157814,2563.579741159808,0
63.456373317670156,0.1463737934586563,110.9559949766913,2763.7618118808564,0
57.48171193248281,1.0985621140121284,111.84212274831428,3163.3249486524455,0
71.10076293440555,0.8491717940546273,126.49604865112886,2873.0394633065225,0
76.58053489920133,0.6445349649776597,102.92657046350399,3092.1917283714606,0
74.0337632998511,0.3493592436818058,114.15770906807914,3329.2566767167955,0
70.84033072052641,0.47728156765960705,150.4068695415944,2779.9806074844387,0
65.54253939303219,0.3913159140446966,110.3198703541072,3095.699946359178,0
81.08246191684968,0.7527711878192778,131.47802791759753,3107.7926145311444,0
61.82868080053415,0.5525005781703668,114.14049231286188,2827.852402305379,0
82.76027913843475,0.3431672283280334,125.09045144797145,3270.8421850490167,0
64.97782981073276,0.4058489801750436,126.54355690596218,2942.4585888901047,0
67.47564762646965,0.7242376285139809,131.28956735182948,2923.249403817398,0
60.33214809384323,0.8200195693640957,117.99746173187225,3422.3226436835944,0
69.98597853114363,0.8056663126972492,139.88884638754854,3104.5533484733437,0
84.75312458477978,0.6514064130107955,114.1066343541482,3185.0581099370997,0
80.15628088443957,0.44947502623947266,122.3422041359956,3270.9785863043676,0
84.78422112028035,-0.14830276506582418,122.45276932217608,2869.905200108157,0
80.22142545933936,0.5594320047616443,108.78031880050585,3249.964219410736,0
63.96330171469631,0.4996342482311799,117.14127745020879,2899.621177000466,0
71.69210775672443,0.5279964192642708,121.61513499238407,2891.0753221323407,0
67.19800870882537,0.5107794694066413,115.67878956870581,2945.600005538373,0
88.3057490403904,0.23474756761016857,144.40923965456534,2875.587033011009,0
63.03211353573688,0.6114817113702371,111.61376326400469,3164.4312865314328,0
83.93697689389111,0.6264432628063701,131.79424468140428,3053.4421310290113,0
83.9295387010877,0.6364677564119319,128.56459813148786,2901.7551170765773,0
93.29620201716088,0.6893154007146773,119.86137865495729,3134.9010066309643,0
70.90313407370503,0.6208103289843246,111.34790946147753,2944.963512522731,0
82.12322159580162,0.41799411769221784,112.3174467960823,2934.385925927065,0
97.81651836538842,0.48583263041678193,114.8203270078349,3009.7367769803086,0
68.82358323066303,0.5182249734506754,102.14258718053736,3092.6920711332436,0
59.6495975246764,0.5215398898213237,109.96534574200709,3077.969529875484,0
56.19989966092236,0.699643531194346,105.17523484636358,2927.350163549434,0
82.12712028861331,0.6287337506044982,133.45875003177716,3169.4222414878805,0
56.168497919414165,0.9154686879139906,126.18462392388219,2955.5211697840687,0
71.27680947062078,0.9412937959769345,127.85974098865461,2869.0031022782564,0
79.37313187038961,0.515929916522785,125.88831951541948,2706.39567024653,0
76.85175536829914,-0.2673311096918739,121.66967623334163,3196.6356961998044,0
79.25444864184172,0.7473664932254533,134.60680332129138,3002.4780152388016,0
77.22289855800854,0.3919247322025891,113.89237344268263,3042.174471702103,0
87.78865813313394,0.3397032156337986,121.06669655367045,3209.160583139903,0
65.47683619261203,0.4203109450021266,127.47058827824124,2904.518753680437,0
68.23004861541469,0.4106713906370787,106.78790768143871,2725.1201503051743,0
67.27340554729176,0.6224539620210785,150.9658889614255,3013.9561404430438,0
83.3019181186261,0.18811284417475488,120.28565762777586,3061.5923104160593,0
84.00398588395063,0.2844558508416797,121.41989450575593,2947.4301867679255,0
79.51225319318507,0.5686317108394833,132.5687803167492,3294.7475156152336,0
86.83493666889927,0.6245888060826617,129.14955333010224,2502.7666864557286,0
63.21959132623619,0.6283083289872025,120.3807801939646,3224.0113275799567,0
91.67224111551137,0.3425927442133402,121.30129438098042,3158.2307300728453,0
90.23238621712258,0.304346870146752,104.95851469052022,3091.354155540092,0
82.35621997245747,0.39867303324241615,114.43534222150024,2332.8196901061806,0
92.8179890877106,0.547974550456945,125.1721021615896,3256.7777566540535,0
58.43376792322226,0.79709547385451,124.43892839042887,2794.713177872823,0
69.75551863737348,0.09051256284584991,132.21165750004087,2898.4616043233227,0
67.64696539318048,0.4558542486083267,118.79498941776676,2965.881467041986,0
82.21479323757343,0.23346431179495925,106.12713486569133,3081.483606930395,0
64.49859260397855,0.16955146452930203,130.56730430775679,3127.88560843851,0
82.57495149337485,0.6933913290689633,134.36089346182015,3178.568110863859,0
88.70536143996713,0.6089249148998678,128.98244572856228,3163.1707020157032,0
81.95202900084,0.5898867031894525,118.36366329142508,3050.5854408426253,0
77.83751023661502,0.6842051679461987,130.4438605187658,3083.1845318115184,0
65.1212665909925,0.40405622064677277,154.28910478008214,2781.8492568355505,0
66.53149033874635,0.41347249673329434,121.15152314440476,2849.7946386361955,0
87.49618905296667,0.9371461233445149,106.88263307754875,3179.0920447349663,1
82.79349003905332,0.4506857891480851,114.13714950447849,3167.4418973457364,0
74.60980480622456,0.6470264226108182,126.2547600030405,3144.7598832888843,0
70.8209045423411,0.501276308192663,103.95195689101936,2897.1166476686944,0
54.74192126888623,0.13034829398431697,121.6940307491207,3182.098426388739,0
64.29147581315561,0.09107419923974636,123.80336650315883,2767.7511095039285,0
94.11419087139723,0.38420315601201904,135.35121739812652,3215.4719619724547,0
62.195444289975335,0.7112202503339978,133.101948560543,2947.825839750822,0
76.8947982122108,0.6576583313272008,128.6458479175177,3336.8340812681263,0
85.07443973195198,0.6828154328448067,98.37320989485471,2695.711581586903,0
62.450773319977074,0.3025907642127369,129.21053128047924,3352.6808091837042,0
76.84710474781083,0.8231744980244627,127.05513386060247,2927.7071341673077,0
84.37915537510655,0.3070213399627231,122.55944377078346,2924.1041487976513,0
75.12499321907251,0.5425648797339937,102.69777873854514,3038.9677637971195,0
103.68403055666768,0.4979295420184527,112.23226090812939,2860.584217439861,0
58.31400741121804,0.46522523593708276,108.33177230465934,2985.5341997395385,0
85.5872852988388,0.7677184276591213,99.8499156049291,2852.474746945829,1
73.27198262603535,0.35897789596680785,119.97084848585206,2859.787293804163,0
82.71920154836675,0.23007894885761437,112.02177878557221,3097.3771900601146,0
79.41307151699246,0.5039990972412839,146.25305580268912,2819.6869009392967,0
67.66843802890003,0.4200346531426947,118.3122806056209,2846.3611529989034,0
77.28996392459341,1.175476583816529,132.9375315586596,2725.4417500507184,0
56.42098548601713,0.635301495287995,104.30900975306776,2899.213864007732,0
81.03247500571393,0.4181318849562751,114.6991041399513,3262.3204059447844,0
77.98158465990525,0.2887776861625827,120.96897876034315,2830.813271979406,0
81.38660168643102,0.12394231788624305,110.91846051392329,2853.673346962552,0
85.5811832508715,0.29495618285251335,115.77799315195256,3038.784389296307,0
78.67619840209711,0.5229883543518263,117.82049093756461,2925.840713240095,0
76.48089419798276,0.7854657303189538,117.66092014555106,3445.63088666993,0
66.18931663338708,0.7243378284775838,138.55118573035347,2967.494407064749,0
67.87779236350949,0.5458189663292758,123.7822628543151,3067.043669243474,0
86.86734620177332,0.4353664668595031,124.79510562941303,3188.7537569598644,0
89.36335405705978,0.5537624712824308,125.39654774345071,3184.91557317257,0
72.61889563687946,0.3962724005030848,126.12626377337112,3046.657516311476,0
75.46002747253274,0.8436727991527752,119.17113016125134,2967.7745026628,0
65.95385625006234,0.462161963744984,116.79253628521154,3404.8057072758515,0
86.72756845267445,0.4827324283506546,121.66816059518277,2980.047944937147,0
81.65416823691778,0.056835514995866365,131.56803948913472,2911.661979114304,0
94.4121743646375,0.4609130306954472,131.26238188436383,2870.830202341196,0
66.21676922820261,0.6672968275929883,117.59601524311589,2654.639359458649,0
71.21992100981782,0.286455484592291,127.67843694668112,3164.3231504474325,0
77.31445922525572,0.3498559331014374,118.05415336960333,2530.386320579835,0
81.4648953772577,0.658542203546733,120.33870549435244,2998.855431819016,0
72.84332362452368,0.20466855529638933,115.26476618445803,2959.027873145723,0
66.270389095463,0.7115602015083837,118.18354861093766,3447.9930384462896,0
83.81407528923572,0.3935712219653796,133.4133006954968,2633.6697542572747,0
82.21135362545581,0.4222863559017594,120.92421147339236,2819.7793426031285,0
65.83725899436276,0.2752243189748812,121.35282508552318,2972.78070826367,0
88.55442801105495,0.5756092520855767,105.52782220742041,2960.4941325061664,0
86.70198709196603,0.9919743970058761,116.9075609236727,2890.091081837991,1
76.34296497247793,0.6562994478921265,117.58685096255272,2983.8024181195665,0
75.79597862376036,0.32714294761189283,111.70856514556596,2748.0874542260517,0
80.54057771115907,0.7271241170982952,120.21665411703563,3071.4385757989876,0
66.38296929743741,0.4366640908131501,115.70817709772345,2535.7029315844843,0
75.30031479164082,0.7748969962855119,120.79995855243583,2994.8461288245485,0
53.4761645539082,0.6613352804328726,121.21503009818935,2879.9286611472853,0
83.76455645502935,-0.08862831309434671,110.44245642177356,3203.257588551327,0
59.385067775581405,0.2991840734089945,116.0129821751681,3351.062214126661,0
90.03419828428999,0.688877044567078,120.77374282760833,2933.7895662499286,0
71.6987990603355,0.5303314544290035,131.84299431156725,3278.1451858282862,0
72.88333018068823,0.2952488104584299,122.56719172795741,2936.776743873918,0
68.72266093915495,0.3732820969012375,113.38064820082572,2806.774695374182,0
72.11961126077924,0.11875267598212386,123.99004759243853,3349.1807264371237,0
89.18531345148037,0.4823253424947208,137.0754888932176,3104.155288946801,0
50.1219134346492,0.9421379452031529,129.16706472589019,3000.887704521963,0
87.76965386088187,0.6609866781464652,125.4752653043562,3137.43549501973,0
78.38023481101708,0.9380834002376847,127.25590175482321,3054.8430070260333,0
62.929783521427844,0.676479417957996,134.39954041428632,2986.1561184116963,0
64.24687606950762,0.7054958686705384,130.7562679401766,2734.7130345384007,0
91.76393027208204,0.8948157375490048,125.66760381117658,2945.8926525677466,1
65.54493120057269,0.5754526518684453,130.68642219590086,3124.6510846916945,0
63.46649489404041,0.4625545356986239,109.1834890373594,2975.445714862638,0
86.37314542364729,0.7065315033244024,104.97734747659719,3180.4651522260774,1
78.38552876285914,0.790768047424377,121.5709865064383,3076.7310047733577,0
65.620744234636,0.4040070714575582,120.68680709650539,2824.3727363829184,0
77.16624975404619,0.3556861835319941,114.56089946486742,2736.1656084335755,0
64.74247316359723,0.527771206486176,128.25852669827708,2968.564300013966,0
86.00821398422605,0.6662997733863324,101.37136413548764,2895.1543103790823,0
85.61370964873133,0.6596182097323123,114.65227743942197,3067.264361924337,0
80.32006198821944,0.21516647996248017,115.15044455122386,2856.372468247454,0
78.61661061247017,0.8823212134126643,103.6369821490054,2876.9215348490247,0
92.61188124867374,0.3717670141206299,134.94731007269303,3210.6139435189825,0
74.99686327388225,0.44698700062228414,106.40798731336677,3029.6405937255795,0
63.181258745791986,0.31946912800243604,114.11659942692314,2859.4545869145413,0
79.49473912832306,1.0396657671874174,129.07979757805134,3003.528361747004,0
95.86047049537115,0.5484141340575934,126.46045343428732,3275.7822486003365,0
64.85240506814148,0.329804983863687,108.91825303515253,3058.7573376549444,0
71.38537233306015,0.6727847099924892,126.82489209260636,3118.5901618850257,0
79.16446038101452,0.6538271558620066,122.89784478658221,2849.5530926945116,0
74.4609515099426,0.4624545952840232,143.33035562111468,3205.28387542692,0
65.17696419622686,0.6681213425566767,124.03940416068305,3463.6204520927604,0
86.21857856230471,0.3349416078338271,118.58758178931468,2841.7064714974294,0
98.2004072201726,0.40141634501014956,111.43498042880577,2763.621205125602,0
76.96131459023907,0.0979566690867874,112.55756633044429,3035.1084487670296,0
65.95931710264,0.23520978315608743,111.74230904531842,3175.101009968882,0
59.51039474946525,0.8615261611341372,133.71098813911922,2981.7220655899478,0
77.5797598122118,0.8282857255444629,120.17969915016471,2789.3587207914675,0
86.03877343316258,0.5131577297297925,125.6524712397473,2978.283167643922,0
79.75167746495381,0.8325862894379675,135.14247599980888,3119.618454555491,0
74.97596159081147,0.46798510267833904,96.41535857792535,2918.5936346107883,0
69.10728348210694,0.4513179394864184,132.78873764700376,3121.4510035509843,0
64.07836367281911,0.5113021296931113,120.55396911783335,3232.942157047982,0
83.34751326324883,0.4750156809352869,124.35048371640444,3048.0461251540896,0
84.13771621385585,0.4569607352879639,111.71596778251748,2994.4104457443414,0
59.54270213309267,0.7286796214299105,112.44875601551482,3165.8687850452566,0
90.89838978180684,0.5300271307912406,124.88845889812988,2828.779834512554,0
80.74071220894001,0.6424963528867609,143.84597800331468,2809.0580332614154,0
88.99594645145794,0.7062761050554662,130.03313312814902,2946.6855430142027,1
61.57872251514885,0.5776371591309467,132.6552292141854,2901.624109037107,0
61.34175844584561,0.3059457348183522,118.0799872973858,2839.331604941905,0
73.51030690232703,0.22942682220719224,113.99795775414371,3366.093694999755,0
80.02784426895194,0.529756126961461,112.19195048421007,3434.3986418988584,0
92.96360822926964,0.4657487390350131,115.11726275303312,2929.2589915488834,0
82.06078913815132,0.5174782857840243,99.47217566829474,3018.343789949673,0
72.57318723187967,0.4967891921502828,112.75080657108398,2962.431435987242,0
64.73630792334107,1.0167147320333134,114.39646843940157,3221.4998480236313,0
87.3000057271915,0.2339547488717324,118.24641825605158,3261.1291123680094,0
65.35294574249285,0.10201074603577504,121.31750109747291,2644.5472402620708,0
91.28468554772321,0.566475366703922,123.6245086862561,3095.202160013125,0
72.1561535039349,0.42471548908236095,119.8507462755704,2738.6357317677703,0
90.9058207261785,0.5632135739459903,114.18556913657243,3351.6544315750557,0
81.78931290059279,0.6167766044568003,100.3664135673448,3088.0496060420796,0
73.63004510557542,0.7568209390357795,114.24691391598206,2835.330092327473,0
69.80603628173873,0.19855483592321232,110.27549362312995,2951.7357224124294,0
71.59092122653921,0.3886564204285674,124.66066748278604,2942.204548346768,0
79.28316692375238,0.5857522517761528,129.09287396693693,3105.0225885771633,0
75.77156496217717,0.6540927191374453,129.3857106705994,3208.3825208354956,0
69.06188591931294,0.9386899100576771,127.5695273612782,2770.358541605658,0
73.34368589682367,0.6911407942227734,118.66474264547512,3367.750900182423,0
75.7857702971915,0.4886422808227446,114.78044434524104,3321.138021564169,0
53.71265905585188,0.3219128494114677,112.52897246332934,2824.935286481791,0
79.58168114788698,0.38714202945619614,104.9250108339825,3014.560358872462,0
65.20278775283194,0.3814594354085787,129.91853700507858,3342.161708822863,0
63.46667596794255,0.6310467257027521,118.25288962070026,3246.5837173354967,0
58.1265565288929,0.5513994891171661,107.53659706379126,2932.6513939904207,0
57.0610750213211,0.23527008583156422,111.73508624289765,3162.8679629135745,0
61.44552496887711,0.4128197061819134,111.33026543567448,3599.439658343828,0
67.9097904236951,0.6755095106902842,120.43024485015127,3021.0319963702423,0
94.53259137526568,0.5703324709948118,130.67467851070685,2873.4703497119963,0
69.74120324104796,0.6137289232025541,116.52010450404417,3034.48397041828,0
76.77750106268032,0.5765843420114526,97.4746648521635,3049.3104190994636,0
79.00481386506328,0.8252861469217718,118.1081966484108,2895.0926521999804,0
76.3106518621585,0.547208612764874,118.43806099902804,3088.325013562843,0
74.22556539274007,0.42279544042586037,117.75079769064479,2749.1197880544996,0
63.04706236400755,0.31684899177328785,113.72538833524298,2866.893226598264,0
89.50927548279212,0.5499218916419424,122.17439080725842,3151.6489552309595,0
93.07196643637886,0.011859197044983172,120.66141115149001,2649.02582969155,0
58.17341305877314,0.4631421996334576,119.75169685873352,3180.6335183989554,0
64.7597140911362,0.4588320280157312,124.12641361442965,2597.6037268588593,0
72.20189657622994,0.22710582927654382,115.70167176852146,2653.735084224737,0
65.35462205089809,0.3143468322688008,115.13414330299346,2900.2042513888227,0
80.05965553455866,0.6619315060296482,133.801232895854,3057.37276856387,0
67.71727797593387,0.5461423498149925,125.59355409715437,3265.052720625478,0
96.65056067806603,0.5203576667414656,128.269460609428,3011.524552631919,0
86.90548594343596,0.5612695067864045,132.26104585334068,2950.689278484802,0
77.12574030632214,0.5185255175897847,125.259441806248,3115.916249596961,0
85.26986263319732,0.7485725125716629,129.2838867913617,2825.820235906413,1
86.05900424357309,0.5246858363407297,104.2065483792974,3027.8830318692812,0
69.36052511941757,0.20835737723624992,122.04153871996027,2760.110748408928,0
66.83782755458036,0.8260259929748821,118.17281538185672,3016.518103375083,0
75.78143062969647,0.5740680534657692,136.77684090899808,2974.0327348301194,0
83.61636124497944,0.38214925384098647,129.276455318033,2839.1464157101163,0
76.39060398653417,0.2493196563409963,113.69554809206821,3033.008127307548,0
59.23003517809003,0.5791828441916091,123.72794158529206,3031.7099306319287,0
66.97175556049157,0.4765655990051249,121.6768133344924,3235.090802467827,0
74.26027136405622,0.8148293572064818,124.54331433152228,2678.8733193874423,0
74.2433439567417,0.43081854386663443,109.81157530625347,2984.7902184605914,0
94.72542176789808,0.3325238420635066,123.60016465238225,2847.947520059304,0
61.14012057601002,0.6791592436471857,117.71848650711766,3173.952411635258,0
80.05589241835875,0.6850563785433663,122.824497640556,3150.7824130384265,0
89.8911310832829,0.5337302735220391,112.7561483487783,3101.5759690137243,0
97.71449745422797,0.6352714095349816,114.149368286034,2859.2333483861075,0
70.95602576816039,0.4924625758515524,131.73842020366703,3177.094116588019,0
79.914294527202,0.5467730202018494,109.48452441659839,2693.973814251334,0
80.69760357198646,0.7329981765127846,110.22245598957952,2652.9378592814455,0
76.9548173155329,0.6250636668043006,119.48418742784422,2744.825800019615,0
74.01154798760695,0.46614511233347505,112.28109624814046,2993.3050379346187,0
79.35975389500047,0.7704725091852301,111.149713677372,3135.032880197659,0
49.677539147803145,0.02702892544169755,121.05075971208295,2404.793505198095,0
81.82069490062631,0.9104146622843869,104.94934143096296,3264.5485663759573,0
76.26177903661967,0.1588081810218529,109.92037765086363,3026.222439235687,0
72.77525103221734,0.37458143504554076,140.54095582923642,2686.445530482045,0
95.46862195719558,0.4918164929609862,124.5947505896901,3020.189394057916,0
68.25065981209448,0.47070386585436774,112.53436647730089,3218.5050829356837,0
70.9692401093497,0.7012822080053109,124.18215078266198,3119.8882030612517,0
94.91553302204734,0.2884326762779531,125.67330476986629,3219.8146125107933,0
66.67938695150143,0.5521533634966126,129.94414420090237,2726.750674120578,0
69.4988471706346,0.3843575803560492,118.72843970543269,2917.198952972319,0
73.5297457656915,0.5590281958674833,129.7649770277289,2815.0615538952934,0
83.4073448212955,0.4870455480404247,99.61553475117827,3343.516041008864,0
77.07802507353314,0.5185871305365956,109.43691869524247,3127.872568697326,0
62.07374652847737,0.39001503350713085,121.63871401736456,3569.401917791528,0
69.67831436872811,0.3979872099807835,123.29633532807792,2906.4780933165544,0
68.92645566787789,0.5574545028054854,110.88217712331358,2855.065157663539,0
74.22778954776955,0.6887431011512088,122.5941999126316,2971.43467228097,0
79.25843658629829,0.3803441331604305,113.7615975131274,3275.6714442845096,0
79.18205755887972,0.32624649108541803,117.23040905772834,2926.7760621249304,0
57.23988245951598,0.6226920331343674,130.2477380066501,3024.887519581389,0
85.63940987560856,0.49349922138846214,129.089374968886,3019.338140577364,0
77.52568845996623,0.6660996267971904,110.02939672636738,3007.899352240438,0
88.84532047593906,0.31884055732577044,109.42748537979897,2869.5203079075045,0
79.44198327290673,0.14411221491531379,115.88826604446683,2972.5417864179267,0
86.01322957735762,0.39339918363473314,119.73253698827075,2963.9794797297286,0
79.66545311450128,0.3467294781469968,113.4210151142526,2998.48706806507,0
88.46225756202747,0.48424231998394,130.40642442799668,3188.703363630542,0
80.22250636017779,0.3726309571459221,123.47389841708555,3352.1256069248984,0
74.02084753557097,0.6482033902672899,124.0608510987443,2831.9130474660587,0
97.72434720446881,0.44236994751549674,107.33461171055028,2921.601275042457,0
83.89037122279892,0.5300948997547802,131.6729071738378,2834.9976203187625,0
80.73744421004413,0.5315269116881888,91.79831177759309,3037.4203074444545,0
62.23695583461664,0.5389910184824375,128.3405545184937,2892.3301084978048,0
62.11692382536462,0.4951741779090053,129.3431173767077,3047.9593667483978,0
77.92715482141854,0.6021201380820627,115.67598812722038,3220.7253820889573,0
76.45521197768241,0.34086897323483845,132.72910217247423,2494.8336628390784,0
68.85877434991684,0.7798835853307766,119.36902447045654,3098.3559779201382,0
76.4098269961206,0.45269252332629295,120.62431703327442,2907.9625902204243,0
90.88626928043595,0.23769017242026363,123.39528787404217,3092.0844535968777,0
81.95402474550299,0.5376146713983546,151.86574911811056,2820.70611244996,0
63.589914902472614,0.329763903510503,133.44433908083005,3239.2521976613752,0
73.88491172857056,0.633066906901775,127.01131200712918,3182.656123608057,0
66.9503351914744,0.9419211152084755,110.87195513398805,3113.6704297085284,0
71.12300083591438,0.34268558168843,121.43589825479492,3158.6451435620197,0
70.86384334370358,0.566474466644797,111.86875906153614,2850.8759065655654,0
70.22354417395995,0.14889888225907444,128.22110847282812,2876.075249062142,0
62.44864628026605,0.5907810458882694,121.40466975734857,3150.4872401634957,0
73.7234531848181,0.322857240040062,108.75478320386105,2846.4541714462775,0
69.3939236315269,0.3750330763131035,120.81124583418503,3289.1270093316175,0
45.705513099977324,0.2797427020320344,111.50582530283694,2935.2817857437935,0
95.52972024501663,0.6464302452109472,121.51216221337548,3100.3788779721244,0
85.88769654216672,0.7014608714946525,111.40922683634743,3419.849903851018,1
71.23699275075003,0.5046770429317016,120.27487633360813,2858.7553291863846,0
75.18819049740598,0.3271146589328561,127.50469861935095,3013.7523501689566,0
63.28345652682438,0.8179046072207725,119.46948008074894,3210.8366329274613,0
91.95722877810866,0.34991797444906875,116.09111732827611,3190.255477775306,0
93.97288694773111,0.06759354001451223,122.03276221057463,2934.4369379521286,0
76.56693728246525,0.5916778019914137,126.97182620792853,2896.6539124956294,0
85.23530644185345,0.27904506527169665,108.9281673011824,2953.3728134909898,0
76.75286778933923,0.697721758699835,122.60656154705202,3289.571553230273,0
61.63274561124069,0.4237724606653162,133.175408190174,2944.1788287280106,0
70.88176631036343,0.6207426481088393,125.73656963276716,3015.623138496693,0
76.31927966771957,0.7803000693104316,120.57754146667227,2914.642705815315,0
70.45452281256556,0.2582282270758556,126.39737506698894,3141.109712959197,0
72.81346722564965,0.3868125738215189,124.52496456102682,3031.1050075167313,0
74.08600442490885,0.48486578546858733,127.53601109159814,2799.313237848354,0
74.19121502134539,0.8075102638068687,99.76068389017055,2806.235177193001,0
75.52258490497483,0.3683234564119109,104.46543866336735,2600.2788866888986,0
64.39394933603398,0.38109926081019857,130.04829149483237,2833.7357181748766,0
67.82983850872064,0.5956281151111616,104.9472082383856,3158.7891607264346,0
62.15415734300031,0.3845542548578858,124.01538635719206,3264.7521076024536,0
84.778155496862,0.5305051765795233,116.47950343967709,3137.1116726434366,0
53.943530581596754,0.18969251580637464,110.03810754404003,3110.926440128136,0
86.53590343316925,0.9428659885113193,123.49649757147473,2974.69479009427,1
88.86349397262843,0.2304581539381193,122.0103350371657,3154.9829109827974,0
71.97819413017379,0.4356494592019583,141.10342652096378,3057.2556446163767,0
48.96862912172701,0.4935037928315811,113.7518879546411,3360.889794397425,0
71.38689438032709,0.8825376268713592,134.40110120069173,2980.31093716465,0
74.35815838711181,0.23503084381345196,123.52422914384314,3268.601616747226,0
64.89401780071087,0.8967408270957502,113.38978118457288,3174.822816363572,0
69.84781606191757,0.6514353642204045,127.99246457517245,3147.0886572408317,0
90.30195198863352,0.5834190648846492,125.65738504453951,2597.701734907636,0
81.64927162301741,0.3030732625964089,120.35843294858049,3185.837912309542,0
65.754358856219,0.6142282484076147,122.66295356440624,2974.4984042181695,0
59.02400830404568,0.35530267551604,114.03012968954468,2911.214701113022,0
71.72982682390229,0.7533322506396825,111.74212874745493,2703.4173917644175,0
72.86543220649561,0.30578759417845336,127.59442173822583,2998.8825732063633,0
79.96199187363317,0.4773683011087832,117.76060575686726,3006.7103193636485,0
69.64683287432341,0.3889453823973657,119.19917001750908,2739.399615637039,0
80.11499575361862,0.302495407514601,122.79821595944277,2705.3439654212616,0
94.35154040060229,0.6482639633815829,122.65288344783808,3097.323896025622,0
83.15501022444262,0.6070917494819267,105.70673529025936,3174.341026212275,0
74.51911492669227,0.7418020397801994,132.8625208645486,3038.056581984484,0
73.16849528946705,0.14402497835836647,121.21182151900678,3230.1669299368727,0
71.43326865820129,0.7128341404682088,117.97346737177851,2982.7230031297004,0
86.80640912452145,1.0010897810713788,124.30846005169747,2989.1297451199594,1
68.72686554048697,0.40967178216461064,122.36542193614864,2816.594394251842,0
75.45222708999982,0.879029722421794,127.67062689489703,2687.9516044892566,0
75.51197901881085,0.44736774558803466,125.3798367215094,3370.932426771917,0
69.98215807188468,0.2255180524877386,127.17846228996267,3226.2598100499495,0
61.27534452115899,0.43887351151864085,133.50993905727515,2721.4974865723043,0
78.22974503617668,0.7096407935350552,128.8362454897097,3031.150381566256,0
74.38996028144616,0.33236470353369374,118.39513779671438,2979.9907377792665,0
80.0024046943657,0.37993226819870257,108.77098843923167,2945.2015053673913,0
69.66399693560834,0.6187078864586382,136.67797933004516,2918.196430437012,0
87.20821298813048,0.5006120233477146,117.62276626652887,3076.253829393596,0
66.23226218788156,0.6169245904973482,115.26892586639478,3163.635105094295,0
92.12040284017893,0.5475659081516672,102.63273182235561,3080.478233805641,0
57.52363490171739,0.5959250639103146,123.38473105312111,2975.896325124161,0
79.3477006455689,0.4135397628380918,121.4888660395377,2968.554656621776,0
79.75430682526624,0.5463461884060785,104.8488506375052,3187.3628633845333,0
67.04442932059118,0.31452539886081327,124.53274042133175,3092.6889876232126,0
79.24393937861012,0.7576867245006778,115.01808079298561,3014.5378926070866,0
87.7951866976016,0.37314505663653724,146.90315007288694,2992.8197404799785,0
52.831811606459354,0.7257694975098778,114.30638807909132,3069.054101922458,0
80.02744807490815,0.45327860780342694,115.64806667802206,2906.33026228811,0
50.06729179669922,0.5403998021514642,111.25223775745633,3164.307763461642,0
65.34335196476792,0.40100708982185984,132.77876521041972,2784.8282876324265,0
91.29166364900945,0.29680091376639417,116.27224205535246,2917.708698046704,0
69.18217966607946,0.15104792247893967,112.75085846234504,3122.2212190892046,0
63.261200355910276,0.2889351682815081,127.06955009920543,2773.4234373291456,0
73.02062271015318,0.43521822935681564,106.19647064586815,2685.3982914701,0
95.67906338163553,0.5423758357657769,126.25110546248948,3012.615535085848,0
56.68317752793974,0.7020758626566527,137.81399716600856,2660.708369110706,0
64.48690088360655,0.4108485080406302,125.66607832835089,2740.239289189628,0
89.97431683179626,0.3236078471465652,126.37898316259925,3151.3188237012864,0
93.57702343537733,0.21145704279945748,128.70060216907484,2959.042948478853,0
73.96568775709716,0.5960127235808208,137.0970802867552,3257.0973899417972,0
62.60947297473358,0.7766389030658687,132.09893960019104,2759.037131812509,0
95.95843501809159,0.7532660535912578,124.39669722273024,2981.209526873543,1
90.94442391749197,0.6419865496294475,129.03891400636002,3079.916910641552,0
81.78946987762232,0.6277086634535198,111.14065074534889,2765.897013974218,0
66.8759765106258,0.8395247559418682,127.76293590747322,3206.352380899925,0
74.50970659161963,0.5664162922833621,109.94444028816253,3102.1357766332076,0
73.39639918955169,0.6292259352048344,116.32977581368374,2678.142582662513,0
78.30851304615578,0.43584322762960015,89.17437824856762,2992.45164075828,0
89.51001438131337,0.2275913258290485,124.01429659367462,3077.1913472517267,0
83.79417041137403,0.36323021990008475,113.56127988891647,2881.9886652943887,0
64.22623923015242,0.49816819229306897,131.11145215204462,2704.027018898237,0
88.76496450019538,0.5121570745002606,123.90192610605403,3055.6917578894822,0
78.13132140013155,0.8852571709710786,131.24095894701625,3442.2485900565125,0
81.87065795858916,0.5162554335182138,109.16403455327462,2922.603180168462,0
89.66540859278604,0.7357686888051287,130.3838603715963,3313.8482362569416,1
63.88419750486449,0.4129845516847368,141.05856344363326,2849.5422356477065,0
74.64174421293536,0.4376648228469532,127.64158299931894,3043.10912700199,0
69.68545448640785,0.23419847255531034,127.90349008692289,3154.3045061752237,0
59.32140574634544,0.3515343974246856,121.69597676394935,2998.317266805727,0
78.4670997760492,0.6053962782727507,114.75331219434636,2940.452870223754,0
100.11556551584424,0.5015120360788267,127.61192372701508,3145.225504270075,0
56.59922255494247,0.6885877239794468,104.93917089597932,3378.291023053844,0
74.67719388950529,0.5362507896690101,115.82244875079184,3060.117384927826,0
81.40542935074774,0.42950925367245163,102.28943197662818,2896.7879646939305,0
76.23078201656182,0.9296593727573919,112.96343622684917,2962.0496885480634,0
73.86871947484259,0.4812192862573906,126.42045091893561,3503.9415291290748,0
62.007836365541756,0.7326001939410608,125.05393376220464,3026.9814232676254,0
77.32786742940164,0.4197581586910645,120.50913695535473,2881.1172602844053,0
67.43236022984074,0.6419198958767133,121.70400994062011,2770.986416703492,0
53.100782950214466,0.6856031318303374,101.14135382135791,2634.819781177479,0
86.94592220513731,0.5416983941151161,116.27437719429085,3072.716854769238,0
84.58385819842043,0.029103415460679516,113.1864839356479,3130.928398564901,0
75.5166097685108,0.5036504921712226,113.4094030948546,2920.6607640069587,0
77.29074688205702,0.7460920095519951,125.99578627813753,2997.005916393809,0
85.74318012715561,0.6054961666055461,111.39492673494689,2765.907658142275,0
77.24339656778082,0.5891677750458493,113.95319149872589,3026.5856929655,0
84.04017554761315,0.15554861320849617,99.12930754290484,3096.2990641134247,0
72.0251779912615,0.3559089858649882,117.0587681962383,2892.9671465664724,0
88.11983738573946,0.5822715262302878,109.1216245228638,3338.0905339171677,0
78.20785725932684,0.5820766553573784,120.79202928689644,2832.5787346506177,0
76.94051943605874,0.7429333560265805,110.48891953257535,3056.6953208037967,0
62.29938911287968,0.4710266489707811,121.04542245549216,3169.6634439409213,0
77.86955854301709,0.5811648173347629,118.55314239257658,2984.5420999701237,0
66.68045082505549,0.5032748483862587,136.7204177304232,2962.3046362211016,0
68.61717273471506,0.3026114526996886,124.97217980453193,2714.2267699100676,0
66.84624371683879,0.0488417337810505,101.60362127437696,3271.4682991432564,0
64.33765068100774,0.5862019384260153,107.35111155897292,2966.0213596664807,0
96.24771403016962,0.5347894416825623,120.55208008992334,3107.4730849869647,0
88.31339061988403,0.3763649915799662,110.70152051607349,3134.544097572028,0
94.20367502144262,0.17616538869682702,90.31631569764147,2874.3403015964495,0
62.77104980444436,0.6259479028817476,133.49546313833744,2960.494279141757,0
75.71253749910892,0.4468159851608896,127.20224016905408,3266.8964701487007,0
62.06492374795904,0.6113749444736292,125.20976873491772,2776.560466851911,0
68.04305122802936,0.8728097060823516,113.92676954529085,3425.583614951451,0
65.81873016583425,0.07171382393605902,124.27676771009929,2851.025442944745,0
87.39584006441561,0.3600798382595272,112.95639675779118,2764.0965086718975,0
71.0377032189824,0.45812487733761736,122.04857300217691,3026.461804137707,0
85.68379333694017,0.7909652348293301,110.79416774163522,3441.669652867974,1
81.04120889588518,0.17271939615870302,135.16288450556013,2617.806812881559,0
98.03638752104789,0.8871722051361209,104.29763345918155,2971.7968563020618,1
60.20555776860276,0.527171180313258,132.3228382951083,3095.253003451311,0
87.59233239786799,0.48079986765322835,120.3891582801733,3006.7299917071064,0
86.46440870400727,0.46038804735621874,115.1053300465801,3076.384334000602,0
65.26621161972966,0.41274739356399426,121.67002921695739,2856.3933835655453,0
85.0713333647316,0.709623351853831,127.3334800717818,2880.055630813724,1
78.36144963026229,0.28629584918351225,133.66746736694398,2970.31547056816,0
72.72523740046593,0.5690828363287708,123.13143023133532,2774.02238241945,0
66.76064513028001,0.4231636668586049,111.09303914737723,2991.062719711962,0
67.80890548550813,0.3475733102971804,120.55630123765789,2922.2509412656996,0
95.49812095785926,1.0171950351367793,138.16793236662372,2905.9909629690264,1
75.00682818957483,0.583810146950692,133.47678085512624,3064.1012825197276,0
82.82130001531459,0.6226531089322288,129.0876347812436,2635.868101360139,0
67.09100618332447,0.7275553561337325,127.95687020122386,2954.1819793233694,0
67.2014705377836,0.21573001093629057,126.99450090606541,3463.4707531229724,0
85.81984809249943,0.8504583818244064,131.5875483450987,2782.7780627348748,1
61.50423788448468,-0.001791435699015187,115.43371214278095,3257.100099296883,0
70.84786232094729,0.3462467179922959,106.44913934224994,3010.9312241825396,0
75.34027411072232,0.4081936653642199,120.69003500737061,2879.4084382237165,0
76.11372601840053,0.6163446729941012,111.8241841322231,2735.871668094039,0
73.20906714983843,0.5437436532282975,109.44979244622816,3027.9363930570466,0
78.95819781095923,0.46663705186032134,112.79721423412069,3290.6794211629353,0
81.92855755817811,0.49760053107445523,144.85313924533688,2922.157770960647,0
82.3463754545933,0.3043953952954863,121.36124634075844,2983.807715052645,0
65.14196191332174,0.20055352110316532,123.61907836360989,3202.0741700380663,0
72.15844902071203,0.645302324467212,107.77637192995746,3068.174158269256,0
86.94762861876937,0.6387412225072371,101.56247041207371,2685.5448440550845,0
83.94647187573872,0.8168988750314117,111.80947356881194,3019.777443171037,0
61.27140548518936,0.34199658063695837,134.3819558520875,3302.4469821331195,0
78.51479900352201,0.6385630420601845,123.34275466076521,2992.6117627065005,0
55.2177475062519,0.44325865432705364,125.98595091444392,2451.7021141045248,0
75.4693490206037,0.7380949970386964,127.38566039202061,3077.6429983182147,0
93.97767016745976,0.7043925553356283,114.08650620201722,2960.308712091193,1
65.52107282731014,0.5422418798448914,133.8796558397337,2634.181117215757,0
66.65676954508417,0.43209396866680266,113.67192400777817,2664.158381989243,0
82.6402978157286,0.6921864357216523,134.06232359262552,3195.0214286577616,0
59.571984847903536,0.6293809046513131,124.42302156135341,2853.523450880984,0
68.67244970114962,0.36311191958276345,102.10954845753677,2818.5007238528015,0
80.96441137581752,0.23444026530411383,112.51990513399465,2992.8722878136664,0
68.65714152310596,0.44229341986364074,102.15061467127896,2871.1594003360124,0
72.64030012789028,0.8030827630696418,131.63282132794208,3020.009725555549,0
82.44185710315034,0.7292974317466077,119.752645791976,2959.455994112666,0
79.21546083536562,0.2775345060658838,97.7165756005022,2760.0008839812713,0
77.66818396295402,0.2664485168200158,123.75746881719658,2897.760440287723,0
71.60877720729961,0.7549367699358973,114.6283573761168,3088.550664261821,0
78.70061115268956,0.2728728190484342,105.16194144966677,3008.383608047725,0
73.76267319900244,0.6018590647284016,136.77965836968696,2983.611503521634,0
79.57805609925785,0.37678575693273525,121.07285866096579,3387.476848235877,0
70.03067974882022,0.8234089849043364,117.06568597686687,3146.2075050771073,0
73.17431025620459,0.34591504017242425,116.00575219013983,3170.4882529642687,0
65.10042207447987,0.7286723060411656,104.86720530842229,2966.806318441015,0
74.64992389993765,0.536971730812073,106.9545110041589,3044.029038070255,0
66.88999136371154,0.5504389708468573,132.84916784875082,2913.7800020948616,0
63.85953549838007,0.1059382837297198,115.26117130214281,3155.509953104826,0
77.58661147855388,0.05941732935885624,120.22067700936863,2977.9200191801915,0
77.1273977585766,0.4558868119465372,99.55669523798926,3044.4755497861115,0
82.82873734948572,0.5493812126833224,106.81907964204494,3032.1222604310337,0
70.68874430424901,0.2749604344524553,126.09812519874752,2996.366623718909,0
79.08052846836756,0.2822613179047315,123.77711760113834,3587.637613431154,0
80.50797572273663,0.6122945259652266,137.53375198724316,2866.6761445010557,0
79.44773807831595,0.6125708960914261,133.42956331631225,2864.8576939682616,0
66.74346317197858,0.4724517879224146,117.69289027515177,3138.819349362351,0
76.49363482271188,0.656040344237215,124.7295356471327,2880.9662001849642,0
78.64140296054661,0.2651595408559707,116.83396557096926,2941.7187277302214,0
75.07178466907942,0.42881301658260584,140.54809818638648,2782.7178093288762,0
54.13522341628915,0.8295755211567346,131.490146960524,3098.3115838805174,0
76.6048962397348,0.5136644259879635,121.69685090857752,3100.8514488968303,0
97.12531039397243,0.5252625029173998,122.00394784876352,2936.961588015311,0
71.39960731243018,0.9611893171935479,134.44850287259808,3142.9633376960146,0
67.7192290214468,0.22013156683024582,125.79577847113848,2628.3749972532814,0
78.73348559711398,0.659286073328422,135.58628017070086,2858.6293196971315,0
78.12378210466572,0.8327972559616199,98.06352073741127,2966.004162757814,0
86.92735165416414,0.43502841470029074,124.61228261498798,2765.5435006194093,0
62.42131844091112,0.6719261573709692,114.84565135318616,2650.2573925162555,0
82.31380252574992,0.30359610055781905,137.5637798762799,2938.4208069923106,0
80.90422061251464,0.3626535208865297,135.4639868718983,3138.8040174121484,0
73.57853463059453,0.5769932832095268,120.32835809101307,3256.4216782853023,0
78.3868731792169,0.659713334622118,135.3563097881103,2890.5424233589256,0
85.29457481598357,0.7241873024812492,137.83114519992506,3146.643167524319,1
83.7231538002845,0.8139257173878987,120.74406671926147,3127.3084076151335,0
63.569806879262714,0.4865106882889636,144.71933772431856,3243.7216348668994,0
83.20158186755485,0.7387223510345176,119.68658847330278,2929.9617939291998,0
74.35311394967482,0.4315390313101702,117.85479049664092,2640.2999009630653,0
75.72874098015515,0.6804182623176536,128.65872588584344,3014.037170484549,0
75.73196991001694,0.5414977595704363,116.46209268857686,2797.2412518060555,0
73.4975701120174,0.5891355814163848,120.85339775794894,2855.2989781875985,0
86.91707497107065,0.5847015748044075,134.0943442405091,2939.7561711893636,0
74.16282040150789,0.17905899804043757,120.1921885221727,2932.2144737301714,0
63.80453871616831,0.27517562822784536,103.04982207024693,3028.311853379159,0
71.06470144030271,0.5205082879635045,123.67319387849197,3140.6312632839235,0
76.78694716810476,0.1625441840717663,113.03706420947606,2926.4528833448067,0
87.29214784297051,0.6662422206399512,128.65271157294546,3079.139501321601,0
81.03094684948833,0.6743111932576284,126.96189715826246,3002.963201986101,0
66.49464721252956,0.565434110575558,134.71400348166523,3187.098879175689,0
99.85189916678891,0.27577319744841555,129.07532300792695,2962.2816297787367,0
77.6477531097798,0.776027787773703,130.90244283658063,2984.214664845089,0
87.75390737999015,0.9074421279436715,113.30903239862286,2925.1199104002185,1
73.48285566422771,0.5294153654891948,128.039864958905,2967.550292008301,0
80.3335924470545,0.6021070756902472,139.6845128936029,2843.302374330825,0
83.39468504518405,0.5403477309592087,113.11350091363232,2823.480542771297,0
87.18194711754256,0.6060738377997599,137.99738291727098,3155.153077056545,0
85.57368305378225,0.47608824867472077,114.5064990879867,2783.3596633630796,0
83.72197000072978,0.4930871520312393,111.48028754950026,2936.176382060419,0
71.84913268805892,0.6811435200994731,122.96200443354839,3203.0685572541993,0
69.28253958043939,0.9691248323792881,127.1591041612881,2929.4598409992786,0
78.32607510324198,0.21998575311965224,129.11750123972266,3165.748090737115,0
84.33128072341069,0.4792375031194066,110.38237579226798,2881.7908558546314,0
72.77279299223393,0.2639079029535836,124.3454009725429,2789.767278729961,0
85.65171965714387,0.8184049797152166,113.14445428516495,2681.034829019836,1
89.52616745486179,0.38245240613602033,105.11077743929424,3262.544813854532,0
65.8367908092658,0.21135984124284118,110.71263684467215,2772.625763673117,0
66.6307929620372,0.6276373997697147,112.49099634044182,3149.4373180250186,0
73.59624941094664,0.8488622229486222,125.21595160352507,2800.0105946413237,0
78.07612668189196,0.6327195737121526,131.52213663068667,3263.4767835879643,0
69.75432986232948,0.5409595754563834,105.26793370124733,3441.35654492302,0
88.52202678867144,0.5818281845551988,123.51961074208056,2662.6939880619325,0
79.24066861518452,0.782968132565111,108.23301814229093,2783.048713168237,0
75.3944704824074,0.32516014599717,126.29085409014,3154.626372760645,0
60.64090476131472,0.47763057918273744,113.77269418996252,3102.608584673163,0
61.84184183572493,0.40946197029809334,109.48670981976721,3155.3843709520384,0
77.81009250281807,0.26642693854165794,127.99664515347575,2885.248889919125,0
53.67404373845164,0.4343249481166395,114.13077394554905,3397.5068322046736,0
85.12637409644071,0.7215442191964897,116.84036048647302,3023.609893337955,1
73.4184615562768,0.613320429678545,97.80010912443623,2756.607484631296,0
107.43092969594733,0.6288621000216401,129.46551361423474,2949.3702999914112,0
98.07916250616111,0.5292951223306637,128.20908521169108,2759.2866207542334,0
73.18550930752484,0.6046647565457177,120.05457844281314,3318.188271710821,0
73.93662997468685,0.33988193153037893,104.7241905864424,2867.9337474399767,0
84.95581514002029,0.4380980228145541,132.09369178334762,3098.4966969489246,0
92.03172609918037,0.5384008473937354,113.33736613639209,2905.865371003564,0
58.61970942563983,0.5555031717763781,115.46646549899413,2876.9225380474973,0
57.13624534645314,0.5640375709843746,143.1204405635953,2617.94916374379,0
68.77965194445619,0.4723329435967244,112.9636355589077,3119.6349205981132,0
80.82737583173865,0.4245153197739341,127.422099624265,3259.836250525837,0
79.96873590507597,1.1315542566088597,125.62092262082618,2816.80648372697,0
85.69771454983851,0.6813574545864798,123.90172192880085,2690.9541770002656,0
63.003024716346914,0.5826294951905244,122.8200054255451,3160.663208547566,0
51.83856137031123,0.4533583003587212,123.76388561889199,2670.7517301787498,0
83.58014195302145,0.4097562346112247,122.71940590940541,3243.906587189652,0
66.71803727034765,0.47383988125460885,119.48081641223939,2819.120975409076,0
54.81512135611362,0.5585657687173367,135.11283124110741,2779.3414514350748,0
76.45063745959382,0.12391289118738369,106.87339439200721,3049.6924842262583,0
82.93175688218678,0.18612208092506322,130.21458104015377,2792.3721429977127,0
73.77942867878723,0.3726235222122085,128.2234229868755,2858.577783741358,0
70.42151613817511,0.5414278873557137,126.98399121329402,3070.7963865342012,0
73.40637767854093,0.4521453705696297,131.1697942764013,2514.177532566671,0
71.29417237599218,0.7956242452198969,119.07400604731608,3328.4838491856644,0
61.51952888059833,0.20352064260084624,101.31025924173123,3008.728026493148,0
67.85319323009568,0.3497309060793259,119.27707340285514,2741.4067975192943,0
80.21279905013814,0.8040183481982203,110.08805782375445,2796.550926142632,0
78.216785413765,0.5262238649350294,112.68140790141936,3198.3292756521605,0
76.6805980596682,0.6769685165602317,107.57580326167589,3120.2105870148207,0
65.0485151814662,0.9102493886538927,115.22655141556166,3277.3561314570425,0
73.18496837864333,0.36123911641963546,114.03376306016551,2863.4514310391532,0
53.22934953557145,0.48013713244159356,96.22430170072897,3059.316767430161,0
76.7847666388539,0.4455146198138257,127.00221911282289,3085.3135823567354,0
89.28857707813567,0.10908139910334486,142.20321858004883,3139.0535000504474,0
60.25867867957894,0.4379206392488062,126.06237193496288,3225.456224686414,0
69.14072326682245,0.6762124374761331,117.97076043465772,2856.5472188311305,0
78.2910677871013,0.6081179083624482,119.45253604323784,2977.165946447904,0
87.52842634427483,0.623816633877602,115.79014131986824,2877.970050883971,0
70.51775383699851,0.4248982038721001,120.90041583866959,2989.477625328725,0
68.07749670734104,0.3687805527988717,119.62991905926766,3139.686556412595,0
55.31076857583917,0.7538511343797241,111.58951569601706,2669.1928999478596,0
76.03438129308107,0.4005365707284661,136.8288838894783,3221.874313891857,0
95.42076040143743,0.5588164077586428,105.12845764290229,2772.16357514725,0
77.77358461964675,0.5326669361355076,127.18331543194246,2938.5259360605537,0
74.77721020816287,0.7923434032514236,118.98802372682468,3248.788384993225,0
78.22082310766986,0.694282471534472,139.00831815065746,3065.601943596681,0
74.88907996051398,0.2409482758665758,123.4086459924822,3067.905989652732,0
66.8698562773987,0.262489366644992,116.40094462816752,2763.8747909409776,0
83.23279915677705,0.6157819636138269,117.52292801565503,2791.1828128352317,0
77.25761523111754,0.4871324705241667,120.39906694519762,3188.2512793337837,0
75.17613251933658,0.4089656432092472,108.57209305003599,2882.171290903122,0
65.2463397272175,0.7031255767988942,112.33130474882088,2901.01762534003,0
88.03507931934759,0.5374918764177822,102.15056030808142,3192.7902502109423,0
81.6470274533311,0.5104914773778888,110.77023101625906,2790.0172909260946,0
69.47079162632699,0.65596572815101,120.9390648166045,3053.8470265772517,0
85.01824853681937,0.4249782010112871,123.0017504928452,3008.5814652335384,0
70.02429161614793,0.8137037970945109,100.20670305003598,2999.4628548273517,0
67.17996507488964,0.3423904753533984,118.627882969558,2896.3128736244994,0
67.40296882519714,0.6313858132684176,125.63409950822133,2884.0289637073342,0
57.28931446911909,0.786766567731969,118.37087806623765,2784.327167241027,0
79.71542380418205,0.22454090214558003,113.662113542222,3096.5330052082613,0
56.6885512166165,0.43133296482951017,115.87838854951787,2866.3701616966528,0
62.71556168734237,0.7284414785771116,114.59236645022779,3193.7489242334505,0
54.24411990921467,0.731448909546205,113.63269440891943,2955.0889916818696,0
74.13930307209107,0.46570087992235215,121.73823525244849,2788.3099021157923,0
73.49679539728128,0.35306578126462806,143.0768822773545,2952.437223570316,0
71.73303786813636,0.6911871644661525,112.56300083094817,2917.8285601727052,0
64.57422305329423,0.736709820516321,116.81857367338573,3201.8206823456103,0
63.2776624656336,0.26706733029752106,119.48302060624768,2926.1999621496934,0
79.64369863546574,0.2592172702067239,113.12645565641706,2944.757923759935,0
69.49448068291512,0.5450513363967199,130.98235803523426,3282.309341098487,0
78.16358321536144,0.6258721266857784,96.29114626693561,3101.65346429267,0
66.14751313875777,0.44018618295398904,114.68940829621324,3332.5412032006993,0
76.81062742771083,0.6358587639964699,128.18313736319962,3251.809000812781,0
88.03278037316063,0.3579726786325236,117.05905691611366,2822.567482327429,0
80.86165800392783,0.07706128018525288,111.79161041149709,3197.9901708800217,0
70.8758618178352,0.41521978553348077,124.40756754438765,3305.060658414918,0
77.57198970355927,0.5126464293026203,129.0634323539715,3306.562626464684,0
72.59334825469787,0.44483200802070866,122.10635445215058,3197.6191967153372,0
75.07880184694729,0.268279347268103,111.98779640187117,3193.504598981835,0
71.74388947851496,0.1368702048242365,124.56203319151743,2939.46779126489,0
73.3566479411461,0.3971822391264204,115.9795069972521,2832.523583130085,0
77.12093353074175,0.6795311543299487,127.45186881893828,2929.556536220509,0
65.06641300418049,0.7512394878827364,134.8325888485659,2667.042199713447,0
64.84121173010021,0.737542676827691,93.94423244311467,3268.5590630843412,0
61.11457446168789,0.3368180929702894,121.11067473195632,2943.3414081164574,0
58.9972889549629,0.2692587352739272,102.64266063052372,3258.266145812992,0
62.82717307779521,0.5993269229959791,144.41788585329772,2753.70008455568,0
76.5946250680413,0.6270200023195851,115.31875466203809,3216.5249842004423,0
66.07212484508116,0.5800339210400995,127.46373241825373,2901.023868364136,0
80.13614464231097,0.09718734515244731,119.64683140405104,2743.1261183381653,0
75.34713748752561,0.32662308302330667,111.96915419280941,3325.4236104319516,0
55.31495786561946,0.4940622419428043,110.77946952822573,3221.462333868155,0
81.5497558422169,0.5974436389260854,135.8567917310076,3042.358484037157,0
83.1079864559171,0.6534614725204974,129.55938060178312,3006.7875770269925,0
65.06137325165147,0.528850704456408,139.43584087377565,3087.902003763824,0
79.20191542894992,0.5661567613076472,120.55453335157699,3038.925715583482,0
66.43501762590802,0.5169730916722208,122.87919621246,2841.544809165706,0
75.97670376748336,0.6371238748436966,117.32808434344712,2917.5895460430156,0
62.35501593045034,0.5625731302981822,117.1291779688499,3392.1435664077408,0
57.06893547465423,0.5131475320094575,109.58113067522632,3534.4313485256025,0
71.17182810387031,0.44632624017252387,120.84010190924351,3312.5337010461367,0
73.76271053725164,0.5162582850084962,112.10753405113803,3095.6447880325245,0
71.02320306385396,0.5969182757678549,124.41908922164203,2932.450193459613,0
63.1596944177744,0.5534950777796123,121.7001021898021,2840.3628212206067,0
71.00100937868864,0.5761652836690507,122.87682043675723,2853.5435179139595,0
77.69294752580734,0.7685443722702372,136.75129939690225,2889.3464682626477,0
74.55106969877463,0.5530327845493175,119.62282050234408,3430.232808285154,0
76.82501030599214,0.37020029590536846,127.56727002853428,3361.2564592765198,0
68.29884799545768,0.6767213571988338,140.5150946408558,3149.255677987079,0
86.7171791471616,0.22676033246621646,133.06617069295046,2807.877364717435,0
63.238266634452195,0.28371732385214254,131.53169698454843,3178.611185342207,0
79.87560297086719,0.5671694529440138,116.933117844795,2952.276594297879,0
86.81891092959961,0.6032793335573158,122.29643055567797,2569.3981122711757,0
79.80908092748895,0.250989755299201,106.81723707970059,3057.4201274802517,0
72.9747577293517,0.42343650380264997,124.98914400964415,2831.617391833189,0
69.71702953337021,0.37878323355606824,122.74460177613841,2838.3893141819926,0
85.36087651046256,0.40266473542368064,120.23385125156182,2949.9184012863984,0
60.77025074738327,0.6887195552545892,130.2719478824286,2900.3354054115175,0
65.29875739620357,0.6413010927094506,107.92225177575604,2993.1486361791985,0
71.02442234508278,0.4961755640292585,136.34862851160347,2983.533889996559,0
87.37653757511998,0.3908076145770144,129.01764687940283,2624.838181430474,0
78.79767636040896,0.23007006595597185,119.29366020348026,3304.0555977765666,0
65.31954241489754,0.7840369877563897,118.51270412182606,2803.324655410264,0
71.89692294615097,0.6184227800569837,124.80611215248594,2809.5203229739054,0
68.85676855903705,0.3586661791853719,135.2085123206378,2934.2893496419406,0
67.90211007766464,0.6439198995249783,121.0160771869001,2978.333030526141,0
84.78889558556779,0.48595527588507487,121.44030901979227,3291.7959633663677,0
61.282568707364945,0.4425780990275314,120.18118477625872,3053.88469041098,0
91.08780855734373,0.5870423056579205,137.82024112701473,3113.293096821907,0
83.28229690184622,0.35170035001745503,116.31116897062977,3054.9072375166566,0
85.90861670603698,0.431248696097978,119.70492401380929,3046.2923164997546,0
70.37060487974742,0.5242922128399092,134.63435654260994,3061.9459006174015,0
73.50059280920891,0.4001097614229573,121.47010833612863,2613.4531714862123,0
60.66848185475288,0.6338170420535048,131.37058860045522,2950.016303032094,0
69.75337592933197,0.8738133007356521,110.88719943097041,3232.4522221142315,0
79.93654847643151,0.3491403734785714,117.94707478371485,3788.466202161337,0
87.96063061781396,0.1669749407391911,134.8443403844023,2759.138213492098,0
63.92843183197549,0.09965196650474767,113.23660284236455,3084.6159920648706,0
71.34494063014733,0.4699063717010036,118.48700960230292,2885.7906844251315,0
73.48700779767478,0.3673670819747634,122.56685230891479,3409.53038077937,0
61.04210797807515,0.5415721002134162,110.10845482007014,2729.2434478417035,0
80.913492417584,0.5265195344052203,115.86189881378102,3124.987898063176,0
67.7600966825739,0.17935663067718077,121.1263668182564,2718.557780099162,0
73.04609648822976,0.13702323410371875,120.46681734161962,2936.2866663878335,0
70.48050628088123,0.559186648069219,132.80352020837137,2993.137333850038,0
67.10661494280326,0.5270857669439915,135.41457194832253,3213.9383363479214,0
74.92955014519445,0.4148364003266897,111.43915127999088,2784.5666347682945,0
72.84390421431978,0.16857128297353907,121.1126851916749,3132.676609769477,0
71.28142117721335,0.5942782525529982,126.74248308424765,3003.7555446775896,0
67.71538378319657,0.7543799090847887,135.16347465799197,3054.558677257196,0
78.19524670782955,0.5555964880437845,127.18490297317129,3191.666542937028,0
91.53617268492285,0.33050522188698706,122.90913401592331,2743.4886613989424,0
76.39887232839128,0.5089104331142302,126.66542531982631,3162.1189946297186,0
84.9611821491113,0.226777183813263,126.73768834336259,2886.219029382115,0
61.097780748465375,0.7115921427677585,110.72285707715632,3219.1746909953654,0
76.57761439293769,0.5163688669059078,121.9279879250627,3066.911526907576,0
64.02631681028933,0.1463686176493536,134.5916099418869,2958.094323696589,0
60.23075072468099,0.4398651279112635,117.92643231305995,2881.994806181836,0
67.60628592540964,0.5926603020468462,121.29446642547444,3164.658998871066,0
86.91899334413573,0.43339047580489554,117.57483550473978,3252.1903370961854,0
84.50015828669646,0.4448208557119652,96.86140504393126,2893.429691827963,0
77.430047220544,0.25511955859054564,120.20590177234679,2773.3986868437205,0
59.672994401100695,0.6133081974163312,123.01791930652873,3138.842208589045,0
73.03719348612063,0.3703061599961725,114.87506609119097,2710.2938115932598,0
78.01700008901736,0.06871092459899342,108.45363051115272,2738.8975124834055,0
76.75536229578599,0.4257485258659212,111.19393540218351,2787.45994489442,0
56.56206416519254,0.6962299431140706,127.64187616135564,2916.9099033922503,0
66.09682151980128,0.42261411068001054,139.72524773046905,2732.733622156911,0
74.35922235851284,0.8475969970247041,133.82433340905433,2612.2400181236844,0
80.3629090951719,0.5857935897097034,106.55653995169448,2772.911161132575,0
53.03872178900053,0.5677516324560732,128.54627310550703,3128.494889314524,0
73.37876024520142,0.4743203468164782,113.3683762419071,2745.6911855746466,0
76.43048769878952,0.48634275844714187,114.17732937491223,2931.946064409166,0
83.49611988516213,0.4473152729760992,115.38024402028717,3389.3396924731123,0
81.92857584237437,0.4395461215834947,127.0606694985543,2990.165173994582,0
80.82571318808806,0.6061734324134298,129.59253376449038,3068.5061979459188,0
67.00059493298066,0.31283375404188685,119.01968928720213,2810.7919963496893,0
55.91997862876693,0.28482123425514805,119.18929258991976,3432.6949707400286,0
71.069472429386,0.27536098982492446,124.64263743235793,2891.741102172314,0
85.0163182520856,0.9091309095354309,125.67994539524241,2954.3790631096967,1
88.93454527524432,0.606068580334116,131.7622570675853,3263.4117355934727,0
82.10549102297786,0.560898440336029,107.15628024490802,2963.653151029276,0
79.29340822801734,0.2884970659413137,120.2002733980403,3009.577756535043,0
78.79639648385965,0.6246684601349657,109.31975624108823,2943.662335842174,0
69.43881253239219,0.4766857307093343,119.49057720936597,2945.0335243885547,0
73.6993970644638,0.54283378822635,117.7382471231924,3074.100402165618,0
91.6906952582633,0.3046759368272888,119.53250546097297,3110.5886378396212,0
65.57441994208124,0.5320537714835153,112.00257111889468,2871.3503137574867,0
91.14778790709852,0.4152332923587034,105.1271020679257,2846.7839087706143,0
71.77971845507942,0.34687776859396247,99.05562473285097,2878.1727822284874,0
88.25432109095078,0.6468212671614497,118.68819845735159,2719.7491971600466,0
60.93184990502462,0.1924584382939995,115.6899889416706,2681.9139482961405,0
80.8590420116465,0.6129552528628301,113.24062335196173,3059.4334294449814,0
67.63229864052379,0.6368972267105992,133.22548462831662,3187.7191606350225,0
60.847328080758125,0.32407126488975185,111.4056181320469,3174.2090586290433,0
77.18534042410946,0.3359343077735065,134.16834082138803,2523.601745372668,0
85.09471788595968,0.45539486374671956,136.23843744269257,2950.986982591348,0
66.55058561406504,0.5564072420924441,100.4909953321062,2779.581608881488,0
60.00984039541599,0.4694290016371549,120.9238145899897,3028.7474875641715,0
74.08155235665045,0.5867124920383758,116.00303509164009,2916.4352962381236,0
74.12564671222819,0.8525959305074798,90.88196055282734,3118.3823812489177,0
80.48319627554498,0.3984566461700572,105.55358746931586,2996.1693819197317,0
84.49594571364489,0.15696400585931586,127.74936107108475,2620.799621016422,0
74.40584818727505,0.6651847166061307,140.19199252711263,2806.5828254400917,0
93.55503314794262,0.836662915185506,129.02678142699247,3001.1570229653307,1
77.24234744535292,0.578553672610225,123.23632472512978,3018.022085846217,0
71.535734939931,0.2824502649292664,119.78667618368912,2718.8646384592,0
58.88432640897172,0.4752215273529598,136.82662914648114,2692.7080592907755,0
72.37340479683833,0.27629530315767353,141.4823920195764,3011.249067514636,0
71.63613054588863,0.6285710987925895,114.13157320475814,2719.2665387898946,0
84.6030479628147,0.22974191946031308,100.0001343968971,2666.274114699843,0
79.62483624066854,0.43997424263436,99.01812536728798,2910.9718974737316,0
63.206308783673826,0.2991324347412187,133.21880992159802,2902.31078173227,0
76.72254386411038,0.5253649370269924,119.52941459225613,2824.31990453214,0
81.71531171729053,0.4267316645724485,121.83241910458719,2859.2526086550074,0
90.28031359387833,0.5353524206500527,102.09349007043286,3002.767144644479,0
83.8750396741406,0.5044701109932731,112.46811087211533,2855.967419264036,0
82.60846654311477,0.3026681944551779,117.04519186099218,3014.139404332968,0
75.60085994615163,0.6253754127058044,122.0783838336407,2923.906292776533,0
78.8831200542345,0.4902468696313769,116.01407961086241,3033.530031077331,0
87.49504900706158,0.3022941984268199,109.62673801698658,3175.641113087329,0
61.6722260252035,0.9481853112411585,112.15433007397478,3167.849569078119,0
71.50560672783044,0.595286033343425,132.08323285947233,3257.6420942132168,0
67.27431251243759,0.46934788932013893,122.447846196035,3167.629379379432,0
78.79153118726124,0.7830409053403646,126.12156806955552,3047.7115063083606,0
87.30222175650788,0.8683631218773215,111.01126189122671,2913.313672471971,1
69.03025713278926,0.47093011553722297,90.46176514599375,2922.4478154367553,0
51.09695632530562,0.5694794972869524,114.76895693115503,2824.444538712838,0
70.8777925497553,0.3023994363994118,111.33429445574504,3000.9058582103116,0
84.13473732017407,0.4705614498463977,123.4901226862808,3139.477495742387,0
80.3762990294988,0.460187489248026,152.8572371368184,2854.866479423396,0
79.28186247810577,0.5369654067243308,126.95166017618256,2992.5564282672453,0
72.2000669812552,0.5665520957274021,147.3596015938349,2864.527554255646,0
62.209692637802135,0.611965689765612,125.6876969533945,3041.870866037523,0
80.15294321624468,0.5475285312599918,113.70113762427285,2890.12332321001,0
66.65718189965375,0.2578514746741671,123.47916078120883,2852.0978857411897,0
96.84096733380457,0.31230657885178303,137.8063859947771,2864.006661013595,0
80.70507208354516,0.3907184761072654,138.2956259632124,3100.6657547691134,0
69.1935169744605,0.44355188161535425,114.2466263195692,2980.650118933929,0
68.88614752611372,0.7101548580944227,122.53183695699299,2914.3156539999927,0
74.07055793386412,0.2674122026294174,105.70733120328855,3052.2809005094423,0
72.60498077978251,0.42851699036586,128.2466862469143,2917.09675650647,0
86.16833775529955,0.6906018996428099,135.53354699055893,3225.3035787371405,0
76.86416169744047,0.44002450510067753,120.39799454116016,2805.2267692613486,0
67.68368261091472,0.5920831299685648,113.32615945639871,2962.605697436544,0
93.90440685155782,0.4720915914144193,123.60130951277563,2719.0469556666,0
75.49308331520223,0.5513566514649446,124.17459031363165,2930.625121621981,0
82.68839675968897,0.4543054912380919,120.8114383184962,2664.072900458674,0
68.91773492555241,0.6334130945456709,121.78715124335953,3149.2633045118255,0
78.63115627744523,0.1909887185187129,118.26185149530629,3153.300753401116,0
78.11109991143195,0.427337598322291,129.95954928226405,3156.8340347448952,0
56.10350707903847,0.5593145353388617,127.36227445165127,3005.7744960348937,0
95.15275110460641,0.6067390496012386,110.16896852855851,2824.025919057982,0
87.90644460922547,0.7985905245507656,109.89409396841405,2839.93187359281,1
71.02804683854012,0.4217950666268847,117.45625582973437,3306.034411044104,0
63.977302595441444,0.7958963523721746,127.36837124105179,3287.1354207599593,0
78.47561613803552,0.3681952346680659,121.48057413890815,3024.511031390154,0
75.86697699414397,0.7657292823089288,113.56849589877345,2896.8731931839347,0
78.55668948563229,0.6634934253396745,122.6151859672583,3273.724684539702,0
76.9157739619409,0.31730828407355544,116.69189480477728,2861.099367723038,0
80.06240989305925,0.5614078474503643,128.8048646022413,3045.7698416191815,0
89.47305699391806,0.4897528328935617,123.33058435067048,3270.391461079692,0
80.68103205128646,0.6251169187350001,116.84721812547856,2832.7323000670744,0
64.50344501090059,0.45534568231333805,122.31518772046462,3165.8447171274224,0
88.62562852712452,0.4385507548676537,133.15048059524202,3104.112159168774,0
91.40614563488288,0.7738189165525703,114.30369923453623,2992.096691553688,1
106.52056734512085,0.4802558211088654,124.0265698164716,2801.313280173377,0
63.76505966760402,0.6652844648383532,119.29539659534004,2855.112047979345,0
77.42882013150275,0.45492970299116003,124.26983683862099,3057.890214570132,0
54.17901296811013,0.8333326518455046,113.4543505840427,2715.3326410237228,0
80.53149156379209,0.3643330741329013,121.10335433159376,3026.14877180365,0
69.51799701833227,0.3771712937505631,131.078232824168,3108.2101968123325,0
94.23445794824953,0.8049034362231806,110.62993018753893,3197.04403456182,1
67.25385029981418,0.41101072182094944,106.70594896674919,2720.3285851079554,0
58.10816962032739,0.8202148612328786,107.08544435513036,3263.2494594322548,0
70.2873625929748,0.6783681159189625,108.2933746979981,3339.072698835987,0
55.24512228782862,0.4690700586878333,125.95323287892664,3082.030313542719,0
82.5109945450731,0.13734130559656826,105.94140314134535,2792.390283715068,0
54.349169537436794,0.4961363391456329,117.0210465525647,2934.378142327952,0
75.28457581183159,0.5203260107066849,126.18289303310708,2990.4805509762987,0
54.22188180143803,0.7334435466608746,124.16659060548594,3054.0927017461113,0
71.79702195463358,0.8176894352480224,116.14441020037515,3004.3963105287203,0
91.43378155804534,0.36300256417125043,121.90923731755106,3056.2330285789235,0
78.60647891435795,0.6602363527976366,121.07145329737568,2981.8506485321755,0
66.36506395035066,0.6530804312026699,117.75759044451814,3053.0214189024487,0
74.68796511060916,0.714682540482089,117.8916528134542,2907.8953157677374,0
75.18016872044447,0.599737982427109,142.3542743475696,2932.3626566035064,0
79.72630345843406,0.111500461807646,128.09310903931302,2884.7949659046662,0
61.331416367191736,0.46891551349444804,144.80650917512142,3383.4519069008143,0
80.92567273847331,0.2688584850166169,115.03036867079499,3292.7801572348644,0
47.95608368397225,0.45947884541638523,119.15033403111853,3111.058838002723,0
68.70115447636189,0.6960008472267788,106.67874234723352,3265.061799453548,0
70.11726157548455,0.5610301671749945,111.90433197910428,3159.6922677955763,0
81.33326826071239,0.7296181732794865,139.019131486625,3036.254231902811,0
75.22630852676869,0.5683507841427079,114.77965710158243,2698.8857317960633,0
60.944369461437134,0.24033481206621948,139.1928130014446,2947.567215974972,0
65.15006874182984,-0.0041694013145469055,107.5663773932011,2932.9924215963297,0
76.98680009547407,0.529761752335918,109.46530965926723,2773.3849653815687,0
74.20932658135443,0.45721470672976694,116.5876877897658,2702.767545078677,0
69.20875890364253,0.3046108521236236,119.36250078320822,3098.543869313405,0
70.19166210488021,0.1598745500697244,129.23087292450128,3064.9008644741625,0
81.96167997159289,0.3530513573054581,124.50770417186266,2766.5206039864775,0
69.82307427130786,0.4611017030270448,115.83684742655973,2850.8242987127624,0
74.11908755970927,0.633175564741278,118.66684193481893,3232.2444546308325,0
96.69936588080543,0.5377262163135961,116.809370802153,2824.460697296688,0
60.76317363116077,0.8216134494345457,110.8534626467427,3034.1597807867606,0
56.481572684253415,0.2928791887909211,111.12037063398378,2962.0443400864037,0
82.83589664798606,0.6762117784114867,130.2788389143341,3101.2726942124127,0
68.21356938705897,0.5094597486257456,101.71835072072861,2828.778469468714,0
71.8176247225738,0.638933824823717,136.17358697445056,3018.0166955080213,0
67.18843621868886,0.4126970273468913,116.57005774397769,3033.7445154691754,0
72.40199859232487,0.714336074778118,112.2749139360784,3046.036161245844,0
90.98538112096341,0.5590449516690486,127.39759290697269,3015.8147715925224,0
83.0212845861812,0.3641110030164501,134.85216584147116,3068.921864118822,0
83.62223511886977,0.49759519421736237,131.17632441603956,3438.354066410162,0
60.837729442073545,0.4520888282125801,125.01852049359891,3512.2595553542214,0
63.488462634471304,0.5978356701275588,130.86863489721836,2872.1567718426554,0
46.60921340514573,0.26404465012509826,102.83502422856134,2536.3514039295,0
66.90619178917245,0.4941296595768611,114.78169458511852,3119.0990601443946,0
84.56703186385658,0.5790614505298661,110.88829939975156,3037.250491980253,0
80.16946515748371,0.5066046614386066,132.24638731215174,3212.208371836716,0
72.78486737047876,0.7693882488777992,116.16521981076113,3056.9771799430637,0
74.77699716281947,0.6548045548142105,128.45406556782055,3011.720787905144,0
68.11114457424594,0.49850384065185066,125.35856942488638,3225.7813191754444,0
77.04758882401784,0.5433378194995346,111.37693063836319,3253.7561176827685,0
82.65878279480614,0.5591331102963999,114.13041790023715,2722.6879882438,0
58.84113212589527,0.5806599208333648,132.93817690814726,2836.678762572083,0
77.99647687837349,0.1348684008670784,112.24517351315586,2978.8814081422643,0
84.32434870954667,0.4396947408461306,121.24867610195479,3019.6875247849166,0
70.8489971103663,0.20311218636131473,112.17458713673555,2954.8033593295504,0
82.00700612120583,0.7556561894918974,116.86047813084139,3086.841435572377,0
103.14654444472552,0.48783009599941446,119.53838056030028,3199.22095786342,0
73.95657207013107,0.4613318100640754,112.17133489702509,3344.5419421441457,0
78.93307050005323,0.679359466406647,110.39553046016118,3115.78260475458,0
67.61942916338609,0.5844649594899749,122.86273336777442,2829.533264309378,0
76.81251162602051,0.2742730971241586,111.55262591208825,2970.5247549604364,0
79.60271624982303,0.48581892749452626,111.89342444301327,2984.9295517480887,0
76.94842340270138,0.43296660535472303,110.6094685629803,3102.9280479962317,0
64.80304680291144,0.1510934222787892,119.22091953668682,3077.6336066867884,0
77.0636177132545,0.36194475335255905,129.4370163439984,3410.079330222302,0
89.62195938717636,0.4632919355967069,135.06528636312265,2907.6973729490182,0
79.48635764514528,0.4770098137016315,112.74081914006221,3076.9501067533606,0
84.61987189071841,0.20355371526453825,141.50310793331212,3470.9422795488185,0
72.62988029987372,0.7303331166094951,109.95295139293204,2882.95862061928,0
82.49900239423711,0.4795793882217122,130.8354852332787,3029.0297392340713,0
77.79267838216526,0.5075106153321126,112.78303545984558,2811.0238997751967,0
65.49089270312768,0.5801283276679674,111.2907673012999,3016.4173799254863,0
78.18521004798875,0.34238474921926576,112.55243843215611,2843.9565703724716,0
65.08303336559689,0.5912711946265392,119.47552300350881,3209.3601806982692,0
68.67119725115208,0.4265850707963634,125.7997217103361,3029.463771806279,0
76.89328307292374,0.32068289187056165,126.69868037904823,2812.920548003541,0
77.97244273380124,0.6146894986710798,110.56014984652111,3168.113539558334,0
63.10767534922871,0.7983347717603615,110.10340712488731,3035.9332077743175,0
85.53985771182876,0.6449658746971664,110.83361306636453,3190.563755444691,0
80.72006278300474,0.6845955130280862,118.88645597614489,2770.4674744104504,0
67.95271564389117,0.3958738786875402,117.89844395809125,3073.7648824497323,0
59.624152035508246,0.18047605416630869,110.49824537930205,3154.668338928942,0
73.55095420918569,0.7980275044199683,122.69603694063244,2915.3245019528526,0
70.5405628613884,0.910902977880952,142.62568808335317,2748.1994546063697,0
76.13140457053022,0.8085613547539364,114.95284538164849,2991.678500925921,0
71.36883338844433,0.4328428122040501,115.66488178796466,3245.623058756186,0
54.9254313925499,0.26907313225423113,125.59661570324369,3225.186066126811,0
71.11653061698841,0.2868634604360867,114.41183708263205,2914.3143130488847,0
71.94380888931687,0.16325348647719023,126.68964481718183,2743.3829127247113,0
81.3366102477406,0.47852427631799094,112.8145729322096,2913.7640559300853,0
68.0180032538895,0.8211355916164909,138.321196075773,2906.3044698536173,0
91.78674673372566,0.47166747362555134,123.44774972592295,3089.2893566609555,0
55.883594493482434,0.5604645800696549,113.79977050923289,2978.9996994191756,0
88.11167497802624,0.7751193928608417,114.11308300530726,2849.3471576525717,1
72.75681029121895,0.41918093763352005,114.86200247291966,3220.8526134521335,0
83.59584872343557,0.907106291343919,133.72749666248873,3028.085173488967,0
75.79801484058733,0.8984188814994907,107.31248992398717,3087.083130546188,0
86.39555536025469,0.47377773226390346,113.32058329540496,2655.0029131737465,0
71.12638035447189,0.38449314719615746,114.38339443074574,2515.1470258605427,0
64.01379574822188,0.6394476092780625,119.84312033243062,2712.4908437111185,0
89.20504287271064,0.4304950114962284,117.28890307353205,2903.891314878645,0
73.86519354117858,0.2686889565865327,105.08772168609538,3115.271203522762,0
77.2155847362421,0.756247730704596,116.00177316404532,2531.5506259185404,0
87.34751914044796,0.743289477455416,119.00449316815032,3318.5704128743973,1
64.68044757905565,0.5311023207527121,113.71902164920216,3034.113205354025,0
80.95490897639257,0.24742704925436443,126.86775489047665,3272.058998589982,0
69.10105243537109,0.2540947497565228,129.19408428753647,2822.8059835051745,0
73.67830644355628,0.5214458576838306,119.21613300270607,3100.771986834498,0
75.7227896538429,0.40002579309899355,122.3054158685073,3017.0391859941574,0
59.997781385530644,0.4317814135716784,98.38944002650729,3163.537262610911,0
67.21162957179565,0.7043926310120007,115.78897227838168,2953.2417264800565,0
88.5107289241314,0.6466358634845115,130.04821691757914,3094.643041801518,0
83.86191188584796,0.7756285360995225,115.76563416820723,3220.43906375424,0
74.37360422672765,0.30187535532454846,112.62738323608039,2869.7647412216447,0
77.43123458512893,0.4313616862626576,142.7768892603093,3048.44884649793,0
72.05757494363543,0.6517963390920225,138.19077190195804,2622.4275525555304,0
88.56583385827982,0.5896156682025784,124.67574912482158,3140.5006038126717,0
72.99647422205837,0.8064760765175244,131.38910611480048,3390.932508692498,0
77.31842092134848,0.5841073411808139,97.74064582041922,2751.112790450261,0
86.46030144142065,0.8696218208211105,112.12448559371293,2981.7237479144114,1
67.22628515154094,0.6080035603446281,115.30042126826848,3176.096260182823,0
90.58789184496894,0.712433489517732,117.64019901133054,3006.28349469331,1
59.69538590256623,0.43529701064310855,115.10055979026038,3033.0199102986453,0
91.29642131112799,0.5028574423767979,94.49973708483654,2921.8001116952723,0
71.27324416048026,0.6821888807678951,123.8602461870856,2914.369549382417,0
72.57301252174719,0.8225956341186109,125.43654128280606,2982.6611692829247,0
56.09989828817057,0.6458473898621506,136.0189879158998,3008.3342844278714,0
70.45205282622307,0.4833656456130761,112.11690735225037,2763.711747684538,0
64.60193468973115,0.7754670059056683,111.29836842220098,2986.795602810794,0
68.92353654626527,0.061604268744023805,93.20015514035532,3313.7067877418654,0
73.62689034211121,0.2155530996986253,117.06433163409113,2916.173241282219,0
84.57791614472906,0.6363268447336778,129.01111781062173,2752.5490034250743,0
77.07603351400626,0.5028216712506249,113.8823213780728,2969.7167864027147,0
78.07676653401114,0.6211027302248331,141.43444818543648,2857.0774375751407,0
64.04480611154437,0.5128815044863884,117.43405164210476,2732.331634935612,0
66.1924591039727,0.6141891389207745,121.46992284288555,3027.833692346524,0
92.98725018351311,0.33711943580136183,106.36896919418406,2857.9435925697844,0
67.64798965236753,0.6140972172159381,122.8722034517528,2875.057166629345,0
91.56208252057296,0.6988829056415169,100.20680205147305,3030.685476077078,0
72.56938801119134,0.7441101207862465,126.93697955013145,2693.365080927533,0
75.02287936143505,0.9027108589297399,127.24428176235412,2651.686069949775,0
85.7036516022993,0.5488196887004773,133.5929142433651,3134.174438900386,0
87.71892421938657,0.5547822173694358,109.80031281232311,2613.8332798551833,0
73.89187439720912,0.19536550716523043,121.60562118297419,2804.664460938529,0
71.11756946478461,0.393717719772315,125.63816559386504,2640.0320929223126,0
74.44079551477788,0.46138358519867745,124.4228163833031,2902.7727066302336,0
78.37957528232118,0.7100639104552711,111.3470072486515,3085.6117495302333,0
83.91303686869756,0.3777997751820742,96.0801811044386,3022.4675897464754,0
75.04229858994151,0.6592680039497665,123.46960296884481,3478.374677891457,0
81.18886298023153,0.499675656607324,118.4750032169008,3217.3831235578,0
91.3835973227094,0.4645663769770476,114.33329407038559,2813.76842996868,0
78.81309612264785,0.5497787938266513,127.63945363715466,2760.5889990347177,0
78.11652856004778,0.42176872554943146,119.55080461845567,3541.3375881951,0
59.810891749099326,0.4141925503814669,106.80804947232201,3212.5144011466723,0
48.69269863170936,0.15904281884197707,100.68547710903778,3117.8739214539146,0
78.88375729230168,0.4504091585344221,108.71036734866834,3014.9703624431236,0
74.05175768719128,0.4040063707702547,143.93012294766788,3054.7043134950036,0
69.85217325085259,0.39680380213018407,127.22776773932773,2703.585344903515,0
77.43530204186345,0.583374612518008,121.88612341975012,3031.4078340393535,0
74.39596270803092,0.631726390558102,118.18339072814196,3014.246279491803,0
86.27780250633899,0.5464389009284655,117.52607060052564,2819.172231379704,0
75.86110868258977,0.6990830380898949,131.67195983359096,2892.294709286304,0
67.53076714929833,0.615112385166073,115.09404258096569,3303.035278688711,0
84.90166238959289,0.44098876203887155,125.76920410684292,2974.9650159410276,0
72.82868925053798,0.40742874285712405,116.51572049708406,3414.2342605066224,0
80.26536683672308,0.5625644473533693,139.40156631835063,2651.8641127025235,0
70.225892938072,0.6147534219803802,127.42288507578304,2895.5739627548505,0
68.50173114502563,0.7795688614062997,132.45556814683624,2690.5442897506164,0
75.84168230185696,0.7382346089880192,114.15590225311762,2758.115509221633,0
75.12828643543685,0.3917053986985662,130.58136112567422,2834.3588588681405,0
79.79827035366833,0.47959874397454766,116.8742257460531,3063.061925354118,0
72.31354246690258,0.634203560983554,121.1003482393285,3053.3652342160776,0
56.63640216229602,0.7135995556117944,136.35047670619457,2864.141936074479,0
70.67226116411611,0.6877938937409585,109.57224943243581,2554.4400885326836,0
82.93818467143815,0.4872244334337307,122.032477313054,3295.5385746064308,0
72.02623920756893,0.24919546951429666,124.38005258518727,2942.847056792729,0
72.53616597485453,0.30021272475088173,125.2000438080081,2776.741965939772,0
84.86376505905938,0.5545267028638828,115.49215506906535,3054.9861562140177,0
67.88026772741077,0.5684451158848691,140.8626410080808,3040.889034104635,0
59.57196781757101,0.280264125313123,107.0506811465974,2935.464707000007,0
73.39368880474505,0.5089139221778544,134.5888538863247,3029.706203128301,0
70.15826048751263,0.6262448713943567,132.1506560559164,2768.994031918396,0
65.33753680246745,0.26975466849857116,139.00888789603684,3151.982568635297,0
73.24621544101309,0.7209994403608829,104.1177290129218,2800.626581048626,0
79.91505647246784,0.424493770288035,111.3116851211029,2878.8860689393136,0
74.90711438432184,0.7515226225153302,134.91943059161642,3129.760363230315,0
78.06981072686237,0.3933095108448199,101.22960845369691,3240.7917930020467,0
93.13407698515422,0.29467490342316416,103.93541098959587,3317.1549136092676,0
71.57121138442436,0.4083726020316561,115.11692213288508,3211.1596476933146,0
77.7834863464467,0.48097037538453596,121.91993788622267,2935.1855632396437,0
69.90786637400865,0.4223040186457038,135.92225073648774,2691.7933861799074,0
66.53640280113027,0.4567997156853773,118.14734085069642,3281.0111171205785,0
69.1509234658223,0.5667930299352381,113.9176085193546,3274.1391977809953,0
70.21241428478311,0.4657641260407201,123.11389937696427,2865.604769329301,0
78.59475797547125,0.4867775212095986,124.69596483294401,3184.237807564912,0
98.49075786700757,0.1581547201594808,124.41239822170272,2933.564441213852,0
67.83956563724159,0.5783396032020945,118.22013792048655,3300.2553767023455,0
70.83374694384537,0.4821593404616664,100.44913886081851,2897.0270675192437,0
74.36876986888751,0.8220585960965743,110.82384010893668,3395.7302575097006,0
78.95798848709747,0.3120869665492083,134.2027108526746,3157.224109519649,0
77.63550811954785,0.13834093430009708,121.87068937976599,3359.508968937197,0
87.84095793948117,0.6236136987860084,116.77477880892943,2907.2405460700243,0
50.73607929464792,0.5693054036626001,131.18168548373976,3081.005920888839,0
51.13070129804328,0.2983133958937708,108.69883367631051,2806.144160331127,0
70.0412182798985,0.19405020899918168,117.74651866286992,3168.7978504238395,0
85.97300187543709,0.807479346136858,121.37758405174037,3179.808306567425,1
59.34351968394404,0.7828220781213564,115.58622496705371,3479.4047836402374,0
44.92367660306243,0.0025086482587741155,121.00762822901599,3096.40795944393,0
80.71179406219208,0.4083553941486998,118.12306068578235,3144.818840501219,0
77.43657223702715,0.8328384109567799,106.00656952214125,2905.8339246992437,0
64.0979159320057,0.4047874884444266,121.81477881879056,3108.2758745270476,0
65.1446039927907,0.40187755319466945,106.71648208487133,2924.021758262483,0
65.30256280365326,0.44344813447412634,121.65615125096723,3023.1721517684,0
76.1053531747394,0.2758206052463681,133.7413582415011,3034.903132309159,0
68.73684723816993,0.15904485115439115,117.18976802723945,2929.5390253301657,0
79.9406391897552,0.7105094621469498,108.28516870029014,3012.5890193083987,0
46.45373337095609,0.13141261875046484,118.73012186795019,2924.940966057316,0
66.431481348722,0.5494542904217512,111.68028891921469,2924.0537749932323,0
63.7394603908895,0.67731589855153,125.9450900263147,3215.3329303004543,0
72.43659321627507,0.2097547402197683,118.52011252477146,3035.0827283652825,0
69.61952241509861,0.3151463194809857,137.09763251664572,3069.4132544400554,0
82.97843779895767,0.742635837678318,131.6298959567734,2708.5390462028927,0
56.406632283399425,0.606578344045408,118.46919495518597,3084.691666366078,0
75.45491476330751,0.37654285862422254,127.15609067973091,3106.0846927950474,0
80.58336423211705,0.7404498006722342,116.06763590837154,2920.3322754622495,0
93.56647436561954,0.7413071446908605,120.33956885165168,3417.0059352521384,1
70.18234028906525,0.5538105386031414,116.38565803649688,2542.154547163187,0
78.24458604352517,0.3199679544252674,127.66455959849709,3156.8734271541093,0
56.96137207437635,0.4173102593056409,134.32988276709577,3142.5609609909725,0
51.08043795686976,0.557277348791078,127.98648207191144,3108.3165863998825,0
83.447743757817,0.46228103417050237,129.21936601285356,3035.2425411277245,0
74.94439706351929,0.6877914356469703,129.2303343723573,3110.1358645250075,0
86.78512689798423,0.19404518397813275,125.5125592233471,3173.6350959111787,0
61.26597111030251,0.20114729418675226,108.60713840789732,2854.8224832336014,0
80.19902139528753,0.5361742222964865,137.00971519416498,3059.8391244360178,0
93.68817840543853,0.40169111723861906,138.04410826698424,2963.336631595339,0
79.19705608357266,0.3745902770604518,117.66120396686631,2781.2463199548984,0
77.7658150559105,0.14638865616512053,116.29302084783818,3143.433994922658,0
75.0855608082435,0.5039091689596363,126.12411652915375,2887.1279150631935,0
59.291185428740874,0.48944897839984686,125.50812835183505,2700.4282650441064,0
88.55572935710347,0.6306957963903481,117.98053931246982,2892.17786785967,0
68.89142360194934,0.5137812266241945,107.49974344412396,2840.220220381374,0
80.04483256383017,0.4734791843519007,123.05701190749777,3205.695801838022,0
59.36965693428746,0.7354001273580675,125.51436538175545,3030.6386281116156,0
63.2054033549222,0.23750653931029003,127.25821148038797,3276.476549137988,0
89.35087399222235,0.6072778437695152,123.49292772354208,2866.6887537533908,0
71.52697711042157,0.16577056704093018,117.28884851638091,3174.8339743793,0
89.53275476042545,0.33232762399983845,129.9400203950628,3567.9245829615825,0
74.21769340941482,0.25746857347533725,120.65848497565918,3071.206493425428,0
56.58102227042143,0.6563885070903837,115.3507698563528,3172.3297724646304,0
83.9206759973172,0.4869179532809212,118.1934661795428,3138.703532845081,0
69.10107682244393,0.49729935108140466,102.54030967525019,2715.5849345148345,0
81.98688813517043,0.2786534024541098,118.17758175821461,3117.1634594934903,0
75.25210867540082,0.44006130081342215,126.88436519874668,3061.291264129914,0
59.568817720571296,0.3473069393381777,123.3978302213923,2948.050523320338,0
76.64294765370569,0.5766910029708432,135.20664172981185,2823.192725159024,0
96.96223142152799,0.30178177293367725,117.37025085984295,3138.796648065407,0
79.9298645851446,0.7659588730410152,124.87313163053317,2805.5192520778755,0
74.42482246994537,0.1648839100751811,127.92740176305772,3426.7291209363793,0
85.75343401956897,0.3386960335086877,143.42857008287407,3022.8338166976255,0
77.1066846520311,0.8354401019932193,121.4476549111764,2755.338590442699,0
77.09534230262794,0.4129722504075931,109.55812821135977,2897.2007443343323,0
64.08374827840898,0.23702426711911762,128.47928753355282,2944.3731323420366,0
77.33848025789598,0.5438143125075338,138.65727355968457,3482.475330784769,0
85.35443416416945,0.40492155155709153,116.77451289773379,2823.0822106381006,0
66.63937847899976,0.3328259488763388,128.41081538606414,2976.7565473497225,0
89.24495821246947,0.2808258378402565,132.2872805522892,2892.4343260269957,0
74.08293975854875,1.0536747211251887,130.17065543970153,3099.851697116333,0
66.12230488461459,0.4496896199631727,121.25558522473578,2895.623317258991,0
84.97632076920245,0.11488652793342458,113.01526241786854,2772.188666772058,0
72.13205764261731,0.7987419518011069,119.18720451986414,2960.9410840407604,0
82.59514887486108,0.6222141810221141,124.58600453877631,2940.1212313335513,0
72.08241367741462,0.34670671379604245,129.0822252409173,2881.5511244751974,0
74.40173856470096,0.31337618226277164,123.33945047999039,2892.2379282205766,0
79.93560204334291,0.6346945592316462,116.20092033459423,3236.939159576201,0
77.90897057590006,0.4506163345021091,125.55379656149769,2936.0519571464993,0
55.044682195482615,0.1148044363109797,128.6008506774282,2773.1744675043133,0
63.78756259905608,0.8574479929209338,123.79610056414481,2907.5768072400288,0
84.29409984790816,0.4132019075568086,111.63812885461675,3010.8671318930783,0
73.67863411098453,0.7991143472964852,118.1859396528281,2732.7460726897293,0
69.76268697228578,0.755686991593143,129.47820776412468,3325.1955920012797,0
61.41425984742526,0.29979809110343714,106.16982191255526,3173.5158955012544,0
64.20263678724152,0.7066379728726295,99.06821977608841,3286.034548723756,0
54.78201360038052,0.3697114900272638,135.0808285014402,3078.4256250975363,0
73.98719281298467,0.12665988263921157,125.11415255021879,2581.26050997398,0
69.01562419418953,0.4150803667955715,126.06730002520106,3307.0667433277026,0
65.33412109014685,0.5795275003552558,109.23183026372944,2827.2863280580214,0
74.31876574832047,0.4074526704007324,127.37528063466539,2843.56265119958,0
78.63970630852738,0.4385903318149797,122.75248687568364,3031.2650287910888,0
95.93197932209945,0.7287132089857226,104.15672422151603,3275.64596933403,1
59.88116580436787,0.5212987960580183,134.24283414273856,3210.65742679048,0
86.59381043300522,0.3313403377430095,121.58683323618729,3181.256224035204,0
84.73101561015072,0.6404060647334653,116.03916033920731,2937.6345894250894,0
67.209072606233,0.539535113390849,116.22010254014782,2934.478494781578,0
77.03235954586032,-0.004320960292408582,99.84778094567623,3069.188733596013,0
70.42366750662384,0.5856705827542897,125.93336599631364,2973.9858317432936,0
76.85688580418739,0.5783657415432203,122.61857207245725,3177.8635814658705,0
90.0913101340455,0.504024225916172,118.05919867666906,3166.023532899045,0
81.05606232631312,0.6783401162139151,132.78485207451672,3118.268264234541,0
80.08608373233442,0.36552128313469956,106.16140981004155,2494.8077436461244,0
70.69690680045358,0.5672999577641802,114.03227523632384,3025.5976727354528,0
60.15943335075665,0.1866081257665294,111.49991745239615,2978.2292238534596,0
72.91531789459592,0.5814180766797663,117.21205020228447,3033.6051203519064,0
87.06608154863915,0.8906119391079793,120.67470025257224,2849.1350722907187,1
59.72832143410352,0.30102872950649173,124.30013523811355,2735.042817920155,0
64.44910631823305,0.348039573602445,116.53026546894883,3092.6276959950083,0
76.26267736234068,0.35799691142168955,111.22644264845107,2928.7397364535877,0
65.15345215152738,0.525999645160319,136.86006949770444,3114.93859874152,0
67.07476552884788,0.28739274542925636,144.1164019178857,2865.8171244630457,0
70.76401418271823,0.5842494757381961,121.43286671882025,3283.1821280985355,0
61.343825958098506,0.6693679890938331,112.43219632979132,3200.2129685141526,0
65.25878153783631,0.6068694426907568,134.75454131042295,3059.365421709176,0
82.03427916787308,0.14631691487238552,105.53242893671535,2957.3423173228107,0
61.92630217769036,0.6990335330317212,116.65226675295172,3170.4817755596396,0
59.021278655051624,0.687473482850736,113.03882948653698,3078.509563047481,0
68.69975020466106,0.6660322744692608,108.40464449549512,3047.716837586121,0
82.31955502509845,0.5745684497311649,117.1997576707823,3208.5730819119217,0
73.0307819200311,0.5440378628410265,111.35827920826036,3285.307230881328,0
70.35418921884381,0.7064778796252793,120.12654464148655,2749.517763102891,0
75.44358797515608,0.8847026975206909,120.27177167672464,2789.923178530039,0
57.54292567140348,0.30939190732703004,113.78668276478021,2843.9478549042406,0
79.94705653775033,0.7156250791589543,116.2948664340613,2699.51508047129,0
78.83435031403644,0.48275658039850944,117.69151032096289,2987.4502948861696,0
70.90691525904279,0.47406538959427985,128.09846061119427,3120.0232910489012,0
85.05924511796417,0.19269386192359228,118.51570598935814,2995.7163410095327,0
63.725039010469615,0.44304211809692096,128.24701740786097,2893.1756716774207,0
86.2790899325357,0.3005470084063169,125.85812983554655,3225.2915514258316,0
76.54493665595251,0.40722911409881085,125.71530696900741,3028.11128064135,0
71.63447410121826,0.28036272324437006,133.87845970345973,3068.5965934732635,0
74.80126364631688,0.4102183225373987,108.8060912025409,3230.846960979952,0
73.92735234189058,0.41877792859531937,115.26816893692886,2975.3516122297733,0
87.20282896417717,0.5193509836877601,137.6329880029957,3412.042814524936,0
64.23320872528987,0.17705002754173377,117.42683499410732,2910.436999225647,0
67.37480760853401,0.2108963704509353,91.84876310094151,3399.58964090258,0
85.3630289207248,0.5723828541461053,117.97031656852114,2805.052963617516,0
69.04465064816141,0.3405123765859802,121.3493953016325,3103.4969805760884,0
84.00533077331592,0.7149059580459862,93.82886882568789,2871.4935662387525,0
91.99435983008709,0.5450539444030094,133.3393563988795,3223.9132233962187,0
70.98204973058367,0.6213524300412815,112.86287536134398,2904.3534784283142,0
81.81362326575305,0.782138464084179,123.28563115187515,3058.1742381288173,0
63.46307718660142,0.4380578376386855,117.74018454655938,2869.891600791686,0
82.54733298067809,0.3851026589167449,107.11648580795958,3187.4450347333227,0
76.99423985986768,0.6743405171197627,109.2949186536458,2868.849747872172,0
79.73038282160215,0.6019027127859372,110.64917163572453,3336.682968948534,0
68.54427927964605,0.46253393803573983,130.85671909183637,2800.800578607722,0
58.389165844328275,0.7782915933911885,118.52461811899848,2730.874416334371,0
80.03252064749505,0.45755113803201386,114.78134483448254,3190.3104156158174,0
54.365968475205456,0.5065547275111563,110.65391087409769,2881.6712719472957,0
71.82649507757465,0.5042445301668517,131.96150221526128,2998.5525373100927,0
84.4118186641997,0.3130812210203058,134.64201272523587,2935.551769232856,0
76.91897735873036,0.5155170778972782,131.8474389870668,2737.478346569462,0
94.48342644789813,0.7793520354796983,124.92437339154166,2984.6012671723324,1
85.25109152581774,0.5889936630752352,122.89830041870712,3252.9831789944606,0
68.46101611674423,0.5062126852797862,107.84062182024098,3200.627400661113,0
75.27313379851438,0.4676465437668662,117.54180873288942,3046.358552525185,0
74.52629297455564,0.5661734056812703,113.16139796653563,3222.453658607021,0
59.17823236653873,0.649953325697837,101.7448789101529,2788.0962830611647,0
65.59601083515646,0.6218477661779506,130.57043419165365,2934.9091342189986,0
69.3923909302014,0.4336270276356042,113.04170053607724,3079.1609881460417,0
54.637794971440634,0.5649563188220229,131.95941907435306,2973.9170346365777,0
75.47493468251643,0.5959879482296557,128.8174640076001,2950.6353339046887,0
72.50928155346959,0.2985610024946043,125.56717976633419,2759.871253535781,0
58.27106098688426,0.5336461082367389,126.12884071763183,2583.731722271458,0
79.04212865277331,0.0677392227395276,113.84686117926293,3163.5732849899273,0
82.1587274469096,0.596506741964237,138.57850151290666,3048.6443146504453,0
77.27034478864888,0.6320686109125363,120.43125430953049,3180.399675642019,0
71.7593182479103,0.6495092251572919,123.01931685118704,2912.552811568325,0
80.91442151751855,0.4209906295660865,113.50923666433361,2857.444423034481,0
81.80220360476692,0.561809367004807,110.6883473922304,3001.309593327327,0
78.07403569719689,0.7847907691082334,124.77296008809424,3170.8399297225633,0
66.75387749565239,0.7827539296582517,122.17513495938786,2953.709557002469,0
77.7660076551118,0.4941654601546879,112.10647634097423,3160.357036865697,0
86.95480650825479,0.5278639261459119,105.61573281224597,2798.7383988813826,0
69.0337094138827,0.7221822289468867,107.30076912672453,2967.7105733660264,0
95.97939339132431,0.19983959694756503,131.96133717091107,2985.9771711843937,0
69.74369066014616,0.4353848514645951,113.86746185349928,3245.277988784384,0
75.32407013340136,0.7671140911073513,116.61091454324166,3041.525479603182,0
68.27514403993663,0.6950401083369533,134.5034025875906,3349.215503658839,0
77.2327083592026,0.5738527555299809,108.77849438513586,2730.4630400105034,0
57.57778307364725,0.1988335189338759,112.73005174282943,3025.983780882256,0
69.53958201183279,0.49001795339176757,112.31233171439307,3035.8796078360892,0
64.07878799651434,0.38201692075001337,136.1806848116604,3124.0186395173732,0
76.35338347892291,0.5662077805634427,139.93383500582414,2837.3280127102216,0
84.94447375508908,0.3381306630410239,127.51563225402171,3336.889267882167,0
81.46006187114551,0.2948553210050785,127.8338472415424,3002.592788294352,0
51.28340639141108,0.08702694446327164,114.19644997147269,2782.5864974130163,0
95.4206965292788,0.7443609369953403,139.47328486904283,2996.7950019172763,1
77.95279940620868,0.4200458977113885,122.67696254358663,2937.3676954239772,0
67.23500859507,0.531429156740507,128.5311026444974,3556.647028449466,0
76.5712791899094,0.4995523767051638,118.94475061229046,3209.9887199050027,0
76.76189822502693,0.28651321340790015,117.3196741267239,3009.9322711416435,0
68.33151283048436,0.24818701771036134,136.63042259596116,2977.616662960159,0
76.97916667342075,0.2989369748005529,125.39723679738307,3190.211372496293,0
68.92527712379693,0.3553663122341214,134.5137546107038,3199.772432065643,0
70.95638007309978,0.573321249402761,122.55328171745045,2417.6900161358703,0
68.13720864244915,0.3408564672958777,111.5163346357691,3128.5986309466666,0
60.673287102603474,0.8492981263189243,114.16657067121513,3005.5933087957255,0
76.45836470215384,0.7054302071786303,121.0296524246461,2737.7712356426046,0
80.85299436516338,0.6616719099331416,113.73499783956673,3176.0428279248354,0
80.14883596076372,0.47606821950537,108.92538591372309,3449.237602711653,0
83.19925252635234,0.8028561471440967,132.01417031787025,3111.359189365556,0
78.24340210014869,0.4563988737757752,114.55129929176488,3220.085688451373,0
69.67274501783096,0.4937477171691508,121.38192747791321,3360.8238183928806,0
83.39663864431189,0.5339949079498538,122.96133589885605,2833.9475698559895,0
61.42482460158065,0.6403646081086688,114.1184687467943,2628.4857109666164,0
65.9932861748752,0.6273816158005971,134.5079946630874,3131.3732126619,0
65.35799928576755,0.40497494431107933,108.82858238795387,2950.47769271171,0
85.80056059139311,0.39340125611480925,122.61625263580771,2725.1653095256916,0
84.42788514140075,0.6279805914304168,122.46117706376583,2984.3660127728413,0
79.87305237044995,0.6430473167782466,119.45745397135852,3145.5094747581243,0
85.71929865211797,0.42132977503542546,107.03087386728018,2970.205667047128,0
66.20717217588012,0.1825623860643092,128.70817551863465,2842.6344738529924,0
78.4859511986098,0.4585367807983511,127.43510670334597,2955.298587940698,0
73.74825571616836,0.6247051597651717,113.24431471408784,2996.104706939731,0
83.46882103884914,0.8610833692839561,127.07487207205362,2614.1035474747837,0
73.84775767447802,0.26040840753186756,123.74907686300776,2971.4450093658616,0
71.15057111589918,0.41468574943388525,107.19387854638892,2731.131905571022,0
80.4090851856099,0.4221192876949247,111.46071085428642,3131.805190404219,0
83.76169167191233,0.7711610678863003,131.3828144488958,2687.7914848826445,0
68.31654805153198,0.4930116999082734,123.09416185142051,3202.538440910187,0
74.38924328647624,0.31853468812554686,114.35697054189374,2918.166986157212,0
64.41559366358348,0.6117390565843639,111.41524108827358,2891.4048586455974,0
50.019389825070604,0.41907229599181073,114.84606201884579,3058.8909194603943,0
77.00459631413729,0.2551225453284091,115.55520470122295,2826.7931109553215,0
81.08905356254633,0.32144533854476987,111.54036967370749,3055.7491508260127,0
77.62066809086726,0.8468083908845239,102.58235887616698,2853.578245062326,0
55.50438282245633,0.5768418443298925,131.40013286400784,2888.653097535046,0
71.49150569923525,0.5215520110905086,129.70633672611444,3081.070833865827,0
52.81652239948919,0.45002125283759076,107.2674454819314,2772.2838532531237,0
88.69701107654186,0.5584297684237598,121.36311295563668,2747.1325396475286,0
64.13945417881914,0.5560471892004989,110.97761797285233,3049.645101482068,0
87.55403609459896,0.5584337656414652,117.38432776773465,2994.620029502123,0
84.45869643684145,0.5229690180555506,116.55233420126343,3033.738548961878,0
65.99409647463938,0.6737596676611098,115.72165784282127,3065.527847344284,0
63.672150487322554,0.5046208692001463,140.02947084076285,3011.475110761396,0
78.50370216386338,0.3044122328894723,115.5967431532381,3121.6185247934136,0
66.55675962816929,0.37751542181982634,111.91736174933075,3019.487257395732,0
76.02484642158207,0.1041962613020575,112.37418570502952,2598.5392200649394,0
70.17172409193081,0.9053634232084785,130.43776956401754,2650.423081067629,0
57.18841585534366,0.6725509183905374,103.47897668307066,3385.5898360484166,0
52.695319808755414,0.3339859009741526,112.37377083564479,3000.014373411773,0
77.26684248494597,0.44363103012058,134.46822840111534,3190.0483303434194,0
69.38442253669375,0.3726247051587133,122.43986187997646,2930.8592188745847,0
69.46910183085868,0.8085094422748234,121.91922005036113,2988.396981121214,0
81.95863839093785,0.2160245671458142,141.32146460143701,2909.327069145831,0
86.73442276632444,0.5228952117637559,122.46347952948499,3493.185466292273,0
72.2745527863819,0.47829443148703044,112.91813838640418,3050.6484844728284,0
71.59401293090139,0.6653677261418229,117.17922943123651,2893.0284188987607,0
80.00143033113883,0.479198154455061,108.64567690969432,2669.692057313962,0
61.43064430300424,0.14835822466891296,132.55937040015698,3394.7466885471704,0
77.23153054747696,0.4497764330715118,125.74561717536716,2967.3443229543395,0
80.51885971822153,0.305567556411335,131.2441414997089,3148.8458239123192,0
81.80230208417629,0.5159159093113121,132.12983928549372,3171.199458061309,0
55.63247297497535,0.7868354073040653,115.85789219072467,2907.433895313926,0
67.3864473019106,0.15211495115354434,110.5524714799111,3134.490555077231,0
66.21736747176533,0.3399554529200193,119.48286888691955,2879.1723426496765,0
75.99886954409213,0.3894614092433006,111.27238929211461,2801.914727592117,0
79.80744579767983,0.42367378091735775,121.64956875409025,3232.8929385024426,0
89.96710407445981,0.6480251328210489,131.3209688083469,2968.36212403556,0
70.05034519631927,0.4652911164877225,118.31860353950833,3103.702566720531,0
70.02427501690786,0.5831605451440891,121.49995089907739,3082.184198776354,0
86.49672018878746,0.3748453912536447,119.06154383776634,3127.586392011058,0
77.96576938530305,0.5459848690835876,128.02727572437698,2688.692613159675,0
87.67651511187974,0.655559526175543,113.3221760571171,2882.941893736726,0
77.88728003009837,0.3535400900525823,98.03553738356901,2935.104968500715,0
63.42883381286729,0.6562716239613029,124.7086885937538,2833.704265419702,0
61.668716452221936,0.5104745537455136,129.87834421307994,3085.8013696032776,0
59.48487750941071,0.7090920480964505,124.46374244758536,3237.3786155191797,0
81.62051834758473,0.4597160199846053,113.59769504531987,3269.0369310692595,0
86.88596823087008,0.5762489310324198,108.64987901813932,2932.1590469580233,0
93.4936214138638,0.491878753664294,124.94497531780321,3058.3931724915815,0
83.4310533232324,0.4807575475918842,121.41478952934673,3089.12870089802,0
86.62838577534986,0.551786085645138,118.74207372341671,3124.251218840706,0
69.19983667346315,0.6073614938449807,138.2246334299379,2824.372985385471,0
63.43584183256144,0.25008701761519897,110.53199905818668,3364.1160536529933,0
83.50079332417553,0.7867267217635756,137.75037021127466,3185.304036869289,0
79.176807522394,0.1280673918900403,120.3178390487064,3190.5298687384884,0
76.07444374340892,0.3630375780522208,101.64429523129125,3240.6920113800793,0
78.8737148063299,0.48114618584701985,118.20797345680859,3106.827188453197,0
78.23185482458206,0.5824711938171896,129.59496076599441,2794.5373153898054,0
87.83816859853562,0.8152345055482757,116.3494496719503,2972.2054536889787,1
87.94985584816956,0.1283417023549785,105.25221458761605,2669.789320987617,0
80.44220352340346,0.39846117432205785,118.3548546820383,3083.014501939817,0
83.45802872562928,0.07463330244014688,111.42827626108294,2966.1572683668905,0
80.14062552424775,0.5063243947820496,124.91814401087963,2991.8955232946137,0
70.3883026796538,0.5543367169000062,127.73399816067611,3240.80022601713,0
82.5656467491314,0.8181591484342505,109.43729592251894,2908.6011922887083,0
61.05504931140739,0.5241269521786909,112.9419594488435,2949.5753682455847,0
85.53891552295883,0.7088050258884759,127.56642465106938,3004.3946591926433,1
63.05477060233965,0.6167674163078118,111.41155721701041,2632.0015501172734,0
77.85803286794733,0.41295036059896634,109.17841864172004,2946.7872688475995,0
66.54846041573842,0.21820785064159215,108.21308868203745,2502.8410175427634,0
80.53388983074427,0.5550004596583622,123.5203861295812,2882.895687620852,0
74.66074774072091,0.20157959657092722,123.09157719517464,3171.0378106785656,0
59.05244041836667,0.7590414145339288,113.15953969620958,3089.453311650214,0
79.20699631018479,0.4675875795926352,120.05085396128234,2881.0359379091847,0
69.22079223167289,0.7390354823022833,135.2713238415513,3008.1596436447626,0
83.81146720813369,0.4039571131735201,110.25939843081778,2785.002086573919,0
75.01325688734407,0.5537701572801984,100.4825739098955,2999.531319370096,0
78.95420985388039,0.5418697714669377,124.5507557572037,3586.064057098502,0
65.42431044984788,0.4909911763978152,118.89598836098412,3369.1602640743863,0
69.10667768572638,0.41346809732068157,112.89974913184899,3010.5244260034524,0
70.41361363898915,0.578491203694104,126.52080237354907,3032.028832983075,0
83.56702480242555,0.3147673473033583,128.3922514466879,2804.0869370730898,0
91.77377087805489,0.25811293420818826,97.91721980119908,2839.6421784097897,0
66.94828248257124,0.7485653786653655,113.47402090668511,3072.436864420939,0
85.7684814465768,0.6454335977784201,143.17516231196856,2895.021486872703,0
53.30322582274298,0.513178321720448,125.83404915798191,3180.8299189703166,0
63.058105989077106,0.8330284765087563,126.7610363829715,3313.9371361955514,0
65.41221543813225,0.44644689625503103,131.72894278631478,3066.5241569562077,0
61.474913105592776,0.764540643997796,120.17068825199726,3020.3474411679854,0
59.1641161021242,0.5351148169851644,127.9668416009162,2663.8440750178697,0
79.12998912137797,0.29504984998472195,127.18062043837203,3149.5220490544098,0
72.85932302272138,0.86960803835417,125.39041496752759,2771.265739692188,0
78.7940539760511,0.6981421693248171,116.77988029382595,2916.398174273316,0
81.90472686121512,0.4757957937980871,121.72058922366259,3191.915178477027,0
77.65616993172533,0.6454342519067898,114.11638435693222,3205.9516328618065,0
81.57763176150374,0.41925931320041865,120.12814304566496,2906.6984945299764,0
74.3046771375773,0.6658298070119084,108.31509107900733,2918.216893016003,0
63.13006611694256,0.02178428694320811,112.09376008727048,2860.1362253486654,0
85.57814180820796,0.29603973326108124,117.17687958075071,2760.429250934818,0
69.10887867218872,0.6958519488573925,110.56294568569923,2873.0409035791517,0
65.64403701237575,0.4500688923562161,114.94982729254824,2677.373996217062,0
73.22082124195602,0.5415084589777484,118.36074023244484,3136.612516301653,0
65.87189080703487,0.23064286757691305,124.02262344664378,3078.904721032375,0
70.82569618010568,0.8695733991404206,129.4925730185291,3112.1058569741026,0
78.44053921563466,0.7381059287435353,115.36215628621892,2809.1191898849715,0
78.48341739246126,0.459862956324934,133.35104617268624,2760.985887296989,0
66.0216993357437,0.41906082862733474,129.38611078625493,3010.7028548627122,0
70.12294627051256,0.7059208722839386,125.04093831943942,3012.8205129900452,0
85.74333004770244,0.8964940900337856,121.53649129296619,2970.546034497411,1
79.96400117733941,0.6907520511622708,123.19120841868542,2942.10334616243,0
95.75065039348542,0.9343605334793204,131.87051150666383,3342.1551555388774,1
86.80128173741528,0.31552973418761643,132.23579659759272,3085.2050023585957,0
86.44293068559939,0.3361226339002419,133.34946728383642,3394.135678293298,0
61.12131449544198,0.26221177638933024,120.41326831877004,3253.7930050863265,0
82.63860351633423,0.5883521299298959,125.54967164998612,3340.654185203469,0
74.4689319830309,0.535120709960874,133.4354650662205,2785.1074467287995,0
69.4901819646175,0.46960977530560283,113.76283965083607,3118.634198199606,0
76.68015340532529,0.6618517256246598,116.81583146281696,2913.6469022013252,0
84.45211534611484,0.7464657210429329,120.16036663013479,2667.3226577280934,0
80.00831591004211,0.1948675181426316,128.99598737979406,3299.2006339111053,0
66.2152619865794,0.3806055944197769,129.15172150718624,2941.2614948588744,0
82.4245891359262,0.664028718824612,117.69135888802064,2788.9796739466633,0
68.62412457924036,0.4064522632282836,104.9139054562029,2917.0872273502614,0
77.16683118964286,0.34035878472836917,122.46183944295967,2840.755175445236,0
71.96649932522865,0.7037074855300789,110.81683862671599,2861.2604064766665,0
72.81133748264374,0.242099986055204,105.10063795359778,2955.67932196347,0
82.6624297504051,0.439684038441779,107.36128439266284,3346.1630386089487,0
64.59806280184102,0.5657288051609617,123.2638100784556,2866.736556691075,0
94.45195074276933,0.38523601721797623,133.61037360932806,3331.854132843838,0
56.78913930705504,0.6566311312026349,120.38894516236243,3169.767359195904,0
69.02332316745142,0.3862246049605262,122.11380654645964,3079.254312717217,0
78.70211889941741,0.7817238986891839,131.82894938877925,3149.624006450375,0
80.8431416643531,0.47485074050084547,104.55545090916446,3002.7311327674915,0
73.99524279428294,0.6342540273410707,125.20176421600272,3257.2100207726853,0
74.42609296998458,0.6492047905965632,119.88410215681179,3113.39605265342,0
79.10550085327617,0.37449199945118544,125.66057458832067,2667.0668029948974,0
72.6893052254232,0.08930269026882226,115.16516091596183,3059.250386377993,0
88.93181257934906,0.572151150932767,111.82062709573518,3156.794628598523,0
83.39349114231602,0.514457669424974,121.40508904285605,2942.1997562797565,0
83.72824351005634,0.6111652055150255,136.49191323334463,3025.2511745427864,0
65.33843276629582,0.4546945055234324,128.60910104541463,2877.4284010651186,0
74.20611575594297,0.41391446023985684,114.92307229819909,2724.474868787288,0
71.99534051279296,0.9016946021963399,106.5902796401872,2689.924625813752,0
64.94398624310534,0.20552918769784445,103.17932716302215,2692.5864025862275,0
78.60164183945767,0.6467900956728477,133.16099451850482,3133.8089484941065,0
69.62354242220184,0.38507962836332177,110.44917711864173,2501.9436583247343,0
81.55403829850238,0.4328442764519156,116.74486587005063,2866.7040146073036,0
64.29808437105669,0.43657943348520684,133.21211126077577,2846.8693429509244,0
92.1904061284182,0.33931314516574856,103.86098544521008,2943.568092802507,0
66.03667341407939,0.6142448420472479,134.92264509475058,2628.7136900127593,0
77.19302337200436,0.7781287191899915,117.46359546107499,3080.7776189481237,0
82.91859310388068,0.5940027322493323,108.51416684761261,2745.36772116802,0
69.29359569799887,0.520676399242419,117.52649072851086,3226.481108141854,0
83.52468643432951,0.3027119001801507,112.77403218598522,2875.6468624822337,0
62.70816402199584,0.6033650531648902,124.40819798905716,2980.877395317616,0
89.5211769918256,0.9312699263458597,113.51867566112222,3000.754771311041,1
75.14149264965758,0.4238610752409815,100.88357789080956,3048.8482105721146,0
69.0358859203112,0.42480328412962676,117.7943746559101,3007.4028754992282,0
72.00818227572566,0.38778217380380053,106.43454947713461,2914.5778902534735,0
83.08919269392719,0.4021171531011159,122.0431988398832,3068.6097061388086,0
69.15544708149562,-0.04905991073447691,108.12869667716676,3093.2294260989906,0
67.50642310577223,0.5810070771711425,115.11987196827914,2846.9730665780758,0
72.78463402416261,0.33088956472907727,121.82587804214336,3085.273563794711,0
63.23037887230032,0.17794737624163992,117.8754127496573,3238.344060480339,0
93.20543907941816,0.6506379899465098,122.50430283001045,3141.1788392209105,0
69.33605408785277,0.2835964429916128,126.80287165717756,3186.4750483294374,0
83.31616786180403,0.43226618922324844,108.42066300268694,3034.384169781489,0
77.09470083647773,0.7932884782377161,119.35602459375292,2812.769910785024,0
65.15465949518031,0.2181568403950973,86.7049620249187,2838.071108059271,0
74.94045290787271,0.1934803530804476,122.47333301682524,3063.977593570882,0
82.84002779310748,0.5538612379124677,116.99185869625158,3188.552745030462,0
73.11738664913693,0.7298974728020737,110.16550236522029,3557.182382798811,0
86.93112945851028,0.1851316564536074,123.15719422296524,3196.364388887721,0
85.21515392781863,0.5815379473674354,131.72697577185068,2765.9128485004994,0
84.1891485465833,0.6161999079923384,115.23982252401056,2846.5454855280036,0
70.40343227727003,0.0881679032615359,110.5518550975828,3455.7034631911997,0
64.20157552218512,0.6597002675814441,121.65025262438712,2957.1222136046445,0
68.86412394637206,0.6753211759684359,106.6439333335364,3009.502926952258,0
76.9624094066672,0.43764288534879503,113.39618629464461,2807.916615918154,0
80.45786713532355,0.7504692724596016,132.224021616505,3313.0206811148487,0
53.28428595239552,0.727291114864969,120.62179229812287,3100.066641464125,0
74.91886798388249,0.520623585143441,101.20533036053834,2845.0797304229377,0
76.58089225323184,0.40971092193501324,102.03008352720599,2801.2349422285456,0
72.22455743684448,0.3054344214834086,121.62085692646775,3061.4407891795745,0
87.9127383901588,0.49248729812676173,128.62390575917686,3008.8412349760906,0
79.21780074250871,0.6139517839408358,103.8237854137385,3166.4220434442254,0
88.10191908080897,0.43516462779187176,124.49712607496508,3109.39369462544,0
72.84039479649768,0.060499798947594,133.30343507489718,2947.1039302462755,0
84.37477492506925,0.7537427789153142,138.8785898795864,2891.239680907727,0
91.35066394527519,0.5380446443689788,123.31222759859877,2968.011570340233,0
88.11693449272661,0.4240751006646332,125.06802594552474,2889.8638306686476,0
64.07858406571268,0.6714316776846577,98.66815572371856,2973.9608934390476,0
72.46323922457618,0.8049277192965513,140.9975254799599,3003.2881857238763,0
71.54835294550203,-0.06038231389757831,114.24509786903879,2820.4138213239885,0
79.89254535076327,0.5868527299844143,110.66528841574959,3126.135972419576,0
81.86353555014533,0.21467015783793053,117.44793865560375,2925.914457106066,0
66.61107325974264,0.5998221013597882,135.11673414185432,2831.6231299429314,0
75.67838513916938,0.5255854404749158,142.08046047543547,2929.6785143436264,0
54.800726678438636,0.62714530528811,121.25408679475845,3048.4516313240574,0
89.4194500580189,0.40015047710106894,129.98084172603654,3016.607639962661,0
69.87625759323306,0.12535197763616956,120.43204048685504,3084.4236229808926,0
75.55863939844497,0.40992636174866637,109.62204526981816,3179.669225015106,0
71.90350286011939,0.5813695270279566,134.7674367078829,3260.9880408016065,0
86.46027575013414,0.7030784657350446,113.77872519643611,3057.0972325376106,1
46.62493558602621,0.265633739905495,135.35530773371883,2786.119522552901,0
74.83389657674091,0.7054120853746035,132.98541329769083,2946.1778394939397,0
73.94181242502302,0.3704255420706957,126.14036263957207,2799.136323123398,0
70.46363612408317,0.5724899763189053,138.28974756254354,3339.3708147424563,0
92.26226545635632,0.39802120942687347,142.32346033185738,3397.4801765054326,0
66.12670541144229,0.5364341255424203,118.24756637035688,3130.062239499269,0
82.71796177235662,0.6783755269140549,111.91205881583569,3171.6917685278063,0
78.56252788706084,0.25459718454229285,101.35730162743528,3050.188638647332,0
87.61519252535516,0.36401882065063373,142.44682255430257,3073.211183092158,0
68.32810915222494,0.5369925174684174,115.6031799108155,2680.5091563341757,0
67.67031100876241,0.9803167322060704,131.35036857101738,2985.213526948618,0
85.96069907477398,0.3273620575666344,112.58744632490517,2823.769387530748,0
79.2532130833011,0.9080267771993837,135.38265640912036,3056.271307507674,0
59.55062653323242,0.9008846607350343,112.99882408184587,2988.0780309222932,0
69.60694985536729,0.4805377698596818,108.08280866382657,3389.364392469223,0
78.86382653848061,0.44036949476001996,117.9149356904625,3183.3255377445685,0
83.3776422154659,0.3615869602670616,114.68224299038363,3056.902396504329,0
68.20769346807045,0.48635949393346617,125.96299785461213,2946.6120625720746,0
45.85744010183059,0.2186561134880884,119.48605072807476,3335.204291751986,0
80.23223185737034,0.4847521965358805,126.27702394551922,2994.009070774694,0
62.796793100560244,0.7993760547701713,117.08978526914706,3066.3347923270558,0
54.82661201877589,0.37778298750465644,113.34892628981194,3008.449920885367,0
46.676740750158594,0.45185513920218984,114.16439452103927,2919.1692188585353,0
83.1398086019774,0.1597719051465516,140.44938798031026,3007.301244477104,0
76.28617450404967,0.5748124176262087,122.25170932226936,2607.606629864337,0
72.74343619287748,0.5528963369902747,100.16237790546955,2690.4587197517626,0
88.89024362962762,0.5127404719531542,114.79790986545919,3069.9261083339256,0
81.37324683023073,0.4566345899555713,120.96866032475876,3313.639938105497,0
91.16300042721917,0.44144841624550907,138.4539968125038,3069.6442208288336,0
61.072645278330036,0.6003800467401343,130.286987158899,2855.9262290206693,0
74.65449376046037,0.49423667968227536,110.78282163518085,2711.429249186533,0
58.83286625051986,0.5629943743110665,144.1835575357245,3156.9054520951277,0
72.70617668144533,0.5429965634909096,119.68839635198522,2886.56096979698,0
72.51384146233323,0.7246854574191524,132.46329811074943,3128.647083710512,0
81.26613637263071,0.6353988194750109,108.44991502600098,3077.9730316131436,0
75.45563881141898,0.5385723686300381,96.01836904749102,3095.660078450938,0
81.23407138279916,0.803684406130436,105.9156850963164,3006.720341470711,0
82.03440133138895,0.5840537058113123,87.49666523804294,3076.728876993928,0
96.54928677383143,0.7609925377580837,141.1208932725291,2976.109119748733,1
71.84703344713876,0.6213885216773276,122.14532918886415,2872.9386931263593,0
65.58977299333621,0.13161618421369137,110.75355981551968,2807.30018789679,0
77.46083615316408,0.7609669526638659,124.5262402998012,2522.998240405804,0
66.97719972860456,0.5270352482685339,121.89334036180166,2963.778087519098,0
89.81960768436537,0.48960904581984444,126.20933395613991,3303.8756365903905,0
72.16781961054767,0.5562696694979155,132.0953140113627,3146.0160185075197,0
69.3442363212601,0.4310033676085865,117.10078846974984,3045.541823695192,0
70.28684278848883,0.5454057720777891,111.20160693899012,2853.19900114217,0
82.18417423471641,0.3816247867313815,128.27775214371917,3199.4678451518153,0
73.42253016768515,0.754854451746874,128.02332777884465,2976.138137639395,0
68.58333179869618,0.4772823772757899,121.00735808121345,3314.9868627578117,0
91.6535191762353,0.4234832314555133,141.77554188680773,2803.782547341064,0
66.4383015933825,0.3150148368561452,115.62177877138348,2850.0060944054685,0
75.35566074032994,0.5537551578297283,111.00142028364732,2830.546011156074,0
81.5230615161023,0.5374214200250184,124.18091427506602,2703.5763259131973,0
58.686648895829265,0.5776849227355013,113.25062143086501,2812.5910629616474,0
79.80260501405925,0.2945496224989742,124.95516524144895,3020.6432519531836,0
64.4489232451955,0.17976376023768537,111.6699174416056,2857.5597950298743,0
83.22782780834002,0.6251182605013119,115.99757717068114,2228.7249341518805,0
65.37348988081024,0.7969283723753016,138.90840420039166,3214.8546594840245,0
81.9276903184886,0.2947292755220208,115.9441264325232,2663.181254130519,0
86.05833066294713,0.8178882567123398,112.01148455982704,3117.8456569773275,1
83.61436525632806,0.5567822117472762,131.706787887065,3006.242917933913,0
77.51316648238102,0.49858741908983406,109.48958049713306,3423.4745632840686,0
72.686990570703,0.4204902606908444,113.07056769852932,3199.391496304524,0
69.23580423665156,0.22309639611500065,125.76561120508994,2899.079080903005,0
89.71034690817103,0.6975457031849199,129.3841142387329,2859.5872875289374,0
68.00504779832357,0.3448787277124794,132.20476391081075,3300.545536159857,0
64.62933926430004,0.3440386648524799,112.52778167779515,2704.8257805797175,0
81.6536893503283,0.6983852619773909,125.9600867298612,3038.1759871837417,0
67.03863196813505,0.12340331066565469,115.33891800455821,2973.7759073500656,0
65.49936502533873,0.19528043786636662,113.94344366489368,2931.354786259065,0
60.56395737830235,0.49637315129838366,132.03212782292286,3070.702796889685,0
70.17090160539482,0.5586568858009704,114.50445604140414,3037.911972101735,0
74.17284976103507,0.5969469295937848,122.7820459602098,3091.480148558349,0
77.43091727660699,0.43964030132074944,121.55579469230639,3027.7951304726566,0
84.51306244299484,1.006073933728338,109.29245623661498,3083.5362810034494,0
80.26897923665794,0.45442148824683315,129.6609285535632,3018.673038586319,0
73.0912778044682,0.4538427695794556,125.60280893678954,2868.1146225567372,0
73.0180432362028,0.34060266623722446,100.13709388129578,3000.800252047319,0
80.10157468915183,0.5247813633042142,122.77421111237344,2857.122688059196,0
87.7257016292857,0.6229922464093549,112.27026565833378,2843.92467905383,0
76.263141994832,0.740715610906692,130.97075306412628,2932.7699994564496,0
70.3086914578959,0.2021431471119564,105.54600163219241,2976.1153678528317,0
65.07133998914455,0.4508009323288598,116.43523031370457,3007.045061269562,0
60.547947355877746,0.5893407221618289,123.62024550988465,3183.275765472666,0
81.66269672043524,0.6174115069189071,120.54340294141875,2900.3071834918314,0
80.77978523639557,0.5013097315609079,127.62958256713972,3039.3703852949643,0
80.77363525106662,0.6084847939064204,104.8157801399071,3023.6055427887636,0
73.71340553647944,0.33820722141483994,136.51914336867378,2878.274342506787,0
89.0693474589175,0.8115810864636714,125.25144658788271,3014.748157241309,1
70.15881505415183,0.6985256205958859,133.59718213000895,3200.5442830354627,0
84.55269237207206,0.23101444258696552,128.7424016923324,3037.30124337668,0
74.61257105010456,0.2849793903766489,119.88389885544956,3045.3167858054617,0
68.91649235320662,0.2906156499786188,107.15801789088839,2858.9343338114663,0
80.92530307317762,0.6355939941793057,114.36446818751298,3393.7717702409755,0
79.09636118683994,0.24305444671650656,135.89563332862576,2870.3287259354997,0
78.56972759266927,0.43379513315838386,133.8543778165638,2666.4433078905045,0
75.812784220562,0.5909408792833549,113.8040001989631,3172.0368240436155,0
74.62106918283169,0.48676681309071307,91.81695713797822,2977.036592070315,0
98.88371992870438,0.5517775031425411,117.87310265694882,2939.391635810585,0
86.84256645196173,0.2868394577302483,117.12297111870883,2890.889243917695,0
82.22826894985512,0.6189708746794489,117.50227387959616,3374.3429248631674,0
76.11799158203388,0.3773576215048007,125.28539201831401,3070.9180557209365,0
85.07157200596669,0.43507606512041175,128.76212579321663,3109.950244329017,0
80.17994776391451,0.5475463455811972,129.90299547099525,3032.5231247164534,0
75.26204752774035,0.5206156443061696,124.45709140135367,3054.0099226890393,0
71.96435674734084,0.5047960038031186,101.99229298077364,3279.7249221118827,0
74.19082662337311,0.3498746356046488,116.58800267306704,2949.829067754461,0
43.29574264121945,0.44009011776016155,143.0408978354919,2708.612490895854,0
77.10600839297642,0.5004367181674072,123.74216734802478,3173.6109308455552,0
70.1152391988964,0.22498295336658303,123.67819568443865,3099.340322448478,0
90.92669998282884,0.40749340673732426,123.59485939773857,3021.5959625770083,0
75.19344070811755,0.5775359758065692,124.15379622505989,3094.1506483095573,0
63.110365804650385,0.24451267923093145,96.16887818914077,2925.8511559411654,0
74.50119845871882,0.7313163303188479,117.60475683088931,3004.138516570852,0
64.53878914937496,0.7539226525199686,119.6210716820531,2973.659949228018,0
79.73407415712467,0.2509698848079829,132.81495399253413,2881.7023485858167,0
77.90947364339485,0.7715239266100279,120.47672894622296,3237.8345566210005,0
84.57839631108267,0.4712836822575731,103.53488613398059,2717.54827451644,0
67.09118208305435,0.583702911831411,124.30089156171752,3472.176434362593,0
75.34008096228146,0.4006697895743507,111.96175351757255,3175.472441841295,0
61.34978204573365,0.6846089654453524,107.83214358918582,2644.40489305953,0
82.01494781924714,0.5812188037697334,111.65840953283418,2955.166734101814,0
80.18871180440122,0.3371693486804793,125.42504229664516,2966.2908168192885,0
79.9580502102757,0.2669596000069423,132.58761239760068,3078.3773257884222,0
75.01619031356941,0.20793951295815544,124.82929945177587,2802.1243458520557,0
79.14772890788791,0.5375883552865512,126.32023223617021,3006.4050686736437,0
91.04339108308596,0.6144942823559472,124.73045272838002,2975.776120375471,0
72.14905742957986,0.6301931357558883,121.01327176860468,2852.476327485312,0
76.38645183710085,0.47640378107852444,126.96930634962757,2824.6495537057535,0
64.1387370081859,0.26860070886712717,95.8122453293058,3183.760929340471,0
66.31739038401668,0.3635850403952434,121.11088351304834,2660.6834919914813,0
75.97813293093307,0.7304697277923852,109.55074965377749,3095.5757872192103,0
86.03933546701907,0.4030742870799837,131.62902572544138,3159.5020613756246,0
72.43719175748427,0.5286835261362952,118.5284469478314,2956.2883323323167,0
72.64083470687876,0.2848699032850225,120.3094808826783,3010.4745679449993,0
70.93114755495625,0.567316609091807,104.94928125746196,3232.6989999394764,0
69.65243329155678,0.40846308766418443,130.16830889012851,2859.0296978551887,0
77.94971455708821,0.7093425427551527,126.27328120273809,2879.669514222175,0
60.027423548213555,0.6547115412413627,125.56947882340503,2900.9032637801383,0
87.80939576666728,0.40085881068502005,111.86977147831178,3233.0651198446562,0
68.34577701870539,0.47466719453046735,112.2636015506187,3258.4587493769413,0
82.21903485438142,0.3897767519918742,122.23599454445905,2720.8219531072764,0
62.30001402606124,0.216113360690998,113.0550158975195,3201.2481494623275,0
81.68840130546218,0.3285115140905567,124.34892962677338,3163.781661269457,0
81.71944607814497,0.539643465544164,98.39087397233278,3310.7189620899653,0
78.84202072005897,0.5650518996459164,115.12455443593407,3077.021606425276,0
65.05571478200207,0.5297095807185278,137.9675346542649,2991.1479759442846,0
77.49548189598077,0.43965338920827285,124.39485827995765,3229.043337314332,0
63.16943815265611,0.686613321144197,121.66793664530992,3139.780758300353,0
72.47236744903815,0.5127083809121875,139.85226535671356,3448.9796828297453,0
85.29413100955325,0.6406507656191894,96.64046381198564,3191.7415689923655,0
82.96701927070742,0.14524497355949628,111.84688885211892,3030.709595284783,0
75.15182942540433,-0.2844800503236685,115.9882682825261,2765.179123924766,0
65.25193424077158,0.556757605567616,128.5835123300539,2883.816564561176,0
81.45587712174193,0.2150468692557021,128.75656363228237,2712.8090043943967,0
75.19381237698025,0.4575096594573888,111.33993291017374,2956.9875927878275,0
51.79684401769577,0.43958059179507886,129.9795432214255,3185.213518646569,0
82.82629826316519,0.8174801204831075,115.96685232678293,2999.2657823038967,0
74.75767166130308,0.5799993105887213,132.11639625649167,3204.3450537520143,0
87.02451247983072,0.5331718053597345,109.67357301877942,3067.5147466878025,0
64.04729481157196,0.6673982309267348,118.7668840093384,2919.3815420491983,0
43.23296186803999,0.5736995173678078,115.0983268462344,3017.525031033993,0
77.79083858345186,0.4084646014023134,130.56030371565714,3094.4193382110193,0
77.91563676681973,0.7142951860509119,114.7721878343383,3027.8446796927233,0
58.093283723935485,0.27804997442234514,119.57551470988244,3030.136845770383,0
65.21500454133394,0.5646494375067125,125.06811397663049,2846.1899784826587,0
102.55217743719902,0.19048604117273776,125.4525848302612,2913.4047469515567,0
71.94389385846196,0.540788771503199,128.8695260747317,3451.692159230929,0
82.30958976376216,0.5385979283545859,122.11124776844667,3245.6932980847087,0
68.49340172631616,0.8352909923829326,115.81751084720169,2705.231820638057,0
54.09697101146843,0.1870052213116441,116.50301254641249,2526.6062084987275,0
73.29741753204094,0.3798225648292375,120.25672315207612,3015.2384842897445,0
72.34395439713894,0.6645364853148288,122.49592476074383,3178.694578885198,0
71.00121761331629,0.5670634512794616,118.52828352151563,2896.0116325155586,0
73.85359164493607,0.5360610102675006,120.19203420965547,3204.3317456395876,0
77.64268271645636,0.30877285940829213,104.82746139427894,3011.9309130014167,0
73.49883048746193,0.38183633038171416,126.67355284454678,2967.387744054605,0
62.35993832052636,0.7490082016446513,121.8111228888943,3151.223035235036,0
79.86184791561939,0.4896981612492144,130.01870413541087,2893.624841419546,0
55.50628244677577,0.5750719392288947,120.00160507407085,2942.6587356392693,0
54.496425427158,0.4769623342447042,102.61602421478213,3134.0334524260925,0
82.39180494701569,0.2633828969500469,116.41553810693325,2993.720812586795,0
80.07020272135357,0.6867620852149994,118.00070076881583,3381.7552546755473,0
74.42604634925964,0.6006464769064993,127.42903305433599,3138.7650825712035,0
61.04551495244928,0.9611273674734379,99.29726455486605,3125.7627656665522,0
67.92089059325924,0.29688372406989094,120.41179516948935,2990.0990707869864,0
72.37253252313496,0.6645145842400961,125.13675215793306,3174.950935341921,0
59.041060314258864,0.23769120679259975,113.3851211471848,2935.478445439671,0
67.60971341976767,0.5314693135346156,120.74628009816847,3056.475550239903,0
81.5233033817668,0.6953013178126329,113.72963490850155,2816.741390599088,0
89.27305364289217,0.08557297678070258,112.7042706677961,3207.8882784461184,0
70.8056524734145,0.45901350515167844,115.91580149868683,3058.1209394523585,0
82.56488354316099,0.3873580531914759,112.89308007532989,3396.5026127395754,0
55.859399294125325,0.3596085403409756,126.83618311936333,3478.4596767339517,0
81.59451241113612,0.5770425304518708,112.65048123164622,3152.6638902866293,0
66.9605158527252,0.724137141284519,110.97089992952073,3013.685062241581,0
78.0734561670797,0.47334425695416893,137.67928666839532,2810.787097574886,0
72.52247581760291,0.541097285512004,129.60740011824035,3180.9499606517647,0
88.20414009783835,0.5228617506118496,101.384866393408,3042.056912779046,0
66.25564351660081,0.5003607012712828,112.35231710147467,3107.6069678308922,0
81.27606297561832,0.28213147245757875,122.4246297172271,3345.9574774912485,0
72.20492536703466,0.7216889203445785,123.23755067231494,2835.1153422673306,0
73.41694521990337,0.5590390736317672,105.09507134263106,2815.1391663037325,0
73.1614610684079,0.5789762980005155,131.58565492822322,2952.714812325864,0
66.54326895505886,0.3386980741948835,128.25224419181626,3164.2402299503647,0
74.85901034093328,0.4081559204021519,124.81901632040339,3110.9734480428974,0
74.37351777878179,0.46477316045784434,133.5672849071212,2820.8622976608453,0
77.41240248406729,0.19317506131022966,124.52289992570918,3151.3105801404963,0
75.84505145692863,0.16239313496046437,124.48580879251847,2759.7574362213472,0
82.97994549612237,0.37985041387228646,135.57679271822244,2832.4516651302283,0
84.23508616047368,0.6045041532884781,131.0121958072771,2976.908536562162,0
64.49376678172199,0.36937252201401183,111.5849254108847,2889.313750804956,0
83.68772500590771,0.29623896048185727,126.33195178671916,3177.971897730187,0
63.13663572890145,0.337062869352466,113.35732135041418,3057.275696600219,0
80.87855888137734,0.40893151537093747,125.04154550950278,3353.112235525452,0
81.1973878470287,0.4292282074359792,124.76613507019815,2950.562926929117,0
55.88683108337496,0.9331042904413114,106.16532687544014,2975.559569791851,0
75.9297924652941,0.7109241256974637,118.78154388688965,3242.0765218123524,0
70.31503886639685,0.7049548224563456,122.65257023580402,2981.815839375241,0
67.41234742064626,0.7337160728546763,115.63709809005843,3298.801049541509,0
88.50852330699006,0.3002358261331901,123.14709942390759,3108.165642076898,0
68.46320859362581,0.25552707700255217,128.0589777700107,2529.442706022928,0
66.9362307088195,0.27862594169318866,119.69406935769244,3235.5140828298927,0
75.75694940005093,0.7669012266675677,122.24599476708259,3182.545362623962,0
81.85589746298416,0.3905616422235018,133.83424078555976,3190.266521222109,0
73.58351413989872,0.24972876355214263,124.73196583225226,2617.8043242909484,0
86.66370545669253,0.4138007599560374,122.00824289674473,2867.4020077457903,0
80.30975661964091,0.4522788936570745,110.4192062035864,2882.259033288646,0
53.2178868026857,0.5536826547389124,126.7102601138885,2831.7757264879215,0
69.70533036492992,0.5501902041424086,123.30149949391938,3348.3845063787876,0
69.38157900648301,0.33436388722529836,132.83739433701408,2997.6464324352733,0
79.79360953429422,0.6371312785027422,120.46878543303312,2992.6878114741658,0
48.75182943625888,0.3721612932499684,101.83733499866004,3110.401662063156,0
100.49009708717722,0.4687447326589914,102.99879131171738,3113.860333577876,0
80.3102609489421,0.6373548141006711,127.35680763759733,2333.021457874834,0
76.4887680391769,0.3716357192111317,114.29806402301847,2870.7284925701274,0
86.81567716419147,0.3861297152837725,124.36767751110497,2717.4422844417445,0
98.43654052812624,0.6183336099386262,121.14232644502356,3080.061218630964,0
83.70746644588404,0.3284533646789961,118.33160332306079,2942.2215171331904,0
84.4881309647162,0.42304159527918583,119.03638714411777,3003.0775129002536,0
76.30690024464383,0.6111484356085786,111.34610494954774,2584.2960502218953,0
73.58474246633051,0.910818488287195,119.84222311100329,2938.0295550619003,0
70.242045559951,0.6210809009525493,114.15506567205601,3223.026050366563,0
66.73888008285458,0.5945279525980023,116.27743479874295,3281.8898966204333,0
68.12985900300502,0.606160316734546,116.76350955290839,3143.77268390814,0
61.494440356570166,0.2853619451865901,117.73306730101281,2732.906941310376,0
74.24128549314976,0.5231193477359816,129.22173456507088,3251.880360598425,0
58.153324227736135,0.49404670233271963,118.70209170795306,3144.8004510000032,0
76.90916524143711,0.5643169080745513,130.237023365901,2976.5621931870924,0
74.63669391957659,0.5233016104951742,135.37854951326483,2594.9927370980513,0
76.46935298386688,0.5759399354834225,128.5494465105615,3190.718990132503,0
69.77868429980008,0.4377065610201597,125.34468535068511,2881.566734003324,0
105.76860370180503,0.5117217834743586,123.2683220948352,3069.233164210956,0
88.60115900180313,0.2544342867886016,128.6535870905007,3013.6787721273326,0
62.55457499915277,0.43601854439941723,120.8936073859624,3307.6789968876556,0
77.32868087426898,0.7781667096353286,129.845698459572,2974.926602800498,0
68.91993857062677,0.5637616679256512,126.14105805289684,2996.9772819828104,0
64.85520273292586,0.49581579252338465,116.40159539219613,3315.723078095726,0
61.599279288760656,0.8792246552508693,128.95850880102805,2868.3555512499624,0
79.32216690759253,0.22783300433978415,120.91480005977569,3162.8645702815556,0
68.18619764930426,0.278108888910756,118.93867992387683,2960.276855424307,0
84.67826024025204,0.8425422822552546,115.23800839601013,2799.491607599014,0
84.9378221453044,0.5091921872097868,121.66018847874572,3000.2321973441744,0
88.7391438521145,0.45148339274204125,129.96462615412983,3138.3410227215977,0
66.47613233925897,0.26015913498087134,128.88940005593037,3270.7419679953023,0
79.7536561069201,0.5895392532790024,123.53393797458956,3294.9387970691364,0
81.32454216642302,0.6088919739054924,125.99643640725036,2941.0471851548937,0
70.25821824896035,0.28110112783302077,132.71696791522558,2802.5501535935573,0
67.28228042607125,0.4719448828899143,118.50033708829139,2936.252220084504,0
91.09520665775973,0.43289683359338677,108.84579996469793,2763.693849333969,0
77.27495875732053,0.5511954292837542,133.01129852178573,2956.522760116699,0
81.35967750711738,0.2761499515558712,114.70221747969282,2931.666943276048,0
66.77923988172073,0.7503894909026314,113.09661876656095,3145.498040831353,0
62.80715533477806,0.6831647563195209,102.03802244665448,2558.812964017124,0
69.30550225507889,0.42736488825343677,125.71283053164296,2853.278410782672,0
73.75978612610002,0.45671625767232576,103.78547375447778,2854.8963391116167,0
64.3577999318265,0.4727155699444768,112.49741192308264,3237.425450481605,0
74.90155191349616,0.3443382893986993,125.88236794515059,2777.2311245197966,0
58.114948119315,0.41131411635299286,127.21921252408372,3045.3314719297987,0
63.79952577530128,0.4459459264650782,113.48295851781766,2974.3743171160436,0
81.70911248276875,0.8225736741414256,118.65846673007594,3208.6085053672764,0
81.03790520277894,0.6893236616660874,111.27405473593846,3119.1663729021093,0
71.08123234613133,0.6869309414673247,114.51603212188817,3024.248746364076,0
64.82235690923046,0.5739851226008781,122.66215260152907,2889.0666250823865,0
64.72596448473989,0.27653459821375304,114.98353321203543,2629.531499378025,0
71.26731754058686,0.49170177908452417,117.55784959824331,3049.417131137481,0
81.44518491645292,0.694097691922676,105.35293318382433,3106.0979597059745,0
84.28245691344324,0.2483470741265424,131.32956164806137,2685.0264775050696,0
70.03468264518031,0.6273106413746529,125.10066593171065,2753.26116713429,0
63.46507574015216,0.9645218450525532,127.92905371837202,3050.465994674335,0
77.67843637866333,0.7123633291979463,132.90425324616862,3067.828337241574,0
66.76465029374151,0.7828058271123974,111.74787124454284,2801.8705379815883,0
69.81747361138798,0.5436677500884322,116.41605516971977,2885.1870572863922,0
88.25276090437038,0.6935863897529979,101.05165632417788,2632.7022322859148,0
83.27115428565767,0.3564293571291929,151.40422910102237,3275.452780762647,0
76.57974312251451,0.6591727624682453,118.50414684682625,2740.0251185263096,0
62.280809988872775,0.6308776268121526,130.38727899914912,3108.4518782497103,0
77.11396567470659,0.5579822348075326,107.61838855664541,2993.007860769324,0
85.62657290787527,0.7632014839436997,129.9638842564301,3257.918723924952,1
71.24366334234465,0.3922430324305223,138.57590876649667,2841.549181445049,0
88.51114089986714,0.46258849670526747,119.39719250972018,3012.2505420680773,0
87.92745289518207,0.5190924082716594,109.89118503410398,2660.31461815253,0
91.63732832143474,0.29407780578211984,118.61203599054464,2612.294632612049,0
78.05243126531353,0.5453863887600496,97.73238475042774,3119.2667167730947,0
80.87391699806012,0.15621391740923057,119.62113298978159,2642.9948321860597,0
89.1418728833109,0.7093909068856419,128.20967139312995,2954.3564931130936,1
79.47393937068975,0.5093274733131932,119.64242355626486,3202.259089594584,0
69.98765892209788,0.39582141921924735,117.15860445311033,3149.336971218936,0
70.51457163472139,0.33312527754097565,125.27568116112033,2867.0829024102813,0
77.38554953773739,0.45308419407616246,126.04024846949552,2682.2993727183657,0
62.09438578053781,0.6376519421544827,103.40094437494818,3101.8989723311056,0
73.56741084635807,0.6095477957475122,120.88822962278789,3268.4513565720363,0
85.96547118230254,0.35889241054430776,144.35985124229245,2867.5523842668754,0
53.08746148834719,0.3307920654744731,106.64983754351977,2839.3374283185767,0
90.34482101794515,0.6313797412639295,119.14581167166934,2895.0196074262003,0
86.22374218703159,0.35553051907699407,139.41746122051703,3114.321742161423,0
70.40235384169523,0.5119819548159007,131.04175156543675,3245.7035212829824,0
80.43390827871809,0.5247509285048554,114.86603319223939,2752.0786377238956,0
75.03147726906326,0.5624124263453477,122.06135379622604,2700.3436381350693,0
87.29990368438683,0.6716540860363743,119.97888320015177,3467.99926438649,0
84.82683142769942,0.24740741262653543,112.51928195678333,2964.5354424219922,0
60.99929276816991,0.11776813494790245,119.25747892506918,3050.578559138062,0
80.87262413464177,0.3865105437543297,117.2003386719347,2861.6138318764724,0
72.94372146356753,0.8603056815664372,121.1274893807675,3097.9924618905434,0
75.828325705181,0.9044348200174757,112.51616819308967,3192.0121749403047,0
67.71828099030185,0.8662354271131776,107.23381799755339,3059.959234314586,0
92.48137069120835,0.4614037264478621,119.58719226607629,3348.171615402887,0
85.40061819902576,0.14357698360303423,137.1511821817878,2934.6510820117815,0
67.60228836027032,0.031392179669631814,120.82202926262796,2947.4235053929247,0
61.653893930897674,0.37719236769011777,116.68406221068454,3046.281270255483,0
71.14327369022152,0.46038527397012796,127.54085805038498,3092.992329101219,0
79.34502646091306,0.7601250802111919,118.41680387404621,3045.589452412522,0
77.40205843946222,0.6735610919084891,138.6803292495911,2743.1169946089817,0
87.53132824768244,0.5454810157983241,119.96087490704922,3062.5030332391125,0
82.89919722180852,0.32203104581177167,127.00497063158163,2925.1652830393127,0
84.69569025752907,0.30784408835102195,112.45395617606727,2883.804597185071,0
78.26855400610437,0.5508255374142871,125.03089253336663,3006.4964109506486,0
61.1070126978901,0.6394101957679453,122.75093476943754,2807.6954625341573,0
73.04301468853099,0.578376252449117,119.43493875340792,2772.9217352253536,0
85.60089739908665,0.29308040807866903,114.9824223883028,2476.90620799923,0
74.48477071475354,0.6301335257584173,113.61969834347626,3349.447465701978,0
80.03090368623747,0.5851821934202823,122.82352663979653,3111.1462638206003,0
71.81251684753867,0.28586671876196434,126.28939109696474,2976.647175738739,0
64.70188151458154,0.34313580593994886,118.72837203705869,2866.5553526226704,0
73.76655935953889,0.6376991949123133,122.87267929120793,2424.7935435907166,0
78.09047443032654,0.45309849297082183,119.62085321867231,2854.294224755703,0
68.44312280538557,0.8178294603272915,120.98526024905388,3143.173267432815,0
72.64288755143332,0.6002258552129153,117.99555017322776,3188.434860718774,0
65.60536758014017,0.40267376236214614,120.17972579368308,3128.45839872066,0
86.19244917564096,0.4979588799218135,146.98040456817427,3031.6783911504936,0
72.05544242411966,0.5126766785275436,123.11634298807425,3260.774829186276,0
89.52755545126183,0.35432193735165796,126.45296958431042,2934.292555582292,0
90.28747850540908,0.31748236036447464,124.38023605328097,3217.0377832268723,0
74.18954035278256,0.6402779787618998,117.3718317670294,2923.0835112559575,0
64.9155126745265,0.6690546594084191,132.93989213291667,2823.7717382244477,0
54.14102122266662,0.6207562939105917,117.08836229573659,2798.857403915496,0
60.279629269732084,0.8030636188647604,130.5505454894255,2787.1007157654094,0
61.2616517510134,0.39164535279767965,116.65793001933551,3131.813605760497,0
88.78469627461504,0.8348541532142261,110.40027480855959,2851.4508857805845,1
76.15824587226946,0.31981577628916946,123.65396208236193,2793.394230993011,0
78.89604524091988,0.29746288732630144,108.95331643897893,3142.747043932272,0
52.795789910648736,0.14800822357014992,125.3564022501661,3065.5940780944466,0
63.020335707827385,0.4108409372346366,108.05841343908683,3192.5183965691604,0
83.87079776446286,0.3992555326341093,116.80991969527146,3102.51990225456,0
77.86774112382587,0.60518745605093,105.68270303475259,2849.3776839605375,0
73.52794721314403,0.5487781883240902,148.24167009402728,3015.2204832937173,0
80.64842358600123,0.2614053257961726,103.46040440383686,3025.0265981539355,0
91.35797806135815,0.4214547523148365,120.09813740396405,2816.1682683051995,0
72.7895753646295,0.4257075957824629,131.43304274330015,2779.0750051812015,0
75.69369802658069,0.14480355060762146,130.36385908587025,2863.855678176459,0
76.92596918731306,0.3038106545973261,128.51342122173136,3407.316471334416,0
98.92109635273992,0.3458372738771821,116.82771611778524,2917.4511811556904,0
54.006437355809744,0.7867250039641893,133.51088946337,3246.573358277343,0
81.83223014788808,0.5382901431914705,129.13391090802182,2906.2678981040403,0
73.85197751240936,0.6324337507894999,122.12299617660477,3177.7677639079984,0
80.6677172618418,0.20027290057015762,122.40580757726592,3180.4983311115693,0
68.42627446005275,0.7388428966027983,116.96077352384627,3190.518101590409,0
74.5103496914155,0.7602204126048187,110.90347974166961,3077.565468401792,0
82.11410579465495,0.10033100657107474,132.37150975478716,3275.4733157562305,0
106.1291020104384,0.3589366552168304,133.12207993601533,3075.6707938705454,0
83.08036189402071,0.599153114603102,111.15890858970079,3342.705945868056,0
66.51934401969491,0.6288776907076364,118.46214834853808,2676.016039362313,0
